<?xml version="1.0" encoding="UTF-8"?>
<deft_ere kit_id="5733b8b10000000000000039" doc_id="ENG_NW_001278_20131205_F00013PDI" source_type="newswire">
  <entities>
    <entity id="ent-8" type="GPE" specificity="specificIndividual">
      <entity_mention id="m-18" noun_type="NAM" source="ENG_NW_001278_20131205_F00013PDI" offset="101" length="5">
        <mention_text>China</mention_text>
      </entity_mention>
      <entity_mention id="m-24" noun_type="NAM" source="ENG_NW_001278_20131205_F00013PDI" offset="208" length="5">
        <mention_text>China</mention_text>
      </entity_mention>
      <entity_mention id="m-48" noun_type="NAM" source="ENG_NW_001278_20131205_F00013PDI" offset="325" length="5">
        <mention_text>China</mention_text>
      </entity_mention>
      <entity_mention id="m-103" noun_type="NAM" source="ENG_NW_001278_20131205_F00013PDI" offset="663" length="5">
        <mention_text>China</mention_text>
      </entity_mention>
      <entity_mention id="m-109" noun_type="NAM" source="ENG_NW_001278_20131205_F00013PDI" offset="926" length="5">
        <mention_text>China</mention_text>
      </entity_mention>
    </entity>
    <entity id="ent-36" type="GPE" specificity="specificIndividual">
      <entity_mention id="m-30" noun_type="NAM" source="ENG_NW_001278_20131205_F00013PDI" offset="276" length="7">
        <mention_text>BEIJING</mention_text>
      </entity_mention>
    </entity>
    <entity id="ent-45" type="ORG" specificity="specificIndividual">
      <entity_mention id="m-39" noun_type="NAM" source="ENG_NW_001278_20131205_F00013PDI" offset="293" length="6">
        <mention_text>Xinhua</mention_text>
      </entity_mention>
    </entity>
    <entity id="ent-121" type="LOC" specificity="specificIndividual">
      <entity_mention id="m-115" noun_type="NAM" source="ENG_NW_001278_20131205_F00013PDI" offset="821" length="4">
        <mention_text>moon</mention_text>
      </entity_mention>
      <entity_mention id="m-124" noun_type="NAM" source="ENG_NW_001278_20131205_F00013PDI" offset="147" length="4">
        <mention_text>moon</mention_text>
      </entity_mention>
      <entity_mention id="m-130" noun_type="NAM" source="ENG_NW_001278_20131205_F00013PDI" offset="892" length="4">
        <mention_text>moon</mention_text>
      </entity_mention>
      <entity_mention id="m-136" noun_type="NAM" source="ENG_NW_001278_20131205_F00013PDI" offset="339" length="4">
        <mention_text>moon</mention_text>
      </entity_mention>
      <entity_mention id="m-199" noun_type="NOM" source="ENG_NW_001278_20131205_F00013PDI" offset="982" length="24">
        <mention_text>an extraterrestrial body</mention_text>
        <nom_head source="ENG_NW_001278_20131205_F00013PDI" offset="1002" length="4">body</nom_head>
      </entity_mention>
    </entity>
    <entity id="ent-148" type="ORG" specificity="specificIndividual">
      <entity_mention id="m-142" noun_type="NAM" source="ENG_NW_001278_20131205_F00013PDI" offset="577" length="83">
        <mention_text>cultural exchange association for national defense science, technology and industry</mention_text>
      </entity_mention>
    </entity>
    <entity id="ent-157" type="PER" specificity="specificIndividual">
      <entity_mention id="m-151" noun_type="NAM" source="ENG_NW_001278_20131205_F00013PDI" offset="188" length="3">
        <mention_text>李志晖</mention_text>
      </entity_mention>
    </entity>
    <entity id="ent-187" type="LOC" specificity="specificIndeterminate">
      <entity_mention id="m-181" noun_type="NOM" source="ENG_NW_001278_20131205_F00013PDI" offset="755" length="10">
        <mention_text>deep space</mention_text>
        <nom_head source="ENG_NW_001278_20131205_F00013PDI" offset="760" length="5">space</nom_head>
      </entity_mention>
    </entity>
    <entity id="ent-196" type="LOC" specificity="specificIndividual">
      <entity_mention id="m-190" noun_type="NOM" source="ENG_NW_001278_20131205_F00013PDI" offset="967" length="39">
        <mention_text>the surface of an extraterrestrial body</mention_text>
        <nom_head source="ENG_NW_001278_20131205_F00013PDI" offset="971" length="7">surface</nom_head>
      </entity_mention>
    </entity>
  </entities>
  <fillers>
    <filler id="f-71" source="ENG_NW_001278_20131205_F00013PDI" offset="484" length="10" type="commodity">the models</filler>
    <filler id="f-245" source="ENG_NW_001278_20131205_F00013PDI" offset="501" length="3" type="commodity">one</filler>
    <filler id="f-268" source="ENG_NW_001278_20131205_F00013PDI" offset="528" length="9" type="commodity">the other</filler>
  </fillers>
  <relations>
    <relation id="r-1165" type="physical" subtype="locatednear">
      <relation_mention id="relm-211" realis="true">
        <rel_arg1 entity_id="ent-196" entity_mention_id="m-190" role="entity">the surface of an extraterrestrial body</rel_arg1>
        <rel_arg2 entity_id="ent-121" entity_mention_id="m-199" role="loc">an extraterrestrial body</rel_arg2>
        <trigger source="ENG_NW_001278_20131205_F00013PDI" offset="979" length="2">of</trigger>
      </relation_mention>
    </relation>
  </relations>
  <hoppers>
    <hopper id="h-16">
      <event_mention id="em-54" type="manufacture" subtype="artifact" realis="actual">
        <trigger source="ENG_NW_001278_20131205_F00013PDI" offset="467" length="13">Manufacturing</trigger>
        <em_arg filler_id="f-71" role="artifact" realis="true">the models</em_arg>
        <em_arg entity_id="ent-8" entity_mention_id="m-48" role="agent" realis="true">China</em_arg>
      </event_mention>
    </hopper>
    <hopper id="h-249">
      <event_mention id="em-228" type="manufacture" subtype="artifact" realis="actual">
        <trigger source="ENG_NW_001278_20131205_F00013PDI" offset="505" length="4">made</trigger>
        <em_arg filler_id="f-245" role="artifact" realis="true">one</em_arg>
      </event_mention>
    </hopper>
    <hopper id="h-272">
      <event_mention id="em-251" type="manufacture" subtype="artifact" realis="actual">
        <trigger source="ENG_NW_001278_20131205_F00013PDI" offset="538" length="4">made</trigger>
        <em_arg filler_id="f-268" role="artifact" realis="true">the other</em_arg>
      </event_mention>
    </hopper>
  </hoppers>
</deft_ere>
