<?xml version="1.0" encoding="UTF-8"?>
<deft_ere kit_id="5733b8b10000000000000031" doc_id="ENG_NW_001278_20131208_F00011T21" source_type="newswire">
  <entities>
    <entity id="ent-8" type="LOC" specificity="specificIndividual">
      <entity_mention id="m-18" noun_type="NAM" source="ENG_NW_001278_20131208_F00011T21" offset="101" length="6">
        <mention_text>Africa</mention_text>
      </entity_mention>
      <entity_mention id="m-42" noun_type="NAM" source="ENG_NW_001278_20131208_F00011T21" offset="236" length="6">
        <mention_text>Africa</mention_text>
      </entity_mention>
      <entity_mention id="m-60" noun_type="NAM" source="ENG_NW_001278_20131208_F00011T21" offset="329" length="6">
        <mention_text>Africa</mention_text>
      </entity_mention>
      <entity_mention id="m-261" noun_type="NAM" source="ENG_NW_001278_20131208_F00011T21" offset="1718" length="7">
        <mention_text>African</mention_text>
      </entity_mention>
    </entity>
    <entity id="ent-30" type="PER" specificity="specificIndividual">
      <entity_mention id="m-24" noun_type="NAM" source="ENG_NW_001278_20131208_F00011T21" offset="115" length="7">
        <mention_text>Mandela</mention_text>
      </entity_mention>
      <entity_mention id="m-48" noun_type="NAM" source="ENG_NW_001278_20131208_F00011T21" offset="250" length="7">
        <mention_text>Mandela</mention_text>
      </entity_mention>
      <entity_mention id="m-66" noun_type="NAM" source="ENG_NW_001278_20131208_F00011T21" offset="343" length="7">
        <mention_text>Mandela</mention_text>
      </entity_mention>
      <entity_mention id="m-87" noun_type="NAM" source="ENG_NW_001278_20131208_F00011T21" offset="485" length="14">
        <mention_text>Nelson Mandela</mention_text>
      </entity_mention>
      <entity_mention id="m-141" noun_type="NAM" source="ENG_NW_001278_20131208_F00011T21" offset="726" length="7">
        <mention_text>Mandela</mention_text>
      </entity_mention>
      <entity_mention id="m-168" noun_type="NAM" source="ENG_NW_001278_20131208_F00011T21" offset="874" length="7">
        <mention_text>Mandela</mention_text>
      </entity_mention>
      <entity_mention id="m-180" noun_type="PRO" source="ENG_NW_001278_20131208_F00011T21" offset="936" length="3">
        <mention_text>his</mention_text>
      </entity_mention>
      <entity_mention id="m-192" noun_type="NAM" source="ENG_NW_001278_20131208_F00011T21" offset="972" length="7">
        <mention_text>Mandela</mention_text>
      </entity_mention>
      <entity_mention id="m-204" noun_type="NAM" source="ENG_NW_001278_20131208_F00011T21" offset="1151" length="7">
        <mention_text>Mandela</mention_text>
      </entity_mention>
      <entity_mention id="m-216" noun_type="PRO" source="ENG_NW_001278_20131208_F00011T21" offset="1421" length="3">
        <mention_text>His</mention_text>
      </entity_mention>
      <entity_mention id="m-222" noun_type="PRO" source="ENG_NW_001278_20131208_F00011T21" offset="1568" length="2">
        <mention_text>he</mention_text>
      </entity_mention>
      <entity_mention id="m-255" noun_type="NAM" source="ENG_NW_001278_20131208_F00011T21" offset="1700" length="7">
        <mention_text>Mandela</mention_text>
      </entity_mention>
      <entity_mention id="m-273" noun_type="NAM" source="ENG_NW_001278_20131208_F00011T21" offset="1810" length="7">
        <mention_text>Mandela</mention_text>
      </entity_mention>
      <entity_mention id="m-279" noun_type="PRO" source="ENG_NW_001278_20131208_F00011T21" offset="1823" length="2">
        <mention_text>he</mention_text>
      </entity_mention>
      <entity_mention id="m-303" noun_type="PRO" source="ENG_NW_001278_20131208_F00011T21" offset="1933" length="2">
        <mention_text>He</mention_text>
      </entity_mention>
      <entity_mention id="m-315" noun_type="PRO" source="ENG_NW_001278_20131208_F00011T21" offset="2032" length="3">
        <mention_text>his</mention_text>
      </entity_mention>
      <entity_mention id="m-321" noun_type="PRO" source="ENG_NW_001278_20131208_F00011T21" offset="1972" length="3">
        <mention_text>his</mention_text>
      </entity_mention>
      <entity_mention id="m-351" noun_type="NAM" source="ENG_NW_001278_20131208_F00011T21" offset="2183" length="7">
        <mention_text>Mandela</mention_text>
      </entity_mention>
      <entity_mention id="m-357" noun_type="NAM" source="ENG_NW_001278_20131208_F00011T21" offset="2302" length="7">
        <mention_text>Mandela</mention_text>
      </entity_mention>
      <entity_mention id="m-363" noun_type="PRO" source="ENG_NW_001278_20131208_F00011T21" offset="2207" length="3">
        <mention_text>his</mention_text>
      </entity_mention>
      <entity_mention id="m-369" noun_type="PRO" source="ENG_NW_001278_20131208_F00011T21" offset="2550" length="3">
        <mention_text>His</mention_text>
      </entity_mention>
      <entity_mention id="m-375" noun_type="NAM" source="ENG_NW_001278_20131208_F00011T21" offset="2753" length="7">
        <mention_text>Mandela</mention_text>
      </entity_mention>
      <entity_mention id="m-381" noun_type="NAM" source="ENG_NW_001278_20131208_F00011T21" offset="2820" length="7">
        <mention_text>Mandela</mention_text>
      </entity_mention>
      <entity_mention id="m-387" noun_type="NAM" source="ENG_NW_001278_20131208_F00011T21" offset="3058" length="7">
        <mention_text>Mandela</mention_text>
      </entity_mention>
      <entity_mention id="m-405" noun_type="NAM" source="ENG_NW_001278_20131208_F00011T21" offset="3145" length="7">
        <mention_text>Mandela</mention_text>
      </entity_mention>
      <entity_mention id="m-423" noun_type="NAM" source="ENG_NW_001278_20131208_F00011T21" offset="3265" length="7">
        <mention_text>Mandela</mention_text>
      </entity_mention>
      <entity_mention id="m-435" noun_type="PRO" source="ENG_NW_001278_20131208_F00011T21" offset="3424" length="2">
        <mention_text>He</mention_text>
      </entity_mention>
      <entity_mention id="m-441" noun_type="PRO" source="ENG_NW_001278_20131208_F00011T21" offset="3456" length="2">
        <mention_text>he</mention_text>
      </entity_mention>
      <entity_mention id="m-447" noun_type="PRO" source="ENG_NW_001278_20131208_F00011T21" offset="3493" length="2">
        <mention_text>he</mention_text>
      </entity_mention>
      <entity_mention id="m-453" noun_type="PRO" source="ENG_NW_001278_20131208_F00011T21" offset="3543" length="2">
        <mention_text>He</mention_text>
      </entity_mention>
      <entity_mention id="m-459" noun_type="PRO" source="ENG_NW_001278_20131208_F00011T21" offset="3576" length="3">
        <mention_text>his</mention_text>
      </entity_mention>
      <entity_mention id="m-465" noun_type="PRO" source="ENG_NW_001278_20131208_F00011T21" offset="3646" length="2">
        <mention_text>he</mention_text>
      </entity_mention>
      <entity_mention id="m-483" noun_type="PRO" source="ENG_NW_001278_20131208_F00011T21" offset="3341" length="2">
        <mention_text>he</mention_text>
      </entity_mention>
      <entity_mention id="m-489" noun_type="PRO" source="ENG_NW_001278_20131208_F00011T21" offset="3383" length="7">
        <mention_text>himself</mention_text>
      </entity_mention>
      <entity_mention id="m-495" noun_type="NAM" source="ENG_NW_001278_20131208_F00011T21" offset="3739" length="7">
        <mention_text>Mandala</mention_text>
      </entity_mention>
      <entity_mention id="m-507" noun_type="PRO" source="ENG_NW_001278_20131208_F00011T21" offset="3859" length="2">
        <mention_text>He</mention_text>
      </entity_mention>
      <entity_mention id="m-513" noun_type="PRO" source="ENG_NW_001278_20131208_F00011T21" offset="3931" length="2">
        <mention_text>He</mention_text>
      </entity_mention>
      <entity_mention id="m-558" noun_type="NAM" source="ENG_NW_001278_20131208_F00011T21" offset="4257" length="7">
        <mention_text>Mandela</mention_text>
      </entity_mention>
      <entity_mention id="m-564" noun_type="NAM" source="ENG_NW_001278_20131208_F00011T21" offset="4345" length="7">
        <mention_text>Mandela</mention_text>
      </entity_mention>
      <entity_mention id="m-582" noun_type="NAM" source="ENG_NW_001278_20131208_F00011T21" offset="4559" length="7">
        <mention_text>Mandela</mention_text>
      </entity_mention>
      <entity_mention id="m-600" noun_type="PRO" source="ENG_NW_001278_20131208_F00011T21" offset="4653" length="3">
        <mention_text>his</mention_text>
      </entity_mention>
      <entity_mention id="m-606" noun_type="PRO" source="ENG_NW_001278_20131208_F00011T21" offset="4695" length="2">
        <mention_text>he</mention_text>
      </entity_mention>
      <entity_mention id="m-624" noun_type="NAM" source="ENG_NW_001278_20131208_F00011T21" offset="4717" length="7">
        <mention_text>Mandela</mention_text>
      </entity_mention>
      <entity_mention id="m-651" noun_type="NAM" source="ENG_NW_001278_20131208_F00011T21" offset="4876" length="7">
        <mention_text>Mandela</mention_text>
      </entity_mention>
      <entity_mention id="m-669" noun_type="NAM" source="ENG_NW_001278_20131208_F00011T21" offset="4959" length="7">
        <mention_text>Mandela</mention_text>
      </entity_mention>
      <entity_mention id="m-712" noun_type="PRO" source="ENG_NW_001278_20131208_F00011T21" offset="836" length="3">
        <mention_text>his</mention_text>
      </entity_mention>
      <entity_mention id="m-768" noun_type="PRO" source="ENG_NW_001278_20131208_F00011T21" offset="1284" length="3">
        <mention_text>his</mention_text>
      </entity_mention>
      <entity_mention id="m-774" noun_type="PRO" source="ENG_NW_001278_20131208_F00011T21" offset="1321" length="3">
        <mention_text>his</mention_text>
      </entity_mention>
      <entity_mention id="m-848" noun_type="PRO" source="ENG_NW_001278_20131208_F00011T21" offset="3561" length="7">
        <mention_text>himself</mention_text>
      </entity_mention>
      <entity_mention id="m-1447" noun_type="NOM" source="ENG_NW_001278_20131208_F00011T21" offset="981" length="36">
        <mention_text>South Africa's first black president</mention_text>
        <nom_head source="ENG_NW_001278_20131208_F00011T21" offset="1008" length="9">president</nom_head>
      </entity_mention>
      <entity_mention id="m-1453" noun_type="NOM" source="ENG_NW_001278_20131208_F00011T21" offset="1022" length="26">
        <mention_text>Nobel Peace Prize laureate</mention_text>
        <nom_head source="ENG_NW_001278_20131208_F00011T21" offset="1040" length="8">laureate</nom_head>
      </entity_mention>
      <entity_mention id="m-1469" noun_type="NOM" source="ENG_NW_001278_20131208_F00011T21" offset="1437" length="18">
        <mention_text>an elder statesman</mention_text>
        <nom_head source="ENG_NW_001278_20131208_F00011T21" offset="1446" length="9">statesman</nom_head>
      </entity_mention>
      <entity_mention id="m-1475" noun_type="NOM" source="ENG_NW_001278_20131208_F00011T21" offset="1839" length="24">
        <mention_text>the father of the nation</mention_text>
        <nom_head source="ENG_NW_001278_20131208_F00011T21" offset="1843" length="6">father</nom_head>
      </entity_mention>
    </entity>
    <entity id="ent-39" type="GPE" specificity="specificIndividual">
      <entity_mention id="m-33" noun_type="NAM" source="ENG_NW_001278_20131208_F00011T21" offset="143" length="10">
        <mention_text>S. African</mention_text>
      </entity_mention>
      <entity_mention id="m-54" noun_type="NAM" source="ENG_NW_001278_20131208_F00011T21" offset="278" length="10">
        <mention_text>S. African</mention_text>
      </entity_mention>
      <entity_mention id="m-72" noun_type="NAM" source="ENG_NW_001278_20131208_F00011T21" offset="371" length="10">
        <mention_text>S. African</mention_text>
      </entity_mention>
      <entity_mention id="m-93" noun_type="NAM" source="ENG_NW_001278_20131208_F00011T21" offset="529" length="13">
        <mention_text>South African</mention_text>
      </entity_mention>
      <entity_mention id="m-174" noun_type="NOM" source="ENG_NW_001278_20131208_F00011T21" offset="917" length="11">
        <mention_text>the country</mention_text>
        <nom_head source="ENG_NW_001278_20131208_F00011T21" offset="921" length="7">country</nom_head>
      </entity_mention>
      <entity_mention id="m-198" noun_type="NAM" source="ENG_NW_001278_20131208_F00011T21" offset="981" length="12">
        <mention_text>South Africa</mention_text>
      </entity_mention>
      <entity_mention id="m-267" noun_type="NOM" source="ENG_NW_001278_20131208_F00011T21" offset="1778" length="11">
        <mention_text>the country</mention_text>
        <nom_head source="ENG_NW_001278_20131208_F00011T21" offset="1782" length="7">country</nom_head>
      </entity_mention>
      <entity_mention id="m-294" noun_type="NOM" source="ENG_NW_001278_20131208_F00011T21" offset="1920" length="11">
        <mention_text>the country</mention_text>
        <nom_head source="ENG_NW_001278_20131208_F00011T21" offset="1924" length="7">country</nom_head>
      </entity_mention>
      <entity_mention id="m-309" noun_type="NAM" source="ENG_NW_001278_20131208_F00011T21" offset="1987" length="12">
        <mention_text>South Africa</mention_text>
      </entity_mention>
      <entity_mention id="m-345" noun_type="NAM" source="ENG_NW_001278_20131208_F00011T21" offset="2104" length="13">
        <mention_text>South African</mention_text>
      </entity_mention>
      <entity_mention id="m-429" noun_type="NAM" source="ENG_NW_001278_20131208_F00011T21" offset="3632" length="12">
        <mention_text>South Africa</mention_text>
      </entity_mention>
      <entity_mention id="m-501" noun_type="NAM" source="ENG_NW_001278_20131208_F00011T21" offset="3759" length="13">
        <mention_text>South African</mention_text>
      </entity_mention>
      <entity_mention id="m-570" noun_type="NOM" source="ENG_NW_001278_20131208_F00011T21" offset="4415" length="11">
        <mention_text>the country</mention_text>
        <nom_head source="ENG_NW_001278_20131208_F00011T21" offset="4419" length="7">country</nom_head>
      </entity_mention>
      <entity_mention id="m-576" noun_type="NAM" source="ENG_NW_001278_20131208_F00011T21" offset="4490" length="12">
        <mention_text>South Africa</mention_text>
      </entity_mention>
      <entity_mention id="m-594" noun_type="NOM" source="ENG_NW_001278_20131208_F00011T21" offset="4582" length="11">
        <mention_text>The country</mention_text>
        <nom_head source="ENG_NW_001278_20131208_F00011T21" offset="4586" length="7">country</nom_head>
      </entity_mention>
      <entity_mention id="m-618" noun_type="NAM" source="ENG_NW_001278_20131208_F00011T21" offset="4755" length="12">
        <mention_text>South Africa</mention_text>
      </entity_mention>
      <entity_mention id="m-636" noun_type="NAM" source="ENG_NW_001278_20131208_F00011T21" offset="4801" length="13">
        <mention_text>South African</mention_text>
      </entity_mention>
      <entity_mention id="m-675" noun_type="NAM" source="ENG_NW_001278_20131208_F00011T21" offset="5002" length="12">
        <mention_text>South Africa</mention_text>
      </entity_mention>
      <entity_mention id="m-696" noun_type="NAM" source="ENG_NW_001278_20131208_F00011T21" offset="659" length="12">
        <mention_text>South Africa</mention_text>
      </entity_mention>
      <entity_mention id="m-1365" noun_type="NOM" source="ENG_NW_001278_20131208_F00011T21" offset="1853" length="10">
        <mention_text>the nation</mention_text>
        <nom_head source="ENG_NW_001278_20131208_F00011T21" offset="1857" length="6">nation</nom_head>
      </entity_mention>
      <entity_mention id="m-1493" noun_type="NAM" source="ENG_NW_001278_20131208_F00011T21" offset="3289" length="14">
        <mention_text>South Africans</mention_text>
      </entity_mention>
      <entity_mention id="m-1499" noun_type="NOM" source="ENG_NW_001278_20131208_F00011T21" offset="3781" length="5">
        <mention_text>state</mention_text>
        <nom_head source="ENG_NW_001278_20131208_F00011T21" offset="3781" length="5">state</nom_head>
      </entity_mention>
      <entity_mention id="m-1569" noun_type="NOM" source="ENG_NW_001278_20131208_F00011T21" offset="4510" length="56">
        <mention_text>a nation that can do without the presence of the Mandela</mention_text>
        <nom_head source="ENG_NW_001278_20131208_F00011T21" offset="4512" length="6">nation</nom_head>
      </entity_mention>
    </entity>
    <entity id="ent-84" type="GPE" specificity="specificIndividual">
      <entity_mention id="m-78" noun_type="NAM" source="ENG_NW_001278_20131208_F00011T21" offset="422" length="12">
        <mention_text>JOHANNESBURG</mention_text>
      </entity_mention>
    </entity>
    <entity id="ent-105" type="PER" specificity="nonspecific">
      <entity_mention id="m-99" noun_type="NOM" source="ENG_NW_001278_20131208_F00011T21" offset="588" length="8">
        <mention_text>analysts</mention_text>
        <nom_head source="ENG_NW_001278_20131208_F00011T21" offset="588" length="8">analysts</nom_head>
      </entity_mention>
    </entity>
    <entity id="ent-114" type="ORG" specificity="specificIndividual">
      <entity_mention id="m-108" noun_type="NAM" source="ENG_NW_001278_20131208_F00011T21" offset="444" length="6">
        <mention_text>Xinhua</mention_text>
      </entity_mention>
      <entity_mention id="m-117" noun_type="NAM" source="ENG_NW_001278_20131208_F00011T21" offset="637" length="6">
        <mention_text>Xinhua</mention_text>
      </entity_mention>
      <entity_mention id="m-333" noun_type="NAM" source="ENG_NW_001278_20131208_F00011T21" offset="2059" length="6">
        <mention_text>Xinhua</mention_text>
      </entity_mention>
    </entity>
    <entity id="ent-129" type="ORG" specificity="specificIndividual">
      <entity_mention id="m-123" noun_type="NAM" source="ENG_NW_001278_20131208_F00011T21" offset="645" length="26">
        <mention_text>University of South Africa</mention_text>
      </entity_mention>
      <entity_mention id="m-156" noun_type="NAM" source="ENG_NW_001278_20131208_F00011T21" offset="673" length="5">
        <mention_text>UNISA</mention_text>
      </entity_mention>
    </entity>
    <entity id="ent-138" type="PER" specificity="specificIndividual">
      <entity_mention id="m-132" noun_type="NAM" source="ENG_NW_001278_20131208_F00011T21" offset="710" length="10">
        <mention_text>Dirk Kotze</mention_text>
      </entity_mention>
      <entity_mention id="m-186" noun_type="NAM" source="ENG_NW_001278_20131208_F00011T21" offset="959" length="5">
        <mention_text>Kotze</mention_text>
      </entity_mention>
      <entity_mention id="m-210" noun_type="NAM" source="ENG_NW_001278_20131208_F00011T21" offset="1407" length="5">
        <mention_text>Kotze</mention_text>
      </entity_mention>
      <entity_mention id="m-339" noun_type="NAM" source="ENG_NW_001278_20131208_F00011T21" offset="2068" length="5">
        <mention_text>Kotze</mention_text>
      </entity_mention>
      <entity_mention id="m-393" noun_type="NAM" source="ENG_NW_001278_20131208_F00011T21" offset="3074" length="5">
        <mention_text>Kotze</mention_text>
      </entity_mention>
      <entity_mention id="m-399" noun_type="NAM" source="ENG_NW_001278_20131208_F00011T21" offset="3088" length="5">
        <mention_text>Kotze</mention_text>
      </entity_mention>
      <entity_mention id="m-417" noun_type="NAM" source="ENG_NW_001278_20131208_F00011T21" offset="3254" length="5">
        <mention_text>Kotze</mention_text>
      </entity_mention>
      <entity_mention id="m-471" noun_type="NAM" source="ENG_NW_001278_20131208_F00011T21" offset="3703" length="5">
        <mention_text>Kotze</mention_text>
      </entity_mention>
      <entity_mention id="m-663" noun_type="NAM" source="ENG_NW_001278_20131208_F00011T21" offset="4948" length="5">
        <mention_text>Kotze</mention_text>
      </entity_mention>
      <entity_mention id="m-1487" noun_type="NOM" source="ENG_NW_001278_20131208_F00011T21" offset="2264" length="32">
        <mention_text>The constitution drafting expert</mention_text>
        <nom_head source="ENG_NW_001278_20131208_F00011T21" offset="2290" length="6">expert</nom_head>
      </entity_mention>
      <entity_mention id="m-1557" noun_type="PRO" source="ENG_NW_001278_20131208_F00011T21" offset="2075" length="3">
        <mention_text>who</mention_text>
      </entity_mention>
      <entity_mention id="m-1563" noun_type="NOM" source="ENG_NW_001278_20131208_F00011T21" offset="3100" length="38">
        <mention_text>a prominent conflict resolution expert</mention_text>
        <nom_head source="ENG_NW_001278_20131208_F00011T21" offset="3132" length="6">expert</nom_head>
      </entity_mention>
    </entity>
    <entity id="ent-153" type="ORG" specificity="specificIndividual">
      <entity_mention id="m-147" noun_type="NAM" source="ENG_NW_001278_20131208_F00011T21" offset="776" length="25">
        <mention_text>African National Congress</mention_text>
      </entity_mention>
      <entity_mention id="m-162" noun_type="NAM" source="ENG_NW_001278_20131208_F00011T21" offset="803" length="3">
        <mention_text>ANC</mention_text>
      </entity_mention>
      <entity_mention id="m-411" noun_type="NAM" source="ENG_NW_001278_20131208_F00011T21" offset="3179" length="3">
        <mention_text>ANC</mention_text>
      </entity_mention>
      <entity_mention id="m-1205" noun_type="PRO" source="ENG_NW_001278_20131208_F00011T21" offset="3198" length="3">
        <mention_text>its</mention_text>
      </entity_mention>
    </entity>
    <entity id="ent-234" type="PER" specificity="specificIndividual">
      <entity_mention id="m-228" noun_type="NAM" source="ENG_NW_001278_20131208_F00011T21" offset="1579" length="10">
        <mention_text>Oren Dayan</mention_text>
      </entity_mention>
      <entity_mention id="m-327" noun_type="NAM" source="ENG_NW_001278_20131208_F00011T21" offset="2048" length="5">
        <mention_text>Dayan</mention_text>
      </entity_mention>
      <entity_mention id="m-588" noun_type="NAM" source="ENG_NW_001278_20131208_F00011T21" offset="4569" length="5">
        <mention_text>Dayan</mention_text>
      </entity_mention>
      <entity_mention id="m-612" noun_type="NAM" source="ENG_NW_001278_20131208_F00011T21" offset="4706" length="5">
        <mention_text>Dayan</mention_text>
      </entity_mention>
      <entity_mention id="m-657" noun_type="PRO" source="ENG_NW_001278_20131208_F00011T21" offset="4863" length="1">
        <mention_text>I</mention_text>
      </entity_mention>
      <entity_mention id="m-690" noun_type="PRO" source="ENG_NW_001278_20131208_F00011T21" offset="4937" length="2">
        <mention_text>he</mention_text>
      </entity_mention>
      <entity_mention id="m-1581" noun_type="NOM" source="ENG_NW_001278_20131208_F00011T21" offset="1591" length="19">
        <mention_text>top local economist</mention_text>
        <nom_head source="ENG_NW_001278_20131208_F00011T21" offset="1601" length="9">economist</nom_head>
      </entity_mention>
      <entity_mention id="m-1587" noun_type="NOM" source="ENG_NW_001278_20131208_F00011T21" offset="1615" length="78">
        <mention_text>former lecturer at School of Economic and Business Sciences at Wits University</mention_text>
        <nom_head source="ENG_NW_001278_20131208_F00011T21" offset="1622" length="8">lecturer</nom_head>
      </entity_mention>
    </entity>
    <entity id="ent-243" type="ORG" specificity="specificIndividual">
      <entity_mention id="m-237" noun_type="NAM" source="ENG_NW_001278_20131208_F00011T21" offset="1634" length="40">
        <mention_text>School of Economic and Business Sciences</mention_text>
      </entity_mention>
    </entity>
    <entity id="ent-252" type="ORG" specificity="specificIndividual">
      <entity_mention id="m-246" noun_type="NAM" source="ENG_NW_001278_20131208_F00011T21" offset="1678" length="15">
        <mention_text>Wits University</mention_text>
      </entity_mention>
    </entity>
    <entity id="ent-291" type="PER" specificity="specificGroup">
      <entity_mention id="m-285" noun_type="NOM" source="ENG_NW_001278_20131208_F00011T21" offset="1884" length="13">
        <mention_text>other leaders</mention_text>
        <nom_head source="ENG_NW_001278_20131208_F00011T21" offset="1890" length="7">leaders</nom_head>
      </entity_mention>
      <entity_mention id="m-1481" noun_type="NOM" source="ENG_NW_001278_20131208_F00011T21" offset="1778" length="28">
        <mention_text>the country's future leaders</mention_text>
        <nom_head source="ENG_NW_001278_20131208_F00011T21" offset="1799" length="7">leaders</nom_head>
      </entity_mention>
    </entity>
    <entity id="ent-300" type="PER" specificity="nonspecific">
      <entity_mention id="m-477" noun_type="PRO" source="ENG_NW_001278_20131208_F00011T21" offset="1475" length="3">
        <mention_text>all</mention_text>
      </entity_mention>
    </entity>
    <entity id="ent-525" type="PER" specificity="specificIndividual">
      <entity_mention id="m-519" noun_type="NAM" source="ENG_NW_001278_20131208_F00011T21" offset="3975" length="11">
        <mention_text>Thabo Mbeki</mention_text>
      </entity_mention>
      <entity_mention id="m-528" noun_type="PRO" source="ENG_NW_001278_20131208_F00011T21" offset="4056" length="2">
        <mention_text>he</mention_text>
      </entity_mention>
      <entity_mention id="m-534" noun_type="PRO" source="ENG_NW_001278_20131208_F00011T21" offset="4069" length="3">
        <mention_text>His</mention_text>
      </entity_mention>
    </entity>
    <entity id="ent-546" type="PER" specificity="specificIndividual">
      <entity_mention id="m-540" noun_type="NAM" source="ENG_NW_001278_20131208_F00011T21" offset="4080" length="17">
        <mention_text>Kgalema Motlanthe</mention_text>
      </entity_mention>
    </entity>
    <entity id="ent-555" type="PER" specificity="specificIndividual">
      <entity_mention id="m-549" noun_type="NAM" source="ENG_NW_001278_20131208_F00011T21" offset="4171" length="10">
        <mention_text>Jacob Zuma</mention_text>
      </entity_mention>
      <entity_mention id="m-1575" noun_type="NOM" source="ENG_NW_001278_20131208_F00011T21" offset="4197" length="21">
        <mention_text>the current president</mention_text>
        <nom_head source="ENG_NW_001278_20131208_F00011T21" offset="4209" length="9">president</nom_head>
      </entity_mention>
    </entity>
    <entity id="ent-648" type="ORG" specificity="specificIndividual">
      <entity_mention id="m-642" noun_type="NOM" source="ENG_NW_001278_20131208_F00011T21" offset="4797" length="28">
        <mention_text>The South African government</mention_text>
        <nom_head source="ENG_NW_001278_20131208_F00011T21" offset="4815" length="10">government</nom_head>
      </entity_mention>
      <entity_mention id="m-1505" noun_type="NOM" source="ENG_NW_001278_20131208_F00011T21" offset="3799" length="10">
        <mention_text>government</mention_text>
        <nom_head source="ENG_NW_001278_20131208_F00011T21" offset="3799" length="10">government</nom_head>
      </entity_mention>
    </entity>
    <entity id="ent-687" type="PER" specificity="specificGroup">
      <entity_mention id="m-681" noun_type="NOM" source="ENG_NW_001278_20131208_F00011T21" offset="5045" length="24">
        <mention_text>the apartheid supporters</mention_text>
        <nom_head source="ENG_NW_001278_20131208_F00011T21" offset="5059" length="10">supporters</nom_head>
      </entity_mention>
    </entity>
    <entity id="ent-816" type="PER" specificity="specificIndividual">
      <entity_mention id="m-810" noun_type="NOM" source="ENG_NW_001278_20131208_F00011T21" offset="1718" length="88">
        <mention_text>African struggle leaders who was "clever enough to prepare" the country's future leaders</mention_text>
        <nom_head source="ENG_NW_001278_20131208_F00011T21" offset="1735" length="7">leaders</nom_head>
      </entity_mention>
    </entity>
    <entity id="ent-835" type="PER" specificity="specificGroup">
      <entity_mention id="m-829" noun_type="NOM" source="ENG_NW_001278_20131208_F00011T21" offset="3285" length="18">
        <mention_text>all South Africans</mention_text>
        <nom_head source="ENG_NW_001278_20131208_F00011T21" offset="3289" length="14">South Africans</nom_head>
      </entity_mention>
    </entity>
    <entity id="ent-860" type="PER" specificity="nonspecific">
      <entity_mention id="m-854" noun_type="NOM" source="ENG_NW_001278_20131208_F00011T21" offset="3600" length="6">
        <mention_text>others</mention_text>
        <nom_head source="ENG_NW_001278_20131208_F00011T21" offset="3600" length="6">others</nom_head>
      </entity_mention>
    </entity>
    <entity id="ent-869" type="ORG" specificity="nonspecific">
      <entity_mention id="m-863" noun_type="NOM" source="ENG_NW_001278_20131208_F00011T21" offset="3660" length="10">
        <mention_text>businesses</mention_text>
        <nom_head source="ENG_NW_001278_20131208_F00011T21" offset="3660" length="10">businesses</nom_head>
      </entity_mention>
    </entity>
    <entity id="ent-878" type="PER" specificity="specificGroup">
      <entity_mention id="m-872" noun_type="PRO" source="ENG_NW_001278_20131208_F00011T21" offset="4305" length="4">
        <mention_text>they</mention_text>
      </entity_mention>
      <entity_mention id="m-881" noun_type="PRO" source="ENG_NW_001278_20131208_F00011T21" offset="4321" length="4">
        <mention_text>they</mention_text>
      </entity_mention>
      <entity_mention id="m-887" noun_type="NOM" source="ENG_NW_001278_20131208_F00011T21" offset="4221" length="24">
        <mention_text>All the three presidents</mention_text>
        <nom_head source="ENG_NW_001278_20131208_F00011T21" offset="4235" length="10">presidents</nom_head>
      </entity_mention>
    </entity>
    <entity id="ent-1141" type="ORG" specificity="specificIndividual">
      <entity_mention id="m-1135" noun_type="NOM" source="ENG_NW_001278_20131208_F00011T21" offset="1194" length="9">
        <mention_text>the party</mention_text>
        <nom_head source="ENG_NW_001278_20131208_F00011T21" offset="1198" length="5">party</nom_head>
      </entity_mention>
    </entity>
    <entity id="ent-1347" type="PER" specificity="nonspecific">
      <entity_mention id="m-1341" noun_type="NOM" source="ENG_NW_001278_20131208_F00011T21" offset="185" length="7">
        <mention_text>experts</mention_text>
        <nom_head source="ENG_NW_001278_20131208_F00011T21" offset="185" length="7">experts</nom_head>
      </entity_mention>
      <entity_mention id="m-1353" noun_type="NOM" source="ENG_NW_001278_20131208_F00011T21" offset="320" length="7">
        <mention_text>experts</mention_text>
        <nom_head source="ENG_NW_001278_20131208_F00011T21" offset="320" length="7">experts</nom_head>
      </entity_mention>
      <entity_mention id="m-1359" noun_type="NOM" source="ENG_NW_001278_20131208_F00011T21" offset="413" length="7">
        <mention_text>experts</mention_text>
        <nom_head source="ENG_NW_001278_20131208_F00011T21" offset="413" length="7">experts</nom_head>
      </entity_mention>
    </entity>
  </entities>
  <fillers>
    <filler id="f-726" source="ENG_NW_001278_20131208_F00011T21" offset="699" length="9" type="title">Professor</filler>
    <filler id="f-746" source="ENG_NW_001278_20131208_F00011T21" offset="1008" length="9" type="title">president</filler>
    <filler id="f-756" source="ENG_NW_001278_20131208_F00011T21" offset="1113" length="2" type="age">95</filler>
    <filler id="f-788" source="ENG_NW_001278_20131208_F00011T21" offset="1601" length="9" type="title">economist</filler>
    <filler id="f-846" source="ENG_NW_001278_20131208_F00011T21" offset="3354" length="9" type="title">president</filler>
    <filler id="f-911" source="ENG_NW_001278_20131208_F00011T21" offset="4123" length="9" type="title">president</filler>
    <filler id="f-1103" source="ENG_NW_001278_20131208_F00011T21" offset="948" length="9" type="title">president</filler>
    <filler id="f-1152" source="ENG_NW_001278_20131208_F00011T21" offset="1622" length="8" type="title">lecturer</filler>
    <filler id="f-1389" source="ENG_NW_001278_20131208_F00011T21" offset="475" length="9" type="title">president</filler>
    <filler id="f-1601" source="ENG_NW_001278_20131208_F00011T21" offset="4209" length="9" type="title">president</filler>
    <filler id="f-1032" source="ENG_NW_001278_20131208_F00011T21" offset="605" length="8" type="time" nom_time="2013-12-07">Saturday</filler>
    <filler id="f-1092" source="ENG_NW_001278_20131208_F00011T21" offset="854" length="4" type="time" nom_time="1999-XX-XX">1999</filler>
    <filler id="f-1132" source="ENG_NW_001278_20131208_F00011T21" offset="1090" length="8" type="time" nom_time="2013-12-05">Thursday</filler>
    <filler id="f-1264" source="ENG_NW_001278_20131208_F00011T21" offset="3773" length="13" type="title">head of state</filler>
    <filler id="f-1271" source="ENG_NW_001278_20131208_F00011T21" offset="3791" length="18" type="title">head of government</filler>
    <filler id="f-1280" source="ENG_NW_001278_20131208_F00011T21" offset="3853" length="4" type="time" nom_time="1994-XX-XX">1994</filler>
    <filler id="f-1550" source="ENG_NW_001278_20131208_F00011T21" offset="4033" length="17" type="time" nom_time="2008-09-XX">September of 2008</filler>
    <filler id="f-1331" source="ENG_NW_001278_20131208_F00011T21" offset="4209" length="9" type="title">president</filler>
    <filler id="f-1338" source="ENG_NW_001278_20131208_F00011T21" offset="4156" length="4" type="time" nom_time="2009-XX-XX">2009</filler>
    <filler id="f-1423" source="ENG_NW_001278_20131208_F00011T21" offset="475" length="9" type="title">president</filler>
    <filler id="f-1536" source="ENG_NW_001278_20131208_F00011T21" offset="4001" length="10" type="title">presidency</filler>
    <filler id="f-1543" source="ENG_NW_001278_20131208_F00011T21" offset="4025" length="4" type="time" nom_time="1999-XX-XX">1999</filler>
  </fillers>
  <relations>
    <relation id="r-940" type="physical" subtype="orglocationorigin">
      <relation_mention id="relm-702" realis="true">
        <rel_arg1 entity_id="ent-129" entity_mention_id="m-123" role="org">University of South Africa</rel_arg1>
        <rel_arg2 entity_id="ent-39" entity_mention_id="m-696" role="loc">South Africa</rel_arg2>
        <trigger source="ENG_NW_001278_20131208_F00011T21" offset="656" length="2">of</trigger>
      </relation_mention>
    </relation>
    <relation id="r-941" type="personalsocial" subtype="role">
      <relation_mention id="relm-718" realis="true">
        <rel_arg1 entity_id="ent-138" entity_mention_id="m-132" role="per">Dirk Kotze</rel_arg1>
        <rel_arg2 filler_id="f-726" role="role">Professor</rel_arg2>
      </relation_mention>
    </relation>
    <relation id="r-942" type="generalaffiliation" subtype="more">
      <relation_mention id="relm-728" realis="true">
        <rel_arg1 entity_id="ent-30" entity_mention_id="m-192" role="per">Mandela</rel_arg1>
        <rel_arg2 entity_id="ent-39" entity_mention_id="m-198" role="entity">South Africa</rel_arg2>
      </relation_mention>
    </relation>
    <relation id="r-943" type="personalsocial" subtype="role">
      <relation_mention id="relm-738" realis="true">
        <rel_arg1 entity_id="ent-30" entity_mention_id="m-192" role="per">Mandela</rel_arg1>
        <rel_arg2 filler_id="f-746" role="role">president</rel_arg2>
      </relation_mention>
      <relation_mention id="relm-838" realis="true">
        <rel_arg1 entity_id="ent-30" entity_mention_id="m-483" role="per">he</rel_arg1>
        <rel_arg2 filler_id="f-846" role="role">president</rel_arg2>
        <trigger source="ENG_NW_001278_20131208_F00011T21" offset="3351" length="2">as</trigger>
      </relation_mention>
      <relation_mention id="relm-1095" realis="true">
        <rel_arg1 entity_id="ent-30" entity_mention_id="m-180" role="per">his</rel_arg1>
        <rel_arg2 filler_id="f-1103" role="role">president</rel_arg2>
        <trigger source="ENG_NW_001278_20131208_F00011T21" offset="945" length="2">as</trigger>
      </relation_mention>
      <relation_mention id="relm-1381" realis="true">
        <rel_arg1 entity_id="ent-30" entity_mention_id="m-87" role="per">Nelson Mandela</rel_arg1>
        <rel_arg2 filler_id="f-1389" role="role">president</rel_arg2>
      </relation_mention>
    </relation>
    <relation id="r-944" type="generalaffiliation" subtype="personage">
      <relation_mention id="relm-748" realis="true">
        <rel_arg1 entity_id="ent-30" entity_mention_id="m-192" role="per">Mandela</rel_arg1>
        <rel_arg2 filler_id="f-756" role="age">95</rel_arg2>
        <trigger source="ENG_NW_001278_20131208_F00011T21" offset="1106" length="3">age</trigger>
      </relation_mention>
    </relation>
    <relation id="r-945" type="personalsocial" subtype="role">
      <relation_mention id="relm-780" realis="true">
        <rel_arg1 entity_id="ent-234" entity_mention_id="m-1581" role="per">top local economist</rel_arg1>
        <rel_arg2 filler_id="f-788" role="role">economist</rel_arg2>
      </relation_mention>
      <relation_mention id="relm-1144" realis="true">
        <rel_arg1 entity_id="ent-234" entity_mention_id="m-1587" role="per">former lecturer at School of Economic and Business Sciences at Wits University</rel_arg1>
        <rel_arg2 filler_id="f-1152" role="role">lecturer</rel_arg2>
      </relation_mention>
    </relation>
    <relation id="r-946" type="orgaffiliation" subtype="employmentmembership">
      <relation_mention id="relm-790" realis="true">
        <rel_arg1 entity_id="ent-234" entity_mention_id="m-1587" role="employeemember">former lecturer at School of Economic and Business Sciences at Wits University</rel_arg1>
        <rel_arg2 entity_id="ent-243" entity_mention_id="m-237" role="org">School of Economic and Business Sciences</rel_arg2>
        <trigger source="ENG_NW_001278_20131208_F00011T21" offset="1631" length="2">at</trigger>
      </relation_mention>
    </relation>
    <relation id="r-947" type="partwhole" subtype="subsidiary">
      <relation_mention id="relm-800" realis="true">
        <rel_arg1 entity_id="ent-243" entity_mention_id="m-237" role="suborg">School of Economic and Business Sciences</rel_arg1>
        <rel_arg2 entity_id="ent-252" entity_mention_id="m-246" role="parent">Wits University</rel_arg2>
        <trigger source="ENG_NW_001278_20131208_F00011T21" offset="1675" length="2">at</trigger>
      </relation_mention>
    </relation>
    <relation id="r-948" type="generalaffiliation" subtype="more">
      <relation_mention id="relm-819" realis="true">
        <rel_arg1 entity_id="ent-816" entity_mention_id="m-810" role="per">African struggle leaders who was "clever enough to prepare" the country's future leaders</rel_arg1>
        <rel_arg2 entity_id="ent-8" entity_mention_id="m-261" role="entity">African</rel_arg2>
        <trigger source="ENG_NW_001278_20131208_F00011T21" offset="1718" length="7">African</trigger>
      </relation_mention>
    </relation>
    <relation id="r-949" type="personalsocial" subtype="role">
      <relation_mention id="relm-903" realis="true">
        <rel_arg1 entity_id="ent-546" entity_mention_id="m-540" role="per">Kgalema Motlanthe</rel_arg1>
        <rel_arg2 filler_id="f-911" role="role">president</rel_arg2>
      </relation_mention>
    </relation>
    <relation id="r-950" type="orgaffiliation" subtype="leadership">
      <relation_mention id="relm-1371" realis="true">
        <rel_arg1 entity_id="ent-30" entity_mention_id="m-87" role="leader">Nelson Mandela</rel_arg1>
        <rel_arg2 entity_id="ent-39" entity_mention_id="m-93" role="entity">South African</rel_arg2>
        <trigger source="ENG_NW_001278_20131208_F00011T21" offset="475" length="9">president</trigger>
      </relation_mention>
    </relation>
    <relation id="r-951" type="personalsocial" subtype="role">
      <relation_mention id="relm-1593" realis="true">
        <rel_arg1 entity_id="ent-555" entity_mention_id="m-1575" role="per">the current president</rel_arg1>
        <rel_arg2 filler_id="f-1601" role="role">president</rel_arg2>
      </relation_mention>
    </relation>
  </relations>
  <hoppers>
    <hopper id="h-16">
      <event_mention id="em-923" type="life" subtype="die" realis="actual">
        <trigger source="ENG_NW_001278_20131208_F00011T21" offset="125" length="5">death</trigger>
        <em_arg entity_id="ent-30" entity_mention_id="m-24" role="victim" realis="true">Mandela</em_arg>
      </event_mention>
      <event_mention id="em-944" type="life" subtype="die" realis="actual">
        <trigger source="ENG_NW_001278_20131208_F00011T21" offset="260" length="5">death</trigger>
        <em_arg entity_id="ent-30" entity_mention_id="m-48" role="victim" realis="true">Mandela</em_arg>
      </event_mention>
      <event_mention id="em-965" type="life" subtype="die" realis="actual">
        <trigger source="ENG_NW_001278_20131208_F00011T21" offset="353" length="5">death</trigger>
        <em_arg entity_id="ent-30" entity_mention_id="m-66" role="victim" realis="true">Mandela</em_arg>
      </event_mention>
      <event_mention id="em-986" type="life" subtype="die" realis="actual">
        <trigger source="ENG_NW_001278_20131208_F00011T21" offset="459" length="5">death</trigger>
        <em_arg entity_id="ent-30" entity_mention_id="m-87" role="victim" realis="true">Nelson Mandela</em_arg>
      </event_mention>
      <event_mention id="em-1107" type="life" subtype="die" realis="actual">
        <trigger source="ENG_NW_001278_20131208_F00011T21" offset="1050" length="4">died</trigger>
        <em_arg entity_id="ent-30" entity_mention_id="m-192" role="victim" realis="true">Mandela</em_arg>
        <em_arg filler_id="f-1132" role="time" realis="true">Thursday</em_arg>
      </event_mention>
      <event_mention id="em-1184" type="life" subtype="die" realis="actual">
        <trigger source="ENG_NW_001278_20131208_F00011T21" offset="2193" length="5">death</trigger>
        <em_arg entity_id="ent-30" entity_mention_id="m-351" role="victim" realis="true">Mandela</em_arg>
      </event_mention>
    </hopper>
    <hopper id="h-1035">
      <event_mention id="em-1007" type="contact" subtype="contact" realis="actual" audience="canttell" formality="canttell" medium="canttell" schedule="canttell">
        <trigger source="ENG_NW_001278_20131208_F00011T21" offset="597" length="4">said</trigger>
        <em_arg entity_id="ent-105" entity_mention_id="m-99" role="entity" realis="true">analysts</em_arg>
        <em_arg filler_id="f-1032" role="time" realis="true">Saturday</em_arg>
      </event_mention>
    </hopper>
    <hopper id="h-1065">
      <event_mention id="em-1037" type="contact" subtype="broadcast" realis="actual" audience="oneway" formality="formal" medium="canttell" schedule="planned">
        <trigger source="ENG_NW_001278_20131208_F00011T21" offset="622" length="9">interview</trigger>
        <em_arg entity_id="ent-114" entity_mention_id="m-117" role="entity" realis="true">Xinhua</em_arg>
        <em_arg entity_id="ent-138" entity_mention_id="m-132" role="entity" realis="true">Dirk Kotze</em_arg>
      </event_mention>
    </hopper>
    <hopper id="h-1105">
      <event_mention id="em-1067" type="personnel" subtype="endposition" realis="actual">
        <trigger source="ENG_NW_001278_20131208_F00011T21" offset="840" length="10">retirement</trigger>
        <em_arg entity_id="ent-30" entity_mention_id="m-712" role="person" realis="true">his</em_arg>
        <em_arg filler_id="f-1092" role="time" realis="true">1999</em_arg>
      </event_mention>
      <event_mention id="em-1211" type="personnel" subtype="endposition" realis="actual">
        <trigger source="ENG_NW_001278_20131208_F00011T21" offset="3496" length="12">stepped down</trigger>
        <em_arg entity_id="ent-30" entity_mention_id="m-447" role="person" realis="true">he</em_arg>
      </event_mention>
      <event_mention id="em-1391" type="personnel" subtype="endposition" realis="actual">
        <trigger source="ENG_NW_001278_20131208_F00011T21" offset="468" length="6">former</trigger>
        <em_arg entity_id="ent-39" entity_mention_id="m-93" role="entity" realis="true">South African</em_arg>
        <em_arg entity_id="ent-30" entity_mention_id="m-87" role="person" realis="true">Nelson Mandela</em_arg>
        <em_arg filler_id="f-1423" role="position" realis="true">president</em_arg>
      </event_mention>
    </hopper>
    <hopper id="h-1182">
      <event_mention id="em-1154" type="contact" subtype="broadcast" realis="actual" audience="oneway" formality="canttell" medium="canttell" schedule="canttell">
        <trigger source="ENG_NW_001278_20131208_F00011T21" offset="2054" length="4">told</trigger>
        <em_arg entity_id="ent-234" entity_mention_id="m-327" role="entity" realis="true">Dayan</em_arg>
        <em_arg entity_id="ent-114" entity_mention_id="m-333" role="entity" realis="true">Xinhua</em_arg>
      </event_mention>
    </hopper>
    <hopper id="h-1274">
      <event_mention id="em-1239" type="personnel" subtype="elect" realis="actual">
        <trigger source="ENG_NW_001278_20131208_F00011T21" offset="3751" length="7">elected</trigger>
        <em_arg entity_id="ent-30" entity_mention_id="m-495" role="person" realis="true">Mandala</em_arg>
        <em_arg filler_id="f-1264" role="position" realis="true">head of state</em_arg>
        <em_arg filler_id="f-1271" role="position" realis="true">head of government</em_arg>
        <em_arg filler_id="f-1280" role="time" realis="true">1994</em_arg>
      </event_mention>
    </hopper>
    <hopper id="h-1325">
      <event_mention id="em-1304" type="personnel" subtype="startposition" realis="actual">
        <trigger source="ENG_NW_001278_20131208_F00011T21" offset="4186" length="7">elected</trigger>
        <em_arg entity_id="ent-555" entity_mention_id="m-549" role="person" realis="true">Jacob Zuma</em_arg>
        <em_arg filler_id="f-1331" role="position" realis="true">president</em_arg>
        <em_arg filler_id="f-1338" role="time" realis="false">2009</em_arg>
      </event_mention>
    </hopper>
    <hopper id="h-1553">
      <event_mention id="em-1511" type="personnel" subtype="startposition" realis="actual">
        <trigger source="ENG_NW_001278_20131208_F00011T21" offset="3987" length="9">took over</trigger>
        <em_arg entity_id="ent-525" entity_mention_id="m-519" role="person" realis="true">Thabo Mbeki</em_arg>
        <em_arg filler_id="f-1536" role="position" realis="true">presidency</em_arg>
        <em_arg filler_id="f-1543" role="time" realis="true">1999</em_arg>
      </event_mention>
    </hopper>
    <hopper id="h-1555">
      <event_mention id="em-1283" type="personnel" subtype="endposition" realis="actual">
        <trigger source="ENG_NW_001278_20131208_F00011T21" offset="4059" length="8">resigned</trigger>
        <em_arg entity_id="ent-525" entity_mention_id="m-528" role="person" realis="true">he</em_arg>
        <em_arg filler_id="f-1550" role="time" realis="true">September of 2008</em_arg>
      </event_mention>
    </hopper>
  </hoppers>
</deft_ere>
