<?xml version="1.0" encoding="UTF-8"?>
<deft_ere kit_id="5733b8b10000000000000006" doc_id="ENG_NW_001278_20131111_F000126FW" source_type="newswire">
  <entities>
    <entity id="ent-8" type="GPE" specificity="specificIndividual">
      <entity_mention id="m-18" noun_type="NAM" source="ENG_NW_001278_20131111_F000126FW" offset="133" length="7">
        <mention_text>Vietnam</mention_text>
      </entity_mention>
      <entity_mention id="m-42" noun_type="NAM" source="ENG_NW_001278_20131111_F000126FW" offset="235" length="7">
        <mention_text>Vietnam</mention_text>
      </entity_mention>
      <entity_mention id="m-54" noun_type="NAM" source="ENG_NW_001278_20131111_F000126FW" offset="288" length="7">
        <mention_text>Vietnam</mention_text>
      </entity_mention>
      <entity_mention id="m-84" noun_type="NAM" source="ENG_NW_001278_20131111_F000126FW" offset="365" length="7">
        <mention_text>Vietnam</mention_text>
      </entity_mention>
      <entity_mention id="m-117" noun_type="NAM" source="ENG_NW_001278_20131111_F000126FW" offset="447" length="10">
        <mention_text>Vietnamese</mention_text>
      </entity_mention>
      <entity_mention id="m-228" noun_type="NAM" source="ENG_NW_001278_20131111_F000126FW" offset="833" length="7">
        <mention_text>Vietnam</mention_text>
      </entity_mention>
      <entity_mention id="m-240" noun_type="NAM" source="ENG_NW_001278_20131111_F000126FW" offset="932" length="7">
        <mention_text>Vietnam</mention_text>
      </entity_mention>
      <entity_mention id="m-294" noun_type="NAM" source="ENG_NW_001278_20131111_F000126FW" offset="1199" length="7">
        <mention_text>Vietnam</mention_text>
      </entity_mention>
      <entity_mention id="m-348" noun_type="NAM" source="ENG_NW_001278_20131111_F000126FW" offset="1466" length="7">
        <mention_text>Vietnam</mention_text>
      </entity_mention>
      <entity_mention id="m-378" noun_type="NAM" source="ENG_NW_001278_20131111_F000126FW" offset="1543" length="7">
        <mention_text>Vietnam</mention_text>
      </entity_mention>
      <entity_mention id="m-498" noun_type="NAM" source="ENG_NW_001278_20131111_F000126FW" offset="2289" length="7">
        <mention_text>Vietnam</mention_text>
      </entity_mention>
      <entity_mention id="m-522" noun_type="NOM" source="ENG_NW_001278_20131111_F000126FW" offset="2457" length="11">
        <mention_text>the country</mention_text>
        <nom_head source="ENG_NW_001278_20131111_F000126FW" offset="2461" length="7">country</nom_head>
      </entity_mention>
      <entity_mention id="m-537" noun_type="NAM" source="ENG_NW_001278_20131111_F000126FW" offset="2504" length="7">
        <mention_text>Vietnam</mention_text>
      </entity_mention>
      <entity_mention id="m-558" noun_type="NOM" source="ENG_NW_001278_20131111_F000126FW" offset="2514" length="5">
        <mention_text>state</mention_text>
        <nom_head source="ENG_NW_001278_20131111_F000126FW" offset="2514" length="5">state</nom_head>
      </entity_mention>
      <entity_mention id="m-906" noun_type="NAM" source="ENG_NW_001278_20131111_F000126FW" offset="3780" length="7">
        <mention_text>Vietnam</mention_text>
      </entity_mention>
      <entity_mention id="m-939" noun_type="NAM" source="ENG_NW_001278_20131111_F000126FW" offset="3884" length="10">
        <mention_text>Vietnamese</mention_text>
      </entity_mention>
      <entity_mention id="m-945" noun_type="NOM" source="ENG_NW_001278_20131111_F000126FW" offset="3961" length="11">
        <mention_text>the country</mention_text>
        <nom_head source="ENG_NW_001278_20131111_F000126FW" offset="3965" length="7">country</nom_head>
      </entity_mention>
      <entity_mention id="m-963" noun_type="NAM" source="ENG_NW_001278_20131111_F000126FW" offset="4058" length="7">
        <mention_text>Vietnam</mention_text>
      </entity_mention>
      <entity_mention id="m-969" noun_type="NOM" source="ENG_NW_001278_20131111_F000126FW" offset="4111" length="11">
        <mention_text>the country</mention_text>
        <nom_head source="ENG_NW_001278_20131111_F000126FW" offset="4115" length="7">country</nom_head>
      </entity_mention>
      <entity_mention id="m-975" noun_type="NAM" source="ENG_NW_001278_20131111_F000126FW" offset="4125" length="10">
        <mention_text>Vietnamese</mention_text>
      </entity_mention>
    </entity>
    <entity id="ent-30" type="LOC" specificity="specificIndividual">
      <entity_mention id="m-24" noun_type="NOM" source="ENG_NW_001278_20131111_F000126FW" offset="133" length="19">
        <mention_text>Vietnam's northeast</mention_text>
        <nom_head source="ENG_NW_001278_20131111_F000126FW" offset="143" length="9">northeast</nom_head>
      </entity_mention>
      <entity_mention id="m-48" noun_type="NOM" source="ENG_NW_001278_20131111_F000126FW" offset="235" length="19">
        <mention_text>Vietnam's northeast</mention_text>
        <nom_head source="ENG_NW_001278_20131111_F000126FW" offset="245" length="9">northeast</nom_head>
      </entity_mention>
      <entity_mention id="m-60" noun_type="NOM" source="ENG_NW_001278_20131111_F000126FW" offset="288" length="19">
        <mention_text>Vietnam's northeast</mention_text>
        <nom_head source="ENG_NW_001278_20131111_F000126FW" offset="298" length="9">northeast</nom_head>
      </entity_mention>
      <entity_mention id="m-216" noun_type="NOM" source="ENG_NW_001278_20131111_F000126FW" offset="820" length="20">
        <mention_text>Northeastern Vietnam</mention_text>
        <nom_head source="ENG_NW_001278_20131111_F000126FW" offset="833" length="7">Vietnam</nom_head>
      </entity_mention>
    </entity>
    <entity id="ent-39" type="PER" specificity="specificIndividual">
      <entity_mention id="m-33" noun_type="NAM" source="ENG_NW_001278_20131111_F000126FW" offset="173" length="13">
        <mention_text>Zhang Jianhua</mention_text>
      </entity_mention>
    </entity>
    <entity id="ent-72" type="GPE" specificity="specificIndividual">
      <entity_mention id="m-66" noun_type="NAM" source="ENG_NW_001278_20131111_F000126FW" offset="309" length="5">
        <mention_text>HANOI</mention_text>
      </entity_mention>
      <entity_mention id="m-105" noun_type="NOM" source="ENG_NW_001278_20131111_F000126FW" offset="432" length="7">
        <mention_text>capital</mention_text>
        <nom_head source="ENG_NW_001278_20131111_F000126FW" offset="432" length="7">capital</nom_head>
      </entity_mention>
      <entity_mention id="m-111" noun_type="NAM" source="ENG_NW_001278_20131111_F000126FW" offset="440" length="5">
        <mention_text>Hanoi</mention_text>
      </entity_mention>
      <entity_mention id="m-699" noun_type="NOM" source="ENG_NW_001278_20131111_F000126FW" offset="2994" length="7">
        <mention_text>capital</mention_text>
        <nom_head source="ENG_NW_001278_20131111_F000126FW" offset="2994" length="7">capital</nom_head>
      </entity_mention>
      <entity_mention id="m-705" noun_type="NAM" source="ENG_NW_001278_20131111_F000126FW" offset="3002" length="5">
        <mention_text>Hanoi</mention_text>
      </entity_mention>
      <entity_mention id="m-738" noun_type="NOM" source="ENG_NW_001278_20131111_F000126FW" offset="3078" length="7">
        <mention_text>Capital</mention_text>
        <nom_head source="ENG_NW_001278_20131111_F000126FW" offset="3078" length="7">Capital</nom_head>
      </entity_mention>
      <entity_mention id="m-762" noun_type="NOM" source="ENG_NW_001278_20131111_F000126FW" offset="3188" length="8">
        <mention_text>the city</mention_text>
        <nom_head source="ENG_NW_001278_20131111_F000126FW" offset="3192" length="4">city</nom_head>
      </entity_mention>
      <entity_mention id="m-777" noun_type="NAM" source="ENG_NW_001278_20131111_F000126FW" offset="3294" length="5">
        <mention_text>Hanoi</mention_text>
      </entity_mention>
      <entity_mention id="m-783" noun_type="NOM" source="ENG_NW_001278_20131111_F000126FW" offset="3364" length="16">
        <mention_text>the capital city</mention_text>
        <nom_head source="ENG_NW_001278_20131111_F000126FW" offset="3376" length="4">city</nom_head>
      </entity_mention>
      <entity_mention id="m-879" noun_type="NAM" source="ENG_NW_001278_20131111_F000126FW" offset="3721" length="5">
        <mention_text>Hanoi</mention_text>
      </entity_mention>
    </entity>
    <entity id="ent-81" type="ORG" specificity="specificIndividual">
      <entity_mention id="m-75" noun_type="NAM" source="ENG_NW_001278_20131111_F000126FW" offset="325" length="6">
        <mention_text>Xinhua</mention_text>
      </entity_mention>
    </entity>
    <entity id="ent-96" type="GPE" specificity="specificIndividual">
      <entity_mention id="m-90" noun_type="NOM" source="ENG_NW_001278_20131111_F000126FW" offset="365" length="32">
        <mention_text>Vietnam 's northeastern province</mention_text>
        <nom_head source="ENG_NW_001278_20131111_F000126FW" offset="389" length="8">province</nom_head>
      </entity_mention>
      <entity_mention id="m-99" noun_type="NAM" source="ENG_NW_001278_20131111_F000126FW" offset="401" length="10">
        <mention_text>Quang Ninh</mention_text>
      </entity_mention>
      <entity_mention id="m-210" noun_type="NAM" source="ENG_NW_001278_20131111_F000126FW" offset="797" length="19">
        <mention_text>Quang Ninh Province</mention_text>
      </entity_mention>
      <entity_mention id="m-282" noun_type="NAM" source="ENG_NW_001278_20131111_F000126FW" offset="1005" length="19">
        <mention_text>Quang Ninh Province</mention_text>
      </entity_mention>
      <entity_mention id="m-336" noun_type="NAM" source="ENG_NW_001278_20131111_F000126FW" offset="1382" length="19">
        <mention_text>Quang Ninh Province</mention_text>
      </entity_mention>
      <entity_mention id="m-393" noun_type="NAM" source="ENG_NW_001278_20131111_F000126FW" offset="1595" length="19">
        <mention_text>Quang Ninh province</mention_text>
      </entity_mention>
      <entity_mention id="m-408" noun_type="NAM" source="ENG_NW_001278_20131111_F000126FW" offset="1706" length="10">
        <mention_text>Quang Ninh</mention_text>
      </entity_mention>
      <entity_mention id="m-441" noun_type="NAM" source="ENG_NW_001278_20131111_F000126FW" offset="2006" length="19">
        <mention_text>Quang Ninh Province</mention_text>
      </entity_mention>
      <entity_mention id="m-603" noun_type="NAM" source="ENG_NW_001278_20131111_F000126FW" offset="2667" length="10">
        <mention_text>Quang Ninh</mention_text>
      </entity_mention>
      <entity_mention id="m-636" noun_type="NAM" source="ENG_NW_001278_20131111_F000126FW" offset="2784" length="19">
        <mention_text>Quang Ninh Province</mention_text>
      </entity_mention>
    </entity>
    <entity id="ent-129" type="GPE" specificity="specificIndividual">
      <entity_mention id="m-123" noun_type="NAM" source="ENG_NW_001278_20131111_F000126FW" offset="462" length="7">
        <mention_text>Chinese</mention_text>
      </entity_mention>
      <entity_mention id="m-141" noun_type="NAM" source="ENG_NW_001278_20131111_F000126FW" offset="516" length="5">
        <mention_text>China</mention_text>
      </entity_mention>
      <entity_mention id="m-462" noun_type="NAM" source="ENG_NW_001278_20131111_F000126FW" offset="2227" length="5">
        <mention_text>China</mention_text>
      </entity_mention>
    </entity>
    <entity id="ent-138" type="ORG" specificity="specificGroup">
      <entity_mention id="m-132" noun_type="NOM" source="ENG_NW_001278_20131111_F000126FW" offset="447" length="36">
        <mention_text>Vietnamese and Chinese observatories</mention_text>
        <nom_head source="ENG_NW_001278_20131111_F000126FW" offset="470" length="13">observatories</nom_head>
      </entity_mention>
    </entity>
    <entity id="ent-153" type="ORG" specificity="specificIndividual">
      <entity_mention id="m-147" noun_type="NAM" source="ENG_NW_001278_20131111_F000126FW" offset="516" length="35">
        <mention_text>China Meteorological Administration</mention_text>
      </entity_mention>
      <entity_mention id="m-156" noun_type="NAM" source="ENG_NW_001278_20131111_F000126FW" offset="553" length="3">
        <mention_text>CMA</mention_text>
      </entity_mention>
      <entity_mention id="m-162" noun_type="PRO" source="ENG_NW_001278_20131111_F000126FW" offset="577" length="3">
        <mention_text>its</mention_text>
      </entity_mention>
      <entity_mention id="m-288" noun_type="NAM" source="ENG_NW_001278_20131111_F000126FW" offset="1175" length="3">
        <mention_text>CMA</mention_text>
      </entity_mention>
    </entity>
    <entity id="ent-174" type="ORG" specificity="specificIndividual">
      <entity_mention id="m-168" noun_type="NAM" source="ENG_NW_001278_20131111_F000126FW" offset="581" length="29">
        <mention_text>Public Weather Service Center</mention_text>
      </entity_mention>
    </entity>
    <entity id="ent-183" type="GPE" specificity="specificIndividual">
      <entity_mention id="m-177" noun_type="NAM" source="ENG_NW_001278_20131111_F000126FW" offset="689" length="7">
        <mention_text>Beijing</mention_text>
      </entity_mention>
    </entity>
    <entity id="ent-192" type="LOC" specificity="specificIndividual">
      <entity_mention id="m-186" noun_type="NAM" source="ENG_NW_001278_20131111_F000126FW" offset="747" length="13">
        <mention_text>107.3 E 21.1N</mention_text>
      </entity_mention>
      <entity_mention id="m-195" noun_type="PRO" source="ENG_NW_001278_20131111_F000126FW" offset="762" length="5">
        <mention_text>which</mention_text>
      </entity_mention>
      <entity_mention id="m-234" noun_type="NOM" source="ENG_NW_001278_20131111_F000126FW" offset="842" length="12">
        <mention_text>The location</mention_text>
        <nom_head source="ENG_NW_001278_20131111_F000126FW" offset="846" length="8">location</nom_head>
      </entity_mention>
    </entity>
    <entity id="ent-207" type="LOC" specificity="specificIndividual">
      <entity_mention id="m-201" noun_type="NOM" source="ENG_NW_001278_20131111_F000126FW" offset="777" length="39">
        <mention_text>the coastal area of Quang Ninh Province</mention_text>
        <nom_head source="ENG_NW_001278_20131111_F000126FW" offset="789" length="4">area</nom_head>
      </entity_mention>
      <entity_mention id="m-342" noun_type="NOM" source="ENG_NW_001278_20131111_F000126FW" offset="1382" length="34">
        <mention_text>Quang Ninh Province's coastal area</mention_text>
        <nom_head source="ENG_NW_001278_20131111_F000126FW" offset="1412" length="4">area</nom_head>
      </entity_mention>
    </entity>
    <entity id="ent-252" type="LOC" specificity="specificIndividual">
      <entity_mention id="m-246" noun_type="NOM" source="ENG_NW_001278_20131111_F000126FW" offset="932" length="29">
        <mention_text>Vietnam's World Heritage site</mention_text>
        <nom_head source="ENG_NW_001278_20131111_F000126FW" offset="957" length="4">site</nom_head>
      </entity_mention>
      <entity_mention id="m-255" noun_type="NAM" source="ENG_NW_001278_20131111_F000126FW" offset="962" length="11">
        <mention_text>Ha Long Bay</mention_text>
      </entity_mention>
      <entity_mention id="m-270" noun_type="PRO" source="ENG_NW_001278_20131111_F000126FW" offset="975" length="5">
        <mention_text>which</mention_text>
      </entity_mention>
      <entity_mention id="m-579" noun_type="NAM" source="ENG_NW_001278_20131111_F000126FW" offset="2629" length="11">
        <mention_text>Ha Long Bay</mention_text>
      </entity_mention>
    </entity>
    <entity id="ent-267" type="LOC" specificity="specificIndividual">
      <entity_mention id="m-261" noun_type="NOM" source="ENG_NW_001278_20131111_F000126FW" offset="942" length="5">
        <mention_text>World</mention_text>
        <nom_head source="ENG_NW_001278_20131111_F000126FW" offset="942" length="5">World</nom_head>
      </entity_mention>
    </entity>
    <entity id="ent-306" type="ORG" specificity="specificIndividual">
      <entity_mention id="m-300" noun_type="NAM" source="ENG_NW_001278_20131111_F000126FW" offset="1209" length="52">
        <mention_text>National Center for Hydro-Meteorological Forecasting</mention_text>
      </entity_mention>
      <entity_mention id="m-309" noun_type="NAM" source="ENG_NW_001278_20131111_F000126FW" offset="1263" length="5">
        <mention_text>NCHMF</mention_text>
      </entity_mention>
      <entity_mention id="m-315" noun_type="PRO" source="ENG_NW_001278_20131111_F000126FW" offset="1305" length="3">
        <mention_text>its</mention_text>
      </entity_mention>
      <entity_mention id="m-354" noun_type="NAM" source="ENG_NW_001278_20131111_F000126FW" offset="1476" length="5">
        <mention_text>NCHMF</mention_text>
      </entity_mention>
      <entity_mention id="m-423" noun_type="NAM" source="ENG_NW_001278_20131111_F000126FW" offset="1744" length="5">
        <mention_text>NCHMF</mention_text>
      </entity_mention>
      <entity_mention id="m-429" noun_type="NAM" source="ENG_NW_001278_20131111_F000126FW" offset="1776" length="5">
        <mention_text>NCHMF</mention_text>
      </entity_mention>
      <entity_mention id="m-435" noun_type="NAM" source="ENG_NW_001278_20131111_F000126FW" offset="1906" length="5">
        <mention_text>NCHMF</mention_text>
      </entity_mention>
      <entity_mention id="m-468" noun_type="NAM" source="ENG_NW_001278_20131111_F000126FW" offset="2254" length="5">
        <mention_text>NCHMF</mention_text>
      </entity_mention>
      <entity_mention id="m-807" noun_type="NAM" source="ENG_NW_001278_20131111_F000126FW" offset="3506" length="5">
        <mention_text>NCHMF</mention_text>
      </entity_mention>
      <entity_mention id="m-951" noun_type="NAM" source="ENG_NW_001278_20131111_F000126FW" offset="3991" length="6">
        <mention_text>Center</mention_text>
      </entity_mention>
    </entity>
    <entity id="ent-327" type="LOC" specificity="specificIndividual">
      <entity_mention id="m-321" noun_type="NAM" source="ENG_NW_001278_20131111_F000126FW" offset="1340" length="13">
        <mention_text>107.2 E 21.0N</mention_text>
      </entity_mention>
      <entity_mention id="m-330" noun_type="NOM" source="ENG_NW_001278_20131111_F000126FW" offset="1355" length="12">
        <mention_text>The location</mention_text>
        <nom_head source="ENG_NW_001278_20131111_F000126FW" offset="1359" length="8">location</nom_head>
      </entity_mention>
    </entity>
    <entity id="ent-366" type="LOC" specificity="specificIndeterminate">
      <entity_mention id="m-360" noun_type="NOM" source="ENG_NW_001278_20131111_F000126FW" offset="1520" length="30">
        <mention_text>coastal areas in north Vietnam</mention_text>
        <nom_head source="ENG_NW_001278_20131111_F000126FW" offset="1528" length="5">areas</nom_head>
      </entity_mention>
    </entity>
    <entity id="ent-375" type="LOC" specificity="specificIndividual">
      <entity_mention id="m-369" noun_type="NOM" source="ENG_NW_001278_20131111_F000126FW" offset="1537" length="13">
        <mention_text>north Vietnam</mention_text>
        <nom_head source="ENG_NW_001278_20131111_F000126FW" offset="1543" length="7">Vietnam</nom_head>
      </entity_mention>
      <entity_mention id="m-492" noun_type="NOM" source="ENG_NW_001278_20131111_F000126FW" offset="2280" length="16">
        <mention_text>northern Vietnam</mention_text>
        <nom_head source="ENG_NW_001278_20131111_F000126FW" offset="2289" length="7">Vietnam</nom_head>
      </entity_mention>
      <entity_mention id="m-819" noun_type="NOM" source="ENG_NW_001278_20131111_F000126FW" offset="3565" length="15">
        <mention_text>northern region</mention_text>
        <nom_head source="ENG_NW_001278_20131111_F000126FW" offset="3574" length="6">region</nom_head>
      </entity_mention>
      <entity_mention id="m-900" noun_type="NOM" source="ENG_NW_001278_20131111_F000126FW" offset="3771" length="16">
        <mention_text>northern Vietnam</mention_text>
        <nom_head source="ENG_NW_001278_20131111_F000126FW" offset="3780" length="7">Vietnam</nom_head>
      </entity_mention>
    </entity>
    <entity id="ent-390" type="LOC" specificity="specificIndeterminate">
      <entity_mention id="m-384" noun_type="NOM" source="ENG_NW_001278_20131111_F000126FW" offset="1586" length="28">
        <mention_text>parts of Quang Ninh province</mention_text>
        <nom_head source="ENG_NW_001278_20131111_F000126FW" offset="1586" length="5">parts</nom_head>
      </entity_mention>
    </entity>
    <entity id="ent-405" type="LOC" specificity="specificGroup">
      <entity_mention id="m-399" noun_type="NOM" source="ENG_NW_001278_20131111_F000126FW" offset="1697" length="41">
        <mention_text>parts of Quang Ninh and Lang Son Province</mention_text>
        <nom_head source="ENG_NW_001278_20131111_F000126FW" offset="1697" length="5">parts</nom_head>
      </entity_mention>
    </entity>
    <entity id="ent-420" type="GPE" specificity="specificIndividual">
      <entity_mention id="m-414" noun_type="NAM" source="ENG_NW_001278_20131111_F000126FW" offset="1721" length="17">
        <mention_text>Lang Son Province</mention_text>
      </entity_mention>
    </entity>
    <entity id="ent-453" type="LOC" specificity="specificIndividual">
      <entity_mention id="m-447" noun_type="NAM" source="ENG_NW_001278_20131111_F000126FW" offset="2048" length="13">
        <mention_text>107.2 E 21.3N</mention_text>
      </entity_mention>
      <entity_mention id="m-456" noun_type="NOM" source="ENG_NW_001278_20131111_F000126FW" offset="2032" length="12">
        <mention_text>its location</mention_text>
        <nom_head source="ENG_NW_001278_20131111_F000126FW" offset="2036" length="8">location</nom_head>
      </entity_mention>
    </entity>
    <entity id="ent-480" type="PER" specificity="specificGroup">
      <entity_mention id="m-474" noun_type="NOM" source="ENG_NW_001278_20131111_F000126FW" offset="2267" length="40">
        <mention_text>Residents of northern Vietnam localities</mention_text>
        <nom_head source="ENG_NW_001278_20131111_F000126FW" offset="2267" length="9">Residents</nom_head>
      </entity_mention>
    </entity>
    <entity id="ent-489" type="LOC" specificity="specificGroup">
      <entity_mention id="m-483" noun_type="NOM" source="ENG_NW_001278_20131111_F000126FW" offset="2280" length="27">
        <mention_text>northern Vietnam localities</mention_text>
        <nom_head source="ENG_NW_001278_20131111_F000126FW" offset="2297" length="10">localities</nom_head>
      </entity_mention>
    </entity>
    <entity id="ent-510" type="PER" specificity="specificGroup">
      <entity_mention id="m-504" noun_type="NOM" source="ENG_NW_001278_20131111_F000126FW" offset="2369" length="22">
        <mention_text>those in coastal areas</mention_text>
        <nom_head source="ENG_NW_001278_20131111_F000126FW" offset="2369" length="5">those</nom_head>
      </entity_mention>
    </entity>
    <entity id="ent-519" type="LOC" specificity="specificIndeterminate">
      <entity_mention id="m-513" noun_type="NOM" source="ENG_NW_001278_20131111_F000126FW" offset="2378" length="13">
        <mention_text>coastal areas</mention_text>
        <nom_head source="ENG_NW_001278_20131111_F000126FW" offset="2386" length="5">areas</nom_head>
      </entity_mention>
      <entity_mention id="m-684" noun_type="NOM" source="ENG_NW_001278_20131111_F000126FW" offset="2959" length="13">
        <mention_text>coastal areas</mention_text>
        <nom_head source="ENG_NW_001278_20131111_F000126FW" offset="2967" length="5">areas</nom_head>
      </entity_mention>
    </entity>
    <entity id="ent-534" type="GPE" specificity="specificIndividual">
      <entity_mention id="m-528" noun_type="NAM" source="ENG_NW_001278_20131111_F000126FW" offset="2491" length="11">
        <mention_text>Philippines</mention_text>
      </entity_mention>
    </entity>
    <entity id="ent-549" type="ORG" specificity="specificIndividual">
      <entity_mention id="m-543" noun_type="NOM" source="ENG_NW_001278_20131111_F000126FW" offset="2504" length="31">
        <mention_text>Vietnam's state-run news agency</mention_text>
        <nom_head source="ENG_NW_001278_20131111_F000126FW" offset="2529" length="6">agency</nom_head>
      </entity_mention>
      <entity_mention id="m-552" noun_type="NAM" source="ENG_NW_001278_20131111_F000126FW" offset="2536" length="3">
        <mention_text>VNA</mention_text>
      </entity_mention>
      <entity_mention id="m-564" noun_type="NAM" source="ENG_NW_001278_20131111_F000126FW" offset="2571" length="3">
        <mention_text>VNA</mention_text>
      </entity_mention>
    </entity>
    <entity id="ent-576" type="PER" specificity="specificGroup">
      <entity_mention id="m-570" noun_type="NOM" source="ENG_NW_001278_20131111_F000126FW" offset="2603" length="74">
        <mention_text>about 1,000 households in Ha Long Bay and by the coast dykes in Quang Ninh</mention_text>
        <nom_head source="ENG_NW_001278_20131111_F000126FW" offset="2615" length="10">households</nom_head>
      </entity_mention>
    </entity>
    <entity id="ent-591" type="LOC" specificity="specificIndeterminate">
      <entity_mention id="m-585" noun_type="NOM" source="ENG_NW_001278_20131111_F000126FW" offset="2648" length="29">
        <mention_text>the coast dykes in Quang Ninh</mention_text>
        <nom_head source="ENG_NW_001278_20131111_F000126FW" offset="2658" length="5">dykes</nom_head>
      </entity_mention>
    </entity>
    <entity id="ent-600" type="LOC" specificity="specificIndividual">
      <entity_mention id="m-276" noun_type="NOM" source="ENG_NW_001278_20131111_F000126FW" offset="992" length="32">
        <mention_text>the coast of Quang Ninh Province</mention_text>
        <nom_head source="ENG_NW_001278_20131111_F000126FW" offset="996" length="5">coast</nom_head>
      </entity_mention>
      <entity_mention id="m-594" noun_type="NOM" source="ENG_NW_001278_20131111_F000126FW" offset="2652" length="5">
        <mention_text>coast</mention_text>
        <nom_head source="ENG_NW_001278_20131111_F000126FW" offset="2652" length="5">coast</nom_head>
      </entity_mention>
      <entity_mention id="m-1026" noun_type="NOM" source="ENG_NW_001278_20131111_F000126FW" offset="781" length="7">
        <mention_text>coastal</mention_text>
        <nom_head source="ENG_NW_001278_20131111_F000126FW" offset="781" length="7">coastal</nom_head>
      </entity_mention>
      <entity_mention id="m-1032" noun_type="NOM" source="ENG_NW_001278_20131111_F000126FW" offset="1404" length="7">
        <mention_text>coastal</mention_text>
        <nom_head source="ENG_NW_001278_20131111_F000126FW" offset="1404" length="7">coastal</nom_head>
      </entity_mention>
      <entity_mention id="m-1056" noun_type="NOM" source="ENG_NW_001278_20131111_F000126FW" offset="2959" length="7">
        <mention_text>coastal</mention_text>
        <nom_head source="ENG_NW_001278_20131111_F000126FW" offset="2959" length="7">coastal</nom_head>
      </entity_mention>
    </entity>
    <entity id="ent-615" type="LOC" specificity="specificIndeterminate">
      <entity_mention id="m-609" noun_type="NOM" source="ENG_NW_001278_20131111_F000126FW" offset="2701" length="13">
        <mention_text>higher places</mention_text>
        <nom_head source="ENG_NW_001278_20131111_F000126FW" offset="2708" length="6">places</nom_head>
      </entity_mention>
    </entity>
    <entity id="ent-624" type="PER" specificity="specificIndividual">
      <entity_mention id="m-618" noun_type="NAM" source="ENG_NW_001278_20131111_F000126FW" offset="2739" length="15">
        <mention_text>Hoang Trung Hai</mention_text>
      </entity_mention>
      <entity_mention id="m-642" noun_type="PRO" source="ENG_NW_001278_20131111_F000126FW" offset="2851" length="2">
        <mention_text>He</mention_text>
      </entity_mention>
    </entity>
    <entity id="ent-633" type="GPE" specificity="specificIndividual">
      <entity_mention id="m-627" noun_type="NAM" source="ENG_NW_001278_20131111_F000126FW" offset="2762" length="9">
        <mention_text>Hai Phong</mention_text>
      </entity_mention>
      <entity_mention id="m-885" noun_type="NAM" source="ENG_NW_001278_20131111_F000126FW" offset="3731" length="9">
        <mention_text>Hai Phong</mention_text>
      </entity_mention>
    </entity>
    <entity id="ent-654" type="PER" specificity="specificGroup">
      <entity_mention id="m-648" noun_type="NOM" source="ENG_NW_001278_20131111_F000126FW" offset="2860" length="17">
        <mention_text>local authorities</mention_text>
        <nom_head source="ENG_NW_001278_20131111_F000126FW" offset="2866" length="11">authorities</nom_head>
      </entity_mention>
    </entity>
    <entity id="ent-663" type="PER" specificity="specificGroup">
      <entity_mention id="m-657" noun_type="NOM" source="ENG_NW_001278_20131111_F000126FW" offset="2899" length="13">
        <mention_text>all fishermen</mention_text>
        <nom_head source="ENG_NW_001278_20131111_F000126FW" offset="2903" length="9">fishermen</nom_head>
      </entity_mention>
    </entity>
    <entity id="ent-672" type="LOC" specificity="specificIndeterminate">
      <entity_mention id="m-666" noun_type="NOM" source="ENG_NW_001278_20131111_F000126FW" offset="2919" length="6">
        <mention_text>ashore</mention_text>
        <nom_head source="ENG_NW_001278_20131111_F000126FW" offset="2919" length="6">ashore</nom_head>
      </entity_mention>
    </entity>
    <entity id="ent-681" type="PER" specificity="specificGroup">
      <entity_mention id="m-675" noun_type="NOM" source="ENG_NW_001278_20131111_F000126FW" offset="2939" length="33">
        <mention_text>residents living in coastal areas</mention_text>
        <nom_head source="ENG_NW_001278_20131111_F000126FW" offset="2939" length="9">residents</nom_head>
      </entity_mention>
    </entity>
    <entity id="ent-696" type="LOC" specificity="specificIndeterminate">
      <entity_mention id="m-690" noun_type="NOM" source="ENG_NW_001278_20131111_F000126FW" offset="2976" length="12">
        <mention_text>safer places</mention_text>
        <nom_head source="ENG_NW_001278_20131111_F000126FW" offset="2982" length="6">places</nom_head>
      </entity_mention>
    </entity>
    <entity id="ent-717" type="PER" specificity="specificGroup">
      <entity_mention id="m-711" noun_type="NOM" source="ENG_NW_001278_20131111_F000126FW" offset="3044" length="54">
        <mention_text>All soldiers and officials of the Capital High Command</mention_text>
        <nom_head source="ENG_NW_001278_20131111_F000126FW" offset="3048" length="8">soldiers</nom_head>
      </entity_mention>
    </entity>
    <entity id="ent-726" type="PER" specificity="specificGroup">
      <entity_mention id="m-720" noun_type="NOM" source="ENG_NW_001278_20131111_F000126FW" offset="3044" length="54">
        <mention_text>All soldiers and officials of the Capital High Command</mention_text>
        <nom_head source="ENG_NW_001278_20131111_F000126FW" offset="3061" length="9">officials</nom_head>
      </entity_mention>
    </entity>
    <entity id="ent-735" type="ORG" specificity="specificIndividual">
      <entity_mention id="m-729" noun_type="NAM" source="ENG_NW_001278_20131111_F000126FW" offset="3078" length="20">
        <mention_text>Capital High Command</mention_text>
      </entity_mention>
    </entity>
    <entity id="ent-750" type="GPE" specificity="specificGroup">
      <entity_mention id="m-744" noun_type="NOM" source="ENG_NW_001278_20131111_F000126FW" offset="3147" length="49">
        <mention_text>Districts as well as agencies located in the city</mention_text>
        <nom_head source="ENG_NW_001278_20131111_F000126FW" offset="3147" length="9">Districts</nom_head>
      </entity_mention>
    </entity>
    <entity id="ent-759" type="ORG" specificity="specificGroup">
      <entity_mention id="m-753" noun_type="NOM" source="ENG_NW_001278_20131111_F000126FW" offset="3168" length="28">
        <mention_text>agencies located in the city</mention_text>
        <nom_head source="ENG_NW_001278_20131111_F000126FW" offset="3168" length="8">agencies</nom_head>
      </entity_mention>
    </entity>
    <entity id="ent-774" type="ORG" specificity="specificIndividual">
      <entity_mention id="m-768" noun_type="NAM" source="ENG_NW_001278_20131111_F000126FW" offset="3294" length="52">
        <mention_text>Hanoi Steering Committee for Flood and Storm Control</mention_text>
      </entity_mention>
    </entity>
    <entity id="ent-795" type="LOC" specificity="specificIndeterminate">
      <entity_mention id="m-789" noun_type="NOM" source="ENG_NW_001278_20131111_F000126FW" offset="3478" length="4">
        <mention_text>dyke</mention_text>
        <nom_head source="ENG_NW_001278_20131111_F000126FW" offset="3478" length="4">dyke</nom_head>
      </entity_mention>
    </entity>
    <entity id="ent-804" type="PER" specificity="specificIndividual">
      <entity_mention id="m-798" noun_type="NAM" source="ENG_NW_001278_20131111_F000126FW" offset="3491" length="13">
        <mention_text>Bui Minh Tang</mention_text>
      </entity_mention>
      <entity_mention id="m-957" noun_type="NAM" source="ENG_NW_001278_20131111_F000126FW" offset="3998" length="13">
        <mention_text>Bui Minh Tang</mention_text>
      </entity_mention>
      <entity_mention id="m-2566" noun_type="NOM" source="ENG_NW_001278_20131111_F000126FW" offset="3506" length="14">
        <mention_text>NCHMF director</mention_text>
        <nom_head source="ENG_NW_001278_20131111_F000126FW" offset="3512" length="8">director</nom_head>
      </entity_mention>
    </entity>
    <entity id="ent-831" type="LOC" specificity="specificGroup">
      <entity_mention id="m-825" noun_type="NOM" source="ENG_NW_001278_20131111_F000126FW" offset="3642" length="98">
        <mention_text>rivers in northern provinces including Ninh Binh, Thai Binh, Nam Dinh, Ha Nam, Hanoi and Hai Phong</mention_text>
        <nom_head source="ENG_NW_001278_20131111_F000126FW" offset="3642" length="6">rivers</nom_head>
      </entity_mention>
    </entity>
    <entity id="ent-840" type="GPE" specificity="specificGroup">
      <entity_mention id="m-834" noun_type="NOM" source="ENG_NW_001278_20131111_F000126FW" offset="3652" length="88">
        <mention_text>northern provinces including Ninh Binh, Thai Binh, Nam Dinh, Ha Nam, Hanoi and Hai Phong</mention_text>
        <nom_head source="ENG_NW_001278_20131111_F000126FW" offset="3661" length="9">provinces</nom_head>
      </entity_mention>
    </entity>
    <entity id="ent-849" type="GPE" specificity="specificIndividual">
      <entity_mention id="m-843" noun_type="NAM" source="ENG_NW_001278_20131111_F000126FW" offset="3681" length="9">
        <mention_text>Ninh Binh</mention_text>
      </entity_mention>
    </entity>
    <entity id="ent-858" type="GPE" specificity="specificIndividual">
      <entity_mention id="m-852" noun_type="NAM" source="ENG_NW_001278_20131111_F000126FW" offset="3692" length="9">
        <mention_text>Thai Binh</mention_text>
      </entity_mention>
    </entity>
    <entity id="ent-867" type="GPE" specificity="specificIndividual">
      <entity_mention id="m-861" noun_type="NAM" source="ENG_NW_001278_20131111_F000126FW" offset="3703" length="8">
        <mention_text>Nam Dinh</mention_text>
      </entity_mention>
    </entity>
    <entity id="ent-876" type="GPE" specificity="specificIndividual">
      <entity_mention id="m-870" noun_type="NAM" source="ENG_NW_001278_20131111_F000126FW" offset="3713" length="6">
        <mention_text>Ha Nam</mention_text>
      </entity_mention>
    </entity>
    <entity id="ent-897" type="ORG" specificity="specificGroup">
      <entity_mention id="m-891" noun_type="NAM" source="ENG_NW_001278_20131111_F000126FW" offset="3743" length="24">
        <mention_text>Departments of education</mention_text>
      </entity_mention>
    </entity>
    <entity id="ent-918" type="FAC" specificity="specificGroup">
      <entity_mention id="m-912" noun_type="NOM" source="ENG_NW_001278_20131111_F000126FW" offset="3810" length="7">
        <mention_text>schools</mention_text>
        <nom_head source="ENG_NW_001278_20131111_F000126FW" offset="3810" length="7">schools</nom_head>
      </entity_mention>
    </entity>
    <entity id="ent-927" type="PER" specificity="specificGroup">
      <entity_mention id="m-921" noun_type="NOM" source="ENG_NW_001278_20131111_F000126FW" offset="3849" length="8">
        <mention_text>students</mention_text>
        <nom_head source="ENG_NW_001278_20131111_F000126FW" offset="3849" length="8">students</nom_head>
      </entity_mention>
    </entity>
    <entity id="ent-936" type="ORG" specificity="specificGroup">
      <entity_mention id="m-930" noun_type="NOM" source="ENG_NW_001278_20131111_F000126FW" offset="3884" length="16">
        <mention_text>Vietnamese media</mention_text>
        <nom_head source="ENG_NW_001278_20131111_F000126FW" offset="3895" length="5">media</nom_head>
      </entity_mention>
    </entity>
    <entity id="ent-987" type="PER" specificity="specificIndividual">
      <entity_mention id="m-981" noun_type="NAM" source="ENG_NW_001278_20131111_F000126FW" offset="4151" length="15">
        <mention_text>Nguyen Tan Dung</mention_text>
      </entity_mention>
    </entity>
    <entity id="ent-996" type="ORG" specificity="specificGroup">
      <entity_mention id="m-990" noun_type="NOM" source="ENG_NW_001278_20131111_F000126FW" offset="4187" length="33">
        <mention_text>ministries and agencies concerned</mention_text>
        <nom_head source="ENG_NW_001278_20131111_F000126FW" offset="4187" length="10">ministries</nom_head>
      </entity_mention>
    </entity>
    <entity id="ent-1005" type="ORG" specificity="specificGroup">
      <entity_mention id="m-999" noun_type="NOM" source="ENG_NW_001278_20131111_F000126FW" offset="4202" length="18">
        <mention_text>agencies concerned</mention_text>
        <nom_head source="ENG_NW_001278_20131111_F000126FW" offset="4202" length="8">agencies</nom_head>
      </entity_mention>
    </entity>
    <entity id="ent-1014" type="ORG" specificity="specificGroup">
      <entity_mention id="m-1008" noun_type="PRO" source="ENG_NW_001278_20131111_F000126FW" offset="4231" length="4">
        <mention_text>they</mention_text>
      </entity_mention>
    </entity>
    <entity id="ent-1023" type="PER" specificity="nonspecific">
      <entity_mention id="m-1017" noun_type="NOM" source="ENG_NW_001278_20131111_F000126FW" offset="4252" length="5">
        <mention_text>human</mention_text>
        <nom_head source="ENG_NW_001278_20131111_F000126FW" offset="4252" length="5">human</nom_head>
      </entity_mention>
    </entity>
    <entity id="ent-1044" type="LOC" specificity="specificIndividual">
      <entity_mention id="m-1038" noun_type="NOM" source="ENG_NW_001278_20131111_F000126FW" offset="1520" length="7">
        <mention_text>coastal</mention_text>
        <nom_head source="ENG_NW_001278_20131111_F000126FW" offset="1520" length="7">coastal</nom_head>
      </entity_mention>
    </entity>
    <entity id="ent-1053" type="LOC" specificity="specificIndividual">
      <entity_mention id="m-1047" noun_type="NOM" source="ENG_NW_001278_20131111_F000126FW" offset="2378" length="7">
        <mention_text>coastal</mention_text>
        <nom_head source="ENG_NW_001278_20131111_F000126FW" offset="2378" length="7">coastal</nom_head>
      </entity_mention>
    </entity>
    <entity id="ent-2480" type="FAC" specificity="nonspecific">
      <entity_mention id="m-2474" noun_type="NOM" source="ENG_NW_001278_20131111_F000126FW" offset="2411" length="7">
        <mention_text>shelter</mention_text>
        <nom_head source="ENG_NW_001278_20131111_F000126FW" offset="2411" length="7">shelter</nom_head>
      </entity_mention>
    </entity>
    <entity id="ent-2549" type="PER" specificity="specificGroup">
      <entity_mention id="m-2543" noun_type="NOM" source="ENG_NW_001278_20131111_F000126FW" offset="3910" length="2">
        <mention_text>10</mention_text>
        <nom_head source="ENG_NW_001278_20131111_F000126FW" offset="3910" length="2">10</nom_head>
      </entity_mention>
    </entity>
  </entities>
  <fillers>
    <filler id="f-1400" source="ENG_NW_001278_20131111_F000126FW" offset="2717" length="21" type="title">Deputy Prime Minister</filler>
    <filler id="f-1430" source="ENG_NW_001278_20131111_F000126FW" offset="2903" length="9" type="title">fishermen</filler>
    <filler id="f-1570" source="ENG_NW_001278_20131111_F000126FW" offset="3512" length="8" type="title">director</filler>
    <filler id="f-1656" source="ENG_NW_001278_20131111_F000126FW" offset="3975" length="8" type="title">Director</filler>
    <filler id="f-1676" source="ENG_NW_001278_20131111_F000126FW" offset="4136" length="14" type="title">Prime Minister</filler>
    <filler id="f-1703" source="ENG_NW_001278_20131111_F000126FW" offset="499" length="6" type="time" nom_time="2013-11-11">Monday</filler>
    <filler id="f-1745" source="ENG_NW_001278_20131111_F000126FW" offset="705" length="6" type="time" nom_time="2013-11-11">Monday</filler>
    <filler id="f-1861" source="ENG_NW_001278_20131111_F000126FW" offset="1948" length="6" type="time" nom_time="2013-11-11">Monday</filler>
    <filler id="f-1898" source="ENG_NW_001278_20131111_F000126FW" offset="2311" length="6" type="time" nom_time="2013-11-10">Sunday</filler>
    <filler id="f-1935" source="ENG_NW_001278_20131111_F000126FW" offset="2549" length="6" type="time" nom_time="2013-11-11">Monday</filler>
    <filler id="f-2261" source="ENG_NW_001278_20131111_F000126FW" offset="3352" length="6" type="time" nom_time="2013-11-10">Sunday</filler>
    <filler id="f-2291" source="ENG_NW_001278_20131111_F000126FW" offset="3524" length="6" type="time" nom_time="2013-11-10">Sunday</filler>
    <filler id="f-2328" source="ENG_NW_001278_20131111_F000126FW" offset="3866" length="6" type="time" nom_time="2013-11-10">Sunday</filler>
    <filler id="f-2397" source="ENG_NW_001278_20131111_F000126FW" offset="3860" length="12" type="time" nom_time="2013-11-XX">As of Sunday</filler>
    <filler id="f-2388" source="ENG_NW_001278_20131111_F000126FW" offset="4017" length="6" type="time" nom_time="2013-11-08">Friday</filler>
    <filler id="f-2439" source="ENG_NW_001278_20131111_F000126FW" offset="4170" length="6" type="time" nom_time="2013-11-08">Friday</filler>
  </fillers>
  <relations>
    <relation id="r-126" type="physical" subtype="locatednear">
      <relation_mention id="relm-1062" realis="true">
        <rel_arg1 entity_id="ent-30" entity_mention_id="m-24" role="entity">Vietnam's northeast</rel_arg1>
        <rel_arg2 entity_id="ent-8" entity_mention_id="m-18" role="loc">Vietnam</rel_arg2>
        <trigger source="ENG_NW_001278_20131111_F000126FW" offset="133" length="9">Vietnam's</trigger>
      </relation_mention>
      <relation_mention id="relm-1072" realis="true">
        <rel_arg1 entity_id="ent-30" entity_mention_id="m-48" role="entity">Vietnam's northeast</rel_arg1>
        <rel_arg2 entity_id="ent-8" entity_mention_id="m-42" role="loc">Vietnam</rel_arg2>
        <trigger source="ENG_NW_001278_20131111_F000126FW" offset="235" length="9">Vietnam's</trigger>
      </relation_mention>
      <relation_mention id="relm-1082" realis="true">
        <rel_arg1 entity_id="ent-30" entity_mention_id="m-60" role="entity">Vietnam's northeast</rel_arg1>
        <rel_arg2 entity_id="ent-8" entity_mention_id="m-54" role="loc">Vietnam</rel_arg2>
        <trigger source="ENG_NW_001278_20131111_F000126FW" offset="288" length="9">Vietnam's</trigger>
      </relation_mention>
      <relation_mention id="relm-1172" realis="true">
        <rel_arg1 entity_id="ent-30" entity_mention_id="m-216" role="entity">Northeastern Vietnam</rel_arg1>
        <rel_arg2 entity_id="ent-8" entity_mention_id="m-228" role="loc">Vietnam</rel_arg2>
        <trigger source="ENG_NW_001278_20131111_F000126FW" offset="820" length="12">Northeastern</trigger>
      </relation_mention>
    </relation>
    <relation id="r-127" type="physical" subtype="locatednear">
      <relation_mention id="relm-1092" realis="true">
        <rel_arg1 entity_id="ent-96" entity_mention_id="m-90" role="entity">Vietnam 's northeastern province</rel_arg1>
        <rel_arg2 entity_id="ent-8" entity_mention_id="m-84" role="loc">Vietnam</rel_arg2>
        <trigger source="ENG_NW_001278_20131111_F000126FW" offset="365" length="10">Vietnam 's</trigger>
      </relation_mention>
    </relation>
    <relation id="r-128" type="physical" subtype="locatednear">
      <relation_mention id="relm-1102" realis="true">
        <rel_arg1 entity_id="ent-96" entity_mention_id="m-99" role="entity">Quang Ninh</rel_arg1>
        <rel_arg2 entity_id="ent-72" entity_mention_id="m-105" role="loc">capital</rel_arg2>
        <trigger source="ENG_NW_001278_20131111_F000126FW" offset="424" length="4">east</trigger>
      </relation_mention>
    </relation>
    <relation id="r-129" type="partwhole" subtype="subsidiary">
      <relation_mention id="relm-1112" realis="true">
        <rel_arg1 entity_id="ent-153" entity_mention_id="m-147" role="suborg">China Meteorological Administration</rel_arg1>
        <rel_arg2 entity_id="ent-129" entity_mention_id="m-141" role="parent">China</rel_arg2>
      </relation_mention>
    </relation>
    <relation id="r-130" type="partwhole" subtype="subsidiary">
      <relation_mention id="relm-1122" realis="true">
        <rel_arg1 entity_id="ent-174" entity_mention_id="m-168" role="suborg">Public Weather Service Center</rel_arg1>
        <rel_arg2 entity_id="ent-153" entity_mention_id="m-162" role="parent">its</rel_arg2>
        <trigger source="ENG_NW_001278_20131111_F000126FW" offset="577" length="3">its</trigger>
      </relation_mention>
    </relation>
    <relation id="r-131" type="physical" subtype="locatednear">
      <relation_mention id="relm-1132" realis="true">
        <rel_arg1 entity_id="ent-192" entity_mention_id="m-195" role="entity">which</rel_arg1>
        <rel_arg2 entity_id="ent-207" entity_mention_id="m-201" role="loc">the coastal area of Quang Ninh Province</rel_arg2>
        <trigger source="ENG_NW_001278_20131111_F000126FW" offset="774" length="2">at</trigger>
      </relation_mention>
    </relation>
    <relation id="r-132" type="physical" subtype="locatednear">
      <relation_mention id="relm-1142" realis="true">
        <rel_arg1 entity_id="ent-207" entity_mention_id="m-201" role="entity">the coastal area of Quang Ninh Province</rel_arg1>
        <rel_arg2 entity_id="ent-600" entity_mention_id="m-1026" role="loc">coastal</rel_arg2>
        <trigger source="ENG_NW_001278_20131111_F000126FW" offset="781" length="7">coastal</trigger>
      </relation_mention>
      <relation_mention id="relm-1242" realis="true">
        <rel_arg1 entity_id="ent-207" entity_mention_id="m-342" role="entity">Quang Ninh Province's coastal area</rel_arg1>
        <rel_arg2 entity_id="ent-600" entity_mention_id="m-1032" role="loc">coastal</rel_arg2>
        <trigger source="ENG_NW_001278_20131111_F000126FW" offset="1404" length="7">coastal</trigger>
      </relation_mention>
    </relation>
    <relation id="r-133" type="physical" subtype="locatednear">
      <relation_mention id="relm-1152" realis="true">
        <rel_arg1 entity_id="ent-207" entity_mention_id="m-201" role="entity">the coastal area of Quang Ninh Province</rel_arg1>
        <rel_arg2 entity_id="ent-96" entity_mention_id="m-210" role="loc">Quang Ninh Province</rel_arg2>
        <trigger source="ENG_NW_001278_20131111_F000126FW" offset="794" length="2">of</trigger>
      </relation_mention>
      <relation_mention id="relm-1232" realis="true">
        <rel_arg1 entity_id="ent-207" entity_mention_id="m-342" role="entity">Quang Ninh Province's coastal area</rel_arg1>
        <rel_arg2 entity_id="ent-96" entity_mention_id="m-336" role="loc">Quang Ninh Province</rel_arg2>
        <trigger source="ENG_NW_001278_20131111_F000126FW" offset="1393" length="10">Province's</trigger>
      </relation_mention>
    </relation>
    <relation id="r-134" type="physical" subtype="locatednear">
      <relation_mention id="relm-1162" realis="true">
        <rel_arg1 entity_id="ent-96" entity_mention_id="m-210" role="entity">Quang Ninh Province</rel_arg1>
        <rel_arg2 entity_id="ent-30" entity_mention_id="m-216" role="loc">Northeastern Vietnam</rel_arg2>
        <trigger source="ENG_NW_001278_20131111_F000126FW" offset="817" length="2">in</trigger>
      </relation_mention>
    </relation>
    <relation id="r-135" type="physical" subtype="locatednear">
      <relation_mention id="relm-1182" realis="true">
        <rel_arg1 entity_id="ent-252" entity_mention_id="m-246" role="entity">Vietnam's World Heritage site</rel_arg1>
        <rel_arg2 entity_id="ent-8" entity_mention_id="m-240" role="loc">Vietnam</rel_arg2>
        <trigger source="ENG_NW_001278_20131111_F000126FW" offset="932" length="9">Vietnam's</trigger>
      </relation_mention>
    </relation>
    <relation id="r-136" type="physical" subtype="locatednear">
      <relation_mention id="relm-1192" realis="true">
        <rel_arg1 entity_id="ent-252" entity_mention_id="m-270" role="entity">which</rel_arg1>
        <rel_arg2 entity_id="ent-600" entity_mention_id="m-276" role="loc">the coast of Quang Ninh Province</rel_arg2>
        <trigger source="ENG_NW_001278_20131111_F000126FW" offset="986" length="5">along</trigger>
      </relation_mention>
    </relation>
    <relation id="r-137" type="physical" subtype="locatednear">
      <relation_mention id="relm-1202" realis="true">
        <rel_arg1 entity_id="ent-600" entity_mention_id="m-276" role="entity">the coast of Quang Ninh Province</rel_arg1>
        <rel_arg2 entity_id="ent-96" entity_mention_id="m-282" role="loc">Quang Ninh Province</rel_arg2>
        <trigger source="ENG_NW_001278_20131111_F000126FW" offset="1002" length="2">of</trigger>
      </relation_mention>
    </relation>
    <relation id="r-138" type="partwhole" subtype="subsidiary">
      <relation_mention id="relm-1212" realis="true">
        <rel_arg1 entity_id="ent-306" entity_mention_id="m-300" role="suborg">National Center for Hydro-Meteorological Forecasting</rel_arg1>
        <rel_arg2 entity_id="ent-8" entity_mention_id="m-294" role="parent">Vietnam</rel_arg2>
        <trigger source="ENG_NW_001278_20131111_F000126FW" offset="1199" length="9">Vietnam's</trigger>
      </relation_mention>
      <relation_mention id="relm-1252" realis="true">
        <rel_arg1 entity_id="ent-306" entity_mention_id="m-354" role="suborg">NCHMF</rel_arg1>
        <rel_arg2 entity_id="ent-8" entity_mention_id="m-348" role="parent">Vietnam</rel_arg2>
        <trigger source="ENG_NW_001278_20131111_F000126FW" offset="1466" length="9">Vietnam's</trigger>
      </relation_mention>
    </relation>
    <relation id="r-139" type="physical" subtype="locatednear">
      <relation_mention id="relm-1222" realis="true">
        <rel_arg1 entity_id="ent-327" entity_mention_id="m-330" role="entity">The location</rel_arg1>
        <rel_arg2 entity_id="ent-207" entity_mention_id="m-342" role="loc">Quang Ninh Province's coastal area</rel_arg2>
        <trigger source="ENG_NW_001278_20131111_F000126FW" offset="1379" length="2">in</trigger>
      </relation_mention>
    </relation>
    <relation id="r-140" type="physical" subtype="locatednear">
      <relation_mention id="relm-1262" realis="true">
        <rel_arg1 entity_id="ent-366" entity_mention_id="m-360" role="entity">coastal areas in north Vietnam</rel_arg1>
        <rel_arg2 entity_id="ent-1044" entity_mention_id="m-1038" role="loc">coastal</rel_arg2>
        <trigger source="ENG_NW_001278_20131111_F000126FW" offset="1520" length="7">coastal</trigger>
      </relation_mention>
    </relation>
    <relation id="r-141" type="physical" subtype="locatednear">
      <relation_mention id="relm-1272" realis="true">
        <rel_arg1 entity_id="ent-366" entity_mention_id="m-360" role="entity">coastal areas in north Vietnam</rel_arg1>
        <rel_arg2 entity_id="ent-375" entity_mention_id="m-369" role="loc">north Vietnam</rel_arg2>
        <trigger source="ENG_NW_001278_20131111_F000126FW" offset="1534" length="2">in</trigger>
      </relation_mention>
    </relation>
    <relation id="r-142" type="physical" subtype="locatednear">
      <relation_mention id="relm-1282" realis="true">
        <rel_arg1 entity_id="ent-375" entity_mention_id="m-369" role="entity">north Vietnam</rel_arg1>
        <rel_arg2 entity_id="ent-8" entity_mention_id="m-378" role="loc">Vietnam</rel_arg2>
        <trigger source="ENG_NW_001278_20131111_F000126FW" offset="1537" length="5">north</trigger>
      </relation_mention>
      <relation_mention id="relm-1332" realis="true">
        <rel_arg1 entity_id="ent-375" entity_mention_id="m-492" role="entity">northern Vietnam</rel_arg1>
        <rel_arg2 entity_id="ent-8" entity_mention_id="m-498" role="loc">Vietnam</rel_arg2>
        <trigger source="ENG_NW_001278_20131111_F000126FW" offset="2280" length="8">northern</trigger>
      </relation_mention>
      <relation_mention id="relm-1618" realis="true">
        <rel_arg1 entity_id="ent-375" entity_mention_id="m-900" role="entity">northern Vietnam</rel_arg1>
        <rel_arg2 entity_id="ent-8" entity_mention_id="m-906" role="loc">Vietnam</rel_arg2>
        <trigger source="ENG_NW_001278_20131111_F000126FW" offset="3771" length="8">northern</trigger>
      </relation_mention>
    </relation>
    <relation id="r-143" type="physical" subtype="locatednear">
      <relation_mention id="relm-1292" realis="true">
        <rel_arg1 entity_id="ent-390" entity_mention_id="m-384" role="entity">parts of Quang Ninh province</rel_arg1>
        <rel_arg2 entity_id="ent-96" entity_mention_id="m-393" role="loc">Quang Ninh province</rel_arg2>
        <trigger source="ENG_NW_001278_20131111_F000126FW" offset="1592" length="2">of</trigger>
      </relation_mention>
    </relation>
    <relation id="r-144" type="physical" subtype="locatednear">
      <relation_mention id="relm-1302" realis="true">
        <rel_arg1 entity_id="ent-453" entity_mention_id="m-456" role="entity">its location</rel_arg1>
        <rel_arg2 entity_id="ent-96" entity_mention_id="m-441" role="loc">Quang Ninh Province</rel_arg2>
        <trigger source="ENG_NW_001278_20131111_F000126FW" offset="2003" length="2">in</trigger>
      </relation_mention>
    </relation>
    <relation id="r-145" type="physical" subtype="resident">
      <relation_mention id="relm-1312" realis="true">
        <rel_arg1 entity_id="ent-480" entity_mention_id="m-474" role="per">Residents of northern Vietnam localities</rel_arg1>
        <rel_arg2 entity_id="ent-489" entity_mention_id="m-483" role="loc">northern Vietnam localities</rel_arg2>
        <trigger source="ENG_NW_001278_20131111_F000126FW" offset="2267" length="9">Residents</trigger>
      </relation_mention>
    </relation>
    <relation id="r-146" type="physical" subtype="locatednear">
      <relation_mention id="relm-1322" realis="true">
        <rel_arg1 entity_id="ent-489" entity_mention_id="m-483" role="entity">northern Vietnam localities</rel_arg1>
        <rel_arg2 entity_id="ent-375" entity_mention_id="m-492" role="loc">northern Vietnam</rel_arg2>
      </relation_mention>
    </relation>
    <relation id="r-147" type="physical" subtype="locatednear">
      <relation_mention id="relm-1342" realis="true">
        <rel_arg1 entity_id="ent-510" entity_mention_id="m-504" role="entity">those in coastal areas</rel_arg1>
        <rel_arg2 entity_id="ent-519" entity_mention_id="m-513" role="loc">coastal areas</rel_arg2>
        <trigger source="ENG_NW_001278_20131111_F000126FW" offset="2375" length="2">in</trigger>
      </relation_mention>
    </relation>
    <relation id="r-148" type="physical" subtype="locatednear">
      <relation_mention id="relm-1352" realis="true">
        <rel_arg1 entity_id="ent-519" entity_mention_id="m-513" role="entity">coastal areas</rel_arg1>
        <rel_arg2 entity_id="ent-1053" entity_mention_id="m-1047" role="loc">coastal</rel_arg2>
        <trigger source="ENG_NW_001278_20131111_F000126FW" offset="2378" length="7">coastal</trigger>
      </relation_mention>
    </relation>
    <relation id="r-149" type="partwhole" subtype="subsidiary">
      <relation_mention id="relm-1362" realis="true">
        <rel_arg1 entity_id="ent-549" entity_mention_id="m-543" role="suborg">Vietnam's state-run news agency</rel_arg1>
        <rel_arg2 entity_id="ent-8" entity_mention_id="m-558" role="parent">state</rel_arg2>
        <trigger source="ENG_NW_001278_20131111_F000126FW" offset="2514" length="9">state-run</trigger>
      </relation_mention>
    </relation>
    <relation id="r-150" type="physical" subtype="locatednear">
      <relation_mention id="relm-1382" realis="true">
        <rel_arg1 entity_id="ent-576" entity_mention_id="m-570" role="entity">about 1,000 households in Ha Long Bay and by the coast dykes in Quang Ninh</rel_arg1>
        <rel_arg2 entity_id="ent-615" entity_mention_id="m-609" role="loc">higher places</rel_arg2>
        <trigger source="ENG_NW_001278_20131111_F000126FW" offset="2698" length="2">to</trigger>
      </relation_mention>
    </relation>
    <relation id="r-151" type="personalsocial" subtype="role">
      <relation_mention id="relm-1392" realis="true">
        <rel_arg1 entity_id="ent-624" entity_mention_id="m-618" role="per">Hoang Trung Hai</rel_arg1>
        <rel_arg2 filler_id="f-1400" role="role">Deputy Prime Minister</rel_arg2>
      </relation_mention>
    </relation>
    <relation id="r-152" type="physical" subtype="locatednear">
      <relation_mention id="relm-1402" realis="true">
        <rel_arg1 entity_id="ent-624" entity_mention_id="m-618" role="entity">Hoang Trung Hai</rel_arg1>
        <rel_arg2 entity_id="ent-633" entity_mention_id="m-627" role="loc">Hai Phong</rel_arg2>
        <trigger source="ENG_NW_001278_20131111_F000126FW" offset="2755" length="6">toured</trigger>
      </relation_mention>
    </relation>
    <relation id="r-153" type="physical" subtype="locatednear">
      <relation_mention id="relm-1412" realis="true">
        <rel_arg1 entity_id="ent-633" entity_mention_id="m-627" role="entity">Hai Phong</rel_arg1>
        <rel_arg2 entity_id="ent-96" entity_mention_id="m-636" role="loc">Quang Ninh Province</rel_arg2>
        <trigger source="ENG_NW_001278_20131111_F000126FW" offset="2772" length="11">neighboring</trigger>
      </relation_mention>
    </relation>
    <relation id="r-154" type="personalsocial" subtype="role">
      <relation_mention id="relm-1422" realis="true">
        <rel_arg1 entity_id="ent-663" entity_mention_id="m-657" role="per">all fishermen</rel_arg1>
        <rel_arg2 filler_id="f-1430" role="role">fishermen</rel_arg2>
      </relation_mention>
    </relation>
    <relation id="r-155" type="physical" subtype="locatednear">
      <relation_mention id="relm-1432" realis="false">
        <rel_arg1 entity_id="ent-663" entity_mention_id="m-657" role="entity">all fishermen</rel_arg1>
        <rel_arg2 entity_id="ent-672" entity_mention_id="m-666" role="loc">ashore</rel_arg2>
        <trigger source="ENG_NW_001278_20131111_F000126FW" offset="2916" length="2">go</trigger>
      </relation_mention>
    </relation>
    <relation id="r-156" type="physical" subtype="resident">
      <relation_mention id="relm-1442" realis="true">
        <rel_arg1 entity_id="ent-681" entity_mention_id="m-675" role="per">residents living in coastal areas</rel_arg1>
        <rel_arg2 entity_id="ent-519" entity_mention_id="m-684" role="loc">coastal areas</rel_arg2>
        <trigger source="ENG_NW_001278_20131111_F000126FW" offset="2949" length="6">living</trigger>
      </relation_mention>
    </relation>
    <relation id="r-157" type="physical" subtype="locatednear">
      <relation_mention id="relm-1452" realis="true">
        <rel_arg1 entity_id="ent-519" entity_mention_id="m-684" role="entity">coastal areas</rel_arg1>
        <rel_arg2 entity_id="ent-600" entity_mention_id="m-1056" role="loc">coastal</rel_arg2>
        <trigger source="ENG_NW_001278_20131111_F000126FW" offset="2959" length="7">coastal</trigger>
      </relation_mention>
    </relation>
    <relation id="r-158" type="physical" subtype="locatednear">
      <relation_mention id="relm-1462" realis="false">
        <rel_arg1 entity_id="ent-681" entity_mention_id="m-675" role="entity">residents living in coastal areas</rel_arg1>
        <rel_arg2 entity_id="ent-696" entity_mention_id="m-690" role="loc">safer places</rel_arg2>
        <trigger source="ENG_NW_001278_20131111_F000126FW" offset="2973" length="2">to</trigger>
      </relation_mention>
    </relation>
    <relation id="r-159" type="orgaffiliation" subtype="employmentmembership">
      <relation_mention id="relm-1472" realis="true">
        <rel_arg1 entity_id="ent-717" entity_mention_id="m-711" role="employeemember">All soldiers and officials of the Capital High Command</rel_arg1>
        <rel_arg2 entity_id="ent-735" entity_mention_id="m-729" role="org">Capital High Command</rel_arg2>
        <trigger source="ENG_NW_001278_20131111_F000126FW" offset="3071" length="2">of</trigger>
      </relation_mention>
    </relation>
    <relation id="r-160" type="orgaffiliation" subtype="employmentmembership">
      <relation_mention id="relm-1482" realis="true">
        <rel_arg1 entity_id="ent-726" entity_mention_id="m-720" role="employeemember">All soldiers and officials of the Capital High Command</rel_arg1>
        <rel_arg2 entity_id="ent-735" entity_mention_id="m-729" role="org">Capital High Command</rel_arg2>
        <trigger source="ENG_NW_001278_20131111_F000126FW" offset="3071" length="2">of</trigger>
      </relation_mention>
    </relation>
    <relation id="r-161" type="physical" subtype="orglocationorigin">
      <relation_mention id="relm-1492" realis="true">
        <rel_arg1 entity_id="ent-735" entity_mention_id="m-729" role="org">Capital High Command</rel_arg1>
        <rel_arg2 entity_id="ent-72" entity_mention_id="m-738" role="loc">Capital</rel_arg2>
      </relation_mention>
    </relation>
    <relation id="r-162" type="physical" subtype="locatednear">
      <relation_mention id="relm-1502" realis="true">
        <rel_arg1 entity_id="ent-750" entity_mention_id="m-744" role="entity">Districts as well as agencies located in the city</rel_arg1>
        <rel_arg2 entity_id="ent-72" entity_mention_id="m-762" role="loc">the city</rel_arg2>
        <trigger source="ENG_NW_001278_20131111_F000126FW" offset="3185" length="2">in</trigger>
      </relation_mention>
    </relation>
    <relation id="r-163" type="physical" subtype="orglocationorigin">
      <relation_mention id="relm-1512" realis="true">
        <rel_arg1 entity_id="ent-759" entity_mention_id="m-753" role="org">agencies located in the city</rel_arg1>
        <rel_arg2 entity_id="ent-72" entity_mention_id="m-762" role="loc">the city</rel_arg2>
        <trigger source="ENG_NW_001278_20131111_F000126FW" offset="3185" length="2">in</trigger>
      </relation_mention>
    </relation>
    <relation id="r-164" type="physical" subtype="orglocationorigin">
      <relation_mention id="relm-1522" realis="true">
        <rel_arg1 entity_id="ent-774" entity_mention_id="m-768" role="org">Hanoi Steering Committee for Flood and Storm Control</rel_arg1>
        <rel_arg2 entity_id="ent-72" entity_mention_id="m-777" role="loc">Hanoi</rel_arg2>
      </relation_mention>
    </relation>
    <relation id="r-165" type="personalsocial" subtype="role">
      <relation_mention id="relm-1562" realis="true">
        <rel_arg1 entity_id="ent-804" entity_mention_id="m-2566" role="per">NCHMF director</rel_arg1>
        <rel_arg2 filler_id="f-1570" role="role">director</rel_arg2>
      </relation_mention>
      <relation_mention id="relm-1648" realis="true">
        <rel_arg1 entity_id="ent-804" entity_mention_id="m-957" role="per">Bui Minh Tang</rel_arg1>
        <rel_arg2 filler_id="f-1656" role="role">Director</rel_arg2>
      </relation_mention>
    </relation>
    <relation id="r-166" type="orgaffiliation" subtype="leadership">
      <relation_mention id="relm-1578" realis="true">
        <rel_arg1 entity_id="ent-804" entity_mention_id="m-798" role="leader">Bui Minh Tang</rel_arg1>
        <rel_arg2 entity_id="ent-306" entity_mention_id="m-807" role="entity">NCHMF</rel_arg2>
        <trigger source="ENG_NW_001278_20131111_F000126FW" offset="3512" length="8">director</trigger>
      </relation_mention>
      <relation_mention id="relm-1638" realis="true">
        <rel_arg1 entity_id="ent-804" entity_mention_id="m-957" role="leader">Bui Minh Tang</rel_arg1>
        <rel_arg2 entity_id="ent-306" entity_mention_id="m-951" role="entity">Center</rel_arg2>
        <trigger source="ENG_NW_001278_20131111_F000126FW" offset="3975" length="8">Director</trigger>
      </relation_mention>
    </relation>
    <relation id="r-167" type="physical" subtype="locatednear">
      <relation_mention id="relm-1598" realis="true">
        <rel_arg1 entity_id="ent-831" entity_mention_id="m-825" role="entity">rivers in northern provinces including Ninh Binh, Thai Binh, Nam Dinh, Ha Nam, Hanoi and Hai Phong</rel_arg1>
        <rel_arg2 entity_id="ent-840" entity_mention_id="m-834" role="loc">northern provinces including Ninh Binh, Thai Binh, Nam Dinh, Ha Nam, Hanoi and Hai Phong</rel_arg2>
        <trigger source="ENG_NW_001278_20131111_F000126FW" offset="3649" length="2">in</trigger>
      </relation_mention>
    </relation>
    <relation id="r-168" type="physical" subtype="orglocationorigin">
      <relation_mention id="relm-1608" realis="true">
        <rel_arg1 entity_id="ent-897" entity_mention_id="m-891" role="org">Departments of education</rel_arg1>
        <rel_arg2 entity_id="ent-375" entity_mention_id="m-900" role="loc">northern Vietnam</rel_arg2>
        <trigger source="ENG_NW_001278_20131111_F000126FW" offset="3768" length="2">in</trigger>
      </relation_mention>
    </relation>
    <relation id="r-169" type="physical" subtype="orglocationorigin">
      <relation_mention id="relm-1628" realis="true">
        <rel_arg1 entity_id="ent-936" entity_mention_id="m-930" role="org">Vietnamese media</rel_arg1>
        <rel_arg2 entity_id="ent-8" entity_mention_id="m-939" role="loc">Vietnamese</rel_arg2>
        <trigger source="ENG_NW_001278_20131111_F000126FW" offset="3884" length="10">Vietnamese</trigger>
      </relation_mention>
    </relation>
    <relation id="r-170" type="orgaffiliation" subtype="leadership">
      <relation_mention id="relm-1658" realis="true">
        <rel_arg1 entity_id="ent-987" entity_mention_id="m-981" role="leader">Nguyen Tan Dung</rel_arg1>
        <rel_arg2 entity_id="ent-8" entity_mention_id="m-975" role="entity">Vietnamese</rel_arg2>
        <trigger source="ENG_NW_001278_20131111_F000126FW" offset="4136" length="14">Prime Minister</trigger>
      </relation_mention>
    </relation>
    <relation id="r-171" type="personalsocial" subtype="role">
      <relation_mention id="relm-1668" realis="true">
        <rel_arg1 entity_id="ent-987" entity_mention_id="m-981" role="per">Nguyen Tan Dung</rel_arg1>
        <rel_arg2 filler_id="f-1676" role="role">Prime Minister</rel_arg2>
      </relation_mention>
    </relation>
    <relation id="r-172" type="physical" subtype="locatednear">
      <relation_mention id="relm-2513" realis="false">
        <rel_arg1 entity_id="ent-510" entity_mention_id="m-504" role="entity">those in coastal areas</rel_arg1>
        <rel_arg2 entity_id="ent-2480" entity_mention_id="m-2474" role="loc">shelter</rel_arg2>
        <trigger source="ENG_NW_001278_20131111_F000126FW" offset="2406" length="4">take</trigger>
      </relation_mention>
    </relation>
    <relation id="r-173" type="physical" subtype="locatednear">
      <relation_mention id="relm-2523" realis="true">
        <rel_arg1 entity_id="ent-591" entity_mention_id="m-585" role="entity">the coast dykes in Quang Ninh</rel_arg1>
        <rel_arg2 entity_id="ent-96" entity_mention_id="m-603" role="loc">Quang Ninh</rel_arg2>
        <trigger source="ENG_NW_001278_20131111_F000126FW" offset="2664" length="2">in</trigger>
      </relation_mention>
    </relation>
  </relations>
  <hoppers>
    <hopper id="h-16">
      <event_mention id="em-1678" type="contact" subtype="broadcast" realis="actual" audience="oneway" formality="formal" medium="canttell" schedule="canttell">
        <trigger source="ENG_NW_001278_20131111_F000126FW" offset="484" length="8">reported</trigger>
        <em_arg entity_id="ent-138" entity_mention_id="m-132" role="entity" realis="true">Vietnamese and Chinese observatories</em_arg>
        <em_arg filler_id="f-1703" role="time" realis="true">Monday</em_arg>
      </event_mention>
    </hopper>
    <hopper id="h-1748">
      <event_mention id="em-1713" type="contact" subtype="broadcast" realis="actual" audience="oneway" formality="formal" medium="notinperson" schedule="planned">
        <trigger source="ENG_NW_001278_20131111_F000126FW" offset="567" length="6">report</trigger>
        <em_arg entity_id="ent-153" entity_mention_id="m-156" role="entity" realis="true">CMA</em_arg>
        <em_arg entity_id="ent-129" entity_mention_id="m-141" role="place" realis="true">China</em_arg>
        <em_arg filler_id="f-1745" role="time" realis="true">Monday</em_arg>
      </event_mention>
      <event_mention id="em-1750" type="contact" subtype="broadcast" realis="actual" audience="oneway" formality="formal" medium="notinperson" schedule="planned">
        <trigger source="ENG_NW_001278_20131111_F000126FW" offset="1179" length="6">report</trigger>
        <em_arg entity_id="ent-153" entity_mention_id="m-288" role="entity" realis="true">CMA</em_arg>
      </event_mention>
    </hopper>
    <hopper id="h-1792">
      <event_mention id="em-1771" type="contact" subtype="broadcast" realis="actual" audience="oneway" formality="formal" medium="canttell" schedule="planned">
        <trigger source="ENG_NW_001278_20131111_F000126FW" offset="1309" length="6">report</trigger>
        <em_arg entity_id="ent-306" entity_mention_id="m-315" role="entity" realis="true">its</em_arg>
        <em_arg entity_id="ent-8" entity_mention_id="m-294" role="place" realis="true">Vietnam</em_arg>
      </event_mention>
      <event_mention id="em-1808" type="contact" subtype="broadcast" realis="actual" audience="oneway" formality="formal" medium="notinperson" schedule="planned">
        <trigger source="ENG_NW_001278_20131111_F000126FW" offset="1448" length="7">warming</trigger>
        <em_arg entity_id="ent-306" entity_mention_id="m-354" role="entity" realis="true">NCHMF</em_arg>
        <em_arg entity_id="ent-8" entity_mention_id="m-348" role="place" realis="true">Vietnam</em_arg>
      </event_mention>
    </hopper>
    <hopper id="h-1864">
      <event_mention id="em-1836" type="contact" subtype="broadcast" realis="actual" audience="oneway" formality="formal" medium="canttell" schedule="canttell">
        <trigger source="ENG_NW_001278_20131111_F000126FW" offset="1919" length="6">report</trigger>
        <em_arg entity_id="ent-306" entity_mention_id="m-435" role="entity" realis="true">NCHMF</em_arg>
        <em_arg filler_id="f-1861" role="time" realis="true">Monday</em_arg>
      </event_mention>
    </hopper>
    <hopper id="h-1901">
      <event_mention id="em-1866" type="contact" subtype="contact" realis="actual" audience="canttell" formality="canttell" medium="canttell" schedule="canttell">
        <trigger source="ENG_NW_001278_20131111_F000126FW" offset="2397" length="5">asked</trigger>
        <em_arg entity_id="ent-510" entity_mention_id="m-504" role="entity" realis="true">those in coastal areas</em_arg>
        <em_arg entity_id="ent-519" entity_mention_id="m-513" role="place" realis="true">coastal areas</em_arg>
        <em_arg filler_id="f-1898" role="time" realis="true">Sunday</em_arg>
      </event_mention>
    </hopper>
    <hopper id="h-1938">
      <event_mention id="em-1903" type="contact" subtype="broadcast" realis="actual" audience="oneway" formality="formal" medium="notinperson" schedule="planned">
        <trigger source="ENG_NW_001278_20131111_F000126FW" offset="2540" length="8">reported</trigger>
        <em_arg entity_id="ent-549" entity_mention_id="m-552" role="entity" realis="true">VNA</em_arg>
        <em_arg entity_id="ent-8" entity_mention_id="m-537" role="place" realis="true">Vietnam</em_arg>
        <em_arg filler_id="f-1935" role="time" realis="true">Monday</em_arg>
      </event_mention>
    </hopper>
    <hopper id="h-1982">
      <event_mention id="em-1940" type="movement" subtype="transportperson" realis="actual">
        <trigger source="ENG_NW_001278_20131111_F000126FW" offset="2688" length="9">evacuated</trigger>
        <em_arg entity_id="ent-576" entity_mention_id="m-570" role="person" realis="true">about 1,000 households in Ha Long Bay and by the coast dykes in Quang Ninh</em_arg>
        <em_arg entity_id="ent-252" entity_mention_id="m-579" role="origin" realis="true">Ha Long Bay</em_arg>
        <em_arg entity_id="ent-96" entity_mention_id="m-603" role="origin" realis="true">Quang Ninh</em_arg>
        <em_arg entity_id="ent-615" entity_mention_id="m-609" role="destination" realis="true">higher places</em_arg>
      </event_mention>
    </hopper>
    <hopper id="h-2012">
      <event_mention id="em-1984" type="movement" subtype="transportperson" realis="actual">
        <trigger source="ENG_NW_001278_20131111_F000126FW" offset="2755" length="6">toured</trigger>
        <em_arg entity_id="ent-624" entity_mention_id="m-618" role="agent" realis="true">Hoang Trung Hai</em_arg>
        <em_arg entity_id="ent-96" entity_mention_id="m-636" role="destination" realis="true">Quang Ninh Province</em_arg>
      </event_mention>
    </hopper>
    <hopper id="h-2049">
      <event_mention id="em-2014" type="contact" subtype="contact" realis="actual" audience="canttell" formality="formal" medium="canttell" schedule="canttell">
        <trigger source="ENG_NW_001278_20131111_F000126FW" offset="2854" length="5">urged</trigger>
        <em_arg entity_id="ent-624" entity_mention_id="m-642" role="entity" realis="true">He</em_arg>
        <em_arg entity_id="ent-654" entity_mention_id="m-648" role="entity" realis="true">local authorities</em_arg>
        <em_arg entity_id="ent-96" entity_mention_id="m-636" role="place" realis="true">Quang Ninh Province</em_arg>
      </event_mention>
    </hopper>
    <hopper id="h-2079">
      <event_mention id="em-2051" type="contact" subtype="broadcast" realis="other" audience="oneway" formality="formal" medium="canttell" schedule="canttell">
        <trigger source="ENG_NW_001278_20131111_F000126FW" offset="2890" length="4">call</trigger>
        <em_arg entity_id="ent-654" entity_mention_id="m-648" role="entity" realis="true">local authorities</em_arg>
        <em_arg entity_id="ent-663" entity_mention_id="m-657" role="audience" realis="true">all fishermen</em_arg>
      </event_mention>
    </hopper>
    <hopper id="h-2109">
      <event_mention id="em-2081" type="movement" subtype="transportperson" realis="other">
        <trigger source="ENG_NW_001278_20131111_F000126FW" offset="2916" length="2">go</trigger>
        <em_arg entity_id="ent-663" entity_mention_id="m-657" role="agent" realis="true">all fishermen</em_arg>
        <em_arg entity_id="ent-672" entity_mention_id="m-666" role="destination" realis="true">ashore</em_arg>
      </event_mention>
    </hopper>
    <hopper id="h-2153">
      <event_mention id="em-2111" type="movement" subtype="transportperson" realis="other">
        <trigger source="ENG_NW_001278_20131111_F000126FW" offset="2930" length="8">evacuate</trigger>
        <em_arg entity_id="ent-654" entity_mention_id="m-648" role="agent" realis="true">local authorities</em_arg>
        <em_arg entity_id="ent-681" entity_mention_id="m-675" role="person" realis="true">residents living in coastal areas</em_arg>
        <em_arg entity_id="ent-519" entity_mention_id="m-684" role="origin" realis="true">coastal areas</em_arg>
        <em_arg entity_id="ent-696" entity_mention_id="m-690" role="destination" realis="true">safer places</em_arg>
      </event_mention>
    </hopper>
    <hopper id="h-2190">
      <event_mention id="em-2155" type="contact" subtype="broadcast" realis="actual" audience="oneway" formality="formal" medium="canttell" schedule="planned">
        <trigger source="ENG_NW_001278_20131111_F000126FW" offset="3104" length="7">ordered</trigger>
        <em_arg entity_id="ent-717" entity_mention_id="m-711" role="audience" realis="true">All soldiers and officials of the Capital High Command</em_arg>
        <em_arg entity_id="ent-726" entity_mention_id="m-720" role="audience" realis="true">All soldiers and officials of the Capital High Command</em_arg>
        <em_arg entity_id="ent-72" entity_mention_id="m-705" role="place" realis="true">Hanoi</em_arg>
      </event_mention>
    </hopper>
    <hopper id="h-2227">
      <event_mention id="em-2192" type="contact" subtype="contact" realis="actual" audience="canttell" formality="formal" medium="canttell" schedule="planned">
        <trigger source="ENG_NW_001278_20131111_F000126FW" offset="3202" length="9">requested</trigger>
        <em_arg entity_id="ent-750" entity_mention_id="m-744" role="entity" realis="true">Districts as well as agencies located in the city</em_arg>
        <em_arg entity_id="ent-759" entity_mention_id="m-753" role="entity" realis="true">agencies located in the city</em_arg>
        <em_arg entity_id="ent-72" entity_mention_id="m-762" role="place" realis="true">the city</em_arg>
      </event_mention>
    </hopper>
    <hopper id="h-2264">
      <event_mention id="em-2229" type="contact" subtype="contact" realis="actual" audience="canttell" formality="formal" medium="canttell" schedule="canttell">
        <trigger source="ENG_NW_001278_20131111_F000126FW" offset="3347" length="4">said</trigger>
        <em_arg entity_id="ent-774" entity_mention_id="m-768" role="entity" realis="true">Hanoi Steering Committee for Flood and Storm Control</em_arg>
        <em_arg entity_id="ent-72" entity_mention_id="m-777" role="place" realis="true">Hanoi</em_arg>
        <em_arg filler_id="f-2261" role="time" realis="true">Sunday</em_arg>
      </event_mention>
    </hopper>
    <hopper id="h-2294">
      <event_mention id="em-2266" type="contact" subtype="contact" realis="actual" audience="canttell" formality="formal" medium="canttell" schedule="canttell">
        <trigger source="ENG_NW_001278_20131111_F000126FW" offset="3541" length="6">warned</trigger>
        <em_arg entity_id="ent-804" entity_mention_id="m-798" role="entity" realis="true">Bui Minh Tang</em_arg>
        <em_arg filler_id="f-2291" role="time" realis="true">Sunday</em_arg>
      </event_mention>
    </hopper>
    <hopper id="h-2331">
      <event_mention id="em-2296" type="contact" subtype="broadcast" realis="actual" audience="oneway" formality="formal" medium="canttell" schedule="planned">
        <trigger source="ENG_NW_001278_20131111_F000126FW" offset="3901" length="8">reported</trigger>
        <em_arg entity_id="ent-936" entity_mention_id="m-930" role="entity" realis="true">Vietnamese media</em_arg>
        <em_arg entity_id="ent-8" entity_mention_id="m-939" role="place" realis="true">Vietnamese</em_arg>
        <em_arg filler_id="f-2328" role="time" realis="true">Sunday</em_arg>
      </event_mention>
    </hopper>
    <hopper id="h-2361">
      <event_mention id="em-2333" type="life" subtype="die" realis="actual">
        <trigger source="ENG_NW_001278_20131111_F000126FW" offset="3913" length="6">deaths</trigger>
        <em_arg entity_id="ent-8" entity_mention_id="m-939" role="place" realis="true">Vietnamese</em_arg>
        <em_arg filler_id="f-2397" role="time" realis="true">As of Sunday</em_arg>
        <em_arg entity_id="ent-2549" entity_mention_id="m-2543" role="victim" realis="true">10</em_arg>
      </event_mention>
    </hopper>
    <hopper id="h-2391">
      <event_mention id="em-2363" type="contact" subtype="contact" realis="actual" audience="canttell" formality="canttell" medium="canttell" schedule="canttell">
        <trigger source="ENG_NW_001278_20131111_F000126FW" offset="4012" length="4">said</trigger>
        <em_arg entity_id="ent-804" entity_mention_id="m-957" role="entity" realis="true">Bui Minh Tang</em_arg>
        <em_arg filler_id="f-2388" role="time" realis="true">Friday</em_arg>
      </event_mention>
    </hopper>
    <hopper id="h-2442">
      <event_mention id="em-2400" type="contact" subtype="contact" realis="actual" audience="canttell" formality="formal" medium="canttell" schedule="canttell">
        <trigger source="ENG_NW_001278_20131111_F000126FW" offset="4177" length="9">called on</trigger>
        <em_arg entity_id="ent-987" entity_mention_id="m-981" role="entity" realis="true">Nguyen Tan Dung</em_arg>
        <em_arg entity_id="ent-8" entity_mention_id="m-975" role="place" realis="true">Vietnamese</em_arg>
        <em_arg entity_id="ent-1014" entity_mention_id="m-1008" role="entity" realis="true">they</em_arg>
        <em_arg filler_id="f-2439" role="time" realis="true">Friday</em_arg>
      </event_mention>
    </hopper>
    <hopper id="h-2472">
      <event_mention id="em-2444" type="life" subtype="die" realis="other">
        <trigger source="ENG_NW_001278_20131111_F000126FW" offset="4271" length="6">losses</trigger>
        <em_arg entity_id="ent-1023" entity_mention_id="m-1017" role="victim" realis="true">human</em_arg>
        <em_arg entity_id="ent-8" entity_mention_id="m-975" role="place" realis="true">Vietnamese</em_arg>
      </event_mention>
    </hopper>
  </hoppers>
</deft_ere>
