<?xml version="1.0" encoding="UTF-8"?>
<deft_ere kit_id="5733b8b10000000000000056" doc_id="ENG_NW_001278_20130606_F00013GXM" source_type="newswire">
  <entities>
    <entity id="ent-8" type="GPE" specificity="specificIndividual">
      <entity_mention id="m-18" noun_type="NAM" source="ENG_NW_001278_20130606_F00013GXM" offset="151" length="5">
        <mention_text>China</mention_text>
      </entity_mention>
      <entity_mention id="m-24" noun_type="NAM" source="ENG_NW_001278_20130606_F00013GXM" offset="251" length="5">
        <mention_text>China</mention_text>
      </entity_mention>
      <entity_mention id="m-102" noun_type="NAM" source="ENG_NW_001278_20130606_F00013GXM" offset="968" length="5">
        <mention_text>China</mention_text>
      </entity_mention>
      <entity_mention id="m-180" noun_type="NAM" source="ENG_NW_001278_20130606_F00013GXM" offset="1528" length="7">
        <mention_text>Chinese</mention_text>
      </entity_mention>
      <entity_mention id="m-216" noun_type="NAM" source="ENG_NW_001278_20130606_F00013GXM" offset="1821" length="7">
        <mention_text>Chinese</mention_text>
      </entity_mention>
      <entity_mention id="m-360" noun_type="NAM" source="ENG_NW_001278_20130606_F00013GXM" offset="2761" length="5">
        <mention_text>China</mention_text>
      </entity_mention>
      <entity_mention id="m-893" noun_type="PRO" source="ENG_NW_001278_20130606_F00013GXM" offset="748" length="3">
        <mention_text>our</mention_text>
      </entity_mention>
    </entity>
    <entity id="ent-36" type="GPE" specificity="specificIndividual">
      <entity_mention id="m-30" noun_type="NAM" source="ENG_NW_001278_20130606_F00013GXM" offset="258" length="7">
        <mention_text>BEIJING</mention_text>
      </entity_mention>
    </entity>
    <entity id="ent-45" type="ORG" specificity="specificIndividual">
      <entity_mention id="m-39" noun_type="NAM" source="ENG_NW_001278_20130606_F00013GXM" offset="275" length="6">
        <mention_text>Xinhua</mention_text>
      </entity_mention>
    </entity>
    <entity id="ent-54" type="PER" specificity="specificIndividual">
      <entity_mention id="m-48" noun_type="NAM" source="ENG_NW_001278_20130606_F00013GXM" offset="286" length="6">
        <mention_text>Ma Jun</mention_text>
      </entity_mention>
      <entity_mention id="m-57" noun_type="PRO" source="ENG_NW_001278_20130606_F00013GXM" offset="297" length="3">
        <mention_text>his</mention_text>
      </entity_mention>
      <entity_mention id="m-63" noun_type="NAM" source="ENG_NW_001278_20130606_F00013GXM" offset="771" length="2">
        <mention_text>Ma</mention_text>
      </entity_mention>
      <entity_mention id="m-84" noun_type="NAM" source="ENG_NW_001278_20130606_F00013GXM" offset="888" length="2">
        <mention_text>Ma</mention_text>
      </entity_mention>
      <entity_mention id="m-96" noun_type="PRO" source="ENG_NW_001278_20130606_F00013GXM" offset="931" length="2">
        <mention_text>he</mention_text>
      </entity_mention>
      <entity_mention id="m-117" noun_type="NAM" source="ENG_NW_001278_20130606_F00013GXM" offset="1201" length="2">
        <mention_text>Ma</mention_text>
      </entity_mention>
      <entity_mention id="m-147" noun_type="NAM" source="ENG_NW_001278_20130606_F00013GXM" offset="1350" length="2">
        <mention_text>Ma</mention_text>
      </entity_mention>
      <entity_mention id="m-210" noun_type="NAM" source="ENG_NW_001278_20130606_F00013GXM" offset="1687" length="2">
        <mention_text>Ma</mention_text>
      </entity_mention>
      <entity_mention id="m-231" noun_type="NAM" source="ENG_NW_001278_20130606_F00013GXM" offset="1841" length="2">
        <mention_text>Ma</mention_text>
      </entity_mention>
      <entity_mention id="m-246" noun_type="NAM" source="ENG_NW_001278_20130606_F00013GXM" offset="1897" length="2">
        <mention_text>Ma</mention_text>
      </entity_mention>
      <entity_mention id="m-285" noun_type="NAM" source="ENG_NW_001278_20130606_F00013GXM" offset="2138" length="2">
        <mention_text>Ma</mention_text>
      </entity_mention>
      <entity_mention id="m-291" noun_type="PRO" source="ENG_NW_001278_20130606_F00013GXM" offset="2172" length="3">
        <mention_text>his</mention_text>
      </entity_mention>
      <entity_mention id="m-312" noun_type="PRO" source="ENG_NW_001278_20130606_F00013GXM" offset="2190" length="3">
        <mention_text>him</mention_text>
      </entity_mention>
      <entity_mention id="m-327" noun_type="PRO" source="ENG_NW_001278_20130606_F00013GXM" offset="2299" length="2">
        <mention_text>he</mention_text>
      </entity_mention>
      <entity_mention id="m-348" noun_type="NAM" source="ENG_NW_001278_20130606_F00013GXM" offset="2483" length="2">
        <mention_text>Ma</mention_text>
      </entity_mention>
      <entity_mention id="m-354" noun_type="NAM" source="ENG_NW_001278_20130606_F00013GXM" offset="2611" length="2">
        <mention_text>Ma</mention_text>
      </entity_mention>
      <entity_mention id="m-366" noun_type="NAM" source="ENG_NW_001278_20130606_F00013GXM" offset="2804" length="2">
        <mention_text>Ma</mention_text>
      </entity_mention>
      <entity_mention id="m-559" noun_type="NOM" source="ENG_NW_001278_20130606_F00013GXM" offset="110" length="17">
        <mention_text>Former journalist</mention_text>
        <nom_head source="ENG_NW_001278_20130606_F00013GXM" offset="117" length="10">journalist</nom_head>
      </entity_mention>
      <entity_mention id="m-607" noun_type="NOM" source="ENG_NW_001278_20130606_F00013GXM" offset="2210" length="52">
        <mention_text>one of the "100 Most Influential People in the World</mention_text>
        <nom_head source="ENG_NW_001278_20130606_F00013GXM" offset="2210" length="3">one</nom_head>
      </entity_mention>
      <entity_mention id="m-648" noun_type="NOM" source="ENG_NW_001278_20130606_F00013GXM" offset="210" length="17">
        <mention_text>Former journalist</mention_text>
        <nom_head source="ENG_NW_001278_20130606_F00013GXM" offset="217" length="10">journalist</nom_head>
      </entity_mention>
      <entity_mention id="m-654" noun_type="NOM" source="ENG_NW_001278_20130606_F00013GXM" offset="775" length="110">
        <mention_text>a former journalist, author and founder of the non-profit Institute for Public and Environmental Affairs (IPE)</mention_text>
        <nom_head source="ENG_NW_001278_20130606_F00013GXM" offset="784" length="10">journalist</nom_head>
      </entity_mention>
      <entity_mention id="m-871" noun_type="NOM" source="ENG_NW_001278_20130606_F00013GXM" offset="775" length="110">
        <mention_text>a former journalist, author and founder of the non-profit Institute for Public and Environmental Affairs (IPE)</mention_text>
        <nom_head source="ENG_NW_001278_20130606_F00013GXM" offset="796" length="6">author</nom_head>
      </entity_mention>
      <entity_mention id="m-877" noun_type="NOM" source="ENG_NW_001278_20130606_F00013GXM" offset="775" length="110">
        <mention_text>a former journalist, author and founder of the non-profit Institute for Public and Environmental Affairs (IPE)</mention_text>
        <nom_head source="ENG_NW_001278_20130606_F00013GXM" offset="807" length="7">founder</nom_head>
      </entity_mention>
    </entity>
    <entity id="ent-75" type="ORG" specificity="specificIndividual">
      <entity_mention id="m-69" noun_type="NAM" source="ENG_NW_001278_20130606_F00013GXM" offset="833" length="46">
        <mention_text>Institute for Public and Environmental Affairs</mention_text>
      </entity_mention>
      <entity_mention id="m-78" noun_type="NAM" source="ENG_NW_001278_20130606_F00013GXM" offset="881" length="3">
        <mention_text>IPE</mention_text>
      </entity_mention>
      <entity_mention id="m-90" noun_type="NAM" source="ENG_NW_001278_20130606_F00013GXM" offset="899" length="3">
        <mention_text>IPE</mention_text>
      </entity_mention>
    </entity>
    <entity id="ent-114" type="ORG" specificity="specificGroup">
      <entity_mention id="m-108" noun_type="NOM" source="ENG_NW_001278_20130606_F00013GXM" offset="1027" length="17">
        <mention_text>local governments</mention_text>
        <nom_head source="ENG_NW_001278_20130606_F00013GXM" offset="1033" length="11">governments</nom_head>
      </entity_mention>
      <entity_mention id="m-583" noun_type="PRO" source="ENG_NW_001278_20130606_F00013GXM" offset="1046" length="5">
        <mention_text>which</mention_text>
      </entity_mention>
    </entity>
    <entity id="ent-129" type="ORG" specificity="specificGroup">
      <entity_mention id="m-123" noun_type="NOM" source="ENG_NW_001278_20130606_F00013GXM" offset="1301" length="23">
        <mention_text>international companies</mention_text>
        <nom_head source="ENG_NW_001278_20130606_F00013GXM" offset="1315" length="9">companies</nom_head>
      </entity_mention>
      <entity_mention id="m-132" noun_type="PRO" source="ENG_NW_001278_20130606_F00013GXM" offset="1332" length="5">
        <mention_text>their</mention_text>
      </entity_mention>
      <entity_mention id="m-153" noun_type="NOM" source="ENG_NW_001278_20130606_F00013GXM" offset="1403" length="29">
        <mention_text>major international companies</mention_text>
        <nom_head source="ENG_NW_001278_20130606_F00013GXM" offset="1423" length="9">companies</nom_head>
      </entity_mention>
      <entity_mention id="m-589" noun_type="PRO" source="ENG_NW_001278_20130606_F00013GXM" offset="1446" length="5">
        <mention_text>their</mention_text>
      </entity_mention>
    </entity>
    <entity id="ent-144" type="ORG" specificity="specificGroup">
      <entity_mention id="m-138" noun_type="NOM" source="ENG_NW_001278_20130606_F00013GXM" offset="1332" length="15">
        <mention_text>their suppliers</mention_text>
        <nom_head source="ENG_NW_001278_20130606_F00013GXM" offset="1338" length="9">suppliers</nom_head>
      </entity_mention>
      <entity_mention id="m-159" noun_type="NOM" source="ENG_NW_001278_20130606_F00013GXM" offset="1446" length="15">
        <mention_text>their suppliers</mention_text>
        <nom_head source="ENG_NW_001278_20130606_F00013GXM" offset="1452" length="9">suppliers</nom_head>
      </entity_mention>
      <entity_mention id="m-165" noun_type="PRO" source="ENG_NW_001278_20130606_F00013GXM" offset="1473" length="5">
        <mention_text>their</mention_text>
      </entity_mention>
    </entity>
    <entity id="ent-177" type="ORG" specificity="specificGroup">
      <entity_mention id="m-171" noun_type="NOM" source="ENG_NW_001278_20130606_F00013GXM" offset="1491" length="58">
        <mention_text>Fifty major enterprises that rely on Chinese manufacturers</mention_text>
        <nom_head source="ENG_NW_001278_20130606_F00013GXM" offset="1503" length="11">enterprises</nom_head>
      </entity_mention>
    </entity>
    <entity id="ent-192" type="ORG" specificity="specificGroup">
      <entity_mention id="m-186" noun_type="NOM" source="ENG_NW_001278_20130606_F00013GXM" offset="1528" length="21">
        <mention_text>Chinese manufacturers</mention_text>
        <nom_head source="ENG_NW_001278_20130606_F00013GXM" offset="1536" length="13">manufacturers</nom_head>
      </entity_mention>
    </entity>
    <entity id="ent-201" type="ORG" specificity="specificGroup">
      <entity_mention id="m-195" noun_type="NOM" source="ENG_NW_001278_20130606_F00013GXM" offset="1583" length="55">
        <mention_text>suppliers that were violating environmental regulations</mention_text>
        <nom_head source="ENG_NW_001278_20130606_F00013GXM" offset="1583" length="9">suppliers</nom_head>
      </entity_mention>
      <entity_mention id="m-204" noun_type="PRO" source="ENG_NW_001278_20130606_F00013GXM" offset="1656" length="4">
        <mention_text>them</mention_text>
      </entity_mention>
    </entity>
    <entity id="ent-228" type="ORG" specificity="specificGroup">
      <entity_mention id="m-222" noun_type="NOM" source="ENG_NW_001278_20130606_F00013GXM" offset="1815" length="23">
        <mention_text>their Chinese suppliers</mention_text>
        <nom_head source="ENG_NW_001278_20130606_F00013GXM" offset="1829" length="9">suppliers</nom_head>
      </entity_mention>
    </entity>
    <entity id="ent-243" type="ORG" specificity="specificIndividual">
      <entity_mention id="m-237" noun_type="NAM" source="ENG_NW_001278_20130606_F00013GXM" offset="1857" length="5">
        <mention_text>Apple</mention_text>
      </entity_mention>
      <entity_mention id="m-252" noun_type="PRO" source="ENG_NW_001278_20130606_F00013GXM" offset="1949" length="2">
        <mention_text>it</mention_text>
      </entity_mention>
      <entity_mention id="m-258" noun_type="NAM" source="ENG_NW_001278_20130606_F00013GXM" offset="1905" length="5">
        <mention_text>Apple</mention_text>
      </entity_mention>
      <entity_mention id="m-264" noun_type="NOM" source="ENG_NW_001278_20130606_F00013GXM" offset="2072" length="11">
        <mention_text>the company</mention_text>
        <nom_head source="ENG_NW_001278_20130606_F00013GXM" offset="2076" length="7">company</nom_head>
      </entity_mention>
      <entity_mention id="m-270" noun_type="PRO" source="ENG_NW_001278_20130606_F00013GXM" offset="2122" length="3">
        <mention_text>its</mention_text>
      </entity_mention>
      <entity_mention id="m-496" noun_type="PRO" source="ENG_NW_001278_20130606_F00013GXM" offset="2092" length="3">
        <mention_text>its</mention_text>
      </entity_mention>
      <entity_mention id="m-595" noun_type="NOM" source="ENG_NW_001278_20130606_F00013GXM" offset="1866" length="28">
        <mention_text>an example of such a company</mention_text>
        <nom_head source="ENG_NW_001278_20130606_F00013GXM" offset="1869" length="7">example</nom_head>
      </entity_mention>
    </entity>
    <entity id="ent-282" type="ORG" specificity="specificGroup">
      <entity_mention id="m-276" noun_type="NOM" source="ENG_NW_001278_20130606_F00013GXM" offset="2122" length="13">
        <mention_text>its suppliers</mention_text>
        <nom_head source="ENG_NW_001278_20130606_F00013GXM" offset="2126" length="9">suppliers</nom_head>
      </entity_mention>
    </entity>
    <entity id="ent-297" type="PER" specificity="specificGroup">
      <entity_mention id="m-300" noun_type="NOM" source="ENG_NW_001278_20130606_F00013GXM" offset="2172" length="9">
        <mention_text>his group</mention_text>
        <nom_head source="ENG_NW_001278_20130606_F00013GXM" offset="2176" length="5">group</nom_head>
      </entity_mention>
      <entity_mention id="m-306" noun_type="NOM" source="ENG_NW_001278_20130606_F00013GXM" offset="297" length="38">
        <mention_text>his group for environmental protection</mention_text>
        <nom_head source="ENG_NW_001278_20130606_F00013GXM" offset="301" length="5">group</nom_head>
      </entity_mention>
    </entity>
    <entity id="ent-324" type="LOC" specificity="specificIndividual">
      <entity_mention id="m-318" noun_type="NOM" source="ENG_NW_001278_20130606_F00013GXM" offset="2253" length="9">
        <mention_text>the World</mention_text>
        <nom_head source="ENG_NW_001278_20130606_F00013GXM" offset="2257" length="5">World</nom_head>
      </entity_mention>
      <entity_mention id="m-333" noun_type="NOM" source="ENG_NW_001278_20130606_F00013GXM" offset="2351" length="9">
        <mention_text>the world</mention_text>
        <nom_head source="ENG_NW_001278_20130606_F00013GXM" offset="2355" length="5">world</nom_head>
      </entity_mention>
    </entity>
    <entity id="ent-345" type="PER" specificity="specificGroup">
      <entity_mention id="m-339" noun_type="PRO" source="ENG_NW_001278_20130606_F00013GXM" offset="2415" length="2">
        <mention_text>We</mention_text>
      </entity_mention>
    </entity>
    <entity id="ent-378" type="ORG" specificity="specificIndividual">
      <entity_mention id="m-372" noun_type="NOM" source="ENG_NW_001278_20130606_F00013GXM" offset="2710" length="10">
        <mention_text>government</mention_text>
        <nom_head source="ENG_NW_001278_20130606_F00013GXM" offset="2710" length="10">government</nom_head>
      </entity_mention>
    </entity>
    <entity id="ent-448" type="ORG" specificity="specificGroup">
      <entity_mention id="m-442" noun_type="NOM" source="ENG_NW_001278_20130606_F00013GXM" offset="1747" length="31">
        <mention_text>particularly large corporations</mention_text>
        <nom_head source="ENG_NW_001278_20130606_F00013GXM" offset="1766" length="12">corporations</nom_head>
      </entity_mention>
      <entity_mention id="m-451" noun_type="PRO" source="ENG_NW_001278_20130606_F00013GXM" offset="1815" length="5">
        <mention_text>their</mention_text>
      </entity_mention>
    </entity>
    <entity id="ent-493" type="ORG" specificity="specificGroup">
      <entity_mention id="m-487" noun_type="NOM" source="ENG_NW_001278_20130606_F00013GXM" offset="1978" length="60">
        <mention_text>factories that had been blamed for polluting the environment</mention_text>
        <nom_head source="ENG_NW_001278_20130606_F00013GXM" offset="1978" length="9">factories</nom_head>
      </entity_mention>
    </entity>
    <entity id="ent-508" type="ORG" specificity="specificIndividual">
      <entity_mention id="m-502" noun_type="NAM" source="ENG_NW_001278_20130606_F00013GXM" offset="2275" length="4">
        <mention_text>Time</mention_text>
      </entity_mention>
    </entity>
    <entity id="ent-517" type="PER" specificity="nonspecific">
      <entity_mention id="m-511" noun_type="NOM" source="ENG_NW_001278_20130606_F00013GXM" offset="2382" length="29">
        <mention_text>local environmental activists</mention_text>
        <nom_head source="ENG_NW_001278_20130606_F00013GXM" offset="2402" length="9">activists</nom_head>
      </entity_mention>
    </entity>
    <entity id="ent-526" type="ORG" specificity="specificGroup">
      <entity_mention id="m-520" noun_type="NOM" source="ENG_NW_001278_20130606_F00013GXM" offset="2459" length="21">
        <mention_text>firms in the database</mention_text>
        <nom_head source="ENG_NW_001278_20130606_F00013GXM" offset="2459" length="5">firms</nom_head>
      </entity_mention>
    </entity>
    <entity id="ent-556" type="PER" specificity="specificGroup">
      <entity_mention id="m-550" noun_type="NOM" source="ENG_NW_001278_20130606_F00013GXM" offset="2217" length="45">
        <mention_text>the "100 Most Influential People in the World</mention_text>
        <nom_head source="ENG_NW_001278_20130606_F00013GXM" offset="2243" length="6">People</nom_head>
      </entity_mention>
    </entity>
    <entity id="ent-571" type="GPE" specificity="specificGroup">
      <entity_mention id="m-565" noun_type="NOM" source="ENG_NW_001278_20130606_F00013GXM" offset="567" length="27">
        <mention_text>31 provincial-level regions</mention_text>
        <nom_head source="ENG_NW_001278_20130606_F00013GXM" offset="587" length="7">regions</nom_head>
      </entity_mention>
    </entity>
    <entity id="ent-580" type="ORG" specificity="specificGroup">
      <entity_mention id="m-574" noun_type="NOM" source="ENG_NW_001278_20130606_F00013GXM" offset="626" length="60">
        <mention_text>enterprises that have violated environmental protection laws</mention_text>
        <nom_head source="ENG_NW_001278_20130606_F00013GXM" offset="626" length="11">enterprises</nom_head>
      </entity_mention>
    </entity>
    <entity id="ent-625" type="LOC" specificity="specificGroup">
      <entity_mention id="m-619" noun_type="NOM" source="ENG_NW_001278_20130606_F00013GXM" offset="2546" length="10">
        <mention_text>some areas</mention_text>
        <nom_head source="ENG_NW_001278_20130606_F00013GXM" offset="2551" length="5">areas</nom_head>
      </entity_mention>
    </entity>
    <entity id="ent-817" type="ORG" specificity="specificGroup">
      <entity_mention id="m-811" noun_type="NOM" source="ENG_NW_001278_20130606_F00013GXM" offset="2445" length="35">
        <mention_text>a fraction of firms in the database</mention_text>
        <nom_head source="ENG_NW_001278_20130606_F00013GXM" offset="2447" length="8">fraction</nom_head>
      </entity_mention>
    </entity>
    <entity id="ent-868" type="PER" specificity="specificIndividual">
      <entity_mention id="m-862" noun_type="NAM" source="ENG_NW_001278_20130606_F00013GXM" offset="177" length="7">
        <mention_text>王学涛 梁赛玉</mention_text>
      </entity_mention>
    </entity>
  </entities>
  <fillers>
    <filler id="f-389" source="ENG_NW_001278_20130606_F00013GXM" offset="784" length="10" type="title">journalist</filler>
    <filler id="f-891" source="ENG_NW_001278_20130606_F00013GXM" offset="796" length="6" type="title">author</filler>
    <filler id="f-924" source="ENG_NW_001278_20130606_F00013GXM" offset="784" length="10" type="title">journalist</filler>
  </fillers>
  <relations>
    <relation id="r-1525" type="personalsocial" subtype="role">
      <relation_mention id="relm-381" realis="true">
        <rel_arg1 entity_id="ent-54" entity_mention_id="m-654" role="per">a former journalist, author and founder of the non-profit Institute for Public and Environmental Affairs (IPE)</rel_arg1>
        <rel_arg2 filler_id="f-389" role="role">journalist</rel_arg2>
      </relation_mention>
      <relation_mention id="relm-883" realis="true">
        <rel_arg1 entity_id="ent-54" entity_mention_id="m-871" role="per">a former journalist, author and founder of the non-profit Institute for Public and Environmental Affairs (IPE)</rel_arg1>
        <rel_arg2 filler_id="f-891" role="role">author</rel_arg2>
      </relation_mention>
    </relation>
    <relation id="r-1526" type="personalsocial" subtype="business">
      <relation_mention id="relm-432" realis="true">
        <rel_arg1 entity_id="ent-54" entity_mention_id="m-57" role="per">his</rel_arg1>
        <rel_arg2 entity_id="ent-297" entity_mention_id="m-306" role="per">his group for environmental protection</rel_arg2>
      </relation_mention>
      <relation_mention id="relm-638" realis="true">
        <rel_arg1 entity_id="ent-54" entity_mention_id="m-291" role="per">his</rel_arg1>
        <rel_arg2 entity_id="ent-297" entity_mention_id="m-300" role="per">his group</rel_arg2>
      </relation_mention>
    </relation>
    <relation id="r-1527" type="orgaffiliation" subtype="founder">
      <relation_mention id="relm-457" realis="true">
        <rel_arg1 entity_id="ent-54" entity_mention_id="m-84" role="founder">Ma</rel_arg1>
        <rel_arg2 entity_id="ent-75" entity_mention_id="m-90" role="org">IPE</rel_arg2>
        <trigger source="ENG_NW_001278_20130606_F00013GXM" offset="891" length="7">founded</trigger>
      </relation_mention>
      <relation_mention id="relm-628" realis="true">
        <rel_arg1 entity_id="ent-54" entity_mention_id="m-877" role="founder">a former journalist, author and founder of the non-profit Institute for Public and Environmental Affairs (IPE)</rel_arg1>
        <rel_arg2 entity_id="ent-75" entity_mention_id="m-69" role="org">Institute for Public and Environmental Affairs</rel_arg2>
        <trigger source="ENG_NW_001278_20130606_F00013GXM" offset="807" length="7">founder</trigger>
      </relation_mention>
    </relation>
    <relation id="r-1528" type="partwhole" subtype="subsidiary">
      <relation_mention id="relm-467" realis="true">
        <rel_arg1 entity_id="ent-192" entity_mention_id="m-186" role="suborg">Chinese manufacturers</rel_arg1>
        <rel_arg2 entity_id="ent-8" entity_mention_id="m-180" role="parent">Chinese</rel_arg2>
        <trigger source="ENG_NW_001278_20130606_F00013GXM" offset="1528" length="7">Chinese</trigger>
      </relation_mention>
    </relation>
    <relation id="r-1529" type="partwhole" subtype="subsidiary">
      <relation_mention id="relm-477" realis="true">
        <rel_arg1 entity_id="ent-228" entity_mention_id="m-222" role="suborg">their Chinese suppliers</rel_arg1>
        <rel_arg2 entity_id="ent-8" entity_mention_id="m-216" role="parent">Chinese</rel_arg2>
        <trigger source="ENG_NW_001278_20130606_F00013GXM" offset="1821" length="7">Chinese</trigger>
      </relation_mention>
    </relation>
  </relations>
  <hoppers>
    <hopper id="h-16">
      <event_mention id="em-660" type="contact" subtype="broadcast" realis="actual" audience="oneway" formality="formal" medium="canttell" schedule="canttell">
        <trigger source="ENG_NW_001278_20130606_F00013GXM" offset="766" length="4">said</trigger>
        <em_arg entity_id="ent-54" entity_mention_id="m-63" role="entity" realis="true">Ma</em_arg>
      </event_mention>
    </hopper>
    <hopper id="h-702">
      <event_mention id="em-681" type="contact" subtype="broadcast" realis="actual" audience="oneway" formality="formal" medium="notinperson" schedule="planned">
        <trigger source="ENG_NW_001278_20130606_F00013GXM" offset="1392" length="7">calling</trigger>
        <em_arg entity_id="ent-54" entity_mention_id="m-147" role="entity" realis="true">Ma</em_arg>
      </event_mention>
    </hopper>
    <hopper id="h-809">
      <event_mention id="em-788" type="contact" subtype="broadcast" realis="actual" audience="oneway" formality="formal" medium="notinperson" schedule="planned">
        <trigger source="ENG_NW_001278_20130606_F00013GXM" offset="1920" length="7">refused</trigger>
        <em_arg entity_id="ent-243" entity_mention_id="m-258" role="entity" realis="true">Apple</em_arg>
      </event_mention>
    </hopper>
    <hopper id="h-927">
      <event_mention id="em-899" type="personnel" subtype="endposition" realis="actual">
        <trigger source="ENG_NW_001278_20130606_F00013GXM" offset="777" length="6">former</trigger>
        <em_arg entity_id="ent-54" entity_mention_id="m-654" role="person" realis="true">a former journalist, author and founder of the non-profit Institute for Public and Environmental Affairs (IPE)</em_arg>
        <em_arg filler_id="f-924" role="position" realis="true">journalist</em_arg>
      </event_mention>
    </hopper>
  </hoppers>
</deft_ere>
