<?xml version="1.0" encoding="UTF-8"?>
<deft_ere kit_id="5733b8b10000000000000032" doc_id="ENG_NW_001278_20130118_F00013MGE" source_type="newswire">
  <entities>
    <entity id="ent-8" type="GPE" specificity="specificIndividual">
      <entity_mention id="m-18" noun_type="NAM" source="ENG_NW_001278_20130118_F00013MGE" offset="101" length="6">
        <mention_text>Cyprus</mention_text>
      </entity_mention>
      <entity_mention id="m-51" noun_type="NAM" source="ENG_NW_001278_20130118_F00013MGE" offset="188" length="6">
        <mention_text>Cyprus</mention_text>
      </entity_mention>
      <entity_mention id="m-69" noun_type="NAM" source="ENG_NW_001278_20130118_F00013MGE" offset="280" length="6">
        <mention_text>Cyprus</mention_text>
      </entity_mention>
      <entity_mention id="m-171" noun_type="NAM" source="ENG_NW_001278_20130118_F00013MGE" offset="929" length="6">
        <mention_text>Cyprus</mention_text>
      </entity_mention>
      <entity_mention id="m-195" noun_type="NOM" source="ENG_NW_001278_20130118_F00013MGE" offset="1024" length="5">
        <mention_text>state</mention_text>
        <nom_head source="ENG_NW_001278_20130118_F00013MGE" offset="1024" length="5">state</nom_head>
      </entity_mention>
      <entity_mention id="m-207" noun_type="NAM" source="ENG_NW_001278_20130118_F00013MGE" offset="1042" length="6">
        <mention_text>Cyprus</mention_text>
      </entity_mention>
      <entity_mention id="m-384" noun_type="NAM" source="ENG_NW_001278_20130118_F00013MGE" offset="2005" length="6">
        <mention_text>Cyprus</mention_text>
      </entity_mention>
      <entity_mention id="m-408" noun_type="NAM" source="ENG_NW_001278_20130118_F00013MGE" offset="2205" length="6">
        <mention_text>Cyprus</mention_text>
      </entity_mention>
      <entity_mention id="m-414" noun_type="PRO" source="ENG_NW_001278_20130118_F00013MGE" offset="2217" length="3">
        <mention_text>its</mention_text>
      </entity_mention>
      <entity_mention id="m-465" noun_type="NOM" source="ENG_NW_001278_20130118_F00013MGE" offset="2281" length="10">
        <mention_text>the island</mention_text>
        <nom_head source="ENG_NW_001278_20130118_F00013MGE" offset="2285" length="6">island</nom_head>
      </entity_mention>
      <entity_mention id="m-471" noun_type="NOM" source="ENG_NW_001278_20130118_F00013MGE" offset="2316" length="5">
        <mention_text>state</mention_text>
        <nom_head source="ENG_NW_001278_20130118_F00013MGE" offset="2316" length="5">state</nom_head>
      </entity_mention>
      <entity_mention id="m-489" noun_type="NAM" source="ENG_NW_001278_20130118_F00013MGE" offset="2471" length="6">
        <mention_text>Cyprus</mention_text>
      </entity_mention>
      <entity_mention id="m-555" noun_type="NAM" source="ENG_NW_001278_20130118_F00013MGE" offset="3204" length="6">
        <mention_text>Cyprus</mention_text>
      </entity_mention>
      <entity_mention id="m-591" noun_type="NAM" source="ENG_NW_001278_20130118_F00013MGE" offset="3548" length="7">
        <mention_text>Cypriot</mention_text>
      </entity_mention>
    </entity>
    <entity id="ent-30" type="GPE" specificity="specificIndividual">
      <entity_mention id="m-57" noun_type="NAM" source="ENG_NW_001278_20130118_F00013MGE" offset="229" length="7">
        <mention_text>NICOSIA</mention_text>
      </entity_mention>
    </entity>
    <entity id="ent-33" type="PER" specificity="specificIndividual">
      <entity_mention id="m-24" noun_type="NAM" source="ENG_NW_001278_20130118_F00013MGE" offset="161" length="10">
        <mention_text>huangyanan</mention_text>
      </entity_mention>
    </entity>
    <entity id="ent-36" type="ORG" specificity="specificIndividual">
      <entity_mention id="m-63" noun_type="NAM" source="ENG_NW_001278_20130118_F00013MGE" offset="247" length="6">
        <mention_text>Xinhua</mention_text>
      </entity_mention>
    </entity>
    <entity id="ent-39" type="ORG" specificity="specificGroup">
      <entity_mention id="m-75" noun_type="NOM" source="ENG_NW_001278_20130118_F00013MGE" offset="406" length="21">
        <mention_text>international lenders</mention_text>
        <nom_head source="ENG_NW_001278_20130118_F00013MGE" offset="420" length="7">lenders</nom_head>
      </entity_mention>
      <entity_mention id="m-495" noun_type="NOM" source="ENG_NW_001278_20130118_F00013MGE" offset="2482" length="21">
        <mention_text>international lenders</mention_text>
        <nom_head source="ENG_NW_001278_20130118_F00013MGE" offset="2496" length="7">lenders</nom_head>
      </entity_mention>
    </entity>
    <entity id="ent-42" type="PER" specificity="specificGroup">
      <entity_mention id="m-81" noun_type="NOM" source="ENG_NW_001278_20130118_F00013MGE" offset="466" length="9">
        <mention_text>11 people</mention_text>
        <nom_head source="ENG_NW_001278_20130118_F00013MGE" offset="469" length="6">people</nom_head>
      </entity_mention>
      <entity_mention id="m-93" noun_type="PRO" source="ENG_NW_001278_20130118_F00013MGE" offset="581" length="4">
        <mention_text>them</mention_text>
      </entity_mention>
    </entity>
    <entity id="ent-45" type="PER" specificity="specificGroup">
      <entity_mention id="m-87" noun_type="NOM" source="ENG_NW_001278_20130118_F00013MGE" offset="572" length="13">
        <mention_text>three of them</mention_text>
        <nom_head source="ENG_NW_001278_20130118_F00013MGE" offset="572" length="5">three</nom_head>
      </entity_mention>
      <entity_mention id="m-99" noun_type="NOM" source="ENG_NW_001278_20130118_F00013MGE" offset="607" length="31">
        <mention_text>serious presidential contenders</mention_text>
        <nom_head source="ENG_NW_001278_20130118_F00013MGE" offset="628" length="10">contenders</nom_head>
      </entity_mention>
    </entity>
    <entity id="ent-48" type="PER" specificity="specificGroup">
      <entity_mention id="m-105" noun_type="NOM" source="ENG_NW_001278_20130118_F00013MGE" offset="640" length="8">
        <mention_text>The rest</mention_text>
        <nom_head source="ENG_NW_001278_20130118_F00013MGE" offset="644" length="4">rest</nom_head>
      </entity_mention>
    </entity>
    <entity id="ent-117" type="ORG" specificity="specificIndividual">
      <entity_mention id="m-111" noun_type="NOM" source="ENG_NW_001278_20130118_F00013MGE" offset="801" length="56">
        <mention_text>Main right-wing opposition DISY (Democratic Rally) party</mention_text>
        <nom_head source="ENG_NW_001278_20130118_F00013MGE" offset="852" length="5">party</nom_head>
      </entity_mention>
      <entity_mention id="m-132" noun_type="NAM" source="ENG_NW_001278_20130118_F00013MGE" offset="828" length="4">
        <mention_text>DISY</mention_text>
      </entity_mention>
      <entity_mention id="m-147" noun_type="NAM" source="ENG_NW_001278_20130118_F00013MGE" offset="834" length="16">
        <mention_text>Democratic Rally</mention_text>
      </entity_mention>
    </entity>
    <entity id="ent-120" type="PER" specificity="specificIndividual">
      <entity_mention id="m-153" noun_type="NOM" source="ENG_NW_001278_20130118_F00013MGE" offset="801" length="63">
        <mention_text>Main right-wing opposition DISY (Democratic Rally) party leader</mention_text>
        <nom_head source="ENG_NW_001278_20130118_F00013MGE" offset="858" length="6">leader</nom_head>
      </entity_mention>
      <entity_mention id="m-159" noun_type="NAM" source="ENG_NW_001278_20130118_F00013MGE" offset="865" length="18">
        <mention_text>Nicos Anastasiades</mention_text>
      </entity_mention>
      <entity_mention id="m-165" noun_type="NOM" source="ENG_NW_001278_20130118_F00013MGE" offset="920" length="22">
        <mention_text>the next Cyprus leader</mention_text>
        <nom_head source="ENG_NW_001278_20130118_F00013MGE" offset="936" length="6">leader</nom_head>
      </entity_mention>
      <entity_mention id="m-213" noun_type="NAM" source="ENG_NW_001278_20130118_F00013MGE" offset="1081" length="12">
        <mention_text>Anastasiades</mention_text>
      </entity_mention>
      <entity_mention id="m-231" noun_type="PRO" source="ENG_NW_001278_20130118_F00013MGE" offset="1194" length="3">
        <mention_text>his</mention_text>
      </entity_mention>
      <entity_mention id="m-330" noun_type="NAM" source="ENG_NW_001278_20130118_F00013MGE" offset="1497" length="12">
        <mention_text>Anastasiades</mention_text>
      </entity_mention>
      <entity_mention id="m-336" noun_type="PRO" source="ENG_NW_001278_20130118_F00013MGE" offset="1609" length="2">
        <mention_text>he</mention_text>
      </entity_mention>
      <entity_mention id="m-348" noun_type="PRO" source="ENG_NW_001278_20130118_F00013MGE" offset="1675" length="3">
        <mention_text>his</mention_text>
      </entity_mention>
    </entity>
    <entity id="ent-123" type="PER" specificity="specificIndividual">
      <entity_mention id="m-183" noun_type="NAM" source="ENG_NW_001278_20130118_F00013MGE" offset="975" length="20">
        <mention_text>Demetris Christofias</mention_text>
      </entity_mention>
      <entity_mention id="m-354" noun_type="NAM" source="ENG_NW_001278_20130118_F00013MGE" offset="1700" length="11">
        <mention_text>Christofias</mention_text>
      </entity_mention>
      <entity_mention id="m-360" noun_type="PRO" source="ENG_NW_001278_20130118_F00013MGE" offset="1821" length="3">
        <mention_text>His</mention_text>
      </entity_mention>
      <entity_mention id="m-396" noun_type="NAM" source="ENG_NW_001278_20130118_F00013MGE" offset="2118" length="11">
        <mention_text>Christofias</mention_text>
      </entity_mention>
      <entity_mention id="m-402" noun_type="PRO" source="ENG_NW_001278_20130118_F00013MGE" offset="2135" length="2">
        <mention_text>he</mention_text>
      </entity_mention>
      <entity_mention id="m-483" noun_type="NAM" source="ENG_NW_001278_20130118_F00013MGE" offset="2407" length="11">
        <mention_text>Christofias</mention_text>
      </entity_mention>
    </entity>
    <entity id="ent-126" type="ORG" specificity="specificIndividual">
      <entity_mention id="m-189" noun_type="NOM" source="ENG_NW_001278_20130118_F00013MGE" offset="1024" length="17">
        <mention_text>state broadcaster</mention_text>
        <nom_head source="ENG_NW_001278_20130118_F00013MGE" offset="1030" length="11">broadcaster</nom_head>
      </entity_mention>
      <entity_mention id="m-201" noun_type="NAM" source="ENG_NW_001278_20130118_F00013MGE" offset="1042" length="31">
        <mention_text>Cyprus Broadcasting Corporation</mention_text>
      </entity_mention>
    </entity>
    <entity id="ent-129" type="PER" specificity="specificGroup">
      <entity_mention id="m-219" noun_type="NOM" source="ENG_NW_001278_20130118_F00013MGE" offset="1120" length="24">
        <mention_text>38 percent of the voters</mention_text>
        <nom_head source="ENG_NW_001278_20130118_F00013MGE" offset="1123" length="7">percent</nom_head>
      </entity_mention>
    </entity>
    <entity id="ent-138" type="PER" specificity="specificGroup">
      <entity_mention id="m-225" noun_type="NOM" source="ENG_NW_001278_20130118_F00013MGE" offset="1134" length="10">
        <mention_text>the voters</mention_text>
        <nom_head source="ENG_NW_001278_20130118_F00013MGE" offset="1138" length="6">voters</nom_head>
      </entity_mention>
    </entity>
    <entity id="ent-141" type="PER" specificity="specificIndividual">
      <entity_mention id="m-237" noun_type="NOM" source="ENG_NW_001278_20130118_F00013MGE" offset="1194" length="17">
        <mention_text>his nearest rival</mention_text>
        <nom_head source="ENG_NW_001278_20130118_F00013MGE" offset="1206" length="5">rival</nom_head>
      </entity_mention>
      <entity_mention id="m-249" noun_type="NAM" source="ENG_NW_001278_20130118_F00013MGE" offset="1236" length="13">
        <mention_text>Stavros Malas</mention_text>
      </entity_mention>
      <entity_mention id="m-255" noun_type="PRO" source="ENG_NW_001278_20130118_F00013MGE" offset="1251" length="3">
        <mention_text>who</mention_text>
      </entity_mention>
    </entity>
    <entity id="ent-144" type="ORG" specificity="specificIndividual">
      <entity_mention id="m-261" noun_type="NAM" source="ENG_NW_001278_20130118_F00013MGE" offset="1281" length="4">
        <mention_text>AKEL</mention_text>
      </entity_mention>
      <entity_mention id="m-267" noun_type="NAM" source="ENG_NW_001278_20130118_F00013MGE" offset="1287" length="32">
        <mention_text>The Working People's Progressive</mention_text>
      </entity_mention>
      <entity_mention id="m-273" noun_type="NOM" source="ENG_NW_001278_20130118_F00013MGE" offset="1271" length="55">
        <mention_text>left wing AKEL (The Working People's Progressive) party</mention_text>
        <nom_head source="ENG_NW_001278_20130118_F00013MGE" offset="1321" length="5">party</nom_head>
      </entity_mention>
    </entity>
    <entity id="ent-285" type="PER" specificity="specificIndividual">
      <entity_mention id="m-279" noun_type="NAM" source="ENG_NW_001278_20130118_F00013MGE" offset="1329" length="15">
        <mention_text>George Lillikas</mention_text>
      </entity_mention>
      <entity_mention id="m-312" noun_type="NOM" source="ENG_NW_001278_20130118_F00013MGE" offset="1346" length="37">
        <mention_text>an ex-minister in a former government</mention_text>
        <nom_head source="ENG_NW_001278_20130118_F00013MGE" offset="1349" length="11">ex-minister</nom_head>
      </entity_mention>
    </entity>
    <entity id="ent-288" type="ORG" specificity="specificIndividual">
      <entity_mention id="m-318" noun_type="NOM" source="ENG_NW_001278_20130118_F00013MGE" offset="1364" length="19">
        <mention_text>a former government</mention_text>
        <nom_head source="ENG_NW_001278_20130118_F00013MGE" offset="1373" length="10">government</nom_head>
      </entity_mention>
      <entity_mention id="m-507" noun_type="NOM" source="ENG_NW_001278_20130118_F00013MGE" offset="2760" length="14">
        <mention_text>the government</mention_text>
        <nom_head source="ENG_NW_001278_20130118_F00013MGE" offset="2764" length="10">government</nom_head>
      </entity_mention>
    </entity>
    <entity id="ent-291" type="ORG" specificity="specificIndividual">
      <entity_mention id="m-324" noun_type="NOM" source="ENG_NW_001278_20130118_F00013MGE" offset="1397" length="23">
        <mention_text>a small socialist party</mention_text>
        <nom_head source="ENG_NW_001278_20130118_F00013MGE" offset="1415" length="5">party</nom_head>
      </entity_mention>
    </entity>
    <entity id="ent-294" type="PER" specificity="specificIndividual">
      <entity_mention id="m-342" noun_type="NOM" source="ENG_NW_001278_20130118_F00013MGE" offset="1665" length="32">
        <mention_text>either of his two main opponents</mention_text>
        <nom_head source="ENG_NW_001278_20130118_F00013MGE" offset="1665" length="6">either</nom_head>
      </entity_mention>
    </entity>
    <entity id="ent-297" type="GPE" specificity="specificIndividual">
      <entity_mention id="m-366" noun_type="NAM" source="ENG_NW_001278_20130118_F00013MGE" offset="1901" length="7">
        <mention_text>Iranian</mention_text>
      </entity_mention>
    </entity>
    <entity id="ent-300" type="GPE" specificity="specificIndividual">
      <entity_mention id="m-372" noun_type="NAM" source="ENG_NW_001278_20130118_F00013MGE" offset="1947" length="5">
        <mention_text>Syria</mention_text>
      </entity_mention>
    </entity>
    <entity id="ent-303" type="PER" specificity="specificGroup">
      <entity_mention id="m-378" noun_type="NOM" source="ENG_NW_001278_20130118_F00013MGE" offset="1981" length="9">
        <mention_text>13 people</mention_text>
        <nom_head source="ENG_NW_001278_20130118_F00013MGE" offset="1984" length="6">people</nom_head>
      </entity_mention>
    </entity>
    <entity id="ent-306" type="FAC" specificity="specificIndividual">
      <entity_mention id="m-390" noun_type="NOM" source="ENG_NW_001278_20130118_F00013MGE" offset="2005" length="40">
        <mention_text>Cyprus' latest and biggest power station</mention_text>
        <nom_head source="ENG_NW_001278_20130118_F00013MGE" offset="2038" length="7">station</nom_head>
      </entity_mention>
    </entity>
    <entity id="ent-309" type="PER" specificity="specificGroup">
      <entity_mention id="m-420" noun_type="NOM" source="ENG_NW_001278_20130118_F00013MGE" offset="2217" length="21">
        <mention_text>its European partners</mention_text>
        <nom_head source="ENG_NW_001278_20130118_F00013MGE" offset="2230" length="8">partners</nom_head>
      </entity_mention>
    </entity>
    <entity id="ent-432" type="ORG" specificity="specificIndividual">
      <entity_mention id="m-426" noun_type="NAM" source="ENG_NW_001278_20130118_F00013MGE" offset="2247" length="26">
        <mention_text>International Monetary Fun</mention_text>
      </entity_mention>
    </entity>
    <entity id="ent-435" type="ORG" specificity="specificGroup">
      <entity_mention id="m-459" noun_type="NOM" source="ENG_NW_001278_20130118_F00013MGE" offset="2281" length="27">
        <mention_text>the island's two main banks</mention_text>
        <nom_head source="ENG_NW_001278_20130118_F00013MGE" offset="2303" length="5">banks</nom_head>
      </entity_mention>
      <entity_mention id="m-537" noun_type="NOM" source="ENG_NW_001278_20130118_F00013MGE" offset="3057" length="9">
        <mention_text>the banks</mention_text>
        <nom_head source="ENG_NW_001278_20130118_F00013MGE" offset="3061" length="5">banks</nom_head>
      </entity_mention>
      <entity_mention id="m-579" noun_type="NOM" source="ENG_NW_001278_20130118_F00013MGE" offset="3490" length="9">
        <mention_text>the banks</mention_text>
        <nom_head source="ENG_NW_001278_20130118_F00013MGE" offset="3494" length="5">banks</nom_head>
      </entity_mention>
    </entity>
    <entity id="ent-438" type="GPE" specificity="specificIndividual">
      <entity_mention id="m-477" noun_type="NAM" source="ENG_NW_001278_20130118_F00013MGE" offset="2386" length="5">
        <mention_text>Greek</mention_text>
      </entity_mention>
    </entity>
    <entity id="ent-441" type="PER" specificity="nonspecific">
      <entity_mention id="m-501" noun_type="NOM" source="ENG_NW_001278_20130118_F00013MGE" offset="2672" length="18">
        <mention_text>the next president</mention_text>
        <nom_head source="ENG_NW_001278_20130118_F00013MGE" offset="2681" length="9">president</nom_head>
      </entity_mention>
      <entity_mention id="m-567" noun_type="NOM" source="ENG_NW_001278_20130118_F00013MGE" offset="3326" length="18">
        <mention_text>the next president</mention_text>
        <nom_head source="ENG_NW_001278_20130118_F00013MGE" offset="3335" length="9">president</nom_head>
      </entity_mention>
    </entity>
    <entity id="ent-444" type="PER" specificity="specificIndividual">
      <entity_mention id="m-519" noun_type="NAM" source="ENG_NW_001278_20130118_F00013MGE" offset="2910" length="14">
        <mention_text>Vassos Shiarly</mention_text>
      </entity_mention>
      <entity_mention id="m-525" noun_type="PRO" source="ENG_NW_001278_20130118_F00013MGE" offset="2940" length="2">
        <mention_text>he</mention_text>
      </entity_mention>
      <entity_mention id="m-543" noun_type="NAM" source="ENG_NW_001278_20130118_F00013MGE" offset="3146" length="7">
        <mention_text>Shiarly</mention_text>
      </entity_mention>
      <entity_mention id="m-561" noun_type="PRO" source="ENG_NW_001278_20130118_F00013MGE" offset="3255" length="2">
        <mention_text>He</mention_text>
      </entity_mention>
      <entity_mention id="m-573" noun_type="NAM" source="ENG_NW_001278_20130118_F00013MGE" offset="3446" length="7">
        <mention_text>Shiarly</mention_text>
      </entity_mention>
    </entity>
    <entity id="ent-447" type="ORG" specificity="specificIndividual">
      <entity_mention id="m-531" noun_type="NAM" source="ENG_NW_001278_20130118_F00013MGE" offset="2957" length="9">
        <mention_text>Eurogroup</mention_text>
      </entity_mention>
      <entity_mention id="m-549" noun_type="NAM" source="ENG_NW_001278_20130118_F00013MGE" offset="3163" length="9">
        <mention_text>Eurogroup</mention_text>
      </entity_mention>
    </entity>
    <entity id="ent-450" type="PER" specificity="specificGroup">
      <entity_mention id="m-585" noun_type="NOM" source="ENG_NW_001278_20130118_F00013MGE" offset="3548" length="19">
        <mention_text>Cypriot authorities</mention_text>
        <nom_head source="ENG_NW_001278_20130118_F00013MGE" offset="3556" length="11">authorities</nom_head>
      </entity_mention>
    </entity>
    <entity id="ent-456" type="LOC" specificity="specificIndividual">
      <entity_mention id="m-2009" noun_type="NAM" source="ENG_NW_001278_20130118_F00013MGE" offset="2221" length="8">
        <mention_text>European</mention_text>
      </entity_mention>
    </entity>
  </entities>
  <fillers>
    <filler id="f-721" source="ENG_NW_001278_20130118_F00013MGE" offset="965" length="9" type="title">president</filler>
    <filler id="f-771" source="ENG_NW_001278_20130118_F00013MGE" offset="1220" length="15" type="title">Health Minister</filler>
    <filler id="f-781" source="ENG_NW_001278_20130118_F00013MGE" offset="1352" length="8" type="title">minister</filler>
    <filler id="f-871" source="ENG_NW_001278_20130118_F00013MGE" offset="2893" length="16" type="title">Finance Minister</filler>
    <filler id="f-2043" source="ENG_NW_001278_20130118_F00013MGE" offset="2681" length="9" type="title">president</filler>
    <filler id="f-2053" source="ENG_NW_001278_20130118_F00013MGE" offset="3335" length="9" type="title">president</filler>
    <filler id="f-915" source="ENG_NW_001278_20130118_F00013MGE" offset="556" length="6" type="time" nom_time="2013-01-18">Friday</filler>
    <filler id="f-951" source="ENG_NW_001278_20130118_F00013MGE" offset="118" length="12" type="title">presidential</filler>
    <filler id="f-979" source="ENG_NW_001278_20130118_F00013MGE" offset="205" length="12" type="title">presidential</filler>
    <filler id="f-999" source="ENG_NW_001278_20130118_F00013MGE" offset="316" length="12" type="title">presidential</filler>
    <filler id="f-1070" source="ENG_NW_001278_20130118_F00013MGE" offset="615" length="12" type="title">presidential</filler>
    <filler id="f-1252" source="ENG_NW_001278_20130118_F00013MGE" offset="1220" length="15" type="title">Health Minister</filler>
    <filler id="f-2364" source="ENG_NW_001278_20130118_F00013MGE" offset="1352" length="8" type="title">minister</filler>
    <filler id="f-1332" source="ENG_NW_001278_20130118_F00013MGE" offset="1554" length="7" type="time" nom_time="2013-02-17">Feb. 17</filler>
    <filler id="f-1360" source="ENG_NW_001278_20130118_F00013MGE" offset="1788" length="21" type="time" nom_time="2008-XX-XX">five disastrous years</filler>
    <filler id="f-1390" source="ENG_NW_001278_20130118_F00013MGE" offset="1877" length="56" type="weapon">500 tons of confiscated Iranian explosives and munitions</filler>
    <filler id="f-1405" source="ENG_NW_001278_20130118_F00013MGE" offset="1956" length="10" type="time" nom_time="2011-07-XX">July, 2011</filler>
    <filler id="f-1440" source="ENG_NW_001278_20130118_F00013MGE" offset="1956" length="10" type="time" nom_time="2011-07-XX">July, 2011</filler>
    <filler id="f-1447" source="ENG_NW_001278_20130118_F00013MGE" offset="1877" length="56" type="weapon">500 tons of confiscated Iranian explosives and munitions</filler>
    <filler id="f-1622" source="ENG_NW_001278_20130118_F00013MGE" offset="2543" length="18" type="time" nom_time="2013-01-XX">the end of January</filler>
    <filler id="f-1720" source="ENG_NW_001278_20130118_F00013MGE" offset="2893" length="16" type="title">Finance Minister</filler>
    <filler id="f-1755" source="ENG_NW_001278_20130118_F00013MGE" offset="2933" length="6" type="time" nom_time="2013-01-18">Friday</filler>
    <filler id="f-1783" source="ENG_NW_001278_20130118_F00013MGE" offset="2990" length="6" type="time" nom_time="2013-01-21">Monday</filler>
    <filler id="f-1832" source="ENG_NW_001278_20130118_F00013MGE" offset="2990" length="6" type="time" nom_time="2013-01-21">Monday</filler>
    <filler id="f-1972" source="ENG_NW_001278_20130118_F00013MGE" offset="3530" length="16" type="money">10 billion euros</filler>
    <filler id="f-2350" source="ENG_NW_001278_20130118_F00013MGE" offset="3606" length="15" type="money">8 billion euros</filler>
    <filler id="f-2082" source="ENG_NW_001278_20130118_F00013MGE" offset="791" length="8" type="time" nom_time="2013-02-17">Feb. 17.</filler>
    <filler id="f-2110" source="ENG_NW_001278_20130118_F00013MGE" offset="936" length="6" type="title">leader</filler>
    <filler id="f-2201" source="ENG_NW_001278_20130118_F00013MGE" offset="1600" length="7" type="time" nom_time="2013-02-24">Feb. 24</filler>
    <filler id="f-2246" source="ENG_NW_001278_20130118_F00013MGE" offset="1744" length="9" type="time" nom_time="2013-xx-xx">this year</filler>
    <filler id="f-2253" source="ENG_NW_001278_20130118_F00013MGE" offset="1756" length="12" type="title">presidential</filler>
    <filler id="f-2288" source="ENG_NW_001278_20130118_F00013MGE" offset="1877" length="56" type="commodity">500 tons of confiscated Iranian explosives and munitions</filler>
  </fillers>
  <relations>
    <relation id="r-952" type="orgaffiliation" subtype="leadership">
      <relation_mention id="relm-633" realis="true">
        <rel_arg1 entity_id="ent-120" entity_mention_id="m-159" role="leader">Nicos Anastasiades</rel_arg1>
        <rel_arg2 entity_id="ent-117" entity_mention_id="m-147" role="entity">Democratic Rally</rel_arg2>
        <trigger source="ENG_NW_001278_20130118_F00013MGE" offset="858" length="6">leader</trigger>
      </relation_mention>
    </relation>
    <relation id="r-953" type="orgaffiliation" subtype="leadership">
      <relation_mention id="relm-693" realis="false">
        <rel_arg1 entity_id="ent-120" entity_mention_id="m-165" role="leader">the next Cyprus leader</rel_arg1>
        <rel_arg2 entity_id="ent-8" entity_mention_id="m-171" role="entity">Cyprus</rel_arg2>
        <trigger source="ENG_NW_001278_20130118_F00013MGE" offset="936" length="6">leader</trigger>
      </relation_mention>
    </relation>
    <relation id="r-954" type="orgaffiliation" subtype="leadership">
      <relation_mention id="relm-703" realis="true">
        <rel_arg1 entity_id="ent-123" entity_mention_id="m-183" role="leader">Demetris Christofias</rel_arg1>
        <rel_arg2 entity_id="ent-8" entity_mention_id="m-171" role="entity">Cyprus</rel_arg2>
        <trigger source="ENG_NW_001278_20130118_F00013MGE" offset="965" length="9">president</trigger>
      </relation_mention>
    </relation>
    <relation id="r-955" type="personalsocial" subtype="role">
      <relation_mention id="relm-713" realis="true">
        <rel_arg1 entity_id="ent-123" entity_mention_id="m-183" role="per">Demetris Christofias</rel_arg1>
        <rel_arg2 filler_id="f-721" role="role">president</rel_arg2>
      </relation_mention>
    </relation>
    <relation id="r-956" type="partwhole" subtype="subsidiary">
      <relation_mention id="relm-723" realis="true">
        <rel_arg1 entity_id="ent-126" entity_mention_id="m-189" role="suborg">state broadcaster</rel_arg1>
        <rel_arg2 entity_id="ent-8" entity_mention_id="m-195" role="parent">state</rel_arg2>
      </relation_mention>
      <relation_mention id="relm-733" realis="true">
        <rel_arg1 entity_id="ent-126" entity_mention_id="m-201" role="suborg">Cyprus Broadcasting Corporation</rel_arg1>
        <rel_arg2 entity_id="ent-8" entity_mention_id="m-207" role="parent">Cyprus</rel_arg2>
      </relation_mention>
    </relation>
    <relation id="r-957" type="personalsocial" subtype="role">
      <relation_mention id="relm-763" realis="true">
        <rel_arg1 entity_id="ent-141" entity_mention_id="m-249" role="per">Stavros Malas</rel_arg1>
        <rel_arg2 filler_id="f-771" role="role">Health Minister</rel_arg2>
      </relation_mention>
    </relation>
    <relation id="r-958" type="personalsocial" subtype="role">
      <relation_mention id="relm-773" realis="true">
        <rel_arg1 entity_id="ent-285" entity_mention_id="m-279" role="per">George Lillikas</rel_arg1>
        <rel_arg2 filler_id="f-781" role="role">minister</rel_arg2>
      </relation_mention>
    </relation>
    <relation id="r-959" type="orgaffiliation" subtype="employmentmembership">
      <relation_mention id="relm-783" realis="true">
        <rel_arg1 entity_id="ent-285" entity_mention_id="m-312" role="employeemember">an ex-minister in a former government</rel_arg1>
        <rel_arg2 entity_id="ent-288" entity_mention_id="m-318" role="org">a former government</rel_arg2>
        <trigger source="ENG_NW_001278_20130118_F00013MGE" offset="1361" length="2">in</trigger>
      </relation_mention>
    </relation>
    <relation id="r-960" type="personalsocial" subtype="business">
      <relation_mention id="relm-803" realis="true">
        <rel_arg1 entity_id="ent-120" entity_mention_id="m-348" role="per">his</rel_arg1>
        <rel_arg2 entity_id="ent-294" entity_mention_id="m-342" role="per">either of his two main opponents</rel_arg2>
      </relation_mention>
    </relation>
    <relation id="r-961" type="physical" subtype="locatednear">
      <relation_mention id="relm-823" realis="true">
        <rel_arg1 entity_id="ent-306" entity_mention_id="m-390" role="entity">Cyprus' latest and biggest power station</rel_arg1>
        <rel_arg2 entity_id="ent-8" entity_mention_id="m-384" role="loc">Cyprus</rel_arg2>
      </relation_mention>
    </relation>
    <relation id="r-962" type="physical" subtype="locatednear">
      <relation_mention id="relm-833" realis="true">
        <rel_arg1 entity_id="ent-303" entity_mention_id="m-378" role="entity">13 people</rel_arg1>
        <rel_arg2 entity_id="ent-306" entity_mention_id="m-390" role="loc">Cyprus' latest and biggest power station</rel_arg2>
      </relation_mention>
    </relation>
    <relation id="r-963" type="orgaffiliation" subtype="employmentmembership">
      <relation_mention id="relm-843" realis="true">
        <rel_arg1 entity_id="ent-123" entity_mention_id="m-402" role="employeemember">he</rel_arg1>
        <rel_arg2 entity_id="ent-8" entity_mention_id="m-408" role="org">Cyprus</rel_arg2>
      </relation_mention>
    </relation>
    <relation id="r-964" type="personalsocial" subtype="role">
      <relation_mention id="relm-863" realis="true">
        <rel_arg1 entity_id="ent-444" entity_mention_id="m-519" role="per">Vassos Shiarly</rel_arg1>
        <rel_arg2 filler_id="f-871" role="role">Finance Minister</rel_arg2>
      </relation_mention>
    </relation>
    <relation id="r-965" type="physical" subtype="locatednear">
      <relation_mention id="relm-2015" realis="true">
        <rel_arg1 entity_id="ent-309" entity_mention_id="m-420" role="entity">its European partners</rel_arg1>
        <rel_arg2 entity_id="ent-456" entity_mention_id="m-2009" role="loc">European</rel_arg2>
        <trigger source="ENG_NW_001278_20130118_F00013MGE" offset="2221" length="8">European</trigger>
      </relation_mention>
    </relation>
    <relation id="r-966" type="physical" subtype="orglocationorigin">
      <relation_mention id="relm-2025" realis="true">
        <rel_arg1 entity_id="ent-435" entity_mention_id="m-459" role="org">the island's two main banks</rel_arg1>
        <rel_arg2 entity_id="ent-8" entity_mention_id="m-465" role="loc">the island</rel_arg2>
        <trigger source="ENG_NW_001278_20130118_F00013MGE" offset="2285" length="8">island's</trigger>
      </relation_mention>
    </relation>
    <relation id="r-967" type="personalsocial" subtype="role">
      <relation_mention id="relm-2035" realis="false">
        <rel_arg1 entity_id="ent-441" entity_mention_id="m-501" role="per">the next president</rel_arg1>
        <rel_arg2 filler_id="f-2043" role="role">president</rel_arg2>
      </relation_mention>
      <relation_mention id="relm-2045" realis="false">
        <rel_arg1 entity_id="ent-441" entity_mention_id="m-567" role="per">the next president</rel_arg1>
        <rel_arg2 filler_id="f-2053" role="role">president</rel_arg2>
      </relation_mention>
    </relation>
    <relation id="r-968" type="orgaffiliation" subtype="employmentmembership">
      <relation_mention id="relm-2055" realis="true">
        <rel_arg1 entity_id="ent-450" entity_mention_id="m-585" role="employeemember">Cypriot authorities</rel_arg1>
        <rel_arg2 entity_id="ent-8" entity_mention_id="m-591" role="org">Cypriot</rel_arg2>
        <trigger source="ENG_NW_001278_20130118_F00013MGE" offset="3548" length="7">Cypriot</trigger>
      </relation_mention>
    </relation>
  </relations>
  <hoppers>
    <hopper id="h-16">
      <event_mention id="em-883" type="contact" subtype="broadcast" realis="actual" audience="oneway" formality="formal" medium="notinperson" schedule="planned">
        <trigger source="ENG_NW_001278_20130118_F00013MGE" offset="487" length="9">submitted</trigger>
        <em_arg entity_id="ent-42" entity_mention_id="m-81" role="entity" realis="true">11 people</em_arg>
        <em_arg entity_id="ent-8" entity_mention_id="m-69" role="place" realis="true">Cyprus</em_arg>
        <em_arg filler_id="f-915" role="time" realis="true">Friday</em_arg>
      </event_mention>
    </hopper>
    <hopper id="h-918">
      <event_mention id="em-926" type="personnel" subtype="elect" realis="other">
        <trigger source="ENG_NW_001278_20130118_F00013MGE" offset="131" length="9">elections</trigger>
        <em_arg entity_id="ent-8" entity_mention_id="m-18" role="place" realis="true">Cyprus</em_arg>
        <em_arg filler_id="f-951" role="position" realis="true">presidential</em_arg>
      </event_mention>
      <event_mention id="em-954" type="personnel" subtype="elect" realis="other">
        <trigger source="ENG_NW_001278_20130118_F00013MGE" offset="218" length="9">elections</trigger>
        <em_arg entity_id="ent-8" entity_mention_id="m-51" role="place" realis="true">Cyprus</em_arg>
        <em_arg filler_id="f-979" role="position" realis="true">presidential</em_arg>
      </event_mention>
      <event_mention id="em-982" type="personnel" subtype="elect" realis="other">
        <trigger source="ENG_NW_001278_20130118_F00013MGE" offset="329" length="9">elections</trigger>
        <em_arg filler_id="f-999" role="position" realis="true">presidential</em_arg>
        <em_arg entity_id="ent-8" entity_mention_id="m-69" role="place" realis="true">Cyprus</em_arg>
      </event_mention>
      <event_mention id="em-1045" type="personnel" subtype="elect" realis="other">
        <trigger source="ENG_NW_001278_20130118_F00013MGE" offset="497" length="9">candidacy</trigger>
        <em_arg entity_id="ent-42" entity_mention_id="m-81" role="person" realis="true">11 people</em_arg>
        <em_arg filler_id="f-1070" role="position" realis="true">presidential</em_arg>
        <em_arg entity_id="ent-8" entity_mention_id="m-69" role="place" realis="true">Cyprus</em_arg>
      </event_mention>
      <event_mention id="em-2065" type="personnel" subtype="elect" realis="other">
        <trigger source="ENG_NW_001278_20130118_F00013MGE" offset="762" length="5">votes</trigger>
        <em_arg filler_id="f-2082" role="time" realis="true">Feb. 17.</em_arg>
      </event_mention>
      <event_mention id="em-2221" type="personnel" subtype="elect" realis="other">
        <trigger source="ENG_NW_001278_20130118_F00013MGE" offset="1769" length="8">election</trigger>
        <em_arg entity_id="ent-123" entity_mention_id="m-354" role="person" realis="false">Christofias</em_arg>
        <em_arg filler_id="f-2246" role="time" realis="true">this year</em_arg>
        <em_arg filler_id="f-2253" role="position" realis="true">presidential</em_arg>
      </event_mention>
    </hopper>
    <hopper id="h-920">
      <event_mention id="em-1017" type="contact" subtype="contact" realis="actual" audience="twoway" formality="formal" medium="canttell" schedule="planned">
        <trigger source="ENG_NW_001278_20130118_F00013MGE" offset="389" length="6">agreed</trigger>
        <em_arg entity_id="ent-8" entity_mention_id="m-69" role="entity" realis="true">Cyprus</em_arg>
        <em_arg entity_id="ent-39" entity_mention_id="m-75" role="entity" realis="true">international lenders</em_arg>
      </event_mention>
    </hopper>
    <hopper id="h-1262">
      <event_mention id="em-1220" type="personnel" subtype="endposition" realis="actual">
        <trigger source="ENG_NW_001278_20130118_F00013MGE" offset="1213" length="6">former</trigger>
        <em_arg entity_id="ent-141" entity_mention_id="m-249" role="person" realis="true">Stavros Malas</em_arg>
        <em_arg entity_id="ent-8" entity_mention_id="m-207" role="entity" realis="true">Cyprus</em_arg>
        <em_arg filler_id="f-1252" role="position" realis="true">Health Minister</em_arg>
      </event_mention>
    </hopper>
    <hopper id="h-1264">
      <event_mention id="em-1272" type="personnel" subtype="endposition" realis="actual">
        <trigger source="ENG_NW_001278_20130118_F00013MGE" offset="1349" length="2">ex</trigger>
        <em_arg entity_id="ent-285" entity_mention_id="m-312" role="person" realis="true">an ex-minister in a former government</em_arg>
        <em_arg filler_id="f-2364" role="position" realis="true">minister</em_arg>
        <em_arg entity_id="ent-288" entity_mention_id="m-318" role="entity" realis="true">a former government</em_arg>
      </event_mention>
    </hopper>
    <hopper id="h-1266">
      <event_mention id="em-1307" type="personnel" subtype="elect" realis="other">
        <trigger source="ENG_NW_001278_20130118_F00013MGE" offset="1547" length="3">win</trigger>
        <em_arg entity_id="ent-120" entity_mention_id="m-330" role="person" realis="true">Anastasiades</em_arg>
        <em_arg filler_id="f-1332" role="time" realis="false">Feb. 17</em_arg>
      </event_mention>
    </hopper>
    <hopper id="h-1268">
      <event_mention id="em-1335" type="personnel" subtype="startposition" realis="actual">
        <trigger source="ENG_NW_001278_20130118_F00013MGE" offset="1810" length="2">in</trigger>
        <em_arg entity_id="ent-123" entity_mention_id="m-354" role="person" realis="true">Christofias</em_arg>
        <em_arg filler_id="f-1360" role="time" realis="true">five disastrous years</em_arg>
      </event_mention>
    </hopper>
    <hopper id="h-1363">
      <event_mention id="em-1373" type="movement" subtype="transportartifact" realis="other">
        <trigger source="ENG_NW_001278_20130118_F00013MGE" offset="1934" length="8">destined</trigger>
        <em_arg filler_id="f-1390" role="artifact" realis="true">500 tons of confiscated Iranian explosives and munitions</em_arg>
        <em_arg entity_id="ent-300" entity_mention_id="m-372" role="destination" realis="true">Syria</em_arg>
        <em_arg filler_id="f-1405" role="time" realis="true">July, 2011</em_arg>
      </event_mention>
    </hopper>
    <hopper id="h-1365">
      <event_mention id="em-1408" type="life" subtype="die" realis="actual">
        <trigger source="ENG_NW_001278_20130118_F00013MGE" offset="1974" length="6">killed</trigger>
        <em_arg entity_id="ent-303" entity_mention_id="m-378" role="victim" realis="true">13 people</em_arg>
        <em_arg entity_id="ent-306" entity_mention_id="m-390" role="place" realis="true">Cyprus' latest and biggest power station</em_arg>
        <em_arg filler_id="f-1440" role="time" realis="true">July, 2011</em_arg>
        <em_arg filler_id="f-1447" role="instrument" realis="true">500 tons of confiscated Iranian explosives and munitions</em_arg>
      </event_mention>
    </hopper>
    <hopper id="h-1367">
      <event_mention id="em-1450" type="contact" subtype="contact" realis="actual" audience="canttell" formality="formal" medium="canttell" schedule="planned">
        <trigger source="ENG_NW_001278_20130118_F00013MGE" offset="2183" length="7">request</trigger>
        <em_arg entity_id="ent-123" entity_mention_id="m-402" role="entity" realis="true">he</em_arg>
        <em_arg entity_id="ent-309" entity_mention_id="m-420" role="entity" realis="true">its European partners</em_arg>
        <em_arg entity_id="ent-432" entity_mention_id="m-426" role="entity" realis="true">International Monetary Fun</em_arg>
      </event_mention>
    </hopper>
    <hopper id="h-1369">
      <event_mention id="em-1485" type="transaction" subtype="transfermoney" realis="other" ways="voluntary">
        <trigger source="ENG_NW_001278_20130118_F00013MGE" offset="2322" length="9">financing</trigger>
        <em_arg entity_id="ent-8" entity_mention_id="m-471" role="giver" realis="true">state</em_arg>
        <em_arg entity_id="ent-435" entity_mention_id="m-459" role="recipient" realis="true">the island's two main banks</em_arg>
      </event_mention>
    </hopper>
    <hopper id="h-1371">
      <event_mention id="em-1534" type="contact" subtype="contact" realis="actual" audience="canttell" formality="formal" medium="canttell" schedule="planned">
        <trigger source="ENG_NW_001278_20130118_F00013MGE" offset="2309" length="6">sought</trigger>
        <em_arg entity_id="ent-435" entity_mention_id="m-459" role="entity" realis="true">the island's two main banks</em_arg>
        <em_arg entity_id="ent-8" entity_mention_id="m-471" role="entity" realis="true">state</em_arg>
      </event_mention>
    </hopper>
    <hopper id="h-1520">
      <event_mention id="em-1569" type="contact" subtype="contact" realis="actual" audience="canttell" formality="formal" medium="canttell" schedule="planned">
        <trigger source="ENG_NW_001278_20130118_F00013MGE" offset="2423" length="9">consented</trigger>
        <em_arg entity_id="ent-123" entity_mention_id="m-483" role="entity" realis="true">Christofias</em_arg>
      </event_mention>
    </hopper>
    <hopper id="h-1522">
      <event_mention id="em-1590" type="contact" subtype="contact" realis="actual" audience="twoway" formality="formal" medium="canttell" schedule="planned">
        <trigger source="ENG_NW_001278_20130118_F00013MGE" offset="2445" length="10">memorandum</trigger>
        <em_arg entity_id="ent-8" entity_mention_id="m-489" role="entity" realis="true">Cyprus</em_arg>
        <em_arg entity_id="ent-39" entity_mention_id="m-495" role="entity" realis="true">international lenders</em_arg>
        <em_arg filler_id="f-1622" role="time" realis="false">the end of January</em_arg>
      </event_mention>
    </hopper>
    <hopper id="h-1524">
      <event_mention id="em-1625" type="transaction" subtype="transfermoney" realis="other" ways="voluntary">
        <trigger source="ENG_NW_001278_20130118_F00013MGE" offset="2614" length="16">recapitalization</trigger>
        <em_arg entity_id="ent-39" entity_mention_id="m-495" role="giver" realis="true">international lenders</em_arg>
        <em_arg entity_id="ent-8" entity_mention_id="m-489" role="recipient" realis="true">Cyprus</em_arg>
      </event_mention>
      <event_mention id="em-1940" type="transaction" subtype="transfermoney" realis="other" ways="voluntary">
        <trigger source="ENG_NW_001278_20130118_F00013MGE" offset="3465" length="16">recapitalization</trigger>
        <em_arg entity_id="ent-435" entity_mention_id="m-579" role="beneficiary" realis="true">the banks</em_arg>
        <em_arg entity_id="ent-8" entity_mention_id="m-591" role="recipient" realis="true">Cypriot</em_arg>
        <em_arg filler_id="f-1972" role="money" realis="false">10 billion euros</em_arg>
        <em_arg filler_id="f-2350" role="money" realis="false">8 billion euros</em_arg>
      </event_mention>
    </hopper>
    <hopper id="h-1526">
      <event_mention id="em-1660" type="contact" subtype="contact" realis="other" audience="twoway" formality="formal" medium="canttell" schedule="canttell">
        <trigger source="ENG_NW_001278_20130118_F00013MGE" offset="2723" length="9">agreement</trigger>
        <em_arg entity_id="ent-441" entity_mention_id="m-501" role="entity" realis="true">the next president</em_arg>
        <em_arg entity_id="ent-39" entity_mention_id="m-495" role="entity" realis="true">international lenders</em_arg>
      </event_mention>
    </hopper>
    <hopper id="h-1528">
      <event_mention id="em-1695" type="personnel" subtype="endposition" realis="other">
        <trigger source="ENG_NW_001278_20130118_F00013MGE" offset="2884" length="8">Outgoing</trigger>
        <em_arg entity_id="ent-444" entity_mention_id="m-519" role="person" realis="true">Vassos Shiarly</em_arg>
        <em_arg filler_id="f-1720" role="position" realis="true">Finance Minister</em_arg>
      </event_mention>
    </hopper>
    <hopper id="h-1530">
      <event_mention id="em-1730" type="contact" subtype="contact" realis="actual" audience="canttell" formality="canttell" medium="canttell" schedule="canttell">
        <trigger source="ENG_NW_001278_20130118_F00013MGE" offset="2925" length="4">said</trigger>
        <em_arg entity_id="ent-444" entity_mention_id="m-519" role="entity" realis="true">Vassos Shiarly</em_arg>
        <em_arg filler_id="f-1755" role="time" realis="true">Friday</em_arg>
      </event_mention>
    </hopper>
    <hopper id="h-1532">
      <event_mention id="em-1758" type="movement" subtype="transportperson" realis="other">
        <trigger source="ENG_NW_001278_20130118_F00013MGE" offset="2949" length="2">go</trigger>
        <em_arg entity_id="ent-444" entity_mention_id="m-525" role="person" realis="true">he</em_arg>
        <em_arg filler_id="f-1783" role="time" realis="true">Monday</em_arg>
      </event_mention>
    </hopper>
    <hopper id="h-1786">
      <event_mention id="em-1800" type="contact" subtype="contact" realis="other" audience="canttell" formality="formal" medium="inperson" schedule="planned">
        <trigger source="ENG_NW_001278_20130118_F00013MGE" offset="2979" length="7">meeting</trigger>
        <em_arg entity_id="ent-444" entity_mention_id="m-519" role="entity" realis="true">Vassos Shiarly</em_arg>
        <em_arg entity_id="ent-447" entity_mention_id="m-531" role="entity" realis="true">Eurogroup</em_arg>
        <em_arg filler_id="f-1832" role="time" realis="false">Monday</em_arg>
      </event_mention>
    </hopper>
    <hopper id="h-1796">
      <event_mention id="em-2093" type="personnel" subtype="elect" realis="other">
        <trigger source="ENG_NW_001278_20130118_F00013MGE" offset="947" length="7">succeed</trigger>
        <em_arg filler_id="f-2110" role="position" realis="true">leader</em_arg>
        <em_arg entity_id="ent-120" entity_mention_id="m-165" role="person" realis="true">the next Cyprus leader</em_arg>
        <em_arg entity_id="ent-8" entity_mention_id="m-171" role="place" realis="true">Cyprus</em_arg>
      </event_mention>
    </hopper>
    <hopper id="h-1798">
      <event_mention id="em-2128" type="contact" subtype="contact" realis="actual" audience="twoway" formality="formal" medium="canttell" schedule="planned">
        <trigger source="ENG_NW_001278_20130118_F00013MGE" offset="1016" length="4">poll</trigger>
        <em_arg entity_id="ent-126" entity_mention_id="m-189" role="entity" realis="true">state broadcaster</em_arg>
        <em_arg entity_id="ent-138" entity_mention_id="m-225" role="entity" realis="true">the voters</em_arg>
        <em_arg entity_id="ent-8" entity_mention_id="m-207" role="place" realis="true">Cyprus</em_arg>
      </event_mention>
    </hopper>
    <hopper id="h-2219">
      <event_mention id="em-2184" type="personnel" subtype="elect" realis="other">
        <trigger source="ENG_NW_001278_20130118_F00013MGE" offset="1588" length="8">election</trigger>
        <em_arg filler_id="f-2201" role="time" realis="true">Feb. 24</em_arg>
        <em_arg entity_id="ent-120" entity_mention_id="m-336" role="person" realis="true">he</em_arg>
        <em_arg entity_id="ent-294" entity_mention_id="m-342" role="person" realis="true">either of his two main opponents</em_arg>
      </event_mention>
    </hopper>
    <hopper id="h-2293">
      <event_mention id="em-2256" type="transaction" subtype="transferownership" realis="actual" ways="canttell">
        <trigger source="ENG_NW_001278_20130118_F00013MGE" offset="1889" length="11">confiscated</trigger>
        <em_arg entity_id="ent-297" entity_mention_id="m-366" role="giver" realis="true">Iranian</em_arg>
        <em_arg entity_id="ent-8" entity_mention_id="m-384" role="recipient" realis="true">Cyprus</em_arg>
        <em_arg filler_id="f-2288" role="thing" realis="true">500 tons of confiscated Iranian explosives and munitions</em_arg>
      </event_mention>
    </hopper>
    <hopper id="h-2344">
      <event_mention id="em-2316" type="personnel" subtype="elect" realis="generic">
        <trigger source="ENG_NW_001278_20130118_F00013MGE" offset="2153" length="11">re-election</trigger>
        <em_arg entity_id="ent-123" entity_mention_id="m-402" role="person" realis="true">he</em_arg>
        <em_arg entity_id="ent-8" entity_mention_id="m-408" role="place" realis="true">Cyprus</em_arg>
      </event_mention>
    </hopper>
  </hoppers>
</deft_ere>
