<?xml version="1.0" encoding="UTF-8"?>
<deft_ere kit_id="5733b8b10000000000000002" doc_id="ENG_NW_001278_20131111_F00012XVL" source_type="newswire">
  <entities>
    <entity id="ent-8" type="GPE" specificity="specificIndividual">
      <entity_mention id="m-18" noun_type="NAM" source="ENG_NW_001278_20131111_F00012XVL" offset="110" length="9">
        <mention_text>Indonesia</mention_text>
      </entity_mention>
      <entity_mention id="m-51" noun_type="NAM" source="ENG_NW_001278_20131111_F00012XVL" offset="226" length="9">
        <mention_text>Indonesia</mention_text>
      </entity_mention>
      <entity_mention id="m-69" noun_type="NAM" source="ENG_NW_001278_20131111_F00012XVL" offset="301" length="9">
        <mention_text>Indonesia</mention_text>
      </entity_mention>
      <entity_mention id="m-114" noun_type="NAM" source="ENG_NW_001278_20131111_F00012XVL" offset="412" length="9">
        <mention_text>Indonesia</mention_text>
      </entity_mention>
      <entity_mention id="m-138" noun_type="NAM" source="ENG_NW_001278_20131111_F00012XVL" offset="606" length="10">
        <mention_text>Indonesian</mention_text>
      </entity_mention>
      <entity_mention id="m-162" noun_type="NOM" source="ENG_NW_001278_20131111_F00012XVL" offset="675" length="11">
        <mention_text>the country</mention_text>
        <nom_head source="ENG_NW_001278_20131111_F00012XVL" offset="679" length="7">country</nom_head>
      </entity_mention>
      <entity_mention id="m-222" noun_type="NOM" source="ENG_NW_001278_20131111_F00012XVL" offset="970" length="33">
        <mention_text>the Philippines' friendly country</mention_text>
        <nom_head source="ENG_NW_001278_20131111_F00012XVL" offset="996" length="7">country</nom_head>
      </entity_mention>
      <entity_mention id="m-228" noun_type="NOM" source="ENG_NW_001278_20131111_F00012XVL" offset="1008" length="31">
        <mention_text>a member of the ASEAN Community</mention_text>
        <nom_head source="ENG_NW_001278_20131111_F00012XVL" offset="1010" length="6">member</nom_head>
      </entity_mention>
      <entity_mention id="m-252" noun_type="NAM" source="ENG_NW_001278_20131111_F00012XVL" offset="1047" length="10">
        <mention_text>Indonesian</mention_text>
      </entity_mention>
      <entity_mention id="m-321" noun_type="NAM" source="ENG_NW_001278_20131111_F00012XVL" offset="1319" length="10">
        <mention_text>Indonesian</mention_text>
      </entity_mention>
      <entity_mention id="m-558" noun_type="NAM" source="ENG_NW_001278_20131111_F00012XVL" offset="2369" length="9">
        <mention_text>Indonesia</mention_text>
      </entity_mention>
    </entity>
    <entity id="ent-30" type="PER" specificity="specificGroup">
      <entity_mention id="m-24" noun_type="NOM" source="ENG_NW_001278_20131111_F00012XVL" offset="144" length="30">
        <mention_text>typhoon victims in Philippines</mention_text>
        <nom_head source="ENG_NW_001278_20131111_F00012XVL" offset="152" length="7">victims</nom_head>
      </entity_mention>
      <entity_mention id="m-57" noun_type="NOM" source="ENG_NW_001278_20131111_F00012XVL" offset="260" length="30">
        <mention_text>typhoon victims in Philippines</mention_text>
        <nom_head source="ENG_NW_001278_20131111_F00012XVL" offset="268" length="7">victims</nom_head>
      </entity_mention>
      <entity_mention id="m-75" noun_type="NOM" source="ENG_NW_001278_20131111_F00012XVL" offset="335" length="30">
        <mention_text>typhoon victims in Philippines</mention_text>
        <nom_head source="ENG_NW_001278_20131111_F00012XVL" offset="343" length="7">victims</nom_head>
      </entity_mention>
      <entity_mention id="m-120" noun_type="NOM" source="ENG_NW_001278_20131111_F00012XVL" offset="484" length="119">
        <mention_text>the Philippines people affected by super typhoon "Haiyan" that has been ransacking the neighboring country since Friday</mention_text>
        <nom_head source="ENG_NW_001278_20131111_F00012XVL" offset="500" length="6">people</nom_head>
      </entity_mention>
      <entity_mention id="m-258" noun_type="NOM" source="ENG_NW_001278_20131111_F00012XVL" offset="1120" length="10">
        <mention_text>the people</mention_text>
        <nom_head source="ENG_NW_001278_20131111_F00012XVL" offset="1124" length="6">people</nom_head>
      </entity_mention>
    </entity>
    <entity id="ent-39" type="GPE" specificity="specificIndividual">
      <entity_mention id="m-33" noun_type="NAM" source="ENG_NW_001278_20131111_F00012XVL" offset="163" length="11">
        <mention_text>Philippines</mention_text>
      </entity_mention>
      <entity_mention id="m-63" noun_type="NAM" source="ENG_NW_001278_20131111_F00012XVL" offset="279" length="11">
        <mention_text>Philippines</mention_text>
      </entity_mention>
      <entity_mention id="m-81" noun_type="NAM" source="ENG_NW_001278_20131111_F00012XVL" offset="354" length="11">
        <mention_text>Philippines</mention_text>
      </entity_mention>
      <entity_mention id="m-126" noun_type="NAM" source="ENG_NW_001278_20131111_F00012XVL" offset="488" length="11">
        <mention_text>Philippines</mention_text>
      </entity_mention>
      <entity_mention id="m-132" noun_type="NOM" source="ENG_NW_001278_20131111_F00012XVL" offset="567" length="23">
        <mention_text>the neighboring country</mention_text>
        <nom_head source="ENG_NW_001278_20131111_F00012XVL" offset="583" length="7">country</nom_head>
      </entity_mention>
      <entity_mention id="m-183" noun_type="NAM" source="ENG_NW_001278_20131111_F00012XVL" offset="764" length="11">
        <mention_text>Philippines</mention_text>
      </entity_mention>
      <entity_mention id="m-216" noun_type="NAM" source="ENG_NW_001278_20131111_F00012XVL" offset="974" length="11">
        <mention_text>Philippines</mention_text>
      </entity_mention>
      <entity_mention id="m-273" noun_type="NAM" source="ENG_NW_001278_20131111_F00012XVL" offset="1139" length="11">
        <mention_text>Philippines</mention_text>
      </entity_mention>
      <entity_mention id="m-285" noun_type="NAM" source="ENG_NW_001278_20131111_F00012XVL" offset="1212" length="11">
        <mention_text>Philippines</mention_text>
      </entity_mention>
      <entity_mention id="m-327" noun_type="NAM" source="ENG_NW_001278_20131111_F00012XVL" offset="1348" length="11">
        <mention_text>Philippines</mention_text>
      </entity_mention>
      <entity_mention id="m-363" noun_type="NAM" source="ENG_NW_001278_20131111_F00012XVL" offset="1641" length="10">
        <mention_text>Philippine</mention_text>
      </entity_mention>
      <entity_mention id="m-552" noun_type="NAM" source="ENG_NW_001278_20131111_F00012XVL" offset="2355" length="11">
        <mention_text>Philippines</mention_text>
      </entity_mention>
      <entity_mention id="m-576" noun_type="NAM" source="ENG_NW_001278_20131111_F00012XVL" offset="2490" length="10">
        <mention_text>Philippine</mention_text>
      </entity_mention>
      <entity_mention id="m-591" noun_type="NOM" source="ENG_NW_001278_20131111_F00012XVL" offset="2637" length="11">
        <mention_text>the country</mention_text>
        <nom_head source="ENG_NW_001278_20131111_F00012XVL" offset="2641" length="7">country</nom_head>
      </entity_mention>
    </entity>
    <entity id="ent-48" type="PER" specificity="specificIndividual">
      <entity_mention id="m-42" noun_type="NAM" source="ENG_NW_001278_20131111_F00012XVL" offset="195" length="5">
        <mention_text>雅加达分社</mention_text>
      </entity_mention>
    </entity>
    <entity id="ent-93" type="PER" specificity="specificIndividual">
      <entity_mention id="m-87" noun_type="NAM" source="ENG_NW_001278_20131111_F00012XVL" offset="370" length="11">
        <mention_text>Abu Hanifah</mention_text>
      </entity_mention>
    </entity>
    <entity id="ent-102" type="GPE" specificity="specificIndividual">
      <entity_mention id="m-96" noun_type="NAM" source="ENG_NW_001278_20131111_F00012XVL" offset="383" length="7">
        <mention_text>JAKARTA</mention_text>
      </entity_mention>
    </entity>
    <entity id="ent-111" type="ORG" specificity="specificIndividual">
      <entity_mention id="m-105" noun_type="NAM" source="ENG_NW_001278_20131111_F00012XVL" offset="401" length="6">
        <mention_text>Xinhua</mention_text>
      </entity_mention>
    </entity>
    <entity id="ent-150" type="PER" specificity="specificIndividual">
      <entity_mention id="m-144" noun_type="NAM" source="ENG_NW_001278_20131111_F00012XVL" offset="627" length="24">
        <mention_text>Susilo Bambang Yudhoyono</mention_text>
      </entity_mention>
      <entity_mention id="m-189" noun_type="NAM" source="ENG_NW_001278_20131111_F00012XVL" offset="809" length="9">
        <mention_text>Yudhoyono</mention_text>
      </entity_mention>
      <entity_mention id="m-204" noun_type="NOM" source="ENG_NW_001278_20131111_F00012XVL" offset="874" length="13">
        <mention_text>the president</mention_text>
        <nom_head source="ENG_NW_001278_20131111_F00012XVL" offset="878" length="9">president</nom_head>
      </entity_mention>
      <entity_mention id="m-2031" noun_type="NOM" source="ENG_NW_001278_20131111_F00012XVL" offset="606" length="20">
        <mention_text>Indonesian President</mention_text>
        <nom_head source="ENG_NW_001278_20131111_F00012XVL" offset="617" length="9">President</nom_head>
      </entity_mention>
    </entity>
    <entity id="ent-159" type="ORG" specificity="specificIndividual">
      <entity_mention id="m-153" noun_type="NOM" source="ENG_NW_001278_20131111_F00012XVL" offset="675" length="40">
        <mention_text>the country's disaster mitigation agency</mention_text>
        <nom_head source="ENG_NW_001278_20131111_F00012XVL" offset="709" length="6">agency</nom_head>
      </entity_mention>
      <entity_mention id="m-168" noun_type="NAM" source="ENG_NW_001278_20131111_F00012XVL" offset="716" length="4">
        <mention_text>BNPB</mention_text>
      </entity_mention>
      <entity_mention id="m-210" noun_type="NAM" source="ENG_NW_001278_20131111_F00012XVL" offset="903" length="4">
        <mention_text>BNPB</mention_text>
      </entity_mention>
      <entity_mention id="m-297" noun_type="NAM" source="ENG_NW_001278_20131111_F00012XVL" offset="1266" length="4">
        <mention_text>BNPB</mention_text>
      </entity_mention>
      <entity_mention id="m-468" noun_type="NAM" source="ENG_NW_001278_20131111_F00012XVL" offset="2037" length="4">
        <mention_text>BNPB</mention_text>
      </entity_mention>
    </entity>
    <entity id="ent-180" type="PER" specificity="specificGroup">
      <entity_mention id="m-174" noun_type="NOM" source="ENG_NW_001278_20131111_F00012XVL" offset="725" length="15">
        <mention_text>the authorities</mention_text>
        <nom_head source="ENG_NW_001278_20131111_F00012XVL" offset="729" length="11">authorities</nom_head>
      </entity_mention>
    </entity>
    <entity id="ent-201" type="PER" specificity="specificIndividual">
      <entity_mention id="m-195" noun_type="NAM" source="ENG_NW_001278_20131111_F00012XVL" offset="834" length="19">
        <mention_text>Julian Aldrin Pasha</mention_text>
      </entity_mention>
      <entity_mention id="m-291" noun_type="NAM" source="ENG_NW_001278_20131111_F00012XVL" offset="1252" length="6">
        <mention_text>Julian</mention_text>
      </entity_mention>
      <entity_mention id="m-2037" noun_type="NOM" source="ENG_NW_001278_20131111_F00012XVL" offset="799" length="34">
        <mention_text>President Yudhoyono's Spokesperson</mention_text>
        <nom_head source="ENG_NW_001278_20131111_F00012XVL" offset="821" length="12">Spokesperson</nom_head>
      </entity_mention>
    </entity>
    <entity id="ent-240" type="ORG" specificity="specificIndividual">
      <entity_mention id="m-234" noun_type="NAM" source="ENG_NW_001278_20131111_F00012XVL" offset="1024" length="5">
        <mention_text>ASEAN</mention_text>
      </entity_mention>
      <entity_mention id="m-525" noun_type="NAM" source="ENG_NW_001278_20131111_F00012XVL" offset="2207" length="5">
        <mention_text>ASEAN</mention_text>
      </entity_mention>
    </entity>
    <entity id="ent-249" type="ORG" specificity="specificIndividual">
      <entity_mention id="m-243" noun_type="NOM" source="ENG_NW_001278_20131111_F00012XVL" offset="1043" length="25">
        <mention_text>The Indonesian government</mention_text>
        <nom_head source="ENG_NW_001278_20131111_F00012XVL" offset="1058" length="10">government</nom_head>
      </entity_mention>
      <entity_mention id="m-279" noun_type="PRO" source="ENG_NW_001278_20131111_F00012XVL" offset="1166" length="2">
        <mention_text>we</mention_text>
      </entity_mention>
      <entity_mention id="m-333" noun_type="NOM" source="ENG_NW_001278_20131111_F00012XVL" offset="1373" length="14">
        <mention_text>the government</mention_text>
        <nom_head source="ENG_NW_001278_20131111_F00012XVL" offset="1377" length="10">government</nom_head>
      </entity_mention>
    </entity>
    <entity id="ent-270" type="ORG" specificity="specificIndividual">
      <entity_mention id="m-264" noun_type="NOM" source="ENG_NW_001278_20131111_F00012XVL" offset="1135" length="26">
        <mention_text>the Philippines government</mention_text>
        <nom_head source="ENG_NW_001278_20131111_F00012XVL" offset="1151" length="10">government</nom_head>
      </entity_mention>
      <entity_mention id="m-357" noun_type="NOM" source="ENG_NW_001278_20131111_F00012XVL" offset="1641" length="21">
        <mention_text>Philippine government</mention_text>
        <nom_head source="ENG_NW_001278_20131111_F00012XVL" offset="1652" length="10">government</nom_head>
      </entity_mention>
      <entity_mention id="m-612" noun_type="NOM" source="ENG_NW_001278_20131111_F00012XVL" offset="2941" length="14">
        <mention_text>the government</mention_text>
        <nom_head source="ENG_NW_001278_20131111_F00012XVL" offset="2945" length="10">government</nom_head>
      </entity_mention>
    </entity>
    <entity id="ent-309" type="PER" specificity="specificIndividual">
      <entity_mention id="m-303" noun_type="NAM" source="ENG_NW_001278_20131111_F00012XVL" offset="1284" length="20">
        <mention_text>Sutopo Purwo Nugroho</mention_text>
      </entity_mention>
      <entity_mention id="m-462" noun_type="NAM" source="ENG_NW_001278_20131111_F00012XVL" offset="2020" length="6">
        <mention_text>Sutopo</mention_text>
      </entity_mention>
      <entity_mention id="m-570" noun_type="NAM" source="ENG_NW_001278_20131111_F00012XVL" offset="2476" length="6">
        <mention_text>Sutopo</mention_text>
      </entity_mention>
      <entity_mention id="m-2078" noun_type="NOM" source="ENG_NW_001278_20131111_F00012XVL" offset="1266" length="17">
        <mention_text>BNPB Spokesperson</mention_text>
        <nom_head source="ENG_NW_001278_20131111_F00012XVL" offset="1271" length="12">Spokesperson</nom_head>
      </entity_mention>
    </entity>
    <entity id="ent-318" type="PER" specificity="specificIndividual">
      <entity_mention id="m-312" noun_type="NOM" source="ENG_NW_001278_20131111_F00012XVL" offset="1315" length="44">
        <mention_text>the Indonesian ambassador to the Philippines</mention_text>
        <nom_head source="ENG_NW_001278_20131111_F00012XVL" offset="1330" length="10">ambassador</nom_head>
      </entity_mention>
    </entity>
    <entity id="ent-345" type="LOC" specificity="specificIndeterminate">
      <entity_mention id="m-339" noun_type="NOM" source="ENG_NW_001278_20131111_F00012XVL" offset="1399" length="18">
        <mention_text>the affected areas</mention_text>
        <nom_head source="ENG_NW_001278_20131111_F00012XVL" offset="1412" length="5">areas</nom_head>
      </entity_mention>
      <entity_mention id="m-546" noun_type="NOM" source="ENG_NW_001278_20131111_F00012XVL" offset="2329" length="37">
        <mention_text>the affected areas of the Philippines</mention_text>
        <nom_head source="ENG_NW_001278_20131111_F00012XVL" offset="2342" length="5">areas</nom_head>
      </entity_mention>
      <entity_mention id="m-630" noun_type="NOM" source="ENG_NW_001278_20131111_F00012XVL" offset="3192" length="18">
        <mention_text>the affected areas</mention_text>
        <nom_head source="ENG_NW_001278_20131111_F00012XVL" offset="3205" length="5">areas</nom_head>
      </entity_mention>
    </entity>
    <entity id="ent-384" type="LOC" specificity="specificIndividual">
      <entity_mention id="m-378" noun_type="NAM" source="ENG_NW_001278_20131111_F00012XVL" offset="1731" length="15">
        <mention_text>eastern Visayas</mention_text>
      </entity_mention>
    </entity>
    <entity id="ent-393" type="ORG" specificity="specificIndividual">
      <entity_mention id="m-348" noun_type="NOM" source="ENG_NW_001278_20131111_F00012XVL" offset="1639" length="30">
        <mention_text>a Philippine government agency</mention_text>
        <nom_head source="ENG_NW_001278_20131111_F00012XVL" offset="1663" length="6">agency</nom_head>
      </entity_mention>
      <entity_mention id="m-387" noun_type="NAM" source="ENG_NW_001278_20131111_F00012XVL" offset="1760" length="55">
        <mention_text>National Disaster Risk Reduction and Management Council</mention_text>
      </entity_mention>
      <entity_mention id="m-396" noun_type="NAM" source="ENG_NW_001278_20131111_F00012XVL" offset="1817" length="6">
        <mention_text>NDRRMC</mention_text>
      </entity_mention>
      <entity_mention id="m-441" noun_type="PRO" source="ENG_NW_001278_20131111_F00012XVL" offset="1920" length="4">
        <mention_text>they</mention_text>
      </entity_mention>
      <entity_mention id="m-447" noun_type="PRO" source="ENG_NW_001278_20131111_F00012XVL" offset="1974" length="4">
        <mention_text>they</mention_text>
      </entity_mention>
    </entity>
    <entity id="ent-408" type="PER" specificity="specificIndividual">
      <entity_mention id="m-402" noun_type="NAM" source="ENG_NW_001278_20131111_F00012XVL" offset="1835" length="10">
        <mention_text>Rey Balido</mention_text>
      </entity_mention>
      <entity_mention id="m-411" noun_type="PRO" source="ENG_NW_001278_20131111_F00012XVL" offset="1853" length="2">
        <mention_text>He</mention_text>
      </entity_mention>
      <entity_mention id="m-435" noun_type="NAM" source="ENG_NW_001278_20131111_F00012XVL" offset="1908" length="6">
        <mention_text>Balido</mention_text>
      </entity_mention>
      <entity_mention id="m-2084" noun_type="NOM" source="ENG_NW_001278_20131111_F00012XVL" offset="1760" length="74">
        <mention_text>National Disaster Risk Reduction and Management Council (NDRRMC) spokesman</mention_text>
        <nom_head source="ENG_NW_001278_20131111_F00012XVL" offset="1825" length="9">spokesman</nom_head>
      </entity_mention>
    </entity>
    <entity id="ent-423" type="PER" specificity="specificGroup">
      <entity_mention id="m-417" noun_type="NOM" source="ENG_NW_001278_20131111_F00012XVL" offset="1861" length="2">
        <mention_text>82</mention_text>
        <nom_head source="ENG_NW_001278_20131111_F00012XVL" offset="1861" length="2">82</nom_head>
      </entity_mention>
    </entity>
    <entity id="ent-432" type="PER" specificity="specificGroup">
      <entity_mention id="m-426" noun_type="NOM" source="ENG_NW_001278_20131111_F00012XVL" offset="1887" length="5">
        <mention_text>2,487</mention_text>
        <nom_head source="ENG_NW_001278_20131111_F00012XVL" offset="1887" length="5">2,487</nom_head>
      </entity_mention>
    </entity>
    <entity id="ent-459" type="LOC" specificity="specificIndeterminate">
      <entity_mention id="m-453" noun_type="NOM" source="ENG_NW_001278_20131111_F00012XVL" offset="2006" length="11">
        <mention_text>other areas</mention_text>
        <nom_head source="ENG_NW_001278_20131111_F00012XVL" offset="2012" length="5">areas</nom_head>
      </entity_mention>
    </entity>
    <entity id="ent-480" type="ORG" specificity="specificIndividual">
      <entity_mention id="m-474" noun_type="NOM" source="ENG_NW_001278_20131111_F00012XVL" offset="2043" length="28">
        <mention_text>the foreign affairs ministry</mention_text>
        <nom_head source="ENG_NW_001278_20131111_F00012XVL" offset="2063" length="8">ministry</nom_head>
      </entity_mention>
    </entity>
    <entity id="ent-489" type="ORG" specificity="specificIndividual">
      <entity_mention id="m-483" noun_type="NOM" source="ENG_NW_001278_20131111_F00012XVL" offset="2073" length="19">
        <mention_text>the health ministry</mention_text>
        <nom_head source="ENG_NW_001278_20131111_F00012XVL" offset="2084" length="8">ministry</nom_head>
      </entity_mention>
    </entity>
    <entity id="ent-498" type="ORG" specificity="specificIndividual">
      <entity_mention id="m-492" noun_type="NOM" source="ENG_NW_001278_20131111_F00012XVL" offset="2094" length="35">
        <mention_text>the national search and rescue team</mention_text>
        <nom_head source="ENG_NW_001278_20131111_F00012XVL" offset="2125" length="4">team</nom_head>
      </entity_mention>
      <entity_mention id="m-501" noun_type="NAM" source="ENG_NW_001278_20131111_F00012XVL" offset="2131" length="8">
        <mention_text>Basarnas</mention_text>
      </entity_mention>
    </entity>
    <entity id="ent-513" type="PER" specificity="specificGroup">
      <entity_mention id="m-507" noun_type="NOM" source="ENG_NW_001278_20131111_F00012XVL" offset="2142" length="6">
        <mention_text>police</mention_text>
        <nom_head source="ENG_NW_001278_20131111_F00012XVL" offset="2142" length="6">police</nom_head>
      </entity_mention>
    </entity>
    <entity id="ent-522" type="ORG" specificity="specificIndividual">
      <entity_mention id="m-516" noun_type="NOM" source="ENG_NW_001278_20131111_F00012XVL" offset="2153" length="12">
        <mention_text>the military</mention_text>
        <nom_head source="ENG_NW_001278_20131111_F00012XVL" offset="2157" length="8">military</nom_head>
      </entity_mention>
      <entity_mention id="m-564" noun_type="NOM" source="ENG_NW_001278_20131111_F00012XVL" offset="2398" length="12">
        <mention_text>the military</mention_text>
        <nom_head source="ENG_NW_001278_20131111_F00012XVL" offset="2402" length="8">military</nom_head>
      </entity_mention>
    </entity>
    <entity id="ent-537" type="ORG" specificity="specificIndividual">
      <entity_mention id="m-531" noun_type="NAM" source="ENG_NW_001278_20131111_F00012XVL" offset="2207" length="54">
        <mention_text>ASEAN's humanitarian assistance on disaster management</mention_text>
      </entity_mention>
      <entity_mention id="m-540" noun_type="NAM" source="ENG_NW_001278_20131111_F00012XVL" offset="2263" length="10">
        <mention_text>AHA Centre</mention_text>
      </entity_mention>
    </entity>
    <entity id="ent-588" type="PER" specificity="specificIndividual">
      <entity_mention id="m-582" noun_type="NAM" source="ENG_NW_001278_20131111_F00012XVL" offset="2511" length="18">
        <mention_text>Benigno Aquino III</mention_text>
      </entity_mention>
      <entity_mention id="m-597" noun_type="NAM" source="ENG_NW_001278_20131111_F00012XVL" offset="2663" length="6">
        <mention_text>Aquino</mention_text>
      </entity_mention>
      <entity_mention id="m-624" noun_type="NOM" source="ENG_NW_001278_20131111_F00012XVL" offset="3066" length="13">
        <mention_text>The president</mention_text>
        <nom_head source="ENG_NW_001278_20131111_F00012XVL" offset="3070" length="9">president</nom_head>
      </entity_mention>
      <entity_mention id="m-2090" noun_type="NOM" source="ENG_NW_001278_20131111_F00012XVL" offset="2490" length="20">
        <mention_text>Philippine President</mention_text>
        <nom_head source="ENG_NW_001278_20131111_F00012XVL" offset="2501" length="9">President</nom_head>
      </entity_mention>
    </entity>
    <entity id="ent-609" type="PER" specificity="specificGroup">
      <entity_mention id="m-603" noun_type="NOM" source="ENG_NW_001278_20131111_F00012XVL" offset="2772" length="24">
        <mention_text>the affected communities</mention_text>
        <nom_head source="ENG_NW_001278_20131111_F00012XVL" offset="2785" length="11">communities</nom_head>
      </entity_mention>
    </entity>
  </entities>
  <fillers>
    <filler id="f-704" source="ENG_NW_001278_20131111_F00012XVL" offset="617" length="9" type="title">President</filler>
    <filler id="f-724" source="ENG_NW_001278_20131111_F00012XVL" offset="799" length="9" type="title">President</filler>
    <filler id="f-734" source="ENG_NW_001278_20131111_F00012XVL" offset="821" length="12" type="title">Spokesperson</filler>
    <filler id="f-814" source="ENG_NW_001278_20131111_F00012XVL" offset="1271" length="12" type="title">Spokesperson</filler>
    <filler id="f-824" source="ENG_NW_001278_20131111_F00012XVL" offset="1330" length="10" type="title">ambassador</filler>
    <filler id="f-884" source="ENG_NW_001278_20131111_F00012XVL" offset="1825" length="9" type="title">spokesman</filler>
    <filler id="f-924" source="ENG_NW_001278_20131111_F00012XVL" offset="2501" length="9" type="title">President</filler>
    <filler id="f-934" source="ENG_NW_001278_20131111_F00012XVL" offset="3070" length="9" type="title">president</filler>
    <filler id="f-1909" source="ENG_NW_001278_20131111_F00012XVL" offset="129" length="10" type="commodity">relief aid</filler>
    <filler id="f-1916" source="ENG_NW_001278_20131111_F00012XVL" offset="245" length="10" type="commodity">relief aid</filler>
    <filler id="f-1923" source="ENG_NW_001278_20131111_F00012XVL" offset="320" length="10" type="commodity">relief aid</filler>
    <filler id="f-1066" source="ENG_NW_001278_20131111_F00012XVL" offset="468" length="11" type="commodity">relief aids</filler>
    <filler id="f-1117" source="ENG_NW_001278_20131111_F00012XVL" offset="468" length="11" type="commodity">relief aids</filler>
    <filler id="f-1205" source="ENG_NW_001278_20131111_F00012XVL" offset="788" length="8" type="commodity">the aids</filler>
    <filler id="f-1275" source="ENG_NW_001278_20131111_F00012XVL" offset="862" length="6" type="time" nom_time="2013-11-08">Sunday</filler>
    <filler id="f-1657" source="ENG_NW_001278_20131111_F00012XVL" offset="2302" length="8" type="commodity">supplies</filler>
    <filler id="f-1742" source="ENG_NW_001278_20131111_F00012XVL" offset="2398" length="41" type="vehicle">the military's cargo plane C-130 Hercules</filler>
    <filler id="f-1749" source="ENG_NW_001278_20131111_F00012XVL" offset="2453" length="21" type="commodity">all of those supplies</filler>
    <filler id="f-1784" source="ENG_NW_001278_20131111_F00012XVL" offset="2533" length="6" type="time" nom_time="2013-11-11">Monday</filler>
    <filler id="f-1814" source="ENG_NW_001278_20131111_F00012XVL" offset="2649" length="11" type="time" nom_time="2013-11-01">last Friday</filler>
    <filler id="f-1951" source="ENG_NW_001278_20131111_F00012XVL" offset="129" length="10" type="commodity">relief aid</filler>
    <filler id="f-1986" source="ENG_NW_001278_20131111_F00012XVL" offset="245" length="10" type="commodity">relief aid</filler>
    <filler id="f-2068" source="ENG_NW_001278_20131111_F00012XVL" offset="320" length="10" type="commodity">relief aid</filler>
  </fillers>
  <relations>
    <relation id="r-9" type="physical" subtype="locatednear">
      <relation_mention id="relm-636" realis="true">
        <rel_arg1 entity_id="ent-30" entity_mention_id="m-24" role="entity">typhoon victims in Philippines</rel_arg1>
        <rel_arg2 entity_id="ent-39" entity_mention_id="m-33" role="loc">Philippines</rel_arg2>
        <trigger source="ENG_NW_001278_20131111_F00012XVL" offset="160" length="2">in</trigger>
      </relation_mention>
      <relation_mention id="relm-646" realis="true">
        <rel_arg1 entity_id="ent-30" entity_mention_id="m-57" role="entity">typhoon victims in Philippines</rel_arg1>
        <rel_arg2 entity_id="ent-39" entity_mention_id="m-63" role="loc">Philippines</rel_arg2>
        <trigger source="ENG_NW_001278_20131111_F00012XVL" offset="276" length="2">in</trigger>
      </relation_mention>
      <relation_mention id="relm-656" realis="true">
        <rel_arg1 entity_id="ent-30" entity_mention_id="m-75" role="entity">typhoon victims in Philippines</rel_arg1>
        <rel_arg2 entity_id="ent-39" entity_mention_id="m-81" role="loc">Philippines</rel_arg2>
        <trigger source="ENG_NW_001278_20131111_F00012XVL" offset="351" length="2">in</trigger>
      </relation_mention>
    </relation>
    <relation id="r-10" type="physical" subtype="resident">
      <relation_mention id="relm-666" realis="true">
        <rel_arg1 entity_id="ent-30" entity_mention_id="m-120" role="per">the Philippines people affected by super typhoon "Haiyan" that has been ransacking the neighboring country since Friday</rel_arg1>
        <rel_arg2 entity_id="ent-39" entity_mention_id="m-126" role="loc">Philippines</rel_arg2>
      </relation_mention>
      <relation_mention id="relm-786" realis="true">
        <rel_arg1 entity_id="ent-30" entity_mention_id="m-258" role="per">the people</rel_arg1>
        <rel_arg2 entity_id="ent-39" entity_mention_id="m-285" role="loc">Philippines</rel_arg2>
      </relation_mention>
    </relation>
    <relation id="r-11" type="physical" subtype="locatednear">
      <relation_mention id="relm-676" realis="true">
        <rel_arg1 entity_id="ent-8" entity_mention_id="m-114" role="entity">Indonesia</rel_arg1>
        <rel_arg2 entity_id="ent-39" entity_mention_id="m-132" role="loc">the neighboring country</rel_arg2>
        <trigger source="ENG_NW_001278_20131111_F00012XVL" offset="571" length="11">neighboring</trigger>
      </relation_mention>
    </relation>
    <relation id="r-12" type="orgaffiliation" subtype="leadership">
      <relation_mention id="relm-686" realis="true">
        <rel_arg1 entity_id="ent-150" entity_mention_id="m-144" role="leader">Susilo Bambang Yudhoyono</rel_arg1>
        <rel_arg2 entity_id="ent-8" entity_mention_id="m-138" role="entity">Indonesian</rel_arg2>
        <trigger source="ENG_NW_001278_20131111_F00012XVL" offset="617" length="9">President</trigger>
      </relation_mention>
    </relation>
    <relation id="r-13" type="personalsocial" subtype="role">
      <relation_mention id="relm-696" realis="true">
        <rel_arg1 entity_id="ent-150" entity_mention_id="m-2031" role="per">Indonesian President</rel_arg1>
        <rel_arg2 filler_id="f-704" role="role">President</rel_arg2>
      </relation_mention>
      <relation_mention id="relm-716" realis="true">
        <rel_arg1 entity_id="ent-150" entity_mention_id="m-189" role="per">Yudhoyono</rel_arg1>
        <rel_arg2 filler_id="f-724" role="role">President</rel_arg2>
      </relation_mention>
    </relation>
    <relation id="r-14" type="partwhole" subtype="subsidiary">
      <relation_mention id="relm-706" realis="true">
        <rel_arg1 entity_id="ent-159" entity_mention_id="m-153" role="suborg">the country's disaster mitigation agency</rel_arg1>
        <rel_arg2 entity_id="ent-8" entity_mention_id="m-162" role="parent">the country</rel_arg2>
        <trigger source="ENG_NW_001278_20131111_F00012XVL" offset="679" length="9">country's</trigger>
      </relation_mention>
    </relation>
    <relation id="r-15" type="personalsocial" subtype="role">
      <relation_mention id="relm-726" realis="true">
        <rel_arg1 entity_id="ent-201" entity_mention_id="m-2037" role="per">President Yudhoyono's Spokesperson</rel_arg1>
        <rel_arg2 filler_id="f-734" role="role">Spokesperson</rel_arg2>
      </relation_mention>
    </relation>
    <relation id="r-16" type="personalsocial" subtype="business">
      <relation_mention id="relm-736" realis="true">
        <rel_arg1 entity_id="ent-201" entity_mention_id="m-195" role="per">Julian Aldrin Pasha</rel_arg1>
        <rel_arg2 entity_id="ent-150" entity_mention_id="m-189" role="per">Yudhoyono</rel_arg2>
        <trigger source="ENG_NW_001278_20131111_F00012XVL" offset="821" length="12">Spokesperson</trigger>
      </relation_mention>
    </relation>
    <relation id="r-17" type="partwhole" subtype="membership">
      <relation_mention id="relm-746" realis="true">
        <rel_arg1 entity_id="ent-8" entity_mention_id="m-228" role="member">a member of the ASEAN Community</rel_arg1>
        <rel_arg2 entity_id="ent-240" entity_mention_id="m-234" role="org">ASEAN</rel_arg2>
        <trigger source="ENG_NW_001278_20131111_F00012XVL" offset="1010" length="6">member</trigger>
      </relation_mention>
    </relation>
    <relation id="r-18" type="partwhole" subtype="subsidiary">
      <relation_mention id="relm-766" realis="true">
        <rel_arg1 entity_id="ent-249" entity_mention_id="m-243" role="suborg">The Indonesian government</rel_arg1>
        <rel_arg2 entity_id="ent-8" entity_mention_id="m-252" role="parent">Indonesian</rel_arg2>
        <trigger source="ENG_NW_001278_20131111_F00012XVL" offset="1047" length="10">Indonesian</trigger>
      </relation_mention>
    </relation>
    <relation id="r-19" type="partwhole" subtype="subsidiary">
      <relation_mention id="relm-776" realis="true">
        <rel_arg1 entity_id="ent-270" entity_mention_id="m-264" role="suborg">the Philippines government</rel_arg1>
        <rel_arg2 entity_id="ent-39" entity_mention_id="m-273" role="parent">Philippines</rel_arg2>
      </relation_mention>
      <relation_mention id="relm-846" realis="true">
        <rel_arg1 entity_id="ent-270" entity_mention_id="m-357" role="suborg">Philippine government</rel_arg1>
        <rel_arg2 entity_id="ent-39" entity_mention_id="m-363" role="parent">Philippine</rel_arg2>
        <trigger source="ENG_NW_001278_20131111_F00012XVL" offset="1641" length="10">Philippine</trigger>
      </relation_mention>
    </relation>
    <relation id="r-20" type="orgaffiliation" subtype="employmentmembership">
      <relation_mention id="relm-796" realis="true">
        <rel_arg1 entity_id="ent-309" entity_mention_id="m-303" role="employeemember">Sutopo Purwo Nugroho</rel_arg1>
        <rel_arg2 entity_id="ent-159" entity_mention_id="m-297" role="org">BNPB</rel_arg2>
        <trigger source="ENG_NW_001278_20131111_F00012XVL" offset="1271" length="12">Spokesperson</trigger>
      </relation_mention>
    </relation>
    <relation id="r-21" type="personalsocial" subtype="role">
      <relation_mention id="relm-806" realis="true">
        <rel_arg1 entity_id="ent-309" entity_mention_id="m-2078" role="per">BNPB Spokesperson</rel_arg1>
        <rel_arg2 filler_id="f-814" role="role">Spokesperson</rel_arg2>
      </relation_mention>
    </relation>
    <relation id="r-22" type="personalsocial" subtype="role">
      <relation_mention id="relm-816" realis="true">
        <rel_arg1 entity_id="ent-318" entity_mention_id="m-312" role="per">the Indonesian ambassador to the Philippines</rel_arg1>
        <rel_arg2 filler_id="f-824" role="role">ambassador</rel_arg2>
      </relation_mention>
    </relation>
    <relation id="r-23" type="orgaffiliation" subtype="employmentmembership">
      <relation_mention id="relm-826" realis="true">
        <rel_arg1 entity_id="ent-318" entity_mention_id="m-312" role="employeemember">the Indonesian ambassador to the Philippines</rel_arg1>
        <rel_arg2 entity_id="ent-8" entity_mention_id="m-321" role="org">Indonesian</rel_arg2>
        <trigger source="ENG_NW_001278_20131111_F00012XVL" offset="1330" length="10">ambassador</trigger>
      </relation_mention>
    </relation>
    <relation id="r-24" type="partwhole" subtype="subsidiary">
      <relation_mention id="relm-836" realis="true">
        <rel_arg1 entity_id="ent-393" entity_mention_id="m-348" role="suborg">a Philippine government agency</rel_arg1>
        <rel_arg2 entity_id="ent-270" entity_mention_id="m-357" role="parent">Philippine government</rel_arg2>
      </relation_mention>
    </relation>
    <relation id="r-25" type="orgaffiliation" subtype="employmentmembership">
      <relation_mention id="relm-866" realis="true">
        <rel_arg1 entity_id="ent-408" entity_mention_id="m-402" role="employeemember">Rey Balido</rel_arg1>
        <rel_arg2 entity_id="ent-393" entity_mention_id="m-396" role="org">NDRRMC</rel_arg2>
        <trigger source="ENG_NW_001278_20131111_F00012XVL" offset="1825" length="9">spokesman</trigger>
      </relation_mention>
    </relation>
    <relation id="r-26" type="personalsocial" subtype="role">
      <relation_mention id="relm-876" realis="true">
        <rel_arg1 entity_id="ent-408" entity_mention_id="m-2084" role="per">National Disaster Risk Reduction and Management Council (NDRRMC) spokesman</rel_arg1>
        <rel_arg2 filler_id="f-884" role="role">spokesman</rel_arg2>
      </relation_mention>
    </relation>
    <relation id="r-27" type="partwhole" subtype="subsidiary">
      <relation_mention id="relm-886" realis="true">
        <rel_arg1 entity_id="ent-537" entity_mention_id="m-531" role="suborg">ASEAN's humanitarian assistance on disaster management</rel_arg1>
        <rel_arg2 entity_id="ent-240" entity_mention_id="m-525" role="parent">ASEAN</rel_arg2>
        <trigger source="ENG_NW_001278_20131111_F00012XVL" offset="2207" length="7">ASEAN's</trigger>
      </relation_mention>
    </relation>
    <relation id="r-28" type="physical" subtype="locatednear">
      <relation_mention id="relm-896" realis="true">
        <rel_arg1 entity_id="ent-345" entity_mention_id="m-546" role="entity">the affected areas of the Philippines</rel_arg1>
        <rel_arg2 entity_id="ent-39" entity_mention_id="m-552" role="loc">Philippines</rel_arg2>
        <trigger source="ENG_NW_001278_20131111_F00012XVL" offset="2348" length="2">of</trigger>
      </relation_mention>
    </relation>
    <relation id="r-29" type="orgaffiliation" subtype="leadership">
      <relation_mention id="relm-906" realis="true">
        <rel_arg1 entity_id="ent-588" entity_mention_id="m-582" role="leader">Benigno Aquino III</rel_arg1>
        <rel_arg2 entity_id="ent-39" entity_mention_id="m-576" role="entity">Philippine</rel_arg2>
        <trigger source="ENG_NW_001278_20131111_F00012XVL" offset="2501" length="9">President</trigger>
      </relation_mention>
    </relation>
    <relation id="r-30" type="personalsocial" subtype="role">
      <relation_mention id="relm-916" realis="true">
        <rel_arg1 entity_id="ent-588" entity_mention_id="m-2090" role="per">Philippine President</rel_arg1>
        <rel_arg2 filler_id="f-924" role="role">President</rel_arg2>
      </relation_mention>
      <relation_mention id="relm-926" realis="true">
        <rel_arg1 entity_id="ent-588" entity_mention_id="m-624" role="per">The president</rel_arg1>
        <rel_arg2 filler_id="f-934" role="role">president</rel_arg2>
      </relation_mention>
    </relation>
  </relations>
  <hoppers>
    <hopper id="h-1076">
      <event_mention id="em-1041" type="movement" subtype="transportartifact" realis="other">
        <trigger source="ENG_NW_001278_20131111_F00012XVL" offset="457" length="10">delivering</trigger>
        <em_arg entity_id="ent-8" entity_mention_id="m-114" role="agent" realis="true">Indonesia</em_arg>
        <em_arg filler_id="f-1066" role="artifact" realis="true">relief aids</em_arg>
        <em_arg entity_id="ent-39" entity_mention_id="m-126" role="destination" realis="true">Philippines</em_arg>
      </event_mention>
      <event_mention id="em-1208" type="movement" subtype="transportartifact" realis="other">
        <trigger source="ENG_NW_001278_20131111_F00012XVL" offset="780" length="7">deliver</trigger>
        <em_arg entity_id="ent-159" entity_mention_id="m-168" role="agent" realis="true">BNPB</em_arg>
        <em_arg entity_id="ent-180" entity_mention_id="m-174" role="agent" realis="true">the authorities</em_arg>
        <em_arg entity_id="ent-39" entity_mention_id="m-183" role="destination" realis="true">Philippines</em_arg>
        <em_arg entity_id="ent-8" entity_mention_id="m-138" role="origin" realis="true">Indonesian</em_arg>
      </event_mention>
      <event_mention id="em-1640" type="movement" subtype="transportartifact" realis="other">
        <trigger source="ENG_NW_001278_20131111_F00012XVL" offset="2311" length="14">transportation</trigger>
        <em_arg filler_id="f-1657" role="artifact" realis="true">supplies</em_arg>
        <em_arg entity_id="ent-345" entity_mention_id="m-546" role="destination" realis="true">the affected areas of the Philippines</em_arg>
        <em_arg entity_id="ent-159" entity_mention_id="m-468" role="agent" realis="true">BNPB</em_arg>
        <em_arg entity_id="ent-480" entity_mention_id="m-474" role="agent" realis="true">the foreign affairs ministry</em_arg>
        <em_arg entity_id="ent-489" entity_mention_id="m-483" role="agent" realis="true">the health ministry</em_arg>
        <em_arg entity_id="ent-498" entity_mention_id="m-492" role="agent" realis="true">the national search and rescue team</em_arg>
        <em_arg entity_id="ent-513" entity_mention_id="m-507" role="agent" realis="true">police</em_arg>
        <em_arg entity_id="ent-522" entity_mention_id="m-516" role="agent" realis="true">the military</em_arg>
        <em_arg entity_id="ent-537" entity_mention_id="m-531" role="agent" realis="true">ASEAN's humanitarian assistance on disaster management</em_arg>
      </event_mention>
      <event_mention id="em-1717" type="movement" subtype="transportartifact" realis="other">
        <trigger source="ENG_NW_001278_20131111_F00012XVL" offset="2443" length="9">transport</trigger>
        <em_arg entity_id="ent-8" entity_mention_id="m-558" role="agent" realis="true">Indonesia</em_arg>
        <em_arg filler_id="f-1742" role="instrument" realis="true">the military's cargo plane C-130 Hercules</em_arg>
        <em_arg filler_id="f-1749" role="artifact" realis="true">all of those supplies</em_arg>
      </event_mention>
      <event_mention id="em-1926" type="movement" subtype="transportartifact" realis="actual">
        <trigger source="ENG_NW_001278_20131111_F00012XVL" offset="120" length="8">provides</trigger>
        <em_arg entity_id="ent-8" entity_mention_id="m-18" role="agent" realis="true">Indonesia</em_arg>
        <em_arg filler_id="f-1951" role="artifact" realis="true">relief aid</em_arg>
        <em_arg entity_id="ent-39" entity_mention_id="m-33" role="destination" realis="true">Philippines</em_arg>
      </event_mention>
      <event_mention id="em-1961" type="movement" subtype="transportartifact" realis="actual">
        <trigger source="ENG_NW_001278_20131111_F00012XVL" offset="236" length="8">provides</trigger>
        <em_arg entity_id="ent-8" entity_mention_id="m-51" role="agent" realis="true">Indonesia</em_arg>
        <em_arg filler_id="f-1986" role="artifact" realis="true">relief aid</em_arg>
        <em_arg entity_id="ent-39" entity_mention_id="m-63" role="destination" realis="true">Philippines</em_arg>
      </event_mention>
      <event_mention id="em-2043" type="movement" subtype="transportartifact" realis="actual">
        <trigger source="ENG_NW_001278_20131111_F00012XVL" offset="311" length="8">provides</trigger>
        <em_arg entity_id="ent-8" entity_mention_id="m-69" role="agent" realis="true">Indonesia</em_arg>
        <em_arg filler_id="f-2068" role="artifact" realis="true">relief aid</em_arg>
        <em_arg entity_id="ent-39" entity_mention_id="m-81" role="destination" realis="true">Philippines</em_arg>
      </event_mention>
    </hopper>
    <hopper id="h-1120">
      <event_mention id="em-936" type="transaction" subtype="transferownership" realis="actual" ways="voluntary">
        <trigger source="ENG_NW_001278_20131111_F00012XVL" offset="120" length="8">provides</trigger>
        <em_arg entity_id="ent-8" entity_mention_id="m-18" role="giver" realis="true">Indonesia</em_arg>
        <em_arg entity_id="ent-30" entity_mention_id="m-24" role="beneficiary" realis="true">typhoon victims in Philippines</em_arg>
        <em_arg entity_id="ent-39" entity_mention_id="m-33" role="place" realis="true">Philippines</em_arg>
        <em_arg filler_id="f-1909" role="thing" realis="true">relief aid</em_arg>
      </event_mention>
      <event_mention id="em-971" type="transaction" subtype="transferownership" realis="actual" ways="voluntary">
        <trigger source="ENG_NW_001278_20131111_F00012XVL" offset="236" length="8">provides</trigger>
        <em_arg entity_id="ent-8" entity_mention_id="m-51" role="giver" realis="true">Indonesia</em_arg>
        <em_arg entity_id="ent-30" entity_mention_id="m-57" role="beneficiary" realis="true">typhoon victims in Philippines</em_arg>
        <em_arg entity_id="ent-39" entity_mention_id="m-63" role="place" realis="true">Philippines</em_arg>
        <em_arg filler_id="f-1916" role="thing" realis="true">relief aid</em_arg>
      </event_mention>
      <event_mention id="em-1006" type="transaction" subtype="transferownership" realis="actual" ways="voluntary">
        <trigger source="ENG_NW_001278_20131111_F00012XVL" offset="311" length="8">provides</trigger>
        <em_arg entity_id="ent-8" entity_mention_id="m-69" role="giver" realis="true">Indonesia</em_arg>
        <em_arg entity_id="ent-30" entity_mention_id="m-75" role="beneficiary" realis="true">typhoon victims in Philippines</em_arg>
        <em_arg entity_id="ent-39" entity_mention_id="m-81" role="place" realis="true">Philippines</em_arg>
        <em_arg filler_id="f-1923" role="thing" realis="true">relief aid</em_arg>
      </event_mention>
      <event_mention id="em-1078" type="transaction" subtype="transferownership" realis="other" ways="voluntary">
        <trigger source="ENG_NW_001278_20131111_F00012XVL" offset="457" length="10">delivering</trigger>
        <em_arg entity_id="ent-8" entity_mention_id="m-114" role="giver" realis="true">Indonesia</em_arg>
        <em_arg entity_id="ent-39" entity_mention_id="m-126" role="recipient" realis="true">Philippines</em_arg>
        <em_arg entity_id="ent-30" entity_mention_id="m-120" role="beneficiary" realis="true">the Philippines people affected by super typhoon "Haiyan" that has been ransacking the neighboring country since Friday</em_arg>
        <em_arg filler_id="f-1117" role="thing" realis="true">relief aids</em_arg>
      </event_mention>
      <event_mention id="em-1166" type="transaction" subtype="transferownership" realis="other" ways="voluntary">
        <trigger source="ENG_NW_001278_20131111_F00012XVL" offset="780" length="7">deliver</trigger>
        <em_arg entity_id="ent-159" entity_mention_id="m-168" role="giver" realis="true">BNPB</em_arg>
        <em_arg entity_id="ent-180" entity_mention_id="m-174" role="giver" realis="true">the authorities</em_arg>
        <em_arg entity_id="ent-39" entity_mention_id="m-183" role="recipient" realis="true">Philippines</em_arg>
        <em_arg filler_id="f-1205" role="thing" realis="true">the aids</em_arg>
      </event_mention>
    </hopper>
    <hopper id="h-1143">
      <event_mention id="em-1122" type="contact" subtype="broadcast" realis="actual" audience="oneway" formality="formal" medium="canttell" schedule="planned">
        <trigger source="ENG_NW_001278_20131111_F00012XVL" offset="667" length="7">ordered</trigger>
        <em_arg entity_id="ent-150" entity_mention_id="m-144" role="entity" realis="true">Susilo Bambang Yudhoyono</em_arg>
        <em_arg entity_id="ent-159" entity_mention_id="m-153" role="audience" realis="true">the country's disaster mitigation agency</em_arg>
        <em_arg entity_id="ent-180" entity_mention_id="m-174" role="audience" realis="true">the authorities</em_arg>
        <em_arg entity_id="ent-8" entity_mention_id="m-162" role="place" realis="true">the country</em_arg>
      </event_mention>
      <event_mention id="em-1280" type="contact" subtype="broadcast" realis="actual" audience="oneway" formality="formal" medium="canttell" schedule="planned">
        <trigger source="ENG_NW_001278_20131111_F00012XVL" offset="892" length="10">instructed</trigger>
        <em_arg entity_id="ent-150" entity_mention_id="m-204" role="entity" realis="true">the president</em_arg>
        <em_arg entity_id="ent-159" entity_mention_id="m-210" role="audience" realis="true">BNPB</em_arg>
      </event_mention>
    </hopper>
    <hopper id="h-1278">
      <event_mention id="em-1250" type="contact" subtype="contact" realis="actual" audience="canttell" formality="formal" medium="canttell" schedule="canttell">
        <trigger source="ENG_NW_001278_20131111_F00012XVL" offset="854" length="4">said</trigger>
        <em_arg entity_id="ent-201" entity_mention_id="m-195" role="entity" realis="true">Julian Aldrin Pasha</em_arg>
        <em_arg filler_id="f-1275" role="time" realis="true">Sunday</em_arg>
      </event_mention>
    </hopper>
    <hopper id="h-1406">
      <event_mention id="em-1385" type="contact" subtype="contact" realis="actual" audience="canttell" formality="formal" medium="canttell" schedule="canttell">
        <trigger source="ENG_NW_001278_20131111_F00012XVL" offset="1305" length="4">said</trigger>
        <em_arg entity_id="ent-309" entity_mention_id="m-303" role="entity" realis="true">Sutopo Purwo Nugroho</em_arg>
      </event_mention>
    </hopper>
    <hopper id="h-1436">
      <event_mention id="em-1408" type="contact" subtype="contact" realis="actual" audience="canttell" formality="formal" medium="canttell" schedule="canttell">
        <trigger source="ENG_NW_001278_20131111_F00012XVL" offset="1364" length="8">informed</trigger>
        <em_arg entity_id="ent-318" entity_mention_id="m-312" role="entity" realis="true">the Indonesian ambassador to the Philippines</em_arg>
        <em_arg entity_id="ent-249" entity_mention_id="m-333" role="entity" realis="true">the government</em_arg>
      </event_mention>
    </hopper>
    <hopper id="h-1459">
      <event_mention id="em-1438" type="life" subtype="die" realis="actual">
        <trigger source="ENG_NW_001278_20131111_F00012XVL" offset="1548" length="6">deaths</trigger>
        <em_arg entity_id="ent-39" entity_mention_id="m-363" role="place" realis="true">Philippine</em_arg>
      </event_mention>
      <event_mention id="em-1789" type="life" subtype="die" realis="actual">
        <trigger source="ENG_NW_001278_20131111_F00012XVL" offset="2585" length="5">death</trigger>
        <em_arg entity_id="ent-39" entity_mention_id="m-591" role="place" realis="true">the country</em_arg>
        <em_arg filler_id="f-1814" role="time" realis="true">last Friday</em_arg>
      </event_mention>
    </hopper>
    <hopper id="h-1503">
      <event_mention id="em-1619" type="contact" subtype="contact" realis="actual" audience="canttell" formality="formal" medium="canttell" schedule="canttell">
        <trigger source="ENG_NW_001278_20131111_F00012XVL" offset="1846" length="4">said</trigger>
        <em_arg entity_id="ent-408" entity_mention_id="m-402" role="entity" realis="true">Rey Balido</em_arg>
      </event_mention>
    </hopper>
    <hopper id="h-1568">
      <event_mention id="em-1547" type="life" subtype="injure" realis="actual">
        <trigger source="ENG_NW_001278_20131111_F00012XVL" offset="1898" length="7">injured</trigger>
        <em_arg entity_id="ent-432" entity_mention_id="m-426" role="victim" realis="true">2,487</em_arg>
      </event_mention>
    </hopper>
    <hopper id="h-1787">
      <event_mention id="em-1759" type="contact" subtype="broadcast" realis="actual" audience="oneway" formality="formal" medium="canttell" schedule="planned">
        <trigger source="ENG_NW_001278_20131111_F00012XVL" offset="2546" length="8">declared</trigger>
        <em_arg entity_id="ent-588" entity_mention_id="m-582" role="entity" realis="true">Benigno Aquino III</em_arg>
        <em_arg filler_id="f-1784" role="time" realis="true">Monday</em_arg>
      </event_mention>
      <event_mention id="em-1884" type="contact" subtype="broadcast" realis="actual" audience="oneway" formality="formal" medium="canttell" schedule="planned">
        <trigger source="ENG_NW_001278_20131111_F00012XVL" offset="3094" length="11">declaration</trigger>
        <em_arg entity_id="ent-588" entity_mention_id="m-624" role="entity" realis="true">The president</em_arg>
      </event_mention>
    </hopper>
    <hopper id="h-1838">
      <event_mention id="em-1817" type="contact" subtype="broadcast" realis="actual" audience="oneway" formality="formal" medium="notinperson" schedule="planned">
        <trigger source="ENG_NW_001278_20131111_F00012XVL" offset="2690" length="7">message</trigger>
        <em_arg entity_id="ent-588" entity_mention_id="m-597" role="entity" realis="true">Aquino</em_arg>
      </event_mention>
    </hopper>
    <hopper id="h-1882">
      <event_mention id="em-1861" type="contact" subtype="broadcast" realis="actual" audience="oneway" formality="formal" medium="notinperson" schedule="planned">
        <trigger source="ENG_NW_001278_20131111_F00012XVL" offset="3043" length="12">Proclamation</trigger>
        <em_arg entity_id="ent-270" entity_mention_id="m-612" role="entity" realis="true">the government</em_arg>
      </event_mention>
    </hopper>
  </hoppers>
</deft_ere>
