<?xml version="1.0" encoding="UTF-8"?>
<deft_ere kit_id="5733b8b10000000000000075" doc_id="ENG_NW_001278_20130424_F00011JZI" source_type="newswire">
  <entities>
    <entity id="ent-8" type="FAC" specificity="specificIndividual">
      <entity_mention id="m-18" noun_type="NOM" source="ENG_NW_001278_20130424_F00011JZI" offset="110" length="19">
        <mention_text>Bangladesh building</mention_text>
        <nom_head source="ENG_NW_001278_20130424_F00011JZI" offset="121" length="8">building</nom_head>
      </entity_mention>
      <entity_mention id="m-51" noun_type="NOM" source="ENG_NW_001278_20130424_F00011JZI" offset="204" length="19">
        <mention_text>Bangladesh building</mention_text>
        <nom_head source="ENG_NW_001278_20130424_F00011JZI" offset="215" length="8">building</nom_head>
      </entity_mention>
      <entity_mention id="m-69" noun_type="NOM" source="ENG_NW_001278_20130424_F00011JZI" offset="258" length="19">
        <mention_text>Bangladesh building</mention_text>
        <nom_head source="ENG_NW_001278_20130424_F00011JZI" offset="269" length="8">building</nom_head>
      </entity_mention>
      <entity_mention id="m-111" noun_type="NOM" source="ENG_NW_001278_20130424_F00011JZI" offset="361" length="21">
        <mention_text>a Bangladesh building</mention_text>
        <nom_head source="ENG_NW_001278_20130424_F00011JZI" offset="374" length="8">building</nom_head>
      </entity_mention>
      <entity_mention id="m-177" noun_type="NOM" source="ENG_NW_001278_20130424_F00011JZI" offset="669" length="84">
        <mention_text>the eight-storey building in Savar on the outskirts of the Bangladeshi capital Dhaka</mention_text>
        <nom_head source="ENG_NW_001278_20130424_F00011JZI" offset="686" length="8">building</nom_head>
      </entity_mention>
      <entity_mention id="m-444" noun_type="NOM" source="ENG_NW_001278_20130424_F00011JZI" offset="1481" length="12">
        <mention_text>the building</mention_text>
        <nom_head source="ENG_NW_001278_20130424_F00011JZI" offset="1485" length="8">building</nom_head>
      </entity_mention>
      <entity_mention id="m-558" noun_type="NOM" source="ENG_NW_001278_20130424_F00011JZI" offset="1880" length="22">
        <mention_text>the collapsed building</mention_text>
        <nom_head source="ENG_NW_001278_20130424_F00011JZI" offset="1894" length="8">building</nom_head>
      </entity_mention>
      <entity_mention id="m-573" noun_type="NOM" source="ENG_NW_001278_20130424_F00011JZI" offset="1950" length="12">
        <mention_text>the building</mention_text>
        <nom_head source="ENG_NW_001278_20130424_F00011JZI" offset="1954" length="8">building</nom_head>
      </entity_mention>
      <entity_mention id="m-585" noun_type="NOM" source="ENG_NW_001278_20130424_F00011JZI" offset="2012" length="12">
        <mention_text>the building</mention_text>
        <nom_head source="ENG_NW_001278_20130424_F00011JZI" offset="2016" length="8">building</nom_head>
      </entity_mention>
      <entity_mention id="m-591" noun_type="PRO" source="ENG_NW_001278_20130424_F00011JZI" offset="2031" length="2">
        <mention_text>it</mention_text>
      </entity_mention>
      <entity_mention id="m-678" noun_type="NOM" source="ENG_NW_001278_20130424_F00011JZI" offset="2362" length="12">
        <mention_text>the building</mention_text>
        <nom_head source="ENG_NW_001278_20130424_F00011JZI" offset="2366" length="8">building</nom_head>
      </entity_mention>
      <entity_mention id="m-1670" noun_type="PRO" source="ENG_NW_001278_20130424_F00011JZI" offset="1495" length="5">
        <mention_text>which</mention_text>
      </entity_mention>
    </entity>
    <entity id="ent-30" type="GPE" specificity="specificIndividual">
      <entity_mention id="m-24" noun_type="NAM" source="ENG_NW_001278_20130424_F00011JZI" offset="110" length="10">
        <mention_text>Bangladesh</mention_text>
      </entity_mention>
      <entity_mention id="m-57" noun_type="NAM" source="ENG_NW_001278_20130424_F00011JZI" offset="204" length="10">
        <mention_text>Bangladesh</mention_text>
      </entity_mention>
      <entity_mention id="m-75" noun_type="NAM" source="ENG_NW_001278_20130424_F00011JZI" offset="258" length="10">
        <mention_text>Bangladesh</mention_text>
      </entity_mention>
      <entity_mention id="m-117" noun_type="NAM" source="ENG_NW_001278_20130424_F00011JZI" offset="363" length="10">
        <mention_text>Bangladesh</mention_text>
      </entity_mention>
      <entity_mention id="m-216" noun_type="NAM" source="ENG_NW_001278_20130424_F00011JZI" offset="728" length="11">
        <mention_text>Bangladeshi</mention_text>
      </entity_mention>
      <entity_mention id="m-519" noun_type="NAM" source="ENG_NW_001278_20130424_F00011JZI" offset="1616" length="10">
        <mention_text>Bangladesh</mention_text>
      </entity_mention>
      <entity_mention id="m-717" noun_type="NAM" source="ENG_NW_001278_20130424_F00011JZI" offset="2500" length="10">
        <mention_text>Bangladesh</mention_text>
      </entity_mention>
    </entity>
    <entity id="ent-39" type="PER" specificity="specificGroup">
      <entity_mention id="m-33" noun_type="NOM" source="ENG_NW_001278_20130424_F00011JZI" offset="146" length="2">
        <mention_text>83</mention_text>
        <nom_head source="ENG_NW_001278_20130424_F00011JZI" offset="146" length="2">83</nom_head>
      </entity_mention>
      <entity_mention id="m-63" noun_type="NOM" source="ENG_NW_001278_20130424_F00011JZI" offset="240" length="2">
        <mention_text>83</mention_text>
        <nom_head source="ENG_NW_001278_20130424_F00011JZI" offset="240" length="2">83</nom_head>
      </entity_mention>
      <entity_mention id="m-81" noun_type="NOM" source="ENG_NW_001278_20130424_F00011JZI" offset="294" length="2">
        <mention_text>83</mention_text>
        <nom_head source="ENG_NW_001278_20130424_F00011JZI" offset="294" length="2">83</nom_head>
      </entity_mention>
      <entity_mention id="m-228" noun_type="NOM" source="ENG_NW_001278_20130424_F00011JZI" offset="794" length="18">
        <mention_text>at least 83 people</mention_text>
        <nom_head source="ENG_NW_001278_20130424_F00011JZI" offset="806" length="6">people</nom_head>
      </entity_mention>
    </entity>
    <entity id="ent-48" type="PER" specificity="specificIndividual">
      <entity_mention id="m-42" noun_type="NAM" source="ENG_NW_001278_20130424_F00011JZI" offset="174" length="4">
        <mention_text>Naim</mention_text>
      </entity_mention>
      <entity_mention id="m-87" noun_type="NAM" source="ENG_NW_001278_20130424_F00011JZI" offset="306" length="13">
        <mention_text>Naim-Ul-Karim</mention_text>
      </entity_mention>
    </entity>
    <entity id="ent-99" type="GPE" specificity="specificIndividual">
      <entity_mention id="m-93" noun_type="NAM" source="ENG_NW_001278_20130424_F00011JZI" offset="321" length="5">
        <mention_text>DHAKA</mention_text>
      </entity_mention>
      <entity_mention id="m-210" noun_type="NOM" source="ENG_NW_001278_20130424_F00011JZI" offset="724" length="23">
        <mention_text>the Bangladeshi capital</mention_text>
        <nom_head source="ENG_NW_001278_20130424_F00011JZI" offset="740" length="7">capital</nom_head>
      </entity_mention>
      <entity_mention id="m-222" noun_type="NAM" source="ENG_NW_001278_20130424_F00011JZI" offset="748" length="5">
        <mention_text>Dhaka</mention_text>
      </entity_mention>
      <entity_mention id="m-333" noun_type="NAM" source="ENG_NW_001278_20130424_F00011JZI" offset="1163" length="5">
        <mention_text>Dhaka</mention_text>
      </entity_mention>
      <entity_mention id="m-753" noun_type="NAM" source="ENG_NW_001278_20130424_F00011JZI" offset="2691" length="5">
        <mention_text>Dhaka</mention_text>
      </entity_mention>
    </entity>
    <entity id="ent-108" type="ORG" specificity="specificIndividual">
      <entity_mention id="m-102" noun_type="NAM" source="ENG_NW_001278_20130424_F00011JZI" offset="338" length="6">
        <mention_text>Xinhua</mention_text>
      </entity_mention>
      <entity_mention id="m-312" noun_type="NAM" source="ENG_NW_001278_20130424_F00011JZI" offset="1127" length="6">
        <mention_text>Xinhua</mention_text>
      </entity_mention>
    </entity>
    <entity id="ent-129" type="PER" specificity="specificGroup">
      <entity_mention id="m-123" noun_type="NOM" source="ENG_NW_001278_20130424_F00011JZI" offset="394" length="8">
        <mention_text>rescuers</mention_text>
        <nom_head source="ENG_NW_001278_20130424_F00011JZI" offset="394" length="8">rescuers</nom_head>
      </entity_mention>
      <entity_mention id="m-132" noun_type="PRO" source="ENG_NW_001278_20130424_F00011JZI" offset="432" length="4">
        <mention_text>they</mention_text>
      </entity_mention>
      <entity_mention id="m-147" noun_type="PRO" source="ENG_NW_001278_20130424_F00011JZI" offset="496" length="4">
        <mention_text>They</mention_text>
      </entity_mention>
      <entity_mention id="m-261" noun_type="NOM" source="ENG_NW_001278_20130424_F00011JZI" offset="929" length="8">
        <mention_text>rescuers</mention_text>
        <nom_head source="ENG_NW_001278_20130424_F00011JZI" offset="929" length="8">rescuers</nom_head>
      </entity_mention>
    </entity>
    <entity id="ent-144" type="PER" specificity="specificGroup">
      <entity_mention id="m-138" noun_type="NOM" source="ENG_NW_001278_20130424_F00011JZI" offset="454" length="39">
        <mention_text>survivors moaning from under the rubble</mention_text>
        <nom_head source="ENG_NW_001278_20130424_F00011JZI" offset="454" length="9">survivors</nom_head>
      </entity_mention>
    </entity>
    <entity id="ent-165" type="PER" specificity="specificGroup">
      <entity_mention id="m-159" noun_type="NOM" source="ENG_NW_001278_20130424_F00011JZI" offset="626" length="18">
        <mention_text>Hundreds of people</mention_text>
        <nom_head source="ENG_NW_001278_20130424_F00011JZI" offset="626" length="8">Hundreds</nom_head>
      </entity_mention>
    </entity>
    <entity id="ent-174" type="PER" specificity="nonspecific">
      <entity_mention id="m-168" noun_type="NOM" source="ENG_NW_001278_20130424_F00011JZI" offset="638" length="6">
        <mention_text>people</mention_text>
        <nom_head source="ENG_NW_001278_20130424_F00011JZI" offset="638" length="6">people</nom_head>
      </entity_mention>
    </entity>
    <entity id="ent-189" type="GPE" specificity="specificIndividual">
      <entity_mention id="m-183" noun_type="NAM" source="ENG_NW_001278_20130424_F00011JZI" offset="698" length="5">
        <mention_text>Savar</mention_text>
      </entity_mention>
      <entity_mention id="m-360" noun_type="NAM" source="ENG_NW_001278_20130424_F00011JZI" offset="1237" length="5">
        <mention_text>Savar</mention_text>
      </entity_mention>
    </entity>
    <entity id="ent-198" type="PER" specificity="specificGroup">
      <entity_mention id="m-729" noun_type="NOM" source="ENG_NW_001278_20130424_F00011JZI" offset="2602" length="19">
        <mention_text>At least 110 people</mention_text>
        <nom_head source="ENG_NW_001278_20130424_F00011JZI" offset="2615" length="6">people</nom_head>
      </entity_mention>
    </entity>
    <entity id="ent-240" type="PER" specificity="specificGroup">
      <entity_mention id="m-234" noun_type="NOM" source="ENG_NW_001278_20130424_F00011JZI" offset="822" length="16">
        <mention_text>over six hundred</mention_text>
        <nom_head source="ENG_NW_001278_20130424_F00011JZI" offset="831" length="7">hundred</nom_head>
      </entity_mention>
      <entity_mention id="m-381" noun_type="NOM" source="ENG_NW_001278_20130424_F00011JZI" offset="1284" length="17">
        <mention_text>nearly 700 people</mention_text>
        <nom_head source="ENG_NW_001278_20130424_F00011JZI" offset="1295" length="6">people</nom_head>
      </entity_mention>
      <entity_mention id="m-414" noun_type="NOM" source="ENG_NW_001278_20130424_F00011JZI" offset="1387" length="13">
        <mention_text>those injured</mention_text>
        <nom_head source="ENG_NW_001278_20130424_F00011JZI" offset="1387" length="5">those</nom_head>
      </entity_mention>
    </entity>
    <entity id="ent-249" type="PER" specificity="specificGroup">
      <entity_mention id="m-243" noun_type="NOM" source="ENG_NW_001278_20130424_F00011JZI" offset="849" length="9">
        <mention_text>Officials</mention_text>
        <nom_head source="ENG_NW_001278_20130424_F00011JZI" offset="849" length="9">Officials</nom_head>
      </entity_mention>
      <entity_mention id="m-375" noun_type="NOM" source="ENG_NW_001278_20130424_F00011JZI" offset="1270" length="9">
        <mention_text>Officials</mention_text>
        <nom_head source="ENG_NW_001278_20130424_F00011JZI" offset="1270" length="9">Officials</nom_head>
      </entity_mention>
      <entity_mention id="m-579" noun_type="NOM" source="ENG_NW_001278_20130424_F00011JZI" offset="1981" length="15">
        <mention_text>The authorities</mention_text>
        <nom_head source="ENG_NW_001278_20130424_F00011JZI" offset="1985" length="11">authorities</nom_head>
      </entity_mention>
    </entity>
    <entity id="ent-258" type="PER" specificity="nonspecific">
      <entity_mention id="m-252" noun_type="NOM" source="ENG_NW_001278_20130424_F00011JZI" offset="878" length="15">
        <mention_text>how many people</mention_text>
        <nom_head source="ENG_NW_001278_20130424_F00011JZI" offset="887" length="6">people</nom_head>
      </entity_mention>
      <entity_mention id="m-543" noun_type="NOM" source="ENG_NW_001278_20130424_F00011JZI" offset="1802" length="9">
        <mention_text>survivors</mention_text>
        <nom_head source="ENG_NW_001278_20130424_F00011JZI" offset="1802" length="9">survivors</nom_head>
      </entity_mention>
    </entity>
    <entity id="ent-267" type="PER" specificity="specificIndividual">
      <entity_mention id="m-597" noun_type="NOM" source="ENG_NW_001278_20130424_F00011JZI" offset="2064" length="17">
        <mention_text>one factory owner</mention_text>
        <nom_head source="ENG_NW_001278_20130424_F00011JZI" offset="2076" length="5">owner</nom_head>
      </entity_mention>
      <entity_mention id="m-621" noun_type="NOM" source="ENG_NW_001278_20130424_F00011JZI" offset="2152" length="17">
        <mention_text>the factory owner</mention_text>
        <nom_head source="ENG_NW_001278_20130424_F00011JZI" offset="2164" length="5">owner</nom_head>
      </entity_mention>
      <entity_mention id="m-657" noun_type="NOM" source="ENG_NW_001278_20130424_F00011JZI" offset="2247" length="53">
        <mention_text>the factory owner who is responsible for the disaster</mention_text>
        <nom_head source="ENG_NW_001278_20130424_F00011JZI" offset="2259" length="5">owner</nom_head>
      </entity_mention>
    </entity>
    <entity id="ent-276" type="FAC" specificity="specificIndividual">
      <entity_mention id="m-270" noun_type="NOM" source="ENG_NW_001278_20130424_F00011JZI" offset="1014" length="47">
        <mention_text>the morgue of the Eman Medical College Hospital</mention_text>
        <nom_head source="ENG_NW_001278_20130424_F00011JZI" offset="1018" length="6">morgue</nom_head>
      </entity_mention>
    </entity>
    <entity id="ent-285" type="ORG" specificity="specificIndividual">
      <entity_mention id="m-279" noun_type="NAM" source="ENG_NW_001278_20130424_F00011JZI" offset="1032" length="29">
        <mention_text>Eman Medical College Hospital</mention_text>
      </entity_mention>
      <entity_mention id="m-306" noun_type="NOM" source="ENG_NW_001278_20130424_F00011JZI" offset="1093" length="27">
        <mention_text>the private medical college</mention_text>
        <nom_head source="ENG_NW_001278_20130424_F00011JZI" offset="1113" length="7">college</nom_head>
      </entity_mention>
    </entity>
    <entity id="ent-294" type="PER" specificity="specificIndividual">
      <entity_mention id="m-288" noun_type="NAM" source="ENG_NW_001278_20130424_F00011JZI" offset="1064" length="12">
        <mention_text>Shimul Shaha</mention_text>
      </entity_mention>
      <entity_mention id="m-297" noun_type="NOM" source="ENG_NW_001278_20130424_F00011JZI" offset="1078" length="42">
        <mention_text>an official at the private medical college</mention_text>
        <nom_head source="ENG_NW_001278_20130424_F00011JZI" offset="1081" length="8">official</nom_head>
      </entity_mention>
    </entity>
    <entity id="ent-303" type="PER" specificity="specificIndividual">
      <entity_mention id="m-318" noun_type="NAM" source="ENG_NW_001278_20130424_F00011JZI" offset="1147" length="14">
        <mention_text>Habibur Rahman</mention_text>
      </entity_mention>
      <entity_mention id="m-327" noun_type="NOM" source="ENG_NW_001278_20130424_F00011JZI" offset="1163" length="29">
        <mention_text>Dhaka district's police chief</mention_text>
        <nom_head source="ENG_NW_001278_20130424_F00011JZI" offset="1187" length="5">chief</nom_head>
      </entity_mention>
    </entity>
    <entity id="ent-324" type="ORG" specificity="specificIndividual">
      <entity_mention id="m-339" noun_type="NOM" source="ENG_NW_001278_20130424_F00011JZI" offset="1180" length="6">
        <mention_text>police</mention_text>
        <nom_head source="ENG_NW_001278_20130424_F00011JZI" offset="1180" length="6">police</nom_head>
      </entity_mention>
      <entity_mention id="m-354" noun_type="NOM" source="ENG_NW_001278_20130424_F00011JZI" offset="1243" length="6">
        <mention_text>police</mention_text>
        <nom_head source="ENG_NW_001278_20130424_F00011JZI" offset="1243" length="6">police</nom_head>
      </entity_mention>
    </entity>
    <entity id="ent-351" type="FAC" specificity="specificIndividual">
      <entity_mention id="m-345" noun_type="NOM" source="ENG_NW_001278_20130424_F00011JZI" offset="1233" length="33">
        <mention_text>the Savar police station premises</mention_text>
        <nom_head source="ENG_NW_001278_20130424_F00011JZI" offset="1258" length="8">premises</nom_head>
      </entity_mention>
    </entity>
    <entity id="ent-372" type="ORG" specificity="specificIndividual">
      <entity_mention id="m-366" noun_type="NOM" source="ENG_NW_001278_20130424_F00011JZI" offset="1237" length="20">
        <mention_text>Savar police station</mention_text>
        <nom_head source="ENG_NW_001278_20130424_F00011JZI" offset="1250" length="7">station</nom_head>
      </entity_mention>
    </entity>
    <entity id="ent-393" type="FAC" specificity="specificGroup">
      <entity_mention id="m-387" noun_type="NOM" source="ENG_NW_001278_20130424_F00011JZI" offset="1322" length="13">
        <mention_text>the hospitals</mention_text>
        <nom_head source="ENG_NW_001278_20130424_F00011JZI" offset="1326" length="9">hospitals</nom_head>
      </entity_mention>
    </entity>
    <entity id="ent-402" type="PER" specificity="specificGroup">
      <entity_mention id="m-396" noun_type="NOM" source="ENG_NW_001278_20130424_F00011JZI" offset="1337" length="7">
        <mention_text>Doctors</mention_text>
        <nom_head source="ENG_NW_001278_20130424_F00011JZI" offset="1337" length="7">Doctors</nom_head>
      </entity_mention>
    </entity>
    <entity id="ent-411" type="PER" specificity="specificGroup">
      <entity_mention id="m-405" noun_type="NOM" source="ENG_NW_001278_20130424_F00011JZI" offset="1379" length="21">
        <mention_text>some of those injured</mention_text>
        <nom_head source="ENG_NW_001278_20130424_F00011JZI" offset="1379" length="4">some</nom_head>
      </entity_mention>
    </entity>
    <entity id="ent-426" type="PER" specificity="specificIndividual">
      <entity_mention id="m-420" noun_type="NAM" source="ENG_NW_001278_20130424_F00011JZI" offset="1429" length="15">
        <mention_text>Niilufar Yasmin</mention_text>
      </entity_mention>
      <entity_mention id="m-429" noun_type="NOM" source="ENG_NW_001278_20130424_F00011JZI" offset="1446" length="23">
        <mention_text>a fire service official</mention_text>
        <nom_head source="ENG_NW_001278_20130424_F00011JZI" offset="1461" length="8">official</nom_head>
      </entity_mention>
    </entity>
    <entity id="ent-441" type="ORG" specificity="specificIndividual">
      <entity_mention id="m-435" noun_type="NOM" source="ENG_NW_001278_20130424_F00011JZI" offset="1448" length="12">
        <mention_text>fire service</mention_text>
        <nom_head source="ENG_NW_001278_20130424_F00011JZI" offset="1453" length="7">service</nom_head>
      </entity_mention>
    </entity>
    <entity id="ent-456" type="FAC" specificity="specificGroup">
      <entity_mention id="m-450" noun_type="NOM" source="ENG_NW_001278_20130424_F00011JZI" offset="1511" length="22">
        <mention_text>four garment factories</mention_text>
        <nom_head source="ENG_NW_001278_20130424_F00011JZI" offset="1524" length="9">factories</nom_head>
      </entity_mention>
      <entity_mention id="m-702" noun_type="NOM" source="ENG_NW_001278_20130424_F00011JZI" offset="2446" length="18">
        <mention_text>the four factories</mention_text>
        <nom_head source="ENG_NW_001278_20130424_F00011JZI" offset="2455" length="9">factories</nom_head>
      </entity_mention>
    </entity>
    <entity id="ent-465" type="FAC" specificity="specificIndividual">
      <entity_mention id="m-459" noun_type="NOM" source="ENG_NW_001278_20130424_F00011JZI" offset="1535" length="15">
        <mention_text>a bank's branch</mention_text>
        <nom_head source="ENG_NW_001278_20130424_F00011JZI" offset="1544" length="6">branch</nom_head>
      </entity_mention>
    </entity>
    <entity id="ent-474" type="ORG" specificity="specificIndividual">
      <entity_mention id="m-468" noun_type="NOM" source="ENG_NW_001278_20130424_F00011JZI" offset="1535" length="6">
        <mention_text>a bank</mention_text>
        <nom_head source="ENG_NW_001278_20130424_F00011JZI" offset="1537" length="4">bank</nom_head>
      </entity_mention>
    </entity>
    <entity id="ent-483" type="FAC" specificity="specificGroup">
      <entity_mention id="m-477" noun_type="NOM" source="ENG_NW_001278_20130424_F00011JZI" offset="1555" length="17">
        <mention_text>hundreds of shops</mention_text>
        <nom_head source="ENG_NW_001278_20130424_F00011JZI" offset="1555" length="8">hundreds</nom_head>
      </entity_mention>
    </entity>
    <entity id="ent-492" type="ORG" specificity="nonspecific">
      <entity_mention id="m-486" noun_type="NOM" source="ENG_NW_001278_20130424_F00011JZI" offset="1567" length="5">
        <mention_text>shops</mention_text>
        <nom_head source="ENG_NW_001278_20130424_F00011JZI" offset="1567" length="5">shops</nom_head>
      </entity_mention>
    </entity>
    <entity id="ent-507" type="PER" specificity="specificGroup">
      <entity_mention id="m-501" noun_type="NOM" source="ENG_NW_001278_20130424_F00011JZI" offset="1636" length="36">
        <mention_text>paramilitary Border Guards personnel</mention_text>
        <nom_head source="ENG_NW_001278_20130424_F00011JZI" offset="1663" length="9">personnel</nom_head>
      </entity_mention>
    </entity>
    <entity id="ent-516" type="ORG" specificity="specificIndividual">
      <entity_mention id="m-510" noun_type="NAM" source="ENG_NW_001278_20130424_F00011JZI" offset="1616" length="15">
        <mention_text>Bangladesh Army</mention_text>
      </entity_mention>
    </entity>
    <entity id="ent-540" type="PER" specificity="specificGroup">
      <entity_mention id="m-534" noun_type="NOM" source="ENG_NW_001278_20130424_F00011JZI" offset="1721" length="15">
        <mention_text>Local residents</mention_text>
        <nom_head source="ENG_NW_001278_20130424_F00011JZI" offset="1727" length="9">residents</nom_head>
      </entity_mention>
    </entity>
    <entity id="ent-555" type="PER" specificity="specificGroup">
      <entity_mention id="m-549" noun_type="NOM" source="ENG_NW_001278_20130424_F00011JZI" offset="1837" length="18">
        <mention_text>grieving relatives</mention_text>
        <nom_head source="ENG_NW_001278_20130424_F00011JZI" offset="1846" length="9">relatives</nom_head>
      </entity_mention>
    </entity>
    <entity id="ent-570" type="FAC" specificity="specificIndividual">
      <entity_mention id="m-564" noun_type="NOM" source="ENG_NW_001278_20130424_F00011JZI" offset="1926" length="36">
        <mention_text>only the first floor of the building</mention_text>
        <nom_head source="ENG_NW_001278_20130424_F00011JZI" offset="1941" length="5">floor</nom_head>
      </entity_mention>
    </entity>
    <entity id="ent-609" type="ORG" specificity="specificIndividual">
      <entity_mention id="m-603" noun_type="NOM" source="ENG_NW_001278_20130424_F00011JZI" offset="2068" length="7">
        <mention_text>factory</mention_text>
        <nom_head source="ENG_NW_001278_20130424_F00011JZI" offset="2068" length="7">factory</nom_head>
      </entity_mention>
      <entity_mention id="m-627" noun_type="NOM" source="ENG_NW_001278_20130424_F00011JZI" offset="2156" length="7">
        <mention_text>factory</mention_text>
        <nom_head source="ENG_NW_001278_20130424_F00011JZI" offset="2156" length="7">factory</nom_head>
      </entity_mention>
      <entity_mention id="m-663" noun_type="NOM" source="ENG_NW_001278_20130424_F00011JZI" offset="2251" length="7">
        <mention_text>factory</mention_text>
        <nom_head source="ENG_NW_001278_20130424_F00011JZI" offset="2251" length="7">factory</nom_head>
      </entity_mention>
    </entity>
    <entity id="ent-618" type="PER" specificity="specificGroup">
      <entity_mention id="m-612" noun_type="PRO" source="ENG_NW_001278_20130424_F00011JZI" offset="2108" length="2">
        <mention_text>We</mention_text>
      </entity_mention>
      <entity_mention id="m-651" noun_type="PRO" source="ENG_NW_001278_20130424_F00011JZI" offset="2218" length="2">
        <mention_text>We</mention_text>
      </entity_mention>
    </entity>
    <entity id="ent-639" type="PER" specificity="specificIndividual">
      <entity_mention id="m-633" noun_type="NOM" source="ENG_NW_001278_20130424_F00011JZI" offset="2173" length="16">
        <mention_text>a garment worker</mention_text>
        <nom_head source="ENG_NW_001278_20130424_F00011JZI" offset="2183" length="6">worker</nom_head>
      </entity_mention>
    </entity>
    <entity id="ent-648" type="ORG" specificity="specificIndividual">
      <entity_mention id="m-642" noun_type="NAM" source="ENG_NW_001278_20130424_F00011JZI" offset="2207" length="8">
        <mention_text>Somoy TV</mention_text>
      </entity_mention>
    </entity>
    <entity id="ent-675" type="PER" specificity="nonspecific">
      <entity_mention id="m-669" noun_type="NOM" source="ENG_NW_001278_20130424_F00011JZI" offset="2320" length="24">
        <mention_text>exactly how many workers</mention_text>
        <nom_head source="ENG_NW_001278_20130424_F00011JZI" offset="2337" length="7">workers</nom_head>
      </entity_mention>
    </entity>
    <entity id="ent-690" type="PER" specificity="specificGroup">
      <entity_mention id="m-684" noun_type="NOM" source="ENG_NW_001278_20130424_F00011JZI" offset="2392" length="7">
        <mention_text>sources</mention_text>
        <nom_head source="ENG_NW_001278_20130424_F00011JZI" offset="2392" length="7">sources</nom_head>
      </entity_mention>
    </entity>
    <entity id="ent-699" type="PER" specificity="specificGroup">
      <entity_mention id="m-693" noun_type="NOM" source="ENG_NW_001278_20130424_F00011JZI" offset="2405" length="24">
        <mention_text>several thousand workers</mention_text>
        <nom_head source="ENG_NW_001278_20130424_F00011JZI" offset="2422" length="7">workers</nom_head>
      </entity_mention>
    </entity>
    <entity id="ent-714" type="FAC" specificity="nonspecific">
      <entity_mention id="m-708" noun_type="NOM" source="ENG_NW_001278_20130424_F00011JZI" offset="2467" length="8">
        <mention_text>Building</mention_text>
        <nom_head source="ENG_NW_001278_20130424_F00011JZI" offset="2467" length="8">Building</nom_head>
      </entity_mention>
      <entity_mention id="m-723" noun_type="NOM" source="ENG_NW_001278_20130424_F00011JZI" offset="2514" length="25">
        <mention_text>many multi- storey blocks</mention_text>
        <nom_head source="ENG_NW_001278_20130424_F00011JZI" offset="2533" length="6">blocks</nom_head>
      </entity_mention>
    </entity>
    <entity id="ent-741" type="FAC" specificity="specificIndividual">
      <entity_mention id="m-735" noun_type="NOM" source="ENG_NW_001278_20130424_F00011JZI" offset="2639" length="15">
        <mention_text>garment factory</mention_text>
        <nom_head source="ENG_NW_001278_20130424_F00011JZI" offset="2647" length="7">factory</nom_head>
      </entity_mention>
    </entity>
    <entity id="ent-750" type="GPE" specificity="specificIndividual">
      <entity_mention id="m-744" noun_type="NAM" source="ENG_NW_001278_20130424_F00011JZI" offset="2663" length="7">
        <mention_text>Ashulia</mention_text>
      </entity_mention>
    </entity>
    <entity id="ent-1667" type="LOC" specificity="specificIndividual">
      <entity_mention id="m-495" noun_type="NOM" source="ENG_NW_001278_20130424_F00011JZI" offset="1163" length="14">
        <mention_text>Dhaka district</mention_text>
        <nom_head source="ENG_NW_001278_20130424_F00011JZI" offset="1169" length="8">district</nom_head>
      </entity_mention>
    </entity>
    <entity id="ent-1676" type="PER" specificity="specificGroup">
      <entity_mention id="m-153" noun_type="NOM" source="ENG_NW_001278_20130424_F00011JZI" offset="534" length="27">
        <mention_text>those trapped in the debris</mention_text>
        <nom_head source="ENG_NW_001278_20130424_F00011JZI" offset="534" length="5">those</nom_head>
      </entity_mention>
    </entity>
  </entities>
  <fillers>
    <filler id="f-1184" source="ENG_NW_001278_20130424_F00011JZI" offset="404" length="9" type="time" nom_time="2013-04-24">Wednesday</filler>
    <filler id="f-1662" source="ENG_NW_001278_20130424_F00011JZI" offset="2700" length="13" type="time" nom_time="2012-11-xx">November 2012</filler>
  </fillers>
  <relations>
    <relation id="r-1967" type="physical" subtype="locatednear">
      <relation_mention id="relm-759" realis="true">
        <rel_arg1 entity_id="ent-8" entity_mention_id="m-18" role="entity">Bangladesh building</rel_arg1>
        <rel_arg2 entity_id="ent-30" entity_mention_id="m-24" role="loc">Bangladesh</rel_arg2>
      </relation_mention>
      <relation_mention id="relm-769" realis="true">
        <rel_arg1 entity_id="ent-8" entity_mention_id="m-51" role="entity">Bangladesh building</rel_arg1>
        <rel_arg2 entity_id="ent-30" entity_mention_id="m-57" role="loc">Bangladesh</rel_arg2>
      </relation_mention>
      <relation_mention id="relm-779" realis="true">
        <rel_arg1 entity_id="ent-8" entity_mention_id="m-69" role="entity">Bangladesh building</rel_arg1>
        <rel_arg2 entity_id="ent-30" entity_mention_id="m-75" role="loc">Bangladesh</rel_arg2>
      </relation_mention>
      <relation_mention id="relm-789" realis="true">
        <rel_arg1 entity_id="ent-8" entity_mention_id="m-111" role="entity">a Bangladesh building</rel_arg1>
        <rel_arg2 entity_id="ent-30" entity_mention_id="m-117" role="loc">Bangladesh</rel_arg2>
      </relation_mention>
    </relation>
    <relation id="r-1968" type="physical" subtype="locatednear">
      <relation_mention id="relm-799" realis="true">
        <rel_arg1 entity_id="ent-8" entity_mention_id="m-177" role="entity">the eight-storey building in Savar on the outskirts of the Bangladeshi capital Dhaka</rel_arg1>
        <rel_arg2 entity_id="ent-189" entity_mention_id="m-183" role="loc">Savar</rel_arg2>
        <trigger source="ENG_NW_001278_20130424_F00011JZI" offset="695" length="2">in</trigger>
      </relation_mention>
    </relation>
    <relation id="r-1969" type="physical" subtype="locatednear">
      <relation_mention id="relm-809" realis="true">
        <rel_arg1 entity_id="ent-189" entity_mention_id="m-183" role="entity">Savar</rel_arg1>
        <rel_arg2 entity_id="ent-99" entity_mention_id="m-210" role="loc">the Bangladeshi capital</rel_arg2>
        <trigger source="ENG_NW_001278_20130424_F00011JZI" offset="711" length="9">outskirts</trigger>
      </relation_mention>
    </relation>
    <relation id="r-1970" type="physical" subtype="locatednear">
      <relation_mention id="relm-819" realis="true">
        <rel_arg1 entity_id="ent-99" entity_mention_id="m-210" role="entity">the Bangladeshi capital</rel_arg1>
        <rel_arg2 entity_id="ent-30" entity_mention_id="m-216" role="loc">Bangladeshi</rel_arg2>
      </relation_mention>
    </relation>
    <relation id="r-1971" type="orgaffiliation" subtype="employmentmembership">
      <relation_mention id="relm-839" realis="true">
        <rel_arg1 entity_id="ent-294" entity_mention_id="m-297" role="employeemember">an official at the private medical college</rel_arg1>
        <rel_arg2 entity_id="ent-285" entity_mention_id="m-306" role="org">the private medical college</rel_arg2>
        <trigger source="ENG_NW_001278_20130424_F00011JZI" offset="1090" length="2">at</trigger>
      </relation_mention>
    </relation>
    <relation id="r-1972" type="orgaffiliation" subtype="leadership">
      <relation_mention id="relm-859" realis="true">
        <rel_arg1 entity_id="ent-303" entity_mention_id="m-327" role="leader">Dhaka district's police chief</rel_arg1>
        <rel_arg2 entity_id="ent-324" entity_mention_id="m-339" role="entity">police</rel_arg2>
        <trigger source="ENG_NW_001278_20130424_F00011JZI" offset="1187" length="5">chief</trigger>
      </relation_mention>
    </relation>
    <relation id="r-1973" type="physical" subtype="locatednear">
      <relation_mention id="relm-869" realis="true">
        <rel_arg1 entity_id="ent-351" entity_mention_id="m-345" role="entity">the Savar police station premises</rel_arg1>
        <rel_arg2 entity_id="ent-189" entity_mention_id="m-360" role="loc">Savar</rel_arg2>
      </relation_mention>
    </relation>
    <relation id="r-1974" type="partwhole" subtype="subsidiary">
      <relation_mention id="relm-879" realis="true">
        <rel_arg1 entity_id="ent-372" entity_mention_id="m-366" role="suborg">Savar police station</rel_arg1>
        <rel_arg2 entity_id="ent-324" entity_mention_id="m-354" role="parent">police</rel_arg2>
      </relation_mention>
    </relation>
    <relation id="r-1975" type="physical" subtype="orglocationorigin">
      <relation_mention id="relm-889" realis="true">
        <rel_arg1 entity_id="ent-372" entity_mention_id="m-366" role="org">Savar police station</rel_arg1>
        <rel_arg2 entity_id="ent-351" entity_mention_id="m-345" role="loc">the Savar police station premises</rel_arg2>
        <trigger source="ENG_NW_001278_20130424_F00011JZI" offset="1258" length="8">premises</trigger>
      </relation_mention>
    </relation>
    <relation id="r-1976" type="physical" subtype="locatednear">
      <relation_mention id="relm-899" realis="true">
        <rel_arg1 entity_id="ent-240" entity_mention_id="m-381" role="entity">nearly 700 people</rel_arg1>
        <rel_arg2 entity_id="ent-393" entity_mention_id="m-387" role="loc">the hospitals</rel_arg2>
        <trigger source="ENG_NW_001278_20130424_F00011JZI" offset="1319" length="2">to</trigger>
      </relation_mention>
    </relation>
    <relation id="r-1977" type="orgaffiliation" subtype="employmentmembership">
      <relation_mention id="relm-909" realis="true">
        <rel_arg1 entity_id="ent-426" entity_mention_id="m-429" role="employeemember">a fire service official</rel_arg1>
        <rel_arg2 entity_id="ent-441" entity_mention_id="m-435" role="org">fire service</rel_arg2>
      </relation_mention>
    </relation>
    <relation id="r-1978" type="physical" subtype="locatednear">
      <relation_mention id="relm-929" realis="true">
        <rel_arg1 entity_id="ent-465" entity_mention_id="m-459" role="entity">a bank's branch</rel_arg1>
        <rel_arg2 entity_id="ent-8" entity_mention_id="m-444" role="loc">the building</rel_arg2>
        <trigger source="ENG_NW_001278_20130424_F00011JZI" offset="1501" length="9">contained</trigger>
      </relation_mention>
    </relation>
    <relation id="r-1979" type="physical" subtype="locatednear">
      <relation_mention id="relm-939" realis="true">
        <rel_arg1 entity_id="ent-483" entity_mention_id="m-477" role="entity">hundreds of shops</rel_arg1>
        <rel_arg2 entity_id="ent-8" entity_mention_id="m-444" role="loc">the building</rel_arg2>
        <trigger source="ENG_NW_001278_20130424_F00011JZI" offset="1501" length="9">contained</trigger>
      </relation_mention>
    </relation>
    <relation id="r-1980" type="partwhole" subtype="subsidiary">
      <relation_mention id="relm-959" realis="true">
        <rel_arg1 entity_id="ent-516" entity_mention_id="m-510" role="suborg">Bangladesh Army</rel_arg1>
        <rel_arg2 entity_id="ent-30" entity_mention_id="m-519" role="parent">Bangladesh</rel_arg2>
      </relation_mention>
    </relation>
    <relation id="r-1981" type="personalsocial" subtype="family">
      <relation_mention id="relm-969" realis="true">
        <rel_arg1 entity_id="ent-555" entity_mention_id="m-549" role="per">grieving relatives</rel_arg1>
        <rel_arg2 entity_id="ent-258" entity_mention_id="m-543" role="per">survivors</rel_arg2>
        <trigger source="ENG_NW_001278_20130424_F00011JZI" offset="1846" length="9">relatives</trigger>
      </relation_mention>
    </relation>
    <relation id="r-1982" type="physical" subtype="locatednear">
      <relation_mention id="relm-979" realis="true">
        <rel_arg1 entity_id="ent-555" entity_mention_id="m-549" role="entity">grieving relatives</rel_arg1>
        <rel_arg2 entity_id="ent-8" entity_mention_id="m-558" role="loc">the collapsed building</rel_arg2>
        <trigger source="ENG_NW_001278_20130424_F00011JZI" offset="1872" length="7">outside</trigger>
      </relation_mention>
    </relation>
    <relation id="r-1983" type="physical" subtype="locatednear">
      <relation_mention id="relm-989" realis="true">
        <rel_arg1 entity_id="ent-570" entity_mention_id="m-564" role="entity">only the first floor of the building</rel_arg1>
        <rel_arg2 entity_id="ent-8" entity_mention_id="m-573" role="loc">the building</rel_arg2>
        <trigger source="ENG_NW_001278_20130424_F00011JZI" offset="1947" length="2">of</trigger>
      </relation_mention>
    </relation>
    <relation id="r-1984" type="orgaffiliation" subtype="ownership">
      <relation_mention id="relm-999" realis="true">
        <rel_arg1 entity_id="ent-267" entity_mention_id="m-597" role="owner">one factory owner</rel_arg1>
        <rel_arg2 entity_id="ent-609" entity_mention_id="m-603" role="org">factory</rel_arg2>
        <trigger source="ENG_NW_001278_20130424_F00011JZI" offset="2076" length="5">owner</trigger>
      </relation_mention>
      <relation_mention id="relm-1009" realis="true">
        <rel_arg1 entity_id="ent-267" entity_mention_id="m-621" role="owner">the factory owner</rel_arg1>
        <rel_arg2 entity_id="ent-609" entity_mention_id="m-627" role="org">factory</rel_arg2>
        <trigger source="ENG_NW_001278_20130424_F00011JZI" offset="2164" length="5">owner</trigger>
      </relation_mention>
      <relation_mention id="relm-1019" realis="true">
        <rel_arg1 entity_id="ent-267" entity_mention_id="m-657" role="owner">the factory owner who is responsible for the disaster</rel_arg1>
        <rel_arg2 entity_id="ent-609" entity_mention_id="m-663" role="org">factory</rel_arg2>
        <trigger source="ENG_NW_001278_20130424_F00011JZI" offset="2259" length="5">owner</trigger>
      </relation_mention>
    </relation>
    <relation id="r-1985" type="physical" subtype="locatednear">
      <relation_mention id="relm-1029" realis="true">
        <rel_arg1 entity_id="ent-675" entity_mention_id="m-669" role="entity">exactly how many workers</rel_arg1>
        <rel_arg2 entity_id="ent-8" entity_mention_id="m-678" role="loc">the building</rel_arg2>
        <trigger source="ENG_NW_001278_20130424_F00011JZI" offset="2350" length="6">inside</trigger>
      </relation_mention>
    </relation>
    <relation id="r-1986" type="physical" subtype="locatednear">
      <relation_mention id="relm-1049" realis="true">
        <rel_arg1 entity_id="ent-714" entity_mention_id="m-708" role="entity">Building</rel_arg1>
        <rel_arg2 entity_id="ent-30" entity_mention_id="m-717" role="loc">Bangladesh</rel_arg2>
        <trigger source="ENG_NW_001278_20130424_F00011JZI" offset="2497" length="2">in</trigger>
      </relation_mention>
    </relation>
    <relation id="r-1987" type="physical" subtype="locatednear">
      <relation_mention id="relm-1059" realis="true">
        <rel_arg1 entity_id="ent-198" entity_mention_id="m-729" role="entity">At least 110 people</rel_arg1>
        <rel_arg2 entity_id="ent-741" entity_mention_id="m-735" role="loc">garment factory</rel_arg2>
        <trigger source="ENG_NW_001278_20130424_F00011JZI" offset="2634" length="2">in</trigger>
      </relation_mention>
    </relation>
    <relation id="r-1988" type="physical" subtype="locatednear">
      <relation_mention id="relm-1069" realis="true">
        <rel_arg1 entity_id="ent-741" entity_mention_id="m-735" role="entity">garment factory</rel_arg1>
        <rel_arg2 entity_id="ent-750" entity_mention_id="m-744" role="loc">Ashulia</rel_arg2>
        <trigger source="ENG_NW_001278_20130424_F00011JZI" offset="2660" length="2">in</trigger>
      </relation_mention>
    </relation>
    <relation id="r-1989" type="physical" subtype="locatednear">
      <relation_mention id="relm-1079" realis="true">
        <rel_arg1 entity_id="ent-750" entity_mention_id="m-744" role="entity">Ashulia</rel_arg1>
        <rel_arg2 entity_id="ent-99" entity_mention_id="m-753" role="loc">Dhaka</rel_arg2>
        <trigger source="ENG_NW_001278_20130424_F00011JZI" offset="2678" length="9">outskirts</trigger>
      </relation_mention>
    </relation>
    <relation id="r-1990" type="physical" subtype="orglocationorigin">
      <relation_mention id="relm-1679" realis="true">
        <rel_arg1 entity_id="ent-324" entity_mention_id="m-339" role="org">police</rel_arg1>
        <rel_arg2 entity_id="ent-1667" entity_mention_id="m-495" role="loc">Dhaka district</rel_arg2>
        <trigger source="ENG_NW_001278_20130424_F00011JZI" offset="1169" length="10">district's</trigger>
      </relation_mention>
    </relation>
  </relations>
  <hoppers>
    <hopper id="h-16">
      <event_mention id="em-1089" type="life" subtype="die" realis="actual">
        <trigger source="ENG_NW_001278_20130424_F00011JZI" offset="149" length="4">dead</trigger>
        <em_arg entity_id="ent-39" entity_mention_id="m-33" role="victim" realis="true">83</em_arg>
      </event_mention>
      <event_mention id="em-1117" type="life" subtype="die" realis="actual">
        <trigger source="ENG_NW_001278_20130424_F00011JZI" offset="243" length="4">dead</trigger>
        <em_arg entity_id="ent-39" entity_mention_id="m-63" role="victim" realis="true">83</em_arg>
      </event_mention>
      <event_mention id="em-1138" type="life" subtype="die" realis="actual">
        <trigger source="ENG_NW_001278_20130424_F00011JZI" offset="297" length="4">dead</trigger>
        <em_arg entity_id="ent-39" entity_mention_id="m-81" role="victim" realis="true">83</em_arg>
      </event_mention>
      <event_mention id="em-1219" type="life" subtype="die" realis="actual">
        <trigger source="ENG_NW_001278_20130424_F00011JZI" offset="813" length="4">dead</trigger>
        <em_arg entity_id="ent-39" entity_mention_id="m-228" role="victim" realis="true">at least 83 people</em_arg>
      </event_mention>
    </hopper>
    <hopper id="h-1187">
      <event_mention id="em-1159" type="contact" subtype="contact" realis="actual" audience="canttell" formality="canttell" medium="canttell" schedule="canttell">
        <trigger source="ENG_NW_001278_20130424_F00011JZI" offset="422" length="4">said</trigger>
        <em_arg entity_id="ent-129" entity_mention_id="m-123" role="entity" realis="true">rescuers</em_arg>
        <em_arg filler_id="f-1184" role="time" realis="true">Wednesday</em_arg>
      </event_mention>
    </hopper>
    <hopper id="h-1217">
      <event_mention id="em-1189" type="movement" subtype="transportperson" realis="other">
        <trigger source="ENG_NW_001278_20130424_F00011JZI" offset="525" length="8">pull out</trigger>
        <em_arg entity_id="ent-129" entity_mention_id="m-147" role="agent" realis="true">They</em_arg>
        <em_arg entity_id="ent-1676" entity_mention_id="m-153" role="person" realis="true">those trapped in the debris</em_arg>
      </event_mention>
    </hopper>
    <hopper id="h-1261">
      <event_mention id="em-1240" type="life" subtype="injure" realis="actual">
        <trigger source="ENG_NW_001278_20130424_F00011JZI" offset="839" length="7">injured</trigger>
        <em_arg entity_id="ent-240" entity_mention_id="m-234" role="victim" realis="true">over six hundred</em_arg>
      </event_mention>
      <event_mention id="em-1457" type="life" subtype="injure" realis="actual">
        <trigger source="ENG_NW_001278_20130424_F00011JZI" offset="1393" length="7">injured</trigger>
        <em_arg entity_id="ent-240" entity_mention_id="m-414" role="victim" realis="true">those injured</em_arg>
      </event_mention>
    </hopper>
    <hopper id="h-1284">
      <event_mention id="em-1263" type="contact" subtype="contact" realis="actual" audience="canttell" formality="canttell" medium="canttell" schedule="canttell">
        <trigger source="ENG_NW_001278_20130424_F00011JZI" offset="859" length="3">say</trigger>
        <em_arg entity_id="ent-249" entity_mention_id="m-243" role="entity" realis="true">Officials</em_arg>
      </event_mention>
      <event_mention id="em-1362" type="contact" subtype="contact" realis="actual" audience="canttell" formality="canttell" medium="canttell" schedule="canttell">
        <trigger source="ENG_NW_001278_20130424_F00011JZI" offset="1280" length="3">say</trigger>
        <em_arg entity_id="ent-249" entity_mention_id="m-375" role="entity" realis="true">Officials</em_arg>
      </event_mention>
    </hopper>
    <hopper id="h-1337">
      <event_mention id="em-1309" type="contact" subtype="contact" realis="actual" audience="canttell" formality="canttell" medium="canttell" schedule="canttell">
        <trigger source="ENG_NW_001278_20130424_F00011JZI" offset="1122" length="4">told</trigger>
        <em_arg entity_id="ent-294" entity_mention_id="m-297" role="entity" realis="true">an official at the private medical college</em_arg>
        <em_arg entity_id="ent-108" entity_mention_id="m-312" role="entity" realis="true">Xinhua</em_arg>
      </event_mention>
    </hopper>
    <hopper id="h-1360">
      <event_mention id="em-1339" type="contact" subtype="contact" realis="actual" audience="canttell" formality="canttell" medium="canttell" schedule="canttell">
        <trigger source="ENG_NW_001278_20130424_F00011JZI" offset="1194" length="4">said</trigger>
        <em_arg entity_id="ent-303" entity_mention_id="m-327" role="entity" realis="true">Dhaka district's police chief</em_arg>
      </event_mention>
    </hopper>
    <hopper id="h-1411">
      <event_mention id="em-1383" type="movement" subtype="transportperson" realis="actual">
        <trigger source="ENG_NW_001278_20130424_F00011JZI" offset="1312" length="6">rushed</trigger>
        <em_arg entity_id="ent-240" entity_mention_id="m-381" role="person" realis="true">nearly 700 people</em_arg>
        <em_arg entity_id="ent-393" entity_mention_id="m-387" role="destination" realis="true">the hospitals</em_arg>
      </event_mention>
    </hopper>
    <hopper id="h-1434">
      <event_mention id="em-1413" type="contact" subtype="contact" realis="actual" audience="canttell" formality="canttell" medium="canttell" schedule="canttell">
        <trigger source="ENG_NW_001278_20130424_F00011JZI" offset="1345" length="4">said</trigger>
        <em_arg entity_id="ent-402" entity_mention_id="m-396" role="entity" realis="true">Doctors</em_arg>
      </event_mention>
    </hopper>
    <hopper id="h-1499">
      <event_mention id="em-1478" type="contact" subtype="contact" realis="actual" audience="canttell" formality="canttell" medium="canttell" schedule="canttell">
        <trigger source="ENG_NW_001278_20130424_F00011JZI" offset="1471" length="4">said</trigger>
        <em_arg entity_id="ent-426" entity_mention_id="m-429" role="entity" realis="true">a fire service official</em_arg>
      </event_mention>
    </hopper>
    <hopper id="h-1545">
      <event_mention id="em-1524" type="contact" subtype="contact" realis="actual" audience="canttell" formality="formal" medium="canttell" schedule="canttell">
        <trigger source="ENG_NW_001278_20130424_F00011JZI" offset="1997" length="5">asked</trigger>
        <em_arg entity_id="ent-249" entity_mention_id="m-579" role="entity" realis="true">The authorities</em_arg>
      </event_mention>
    </hopper>
    <hopper id="h-1575">
      <event_mention id="em-1547" type="contact" subtype="contact" realis="actual" audience="canttell" formality="canttell" medium="canttell" schedule="canttell">
        <trigger source="ENG_NW_001278_20130424_F00011JZI" offset="2190" length="4">told</trigger>
        <em_arg entity_id="ent-639" entity_mention_id="m-633" role="entity" realis="true">a garment worker</em_arg>
        <em_arg entity_id="ent-648" entity_mention_id="m-642" role="entity" realis="true">Somoy TV</em_arg>
      </event_mention>
    </hopper>
    <hopper id="h-1598">
      <event_mention id="em-1577" type="contact" subtype="contact" realis="actual" audience="canttell" formality="canttell" medium="canttell" schedule="canttell">
        <trigger source="ENG_NW_001278_20130424_F00011JZI" offset="2400" length="4">said</trigger>
        <em_arg entity_id="ent-690" entity_mention_id="m-684" role="entity" realis="true">sources</em_arg>
      </event_mention>
    </hopper>
    <hopper id="h-1628">
      <event_mention id="em-1600" type="manufacture" subtype="artifact" realis="generic">
        <trigger source="ENG_NW_001278_20130424_F00011JZI" offset="2544" length="5">built</trigger>
        <em_arg entity_id="ent-714" entity_mention_id="m-723" role="artifact" realis="true">many multi- storey blocks</em_arg>
        <em_arg entity_id="ent-30" entity_mention_id="m-717" role="place" realis="true">Bangladesh</em_arg>
      </event_mention>
    </hopper>
    <hopper id="h-1665">
      <event_mention id="em-1630" type="life" subtype="die" realis="actual">
        <trigger source="ENG_NW_001278_20130424_F00011JZI" offset="2627" length="6">killed</trigger>
        <em_arg entity_id="ent-198" entity_mention_id="m-729" role="victim" realis="true">At least 110 people</em_arg>
        <em_arg entity_id="ent-741" entity_mention_id="m-735" role="place" realis="true">garment factory</em_arg>
        <em_arg filler_id="f-1662" role="time" realis="true">November 2012</em_arg>
      </event_mention>
    </hopper>
  </hoppers>
</deft_ere>
