<?xml version="1.0" encoding="UTF-8"?>
<deft_ere kit_id="5733b8b10000000000000023" doc_id="ENG_NW_001278_20131206_F00011WGK" source_type="newswire">
  <entities>
    <entity id="ent-8" type="GPE" specificity="specificIndividual">
      <entity_mention id="m-18" noun_type="NAM" source="ENG_NW_001278_20131206_F00011WGK" offset="110" length="10">
        <mention_text>Australian</mention_text>
      </entity_mention>
      <entity_mention id="m-24" noun_type="NAM" source="ENG_NW_001278_20131206_F00011WGK" offset="217" length="10">
        <mention_text>Australian</mention_text>
      </entity_mention>
      <entity_mention id="m-30" noun_type="NAM" source="ENG_NW_001278_20131206_F00011WGK" offset="285" length="10">
        <mention_text>Australian</mention_text>
      </entity_mention>
      <entity_mention id="m-36" noun_type="NAM" source="ENG_NW_001278_20131206_F00011WGK" offset="373" length="10">
        <mention_text>Australian</mention_text>
      </entity_mention>
      <entity_mention id="m-231" noun_type="NAM" source="ENG_NW_001278_20131206_F00011WGK" offset="854" length="10">
        <mention_text>Australian</mention_text>
      </entity_mention>
      <entity_mention id="m-246" noun_type="NAM" source="ENG_NW_001278_20131206_F00011WGK" offset="884" length="10">
        <mention_text>Australian</mention_text>
      </entity_mention>
      <entity_mention id="m-429" noun_type="NAM" source="ENG_NW_001278_20131206_F00011WGK" offset="1526" length="10">
        <mention_text>Australian</mention_text>
      </entity_mention>
      <entity_mention id="m-459" noun_type="PRO" source="ENG_NW_001278_20131206_F00011WGK" offset="1604" length="3">
        <mention_text>our</mention_text>
      </entity_mention>
      <entity_mention id="m-570" noun_type="NAM" source="ENG_NW_001278_20131206_F00011WGK" offset="2151" length="10">
        <mention_text>Australian</mention_text>
      </entity_mention>
      <entity_mention id="m-609" noun_type="NAM" source="ENG_NW_001278_20131206_F00011WGK" offset="2278" length="10">
        <mention_text>Australian</mention_text>
      </entity_mention>
    </entity>
    <entity id="ent-48" type="PER" specificity="specificGroup">
      <entity_mention id="m-42" noun_type="NOM" source="ENG_NW_001278_20131206_F00011WGK" offset="110" length="22">
        <mention_text>Australian politicians</mention_text>
        <nom_head source="ENG_NW_001278_20131206_F00011WGK" offset="121" length="11">politicians</nom_head>
      </entity_mention>
      <entity_mention id="m-72" noun_type="NOM" source="ENG_NW_001278_20131206_F00011WGK" offset="217" length="22">
        <mention_text>Australian politicians</mention_text>
        <nom_head source="ENG_NW_001278_20131206_F00011WGK" offset="228" length="11">politicians</nom_head>
      </entity_mention>
      <entity_mention id="m-78" noun_type="NOM" source="ENG_NW_001278_20131206_F00011WGK" offset="285" length="22">
        <mention_text>Australian politicians</mention_text>
        <nom_head source="ENG_NW_001278_20131206_F00011WGK" offset="296" length="11">politicians</nom_head>
      </entity_mention>
    </entity>
    <entity id="ent-57" type="PER" specificity="specificIndividual">
      <entity_mention id="m-51" noun_type="NAM" source="ENG_NW_001278_20131206_F00011WGK" offset="145" length="14">
        <mention_text>Nelson Mandela</mention_text>
      </entity_mention>
      <entity_mention id="m-60" noun_type="NAM" source="ENG_NW_001278_20131206_F00011WGK" offset="252" length="14">
        <mention_text>Nelson Mandela</mention_text>
      </entity_mention>
      <entity_mention id="m-66" noun_type="NAM" source="ENG_NW_001278_20131206_F00011WGK" offset="320" length="14">
        <mention_text>Nelson Mandela</mention_text>
      </entity_mention>
      <entity_mention id="m-117" noun_type="NOM" source="ENG_NW_001278_20131206_F00011WGK" offset="425" length="30">
        <mention_text>former South African President</mention_text>
        <nom_head source="ENG_NW_001278_20131206_F00011WGK" offset="446" length="9">President</nom_head>
      </entity_mention>
      <entity_mention id="m-132" noun_type="NAM" source="ENG_NW_001278_20131206_F00011WGK" offset="456" length="14">
        <mention_text>Nelson Mandela</mention_text>
      </entity_mention>
      <entity_mention id="m-138" noun_type="NAM" source="ENG_NW_001278_20131206_F00011WGK" offset="507" length="14">
        <mention_text>Nelson Mandela</mention_text>
      </entity_mention>
      <entity_mention id="m-144" noun_type="NOM" source="ENG_NW_001278_20131206_F00011WGK" offset="523" length="78">
        <mention_text>one of the greatest freedom fighters and political leaders of the 20th century</mention_text>
        <nom_head source="ENG_NW_001278_20131206_F00011WGK" offset="523" length="3">one</nom_head>
      </entity_mention>
      <entity_mention id="m-168" noun_type="PRO" source="ENG_NW_001278_20131206_F00011WGK" offset="644" length="3">
        <mention_text>his</mention_text>
      </entity_mention>
      <entity_mention id="m-183" noun_type="NOM" source="ENG_NW_001278_20131206_F00011WGK" offset="679" length="36">
        <mention_text>South Africa's first black president</mention_text>
        <nom_head source="ENG_NW_001278_20131206_F00011WGK" offset="706" length="9">president</nom_head>
      </entity_mention>
      <entity_mention id="m-195" noun_type="NAM" source="ENG_NW_001278_20131206_F00011WGK" offset="725" length="7">
        <mention_text>Mandela</mention_text>
      </entity_mention>
      <entity_mention id="m-210" noun_type="PRO" source="ENG_NW_001278_20131206_F00011WGK" offset="773" length="3">
        <mention_text>his</mention_text>
      </entity_mention>
      <entity_mention id="m-264" noun_type="NAM" source="ENG_NW_001278_20131206_F00011WGK" offset="937" length="7">
        <mention_text>Mandela</mention_text>
      </entity_mention>
      <entity_mention id="m-303" noun_type="NAM" source="ENG_NW_001278_20131206_F00011WGK" offset="1050" length="14">
        <mention_text>Nelson Mandela</mention_text>
      </entity_mention>
      <entity_mention id="m-309" noun_type="NOM" source="ENG_NW_001278_20131206_F00011WGK" offset="1095" length="28">
        <mention_text>more than a political leader</mention_text>
        <nom_head source="ENG_NW_001278_20131206_F00011WGK" offset="1117" length="6">leader</nom_head>
      </entity_mention>
      <entity_mention id="m-315" noun_type="PRO" source="ENG_NW_001278_20131206_F00011WGK" offset="1126" length="2">
        <mention_text>He</mention_text>
      </entity_mention>
      <entity_mention id="m-321" noun_type="NOM" source="ENG_NW_001278_20131206_F00011WGK" offset="1133" length="14">
        <mention_text>a moral leader</mention_text>
        <nom_head source="ENG_NW_001278_20131206_F00011WGK" offset="1141" length="6">leader</nom_head>
      </entity_mention>
      <entity_mention id="m-333" noun_type="PRO" source="ENG_NW_001278_20131206_F00011WGK" offset="1170" length="2">
        <mention_text>He</mention_text>
      </entity_mention>
      <entity_mention id="m-339" noun_type="PRO" source="ENG_NW_001278_20131206_F00011WGK" offset="1187" length="3">
        <mention_text>his</mention_text>
      </entity_mention>
      <entity_mention id="m-345" noun_type="PRO" source="ENG_NW_001278_20131206_F00011WGK" offset="1266" length="2">
        <mention_text>he</mention_text>
      </entity_mention>
      <entity_mention id="m-357" noun_type="PRO" source="ENG_NW_001278_20131206_F00011WGK" offset="1290" length="3">
        <mention_text>his</mention_text>
      </entity_mention>
      <entity_mention id="m-363" noun_type="PRO" source="ENG_NW_001278_20131206_F00011WGK" offset="1328" length="3">
        <mention_text>his</mention_text>
      </entity_mention>
      <entity_mention id="m-387" noun_type="NAM" source="ENG_NW_001278_20131206_F00011WGK" offset="1391" length="14">
        <mention_text>Nelson Mandela</mention_text>
      </entity_mention>
      <entity_mention id="m-393" noun_type="PRO" source="ENG_NW_001278_20131206_F00011WGK" offset="1407" length="2">
        <mention_text>he</mention_text>
      </entity_mention>
      <entity_mention id="m-468" noun_type="NAM" source="ENG_NW_001278_20131206_F00011WGK" offset="1659" length="14">
        <mention_text>Nelson Mandela</mention_text>
      </entity_mention>
      <entity_mention id="m-474" noun_type="NAM" source="ENG_NW_001278_20131206_F00011WGK" offset="1676" length="14">
        <mention_text>Nelson Mandela</mention_text>
      </entity_mention>
      <entity_mention id="m-492" noun_type="NAM" source="ENG_NW_001278_20131206_F00011WGK" offset="1772" length="7">
        <mention_text>Mandela</mention_text>
      </entity_mention>
      <entity_mention id="m-522" noun_type="PRO" source="ENG_NW_001278_20131206_F00011WGK" offset="1887" length="2">
        <mention_text>He</mention_text>
      </entity_mention>
      <entity_mention id="m-534" noun_type="PRO" source="ENG_NW_001278_20131206_F00011WGK" offset="1909" length="3">
        <mention_text>his</mention_text>
      </entity_mention>
      <entity_mention id="m-582" noun_type="NAM" source="ENG_NW_001278_20131206_F00011WGK" offset="2202" length="14">
        <mention_text>Nelson Mandela</mention_text>
      </entity_mention>
      <entity_mention id="m-651" noun_type="NAM" source="ENG_NW_001278_20131206_F00011WGK" offset="2398" length="14">
        <mention_text>Nelson Mandela</mention_text>
      </entity_mention>
      <entity_mention id="m-663" noun_type="NOM" source="ENG_NW_001278_20131206_F00011WGK" offset="2451" length="11">
        <mention_text>a great man</mention_text>
        <nom_head source="ENG_NW_001278_20131206_F00011WGK" offset="2459" length="3">man</nom_head>
      </entity_mention>
      <entity_mention id="m-675" noun_type="NAM" source="ENG_NW_001278_20131206_F00011WGK" offset="2483" length="14">
        <mention_text>Nelson Mandela</mention_text>
      </entity_mention>
      <entity_mention id="m-687" noun_type="PRO" source="ENG_NW_001278_20131206_F00011WGK" offset="2523" length="3">
        <mention_text>his</mention_text>
      </entity_mention>
      <entity_mention id="m-711" noun_type="NOM" source="ENG_NW_001278_20131206_F00011WGK" offset="2645" length="31">
        <mention_text>the former South African leader</mention_text>
        <nom_head source="ENG_NW_001278_20131206_F00011WGK" offset="2670" length="6">leader</nom_head>
      </entity_mention>
      <entity_mention id="m-723" noun_type="PRO" source="ENG_NW_001278_20131206_F00011WGK" offset="2679" length="2">
        <mention_text>He</mention_text>
      </entity_mention>
      <entity_mention id="m-729" noun_type="NOM" source="ENG_NW_001278_20131206_F00011WGK" offset="2686" length="76">
        <mention_text>one of the most inspiring, courageous and humble leaders of the 20th century</mention_text>
        <nom_head source="ENG_NW_001278_20131206_F00011WGK" offset="2686" length="3">one</nom_head>
      </entity_mention>
      <entity_mention id="m-747" noun_type="NAM" source="ENG_NW_001278_20131206_F00011WGK" offset="2819" length="14">
        <mention_text>Nelson Mandela</mention_text>
      </entity_mention>
      <entity_mention id="m-753" noun_type="NOM" source="ENG_NW_001278_20131206_F00011WGK" offset="2837" length="23">
        <mention_text>the "man of the century</mention_text>
        <nom_head source="ENG_NW_001278_20131206_F00011WGK" offset="2842" length="3">man</nom_head>
      </entity_mention>
    </entity>
    <entity id="ent-90" type="GPE" specificity="specificIndividual">
      <entity_mention id="m-84" noun_type="NAM" source="ENG_NW_001278_20131206_F00011WGK" offset="344" length="8">
        <mention_text>CANBERRA</mention_text>
      </entity_mention>
    </entity>
    <entity id="ent-99" type="ORG" specificity="specificIndividual">
      <entity_mention id="m-93" noun_type="NAM" source="ENG_NW_001278_20131206_F00011WGK" offset="362" length="6">
        <mention_text>Xinhua</mention_text>
      </entity_mention>
    </entity>
    <entity id="ent-108" type="PER" specificity="specificIndividual">
      <entity_mention id="m-102" noun_type="NOM" source="ENG_NW_001278_20131206_F00011WGK" offset="373" length="25">
        <mention_text>Australian Prime Minister</mention_text>
        <nom_head source="ENG_NW_001278_20131206_F00011WGK" offset="390" length="8">Minister</nom_head>
      </entity_mention>
      <entity_mention id="m-111" noun_type="NAM" source="ENG_NW_001278_20131206_F00011WGK" offset="399" length="11">
        <mention_text>Tony Abbott</mention_text>
      </entity_mention>
      <entity_mention id="m-252" noun_type="PRO" source="ENG_NW_001278_20131206_F00011WGK" offset="906" length="1">
        <mention_text>I</mention_text>
      </entity_mention>
      <entity_mention id="m-258" noun_type="PRO" source="ENG_NW_001278_20131206_F00011WGK" offset="915" length="2">
        <mention_text>my</mention_text>
      </entity_mention>
      <entity_mention id="m-291" noun_type="NAM" source="ENG_NW_001278_20131206_F00011WGK" offset="990" length="6">
        <mention_text>Abbott</mention_text>
      </entity_mention>
      <entity_mention id="m-297" noun_type="NAM" source="ENG_NW_001278_20131206_F00011WGK" offset="1033" length="6">
        <mention_text>Abbott</mention_text>
      </entity_mention>
      <entity_mention id="m-327" noun_type="NAM" source="ENG_NW_001278_20131206_F00011WGK" offset="1150" length="6">
        <mention_text>Abbott</mention_text>
      </entity_mention>
      <entity_mention id="m-375" noun_type="PRO" source="ENG_NW_001278_20131206_F00011WGK" offset="1342" length="2">
        <mention_text>he</mention_text>
      </entity_mention>
      <entity_mention id="m-423" noun_type="NAM" source="ENG_NW_001278_20131206_F00011WGK" offset="1511" length="6">
        <mention_text>Abbott</mention_text>
      </entity_mention>
    </entity>
    <entity id="ent-129" type="GPE" specificity="specificIndividual">
      <entity_mention id="m-123" noun_type="NAM" source="ENG_NW_001278_20131206_F00011WGK" offset="432" length="13">
        <mention_text>South African</mention_text>
      </entity_mention>
      <entity_mention id="m-189" noun_type="NAM" source="ENG_NW_001278_20131206_F00011WGK" offset="679" length="12">
        <mention_text>South Africa</mention_text>
      </entity_mention>
      <entity_mention id="m-216" noun_type="NAM" source="ENG_NW_001278_20131206_F00011WGK" offset="794" length="12">
        <mention_text>South Africa</mention_text>
      </entity_mention>
      <entity_mention id="m-285" noun_type="NAM" source="ENG_NW_001278_20131206_F00011WGK" offset="975" length="12">
        <mention_text>South Africa</mention_text>
      </entity_mention>
      <entity_mention id="m-369" noun_type="NOM" source="ENG_NW_001278_20131206_F00011WGK" offset="1328" length="11">
        <mention_text>his country</mention_text>
        <nom_head source="ENG_NW_001278_20131206_F00011WGK" offset="1332" length="7">country</nom_head>
      </entity_mention>
      <entity_mention id="m-510" noun_type="NAM" source="ENG_NW_001278_20131206_F00011WGK" offset="1807" length="12">
        <mention_text>South Africa</mention_text>
      </entity_mention>
      <entity_mention id="m-717" noun_type="NAM" source="ENG_NW_001278_20131206_F00011WGK" offset="2656" length="13">
        <mention_text>South African</mention_text>
      </entity_mention>
    </entity>
    <entity id="ent-156" type="PER" specificity="specificGroup">
      <entity_mention id="m-150" noun_type="NOM" source="ENG_NW_001278_20131206_F00011WGK" offset="634" length="6">
        <mention_text>family</mention_text>
        <nom_head source="ENG_NW_001278_20131206_F00011WGK" offset="634" length="6">family</nom_head>
      </entity_mention>
      <entity_mention id="m-270" noun_type="NOM" source="ENG_NW_001278_20131206_F00011WGK" offset="937" length="16">
        <mention_text>Mandela's family</mention_text>
        <nom_head source="ENG_NW_001278_20131206_F00011WGK" offset="947" length="6">family</nom_head>
      </entity_mention>
      <entity_mention id="m-498" noun_type="NOM" source="ENG_NW_001278_20131206_F00011WGK" offset="1772" length="16">
        <mention_text>Mandela's family</mention_text>
        <nom_head source="ENG_NW_001278_20131206_F00011WGK" offset="1782" length="6">family</nom_head>
      </entity_mention>
    </entity>
    <entity id="ent-165" type="FAC" specificity="specificIndividual">
      <entity_mention id="m-159" noun_type="NOM" source="ENG_NW_001278_20131206_F00011WGK" offset="644" length="21">
        <mention_text>his Johannesburg home</mention_text>
        <nom_head source="ENG_NW_001278_20131206_F00011WGK" offset="661" length="4">home</nom_head>
      </entity_mention>
    </entity>
    <entity id="ent-180" type="GPE" specificity="specificIndividual">
      <entity_mention id="m-174" noun_type="NAM" source="ENG_NW_001278_20131206_F00011WGK" offset="648" length="12">
        <mention_text>Johannesburg</mention_text>
      </entity_mention>
    </entity>
    <entity id="ent-207" type="LOC" specificity="specificIndividual">
      <entity_mention id="m-201" noun_type="NOM" source="ENG_NW_001278_20131206_F00011WGK" offset="759" length="9">
        <mention_text>the world</mention_text>
        <nom_head source="ENG_NW_001278_20131206_F00011WGK" offset="763" length="5">world</nom_head>
      </entity_mention>
      <entity_mention id="m-381" noun_type="NOM" source="ENG_NW_001278_20131206_F00011WGK" offset="1359" length="9">
        <mention_text>the world</mention_text>
        <nom_head source="ENG_NW_001278_20131206_F00011WGK" offset="1363" length="5">world</nom_head>
      </entity_mention>
      <entity_mention id="m-417" noun_type="NOM" source="ENG_NW_001278_20131206_F00011WGK" offset="1458" length="9">
        <mention_text>the world</mention_text>
        <nom_head source="ENG_NW_001278_20131206_F00011WGK" offset="1462" length="5">world</nom_head>
      </entity_mention>
      <entity_mention id="m-480" noun_type="NOM" source="ENG_NW_001278_20131206_F00011WGK" offset="1723" length="9">
        <mention_text>the world</mention_text>
        <nom_head source="ENG_NW_001278_20131206_F00011WGK" offset="1727" length="5">world</nom_head>
      </entity_mention>
      <entity_mention id="m-657" noun_type="NOM" source="ENG_NW_001278_20131206_F00011WGK" offset="2432" length="9">
        <mention_text>the world</mention_text>
        <nom_head source="ENG_NW_001278_20131206_F00011WGK" offset="2436" length="5">world</nom_head>
      </entity_mention>
      <entity_mention id="m-759" noun_type="NOM" source="ENG_NW_001278_20131206_F00011WGK" offset="2893" length="9">
        <mention_text>the world</mention_text>
        <nom_head source="ENG_NW_001278_20131206_F00011WGK" offset="2897" length="5">world</nom_head>
      </entity_mention>
    </entity>
    <entity id="ent-228" type="ORG" specificity="specificIndividual">
      <entity_mention id="m-222" noun_type="NOM" source="ENG_NW_001278_20131206_F00011WGK" offset="850" length="25">
        <mention_text>the Australian government</mention_text>
        <nom_head source="ENG_NW_001278_20131206_F00011WGK" offset="865" length="10">government</nom_head>
      </entity_mention>
    </entity>
    <entity id="ent-243" type="PER" specificity="specificGroup">
      <entity_mention id="m-237" noun_type="NOM" source="ENG_NW_001278_20131206_F00011WGK" offset="880" length="24">
        <mention_text>the Australian community</mention_text>
        <nom_head source="ENG_NW_001278_20131206_F00011WGK" offset="895" length="9">community</nom_head>
      </entity_mention>
      <entity_mention id="m-351" noun_type="PRO" source="ENG_NW_001278_20131206_F00011WGK" offset="1278" length="2">
        <mention_text>us</mention_text>
      </entity_mention>
      <entity_mention id="m-486" noun_type="PRO" source="ENG_NW_001278_20131206_F00011WGK" offset="1735" length="3">
        <mention_text>Our</mention_text>
      </entity_mention>
      <entity_mention id="m-528" noun_type="PRO" source="ENG_NW_001278_20131206_F00011WGK" offset="1899" length="6">
        <mention_text>us all</mention_text>
      </entity_mention>
      <entity_mention id="m-669" noun_type="PRO" source="ENG_NW_001278_20131206_F00011WGK" offset="2469" length="2">
        <mention_text>we</mention_text>
      </entity_mention>
      <entity_mention id="m-681" noun_type="PRO" source="ENG_NW_001278_20131206_F00011WGK" offset="2498" length="2">
        <mention_text>we</mention_text>
      </entity_mention>
    </entity>
    <entity id="ent-282" type="PER" specificity="specificGroup">
      <entity_mention id="m-276" noun_type="NOM" source="ENG_NW_001278_20131206_F00011WGK" offset="961" length="26">
        <mention_text>the people of South Africa</mention_text>
        <nom_head source="ENG_NW_001278_20131206_F00011WGK" offset="965" length="6">people</nom_head>
      </entity_mention>
      <entity_mention id="m-504" noun_type="NOM" source="ENG_NW_001278_20131206_F00011WGK" offset="1793" length="26">
        <mention_text>the people of South Africa</mention_text>
        <nom_head source="ENG_NW_001278_20131206_F00011WGK" offset="1797" length="6">people</nom_head>
      </entity_mention>
    </entity>
    <entity id="ent-405" type="PER" specificity="nonspecific">
      <entity_mention id="m-399" noun_type="NOM" source="ENG_NW_001278_20131206_F00011WGK" offset="1423" length="44">
        <mention_text>countless men and women throughout the world</mention_text>
        <nom_head source="ENG_NW_001278_20131206_F00011WGK" offset="1433" length="3">men</nom_head>
      </entity_mention>
    </entity>
    <entity id="ent-414" type="PER" specificity="nonspecific">
      <entity_mention id="m-408" noun_type="NOM" source="ENG_NW_001278_20131206_F00011WGK" offset="1423" length="44">
        <mention_text>countless men and women throughout the world</mention_text>
        <nom_head source="ENG_NW_001278_20131206_F00011WGK" offset="1441" length="5">women</nom_head>
      </entity_mention>
    </entity>
    <entity id="ent-441" type="PER" specificity="specificIndividual">
      <entity_mention id="m-435" noun_type="NOM" source="ENG_NW_001278_20131206_F00011WGK" offset="1526" length="27">
        <mention_text>Australian Governor-General</mention_text>
        <nom_head source="ENG_NW_001278_20131206_F00011WGK" offset="1537" length="8">Governor</nom_head>
      </entity_mention>
      <entity_mention id="m-444" noun_type="NAM" source="ENG_NW_001278_20131206_F00011WGK" offset="1554" length="13">
        <mention_text>Quentin Bryce</mention_text>
      </entity_mention>
      <entity_mention id="m-516" noun_type="NAM" source="ENG_NW_001278_20131206_F00011WGK" offset="1858" length="5">
        <mention_text>Bryce</mention_text>
      </entity_mention>
    </entity>
    <entity id="ent-456" type="PER" specificity="nonspecific">
      <entity_mention id="m-450" noun_type="NOM" source="ENG_NW_001278_20131206_F00011WGK" offset="1590" length="83">
        <mention_text>"no person in our lifetime had been more admired and respected" than Nelson Mandela</mention_text>
        <nom_head source="ENG_NW_001278_20131206_F00011WGK" offset="1594" length="6">person</nom_head>
      </entity_mention>
    </entity>
    <entity id="ent-465" type="PER" specificity="specificIndividual">
      <entity_mention id="m-588" noun_type="NOM" source="ENG_NW_001278_20131206_F00011WGK" offset="2241" length="21">
        <mention_text>former Prime Minister</mention_text>
        <nom_head source="ENG_NW_001278_20131206_F00011WGK" offset="2254" length="8">Minister</nom_head>
      </entity_mention>
      <entity_mention id="m-594" noun_type="NAM" source="ENG_NW_001278_20131206_F00011WGK" offset="2263" length="13">
        <mention_text>Julia Gillard</mention_text>
      </entity_mention>
      <entity_mention id="m-645" noun_type="NAM" source="ENG_NW_001278_20131206_F00011WGK" offset="2358" length="13">
        <mention_text>Julia Gillard</mention_text>
      </entity_mention>
      <entity_mention id="m-693" noun_type="PRO" source="ENG_NW_001278_20131206_F00011WGK" offset="2572" length="3">
        <mention_text>she</mention_text>
      </entity_mention>
      <entity_mention id="m-699" noun_type="PRO" source="ENG_NW_001278_20131206_F00011WGK" offset="2584" length="3">
        <mention_text>her</mention_text>
      </entity_mention>
    </entity>
    <entity id="ent-546" type="PER" specificity="nonspecific">
      <entity_mention id="m-540" noun_type="NOM" source="ENG_NW_001278_20131206_F00011WGK" offset="1983" length="17">
        <mention_text>every human being</mention_text>
        <nom_head source="ENG_NW_001278_20131206_F00011WGK" offset="1995" length="5">being</nom_head>
      </entity_mention>
      <entity_mention id="m-549" noun_type="NOM" source="ENG_NW_001278_20131206_F00011WGK" offset="2124" length="17">
        <mention_text>people everywhere</mention_text>
        <nom_head source="ENG_NW_001278_20131206_F00011WGK" offset="2124" length="6">people</nom_head>
      </entity_mention>
    </entity>
    <entity id="ent-567" type="PER" specificity="specificGroup">
      <entity_mention id="m-561" noun_type="NOM" source="ENG_NW_001278_20131206_F00011WGK" offset="2145" length="28">
        <mention_text>Other Australian politicians</mention_text>
        <nom_head source="ENG_NW_001278_20131206_F00011WGK" offset="2162" length="11">politicians</nom_head>
      </entity_mention>
      <entity_mention id="m-576" noun_type="PRO" source="ENG_NW_001278_20131206_F00011WGK" offset="2184" length="5">
        <mention_text>their</mention_text>
      </entity_mention>
    </entity>
    <entity id="ent-606" type="PER" specificity="specificIndividual">
      <entity_mention id="m-600" noun_type="NOM" source="ENG_NW_001278_20131206_F00011WGK" offset="2278" length="24">
        <mention_text>Australian Greens leader</mention_text>
        <nom_head source="ENG_NW_001278_20131206_F00011WGK" offset="2296" length="6">leader</nom_head>
      </entity_mention>
      <entity_mention id="m-624" noun_type="NAM" source="ENG_NW_001278_20131206_F00011WGK" offset="2303" length="15">
        <mention_text>Christine Milne</mention_text>
      </entity_mention>
      <entity_mention id="m-705" noun_type="NAM" source="ENG_NW_001278_20131206_F00011WGK" offset="2608" length="15">
        <mention_text>Christine Milne</mention_text>
      </entity_mention>
      <entity_mention id="m-735" noun_type="PRO" source="ENG_NW_001278_20131206_F00011WGK" offset="2765" length="3">
        <mention_text>she</mention_text>
      </entity_mention>
    </entity>
    <entity id="ent-621" type="ORG" specificity="specificIndividual">
      <entity_mention id="m-615" noun_type="NAM" source="ENG_NW_001278_20131206_F00011WGK" offset="2278" length="17">
        <mention_text>Australian Greens</mention_text>
      </entity_mention>
    </entity>
    <entity id="ent-636" type="PER" specificity="specificIndividual">
      <entity_mention id="m-630" noun_type="NOM" source="ENG_NW_001278_20131206_F00011WGK" offset="2323" length="21">
        <mention_text>former Prime Minister</mention_text>
        <nom_head source="ENG_NW_001278_20131206_F00011WGK" offset="2336" length="8">Minister</nom_head>
      </entity_mention>
      <entity_mention id="m-639" noun_type="NAM" source="ENG_NW_001278_20131206_F00011WGK" offset="2345" length="10">
        <mention_text>Kevin Rudd</mention_text>
      </entity_mention>
      <entity_mention id="m-741" noun_type="NAM" source="ENG_NW_001278_20131206_F00011WGK" offset="2798" length="10">
        <mention_text>Kevin Rudd</mention_text>
      </entity_mention>
      <entity_mention id="m-1075" noun_type="PRO" source="ENG_NW_001278_20131206_F00011WGK" offset="2905" length="2">
        <mention_text>he</mention_text>
      </entity_mention>
    </entity>
    <entity id="ent-1678" type="LOC" specificity="nonspecific">
      <entity_mention id="m-555" noun_type="PRO" source="ENG_NW_001278_20131206_F00011WGK" offset="2131" length="10">
        <mention_text>everywhere</mention_text>
      </entity_mention>
    </entity>
  </entities>
  <fillers>
    <filler id="f-813" source="ENG_NW_001278_20131206_F00011WGK" offset="384" length="14" type="title">Prime Minister</filler>
    <filler id="f-833" source="ENG_NW_001278_20131206_F00011WGK" offset="446" length="9" type="title">President</filler>
    <filler id="f-843" source="ENG_NW_001278_20131206_F00011WGK" offset="617" length="2" type="age">95</filler>
    <filler id="f-893" source="ENG_NW_001278_20131206_F00011WGK" offset="706" length="9" type="title">president</filler>
    <filler id="f-973" source="ENG_NW_001278_20131206_F00011WGK" offset="1537" length="16" type="title">Governor-General</filler>
    <filler id="f-1033" source="ENG_NW_001278_20131206_F00011WGK" offset="2248" length="14" type="title">Prime Minister</filler>
    <filler id="f-1073" source="ENG_NW_001278_20131206_F00011WGK" offset="2330" length="14" type="title">Prime Minister</filler>
    <filler id="f-1719" source="ENG_NW_001278_20131206_F00011WGK" offset="933" length="2" type="title">Mr</filler>
    <filler id="f-1749" source="ENG_NW_001278_20131206_F00011WGK" offset="1769" length="2" type="title">Mr</filler>
    <filler id="f-1759" source="ENG_NW_001278_20131206_F00011WGK" offset="2296" length="6" type="title">leader</filler>
    <filler id="f-1779" source="ENG_NW_001278_20131206_F00011WGK" offset="2670" length="6" type="title">leader</filler>
    <filler id="f-1238" source="ENG_NW_001278_20131206_F00011WGK" offset="706" length="9" type="title">president</filler>
    <filler id="f-1252" source="ENG_NW_001278_20131206_F00011WGK" offset="719" length="4" type="time" nom_time="1994-XX-XX">1994</filler>
    <filler id="f-1366" source="ENG_NW_001278_20131206_F00011WGK" offset="498" length="6" type="time" nom_time="2013-12-06">Friday</filler>
    <filler id="f-1419" source="ENG_NW_001278_20131206_F00011WGK" offset="1578" length="6" type="time" nom_time="2013-12-06">Friday</filler>
    <filler id="f-1470" source="ENG_NW_001278_20131206_F00011WGK" offset="2599" length="6" type="time" nom_time="2013-12-06">Friday</filler>
    <filler id="f-1498" source="ENG_NW_001278_20131206_F00011WGK" offset="2785" length="6" type="time" nom_time="2013-12-06">Friday</filler>
    <filler id="f-1528" source="ENG_NW_001278_20131206_F00011WGK" offset="2919" length="6" type="time" nom_time="2013-12-06">Friday</filler>
    <filler id="f-1565" source="ENG_NW_001278_20131206_F00011WGK" offset="446" length="9" type="title">President</filler>
    <filler id="f-1602" source="ENG_NW_001278_20131206_F00011WGK" offset="2248" length="14" type="title">Prime Minister</filler>
    <filler id="f-1639" source="ENG_NW_001278_20131206_F00011WGK" offset="2330" length="14" type="title">Prime Minister</filler>
  </fillers>
  <relations>
    <relation id="r-747" type="generalaffiliation" subtype="more">
      <relation_mention id="relm-765" realis="true">
        <rel_arg1 entity_id="ent-48" entity_mention_id="m-42" role="per">Australian politicians</rel_arg1>
        <rel_arg2 entity_id="ent-8" entity_mention_id="m-18" role="entity">Australian</rel_arg2>
        <trigger source="ENG_NW_001278_20131206_F00011WGK" offset="110" length="10">Australian</trigger>
      </relation_mention>
      <relation_mention id="relm-775" realis="true">
        <rel_arg1 entity_id="ent-48" entity_mention_id="m-72" role="per">Australian politicians</rel_arg1>
        <rel_arg2 entity_id="ent-8" entity_mention_id="m-24" role="entity">Australian</rel_arg2>
        <trigger source="ENG_NW_001278_20131206_F00011WGK" offset="217" length="10">Australian</trigger>
      </relation_mention>
      <relation_mention id="relm-785" realis="true">
        <rel_arg1 entity_id="ent-48" entity_mention_id="m-78" role="per">Australian politicians</rel_arg1>
        <rel_arg2 entity_id="ent-8" entity_mention_id="m-30" role="entity">Australian</rel_arg2>
        <trigger source="ENG_NW_001278_20131206_F00011WGK" offset="285" length="10">Australian</trigger>
      </relation_mention>
    </relation>
    <relation id="r-748" type="orgaffiliation" subtype="leadership">
      <relation_mention id="relm-795" realis="true">
        <rel_arg1 entity_id="ent-108" entity_mention_id="m-102" role="leader">Australian Prime Minister</rel_arg1>
        <rel_arg2 entity_id="ent-8" entity_mention_id="m-36" role="entity">Australian</rel_arg2>
        <trigger source="ENG_NW_001278_20131206_F00011WGK" offset="390" length="8">Minister</trigger>
      </relation_mention>
    </relation>
    <relation id="r-749" type="personalsocial" subtype="role">
      <relation_mention id="relm-805" realis="true">
        <rel_arg1 entity_id="ent-108" entity_mention_id="m-102" role="per">Australian Prime Minister</rel_arg1>
        <rel_arg2 filler_id="f-813" role="role">Prime Minister</rel_arg2>
      </relation_mention>
    </relation>
    <relation id="r-750" type="personalsocial" subtype="role">
      <relation_mention id="relm-825" realis="true">
        <rel_arg1 entity_id="ent-57" entity_mention_id="m-117" role="per">former South African President</rel_arg1>
        <rel_arg2 filler_id="f-833" role="role">President</rel_arg2>
      </relation_mention>
      <relation_mention id="relm-885" realis="true">
        <rel_arg1 entity_id="ent-57" entity_mention_id="m-183" role="per">South Africa's first black president</rel_arg1>
        <rel_arg2 filler_id="f-893" role="role">president</rel_arg2>
      </relation_mention>
      <relation_mention id="relm-1711" realis="true">
        <rel_arg1 entity_id="ent-57" entity_mention_id="m-264" role="per">Mandela</rel_arg1>
        <rel_arg2 filler_id="f-1719" role="role">Mr</rel_arg2>
      </relation_mention>
      <relation_mention id="relm-1741" realis="true">
        <rel_arg1 entity_id="ent-57" entity_mention_id="m-492" role="per">Mandela</rel_arg1>
        <rel_arg2 filler_id="f-1749" role="role">Mr</rel_arg2>
      </relation_mention>
      <relation_mention id="relm-1771" realis="true">
        <rel_arg1 entity_id="ent-57" entity_mention_id="m-711" role="per">the former South African leader</rel_arg1>
        <rel_arg2 filler_id="f-1779" role="role">leader</rel_arg2>
      </relation_mention>
    </relation>
    <relation id="r-751" type="generalaffiliation" subtype="personage">
      <relation_mention id="relm-835" realis="true">
        <rel_arg1 entity_id="ent-57" entity_mention_id="m-144" role="per">one of the greatest freedom fighters and political leaders of the 20th century</rel_arg1>
        <rel_arg2 filler_id="f-843" role="age">95</rel_arg2>
        <trigger source="ENG_NW_001278_20131206_F00011WGK" offset="612" length="4">aged</trigger>
      </relation_mention>
    </relation>
    <relation id="r-752" type="physical" subtype="resident">
      <relation_mention id="relm-855" realis="true">
        <rel_arg1 entity_id="ent-57" entity_mention_id="m-168" role="per">his</rel_arg1>
        <rel_arg2 entity_id="ent-180" entity_mention_id="m-174" role="loc">Johannesburg</rel_arg2>
        <trigger source="ENG_NW_001278_20131206_F00011WGK" offset="661" length="4">home</trigger>
      </relation_mention>
    </relation>
    <relation id="r-753" type="partwhole" subtype="subsidiary">
      <relation_mention id="relm-895" realis="true">
        <rel_arg1 entity_id="ent-228" entity_mention_id="m-222" role="suborg">the Australian government</rel_arg1>
        <rel_arg2 entity_id="ent-8" entity_mention_id="m-231" role="parent">Australian</rel_arg2>
        <trigger source="ENG_NW_001278_20131206_F00011WGK" offset="854" length="10">Australian</trigger>
      </relation_mention>
    </relation>
    <relation id="r-754" type="generalaffiliation" subtype="more">
      <relation_mention id="relm-905" realis="true">
        <rel_arg1 entity_id="ent-243" entity_mention_id="m-237" role="per">the Australian community</rel_arg1>
        <rel_arg2 entity_id="ent-8" entity_mention_id="m-246" role="entity">Australian</rel_arg2>
        <trigger source="ENG_NW_001278_20131206_F00011WGK" offset="884" length="10">Australian</trigger>
      </relation_mention>
    </relation>
    <relation id="r-755" type="personalsocial" subtype="family">
      <relation_mention id="relm-915" realis="true">
        <rel_arg1 entity_id="ent-156" entity_mention_id="m-150" role="per">family</rel_arg1>
        <rel_arg2 entity_id="ent-57" entity_mention_id="m-168" role="per">his</rel_arg2>
        <trigger source="ENG_NW_001278_20131206_F00011WGK" offset="634" length="6">family</trigger>
      </relation_mention>
      <relation_mention id="relm-925" realis="true">
        <rel_arg1 entity_id="ent-156" entity_mention_id="m-270" role="per">Mandela's family</rel_arg1>
        <rel_arg2 entity_id="ent-57" entity_mention_id="m-264" role="per">Mandela</rel_arg2>
        <trigger source="ENG_NW_001278_20131206_F00011WGK" offset="947" length="6">family</trigger>
      </relation_mention>
      <relation_mention id="relm-975" realis="true">
        <rel_arg1 entity_id="ent-156" entity_mention_id="m-498" role="per">Mandela's family</rel_arg1>
        <rel_arg2 entity_id="ent-57" entity_mention_id="m-492" role="per">Mandela</rel_arg2>
        <trigger source="ENG_NW_001278_20131206_F00011WGK" offset="1782" length="6">family</trigger>
      </relation_mention>
    </relation>
    <relation id="r-756" type="generalaffiliation" subtype="more">
      <relation_mention id="relm-935" realis="true">
        <rel_arg1 entity_id="ent-282" entity_mention_id="m-276" role="per">the people of South Africa</rel_arg1>
        <rel_arg2 entity_id="ent-129" entity_mention_id="m-285" role="entity">South Africa</rel_arg2>
        <trigger source="ENG_NW_001278_20131206_F00011WGK" offset="972" length="2">of</trigger>
      </relation_mention>
      <relation_mention id="relm-985" realis="true">
        <rel_arg1 entity_id="ent-282" entity_mention_id="m-504" role="per">the people of South Africa</rel_arg1>
        <rel_arg2 entity_id="ent-129" entity_mention_id="m-510" role="entity">South Africa</rel_arg2>
        <trigger source="ENG_NW_001278_20131206_F00011WGK" offset="1804" length="2">of</trigger>
      </relation_mention>
    </relation>
    <relation id="r-757" type="generalaffiliation" subtype="more">
      <relation_mention id="relm-945" realis="true">
        <rel_arg1 entity_id="ent-57" entity_mention_id="m-363" role="per">his</rel_arg1>
        <rel_arg2 entity_id="ent-129" entity_mention_id="m-369" role="entity">his country</rel_arg2>
      </relation_mention>
    </relation>
    <relation id="r-758" type="orgaffiliation" subtype="leadership">
      <relation_mention id="relm-955" realis="true">
        <rel_arg1 entity_id="ent-441" entity_mention_id="m-435" role="leader">Australian Governor-General</rel_arg1>
        <rel_arg2 entity_id="ent-8" entity_mention_id="m-429" role="entity">Australian</rel_arg2>
        <trigger source="ENG_NW_001278_20131206_F00011WGK" offset="1537" length="16">Governor-General</trigger>
      </relation_mention>
    </relation>
    <relation id="r-759" type="personalsocial" subtype="role">
      <relation_mention id="relm-965" realis="true">
        <rel_arg1 entity_id="ent-441" entity_mention_id="m-435" role="per">Australian Governor-General</rel_arg1>
        <rel_arg2 filler_id="f-973" role="role">Governor-General</rel_arg2>
      </relation_mention>
    </relation>
    <relation id="r-760" type="physical" subtype="locatednear">
      <relation_mention id="relm-995" realis="true">
        <rel_arg1 entity_id="ent-546" entity_mention_id="m-549" role="entity">people everywhere</rel_arg1>
        <rel_arg2 entity_id="ent-1678" entity_mention_id="m-555" role="loc">everywhere</rel_arg2>
      </relation_mention>
    </relation>
    <relation id="r-761" type="generalaffiliation" subtype="more">
      <relation_mention id="relm-1005" realis="true">
        <rel_arg1 entity_id="ent-567" entity_mention_id="m-561" role="per">Other Australian politicians</rel_arg1>
        <rel_arg2 entity_id="ent-8" entity_mention_id="m-570" role="entity">Australian</rel_arg2>
        <trigger source="ENG_NW_001278_20131206_F00011WGK" offset="2151" length="10">Australian</trigger>
      </relation_mention>
    </relation>
    <relation id="r-762" type="personalsocial" subtype="role">
      <relation_mention id="relm-1025" realis="true">
        <rel_arg1 entity_id="ent-465" entity_mention_id="m-588" role="per">former Prime Minister</rel_arg1>
        <rel_arg2 filler_id="f-1033" role="role">Prime Minister</rel_arg2>
      </relation_mention>
    </relation>
    <relation id="r-763" type="orgaffiliation" subtype="leadership">
      <relation_mention id="relm-1035" realis="true">
        <rel_arg1 entity_id="ent-606" entity_mention_id="m-600" role="leader">Australian Greens leader</rel_arg1>
        <rel_arg2 entity_id="ent-621" entity_mention_id="m-615" role="entity">Australian Greens</rel_arg2>
        <trigger source="ENG_NW_001278_20131206_F00011WGK" offset="2296" length="6">leader</trigger>
      </relation_mention>
    </relation>
    <relation id="r-764" type="partwhole" subtype="subsidiary">
      <relation_mention id="relm-1045" realis="true">
        <rel_arg1 entity_id="ent-621" entity_mention_id="m-615" role="suborg">Australian Greens</rel_arg1>
        <rel_arg2 entity_id="ent-8" entity_mention_id="m-609" role="parent">Australian</rel_arg2>
        <trigger source="ENG_NW_001278_20131206_F00011WGK" offset="2278" length="10">Australian</trigger>
      </relation_mention>
    </relation>
    <relation id="r-765" type="personalsocial" subtype="role">
      <relation_mention id="relm-1065" realis="true">
        <rel_arg1 entity_id="ent-636" entity_mention_id="m-630" role="per">former Prime Minister</rel_arg1>
        <rel_arg2 filler_id="f-1073" role="role">Prime Minister</rel_arg2>
      </relation_mention>
    </relation>
    <relation id="r-766" type="orgaffiliation" subtype="leadership">
      <relation_mention id="relm-1081" realis="true">
        <rel_arg1 entity_id="ent-57" entity_mention_id="m-711" role="leader">the former South African leader</rel_arg1>
        <rel_arg2 entity_id="ent-129" entity_mention_id="m-717" role="entity">South African</rel_arg2>
        <trigger source="ENG_NW_001278_20131206_F00011WGK" offset="2670" length="6">leader</trigger>
      </relation_mention>
      <relation_mention id="relm-1681" realis="true">
        <rel_arg1 entity_id="ent-57" entity_mention_id="m-117" role="leader">former South African President</rel_arg1>
        <rel_arg2 entity_id="ent-129" entity_mention_id="m-123" role="entity">South African</rel_arg2>
        <trigger source="ENG_NW_001278_20131206_F00011WGK" offset="446" length="9">President</trigger>
      </relation_mention>
      <relation_mention id="relm-1691" realis="true">
        <rel_arg1 entity_id="ent-57" entity_mention_id="m-183" role="leader">South Africa's first black president</rel_arg1>
        <rel_arg2 entity_id="ent-129" entity_mention_id="m-189" role="entity">South Africa</rel_arg2>
        <trigger source="ENG_NW_001278_20131206_F00011WGK" offset="706" length="9">president</trigger>
      </relation_mention>
    </relation>
    <relation id="r-767" type="physical" subtype="locatednear">
      <relation_mention id="relm-1203" realis="true">
        <rel_arg1 entity_id="ent-156" entity_mention_id="m-150" role="entity">family</rel_arg1>
        <rel_arg2 entity_id="ent-165" entity_mention_id="m-159" role="loc">his Johannesburg home</rel_arg2>
        <trigger source="ENG_NW_001278_20131206_F00011WGK" offset="641" length="2">at</trigger>
      </relation_mention>
    </relation>
    <relation id="r-768" type="physical" subtype="locatednear">
      <relation_mention id="relm-1721" realis="true">
        <rel_arg1 entity_id="ent-405" entity_mention_id="m-399" role="entity">countless men and women throughout the world</rel_arg1>
        <rel_arg2 entity_id="ent-207" entity_mention_id="m-417" role="loc">the world</rel_arg2>
        <trigger source="ENG_NW_001278_20131206_F00011WGK" offset="1447" length="10">throughout</trigger>
      </relation_mention>
    </relation>
    <relation id="r-769" type="physical" subtype="locatednear">
      <relation_mention id="relm-1731" realis="true">
        <rel_arg1 entity_id="ent-414" entity_mention_id="m-408" role="entity">countless men and women throughout the world</rel_arg1>
        <rel_arg2 entity_id="ent-207" entity_mention_id="m-417" role="loc">the world</rel_arg2>
        <trigger source="ENG_NW_001278_20131206_F00011WGK" offset="1447" length="10">throughout</trigger>
      </relation_mention>
    </relation>
    <relation id="r-770" type="personalsocial" subtype="role">
      <relation_mention id="relm-1751" realis="true">
        <rel_arg1 entity_id="ent-606" entity_mention_id="m-600" role="per">Australian Greens leader</rel_arg1>
        <rel_arg2 filler_id="f-1759" role="role">leader</rel_arg2>
      </relation_mention>
    </relation>
    <relation id="r-771" type="orgaffiliation" subtype="leadership">
      <relation_mention id="relm-1761" realis="true">
        <rel_arg1 entity_id="ent-636" entity_mention_id="m-630" role="leader">former Prime Minister</rel_arg1>
        <rel_arg2 entity_id="ent-8" entity_mention_id="m-570" role="entity">Australian</rel_arg2>
        <trigger source="ENG_NW_001278_20131206_F00011WGK" offset="2336" length="8">Minister</trigger>
      </relation_mention>
    </relation>
  </relations>
  <hoppers>
    <hopper id="h-16">
      <event_mention id="em-1091" type="life" subtype="die" realis="actual">
        <trigger source="ENG_NW_001278_20131206_F00011WGK" offset="162" length="5">death</trigger>
        <em_arg entity_id="ent-57" entity_mention_id="m-51" role="victim" realis="true">Nelson Mandela</em_arg>
      </event_mention>
      <event_mention id="em-1112" type="life" subtype="die" realis="actual">
        <trigger source="ENG_NW_001278_20131206_F00011WGK" offset="269" length="5">death</trigger>
        <em_arg entity_id="ent-57" entity_mention_id="m-60" role="victim" realis="true">Nelson Mandela</em_arg>
      </event_mention>
      <event_mention id="em-1133" type="life" subtype="die" realis="actual">
        <trigger source="ENG_NW_001278_20131206_F00011WGK" offset="337" length="5">death</trigger>
        <em_arg entity_id="ent-57" entity_mention_id="m-66" role="victim" realis="true">Nelson Mandela</em_arg>
      </event_mention>
      <event_mention id="em-1154" type="life" subtype="die" realis="actual">
        <trigger source="ENG_NW_001278_20131206_F00011WGK" offset="474" length="5">death</trigger>
        <em_arg entity_id="ent-57" entity_mention_id="m-132" role="victim" realis="true">Nelson Mandela</em_arg>
      </event_mention>
      <event_mention id="em-1175" type="life" subtype="die" realis="actual">
        <trigger source="ENG_NW_001278_20131206_F00011WGK" offset="607" length="4">died</trigger>
        <em_arg entity_id="ent-57" entity_mention_id="m-144" role="victim" realis="true">one of the greatest freedom fighters and political leaders of the 20th century</em_arg>
        <em_arg entity_id="ent-165" entity_mention_id="m-159" role="place" realis="true">his Johannesburg home</em_arg>
      </event_mention>
      <event_mention id="em-1257" type="life" subtype="die" realis="actual">
        <trigger source="ENG_NW_001278_20131206_F00011WGK" offset="1693" length="5">death</trigger>
        <em_arg entity_id="ent-57" entity_mention_id="m-474" role="victim" realis="true">Nelson Mandela</em_arg>
      </event_mention>
      <event_mention id="em-1278" type="life" subtype="die" realis="actual">
        <trigger source="ENG_NW_001278_20131206_F00011WGK" offset="2219" length="7">passing</trigger>
        <em_arg entity_id="ent-57" entity_mention_id="m-582" role="victim" realis="true">Nelson Mandela</em_arg>
      </event_mention>
      <event_mention id="em-1299" type="life" subtype="die" realis="actual">
        <trigger source="ENG_NW_001278_20131206_F00011WGK" offset="2389" length="5">death</trigger>
        <em_arg entity_id="ent-57" entity_mention_id="m-651" role="victim" realis="true">Nelson Mandela</em_arg>
      </event_mention>
      <event_mention id="em-1320" type="life" subtype="die" realis="actual">
        <trigger source="ENG_NW_001278_20131206_F00011WGK" offset="2446" length="4">lost</trigger>
        <em_arg entity_id="ent-57" entity_mention_id="m-663" role="victim" realis="true">a great man</em_arg>
      </event_mention>
    </hopper>
    <hopper id="h-1255">
      <event_mention id="em-1213" type="personnel" subtype="elect" realis="actual">
        <trigger source="ENG_NW_001278_20131206_F00011WGK" offset="668" length="7">Elected</trigger>
        <em_arg entity_id="ent-57" entity_mention_id="m-183" role="person" realis="true">South Africa's first black president</em_arg>
        <em_arg filler_id="f-1238" role="position" realis="true">president</em_arg>
        <em_arg entity_id="ent-129" entity_mention_id="m-189" role="place" realis="true">South Africa</em_arg>
        <em_arg filler_id="f-1252" role="time" realis="true">1994</em_arg>
      </event_mention>
    </hopper>
    <hopper id="h-1369">
      <event_mention id="em-1341" type="contact" subtype="broadcast" realis="actual" audience="oneway" formality="formal" medium="notinperson" schedule="planned">
        <trigger source="ENG_NW_001278_20131206_F00011WGK" offset="485" length="9">statement</trigger>
        <em_arg entity_id="ent-108" entity_mention_id="m-111" role="entity" realis="true">Tony Abbott</em_arg>
        <em_arg filler_id="f-1366" role="time" realis="true">Friday</em_arg>
      </event_mention>
      <event_mention id="em-1371" type="contact" subtype="broadcast" realis="actual" audience="oneway" formality="formal" medium="notinperson" schedule="planned">
        <trigger source="ENG_NW_001278_20131206_F00011WGK" offset="1022" length="9">statement</trigger>
        <em_arg entity_id="ent-108" entity_mention_id="m-297" role="entity" realis="true">Abbott</em_arg>
      </event_mention>
    </hopper>
    <hopper id="h-1413">
      <event_mention id="em-1392" type="contact" subtype="broadcast" realis="actual" audience="oneway" formality="formal" medium="notinperson" schedule="planned">
        <trigger source="ENG_NW_001278_20131206_F00011WGK" offset="1874" length="9">statement</trigger>
        <em_arg entity_id="ent-441" entity_mention_id="m-516" role="entity" realis="true">Bryce</em_arg>
        <em_arg filler_id="f-1419" role="time" realis="true">Friday</em_arg>
      </event_mention>
    </hopper>
    <hopper id="h-1443">
      <event_mention id="em-1422" type="contact" subtype="broadcast" realis="actual" audience="oneway" formality="formal" medium="notinperson" schedule="planned">
        <trigger source="ENG_NW_001278_20131206_F00011WGK" offset="2416" length="7">twitter</trigger>
        <em_arg entity_id="ent-465" entity_mention_id="m-645" role="entity" realis="true">Julia Gillard</em_arg>
      </event_mention>
      <event_mention id="em-1445" type="contact" subtype="broadcast" realis="actual" audience="oneway" formality="formal" medium="notinperson" schedule="planned">
        <trigger source="ENG_NW_001278_20131206_F00011WGK" offset="2588" length="7">twitter</trigger>
        <em_arg entity_id="ent-465" entity_mention_id="m-699" role="entity" realis="true">her</em_arg>
        <em_arg filler_id="f-1470" role="time" realis="true">Friday</em_arg>
      </event_mention>
    </hopper>
    <hopper id="h-1501">
      <event_mention id="em-1473" type="contact" subtype="broadcast" realis="actual" audience="oneway" formality="formal" medium="notinperson" schedule="planned">
        <trigger source="ENG_NW_001278_20131206_F00011WGK" offset="2779" length="5">tweet</trigger>
        <em_arg entity_id="ent-606" entity_mention_id="m-735" role="entity" realis="true">she</em_arg>
        <em_arg filler_id="f-1498" role="time" realis="true">Friday</em_arg>
      </event_mention>
    </hopper>
    <hopper id="h-1531">
      <event_mention id="em-1503" type="contact" subtype="broadcast" realis="actual" audience="oneway" formality="formal" medium="notinperson" schedule="planned">
        <trigger source="ENG_NW_001278_20131206_F00011WGK" offset="2908" length="7">tweeted</trigger>
        <em_arg entity_id="ent-636" entity_mention_id="m-1075" role="entity" realis="true">he</em_arg>
        <em_arg filler_id="f-1528" role="time" realis="true">Friday</em_arg>
      </event_mention>
    </hopper>
    <hopper id="h-1568">
      <event_mention id="em-1533" type="personnel" subtype="endposition" realis="actual">
        <trigger source="ENG_NW_001278_20131206_F00011WGK" offset="425" length="6">former</trigger>
        <em_arg entity_id="ent-129" entity_mention_id="m-123" role="entity" realis="true">South African</em_arg>
        <em_arg entity_id="ent-57" entity_mention_id="m-117" role="person" realis="true">former South African President</em_arg>
        <em_arg filler_id="f-1565" role="position" realis="true">President</em_arg>
      </event_mention>
      <event_mention id="em-1644" type="personnel" subtype="endposition" realis="actual">
        <trigger source="ENG_NW_001278_20131206_F00011WGK" offset="2649" length="6">former</trigger>
        <em_arg entity_id="ent-129" entity_mention_id="m-717" role="entity" realis="true">South African</em_arg>
        <em_arg entity_id="ent-57" entity_mention_id="m-711" role="person" realis="true">the former South African leader</em_arg>
      </event_mention>
    </hopper>
    <hopper id="h-1605">
      <event_mention id="em-1570" type="personnel" subtype="endposition" realis="actual">
        <trigger source="ENG_NW_001278_20131206_F00011WGK" offset="2241" length="6">former</trigger>
        <em_arg entity_id="ent-8" entity_mention_id="m-570" role="entity" realis="true">Australian</em_arg>
        <em_arg entity_id="ent-465" entity_mention_id="m-588" role="person" realis="true">former Prime Minister</em_arg>
        <em_arg filler_id="f-1602" role="position" realis="true">Prime Minister</em_arg>
      </event_mention>
    </hopper>
    <hopper id="h-1642">
      <event_mention id="em-1607" type="personnel" subtype="endposition" realis="actual">
        <trigger source="ENG_NW_001278_20131206_F00011WGK" offset="2323" length="6">former</trigger>
        <em_arg entity_id="ent-8" entity_mention_id="m-609" role="entity" realis="true">Australian</em_arg>
        <em_arg entity_id="ent-636" entity_mention_id="m-630" role="person" realis="true">former Prime Minister</em_arg>
        <em_arg filler_id="f-1639" role="position" realis="true">Prime Minister</em_arg>
      </event_mention>
    </hopper>
  </hoppers>
</deft_ere>
