<?xml version="1.0" encoding="UTF-8"?>
<deft_ere kit_id="5733b8b10000000000000019" doc_id="ENG_NW_001278_20130928_F00013EKF" source_type="newswire">
  <entities>
    <entity id="ent-8" type="PER" specificity="specificIndividual">
      <entity_mention id="m-18" noun_type="NAM" source="ENG_NW_001278_20130928_F00013EKF" offset="101" length="5">
        <mention_text>Obama</mention_text>
      </entity_mention>
      <entity_mention id="m-57" noun_type="NAM" source="ENG_NW_001278_20130928_F00013EKF" offset="200" length="5">
        <mention_text>Obama</mention_text>
      </entity_mention>
      <entity_mention id="m-75" noun_type="NAM" source="ENG_NW_001278_20130928_F00013EKF" offset="260" length="5">
        <mention_text>Obama</mention_text>
      </entity_mention>
      <entity_mention id="m-129" noun_type="NAM" source="ENG_NW_001278_20130928_F00013EKF" offset="368" length="12">
        <mention_text>Barack Obama</mention_text>
      </entity_mention>
      <entity_mention id="m-165" noun_type="NAM" source="ENG_NW_001278_20130928_F00013EKF" offset="554" length="5">
        <mention_text>Obama</mention_text>
      </entity_mention>
      <entity_mention id="m-201" noun_type="PRO" source="ENG_NW_001278_20130928_F00013EKF" offset="860" length="1">
        <mention_text>I</mention_text>
      </entity_mention>
      <entity_mention id="m-213" noun_type="NAM" source="ENG_NW_001278_20130928_F00013EKF" offset="937" length="5">
        <mention_text>Obama</mention_text>
      </entity_mention>
      <entity_mention id="m-249" noun_type="NAM" source="ENG_NW_001278_20130928_F00013EKF" offset="1108" length="5">
        <mention_text>Obama</mention_text>
      </entity_mention>
      <entity_mention id="m-294" noun_type="PRO" source="ENG_NW_001278_20130928_F00013EKF" offset="1265" length="1">
        <mention_text>I</mention_text>
      </entity_mention>
      <entity_mention id="m-300" noun_type="PRO" source="ENG_NW_001278_20130928_F00013EKF" offset="1336" length="2">
        <mention_text>he</mention_text>
      </entity_mention>
      <entity_mention id="m-306" noun_type="NOM" source="ENG_NW_001278_20130928_F00013EKF" offset="1347" length="18">
        <mention_text>The U.S. president</mention_text>
        <nom_head source="ENG_NW_001278_20130928_F00013EKF" offset="1356" length="9">president</nom_head>
      </entity_mention>
      <entity_mention id="m-318" noun_type="PRO" source="ENG_NW_001278_20130928_F00013EKF" offset="1408" length="2">
        <mention_text>he</mention_text>
      </entity_mention>
      <entity_mention id="m-354" noun_type="PRO" source="ENG_NW_001278_20130928_F00013EKF" offset="1545" length="2">
        <mention_text>He</mention_text>
      </entity_mention>
      <entity_mention id="m-390" noun_type="NAM" source="ENG_NW_001278_20130928_F00013EKF" offset="1906" length="5">
        <mention_text>Obama</mention_text>
      </entity_mention>
      <entity_mention id="m-396" noun_type="PRO" source="ENG_NW_001278_20130928_F00013EKF" offset="1919" length="2">
        <mention_text>He</mention_text>
      </entity_mention>
      <entity_mention id="m-483" noun_type="NAM" source="ENG_NW_001278_20130928_F00013EKF" offset="2311" length="5">
        <mention_text>Obama</mention_text>
      </entity_mention>
    </entity>
    <entity id="ent-30" type="ORG" specificity="specificIndividual">
      <entity_mention id="m-24" noun_type="NAM" source="ENG_NW_001278_20130928_F00013EKF" offset="135" length="4">
        <mention_text>U.N.</mention_text>
      </entity_mention>
      <entity_mention id="m-63" noun_type="NAM" source="ENG_NW_001278_20130928_F00013EKF" offset="234" length="4">
        <mention_text>U.N.</mention_text>
      </entity_mention>
      <entity_mention id="m-81" noun_type="NAM" source="ENG_NW_001278_20130928_F00013EKF" offset="294" length="4">
        <mention_text>U.N.</mention_text>
      </entity_mention>
      <entity_mention id="m-147" noun_type="NAM" source="ENG_NW_001278_20130928_F00013EKF" offset="409" length="13">
        <mention_text>United Nation</mention_text>
      </entity_mention>
      <entity_mention id="m-237" noun_type="NAM" source="ENG_NW_001278_20130928_F00013EKF" offset="1074" length="2">
        <mention_text>UN</mention_text>
      </entity_mention>
      <entity_mention id="m-276" noun_type="NAM" source="ENG_NW_001278_20130928_F00013EKF" offset="1181" length="2">
        <mention_text>UN</mention_text>
      </entity_mention>
    </entity>
    <entity id="ent-33" type="GPE" specificity="specificIndividual">
      <entity_mention id="m-45" noun_type="NAM" source="ENG_NW_001278_20130928_F00013EKF" offset="154" length="5">
        <mention_text>Syria</mention_text>
      </entity_mention>
      <entity_mention id="m-69" noun_type="NAM" source="ENG_NW_001278_20130928_F00013EKF" offset="253" length="5">
        <mention_text>Syria</mention_text>
      </entity_mention>
      <entity_mention id="m-87" noun_type="NAM" source="ENG_NW_001278_20130928_F00013EKF" offset="313" length="5">
        <mention_text>Syria</mention_text>
      </entity_mention>
      <entity_mention id="m-153" noun_type="NAM" source="ENG_NW_001278_20130928_F00013EKF" offset="437" length="5">
        <mention_text>Syria</mention_text>
      </entity_mention>
      <entity_mention id="m-195" noun_type="NAM" source="ENG_NW_001278_20130928_F00013EKF" offset="792" length="5">
        <mention_text>Syria</mention_text>
      </entity_mention>
      <entity_mention id="m-219" noun_type="NAM" source="ENG_NW_001278_20130928_F00013EKF" offset="983" length="5">
        <mention_text>Syria</mention_text>
      </entity_mention>
      <entity_mention id="m-225" noun_type="PRO" source="ENG_NW_001278_20130928_F00013EKF" offset="1000" length="3">
        <mention_text>its</mention_text>
      </entity_mention>
      <entity_mention id="m-282" noun_type="NAM" source="ENG_NW_001278_20130928_F00013EKF" offset="1219" length="5">
        <mention_text>Syria</mention_text>
      </entity_mention>
      <entity_mention id="m-288" noun_type="PRO" source="ENG_NW_001278_20130928_F00013EKF" offset="1228" length="3">
        <mention_text>its</mention_text>
      </entity_mention>
      <entity_mention id="m-330" noun_type="NAM" source="ENG_NW_001278_20130928_F00013EKF" offset="1459" length="5">
        <mention_text>Syria</mention_text>
      </entity_mention>
      <entity_mention id="m-348" noun_type="NAM" source="ENG_NW_001278_20130928_F00013EKF" offset="1537" length="5">
        <mention_text>Syria</mention_text>
      </entity_mention>
      <entity_mention id="m-366" noun_type="NAM" source="ENG_NW_001278_20130928_F00013EKF" offset="1650" length="5">
        <mention_text>Syria</mention_text>
      </entity_mention>
      <entity_mention id="m-372" noun_type="NAM" source="ENG_NW_001278_20130928_F00013EKF" offset="1687" length="5">
        <mention_text>Syria</mention_text>
      </entity_mention>
      <entity_mention id="m-378" noun_type="NOM" source="ENG_NW_001278_20130928_F00013EKF" offset="1758" length="21">
        <mention_text>this war-torn country</mention_text>
        <nom_head source="ENG_NW_001278_20130928_F00013EKF" offset="1772" length="7">country</nom_head>
      </entity_mention>
      <entity_mention id="m-402" noun_type="NAM" source="ENG_NW_001278_20130928_F00013EKF" offset="1953" length="5">
        <mention_text>Syria</mention_text>
      </entity_mention>
      <entity_mention id="m-408" noun_type="PRO" source="ENG_NW_001278_20130928_F00013EKF" offset="1970" length="3">
        <mention_text>its</mention_text>
      </entity_mention>
      <entity_mention id="m-414" noun_type="PRO" source="ENG_NW_001278_20130928_F00013EKF" offset="1996" length="3">
        <mention_text>its</mention_text>
      </entity_mention>
      <entity_mention id="m-420" noun_type="NOM" source="ENG_NW_001278_20130928_F00013EKF" offset="2087" length="55">
        <mention_text>this country where fighting is continuing on the ground</mention_text>
        <nom_head source="ENG_NW_001278_20130928_F00013EKF" offset="2092" length="7">country</nom_head>
      </entity_mention>
      <entity_mention id="m-465" noun_type="NAM" source="ENG_NW_001278_20130928_F00013EKF" offset="2174" length="6">
        <mention_text>Syrian</mention_text>
      </entity_mention>
      <entity_mention id="m-495" noun_type="NAM" source="ENG_NW_001278_20130928_F00013EKF" offset="2359" length="5">
        <mention_text>Syria</mention_text>
      </entity_mention>
      <entity_mention id="m-507" noun_type="NAM" source="ENG_NW_001278_20130928_F00013EKF" offset="2438" length="5">
        <mention_text>Syria</mention_text>
      </entity_mention>
      <entity_mention id="m-513" noun_type="PRO" source="ENG_NW_001278_20130928_F00013EKF" offset="2460" length="3">
        <mention_text>its</mention_text>
      </entity_mention>
    </entity>
    <entity id="ent-36" type="PER" specificity="specificIndividual">
      <entity_mention id="m-51" noun_type="NAM" source="ENG_NW_001278_20130928_F00013EKF" offset="180" length="3">
        <mention_text>郭曼桐</mention_text>
      </entity_mention>
    </entity>
    <entity id="ent-39" type="GPE" specificity="specificIndividual">
      <entity_mention id="m-93" noun_type="NAM" source="ENG_NW_001278_20130928_F00013EKF" offset="320" length="10">
        <mention_text>WASHINGTON</mention_text>
      </entity_mention>
    </entity>
    <entity id="ent-42" type="ORG" specificity="specificIndividual">
      <entity_mention id="m-99" noun_type="NAM" source="ENG_NW_001278_20130928_F00013EKF" offset="342" length="6">
        <mention_text>Xinhua</mention_text>
      </entity_mention>
    </entity>
    <entity id="ent-105" type="GPE" specificity="specificIndividual">
      <entity_mention id="m-141" noun_type="NAM" source="ENG_NW_001278_20130928_F00013EKF" offset="353" length="4">
        <mention_text>U.S.</mention_text>
      </entity_mention>
      <entity_mention id="m-312" noun_type="NAM" source="ENG_NW_001278_20130928_F00013EKF" offset="1351" length="4">
        <mention_text>U.S.</mention_text>
      </entity_mention>
      <entity_mention id="m-324" noun_type="NAM" source="ENG_NW_001278_20130928_F00013EKF" offset="1438" length="4">
        <mention_text>U.S.</mention_text>
      </entity_mention>
      <entity_mention id="m-438" noun_type="NAM" source="ENG_NW_001278_20130928_F00013EKF" offset="2149" length="4">
        <mention_text>U.S.</mention_text>
      </entity_mention>
    </entity>
    <entity id="ent-108" type="PER" specificity="specificGroup">
      <entity_mention id="m-159" noun_type="PRO" source="ENG_NW_001278_20130928_F00013EKF" offset="532" length="2">
        <mention_text>we</mention_text>
      </entity_mention>
      <entity_mention id="m-189" noun_type="PRO" source="ENG_NW_001278_20130928_F00013EKF" offset="655" length="2">
        <mention_text>We</mention_text>
      </entity_mention>
      <entity_mention id="m-384" noun_type="PRO" source="ENG_NW_001278_20130928_F00013EKF" offset="1786" length="2">
        <mention_text>we</mention_text>
      </entity_mention>
    </entity>
    <entity id="ent-111" type="PER" specificity="specificIndividual">
      <entity_mention id="m-171" noun_type="NAM" source="ENG_NW_001278_20130928_F00013EKF" offset="618" length="14">
        <mention_text>Manmohan Singh</mention_text>
      </entity_mention>
    </entity>
    <entity id="ent-114" type="GPE" specificity="specificIndividual">
      <entity_mention id="m-177" noun_type="NAM" source="ENG_NW_001278_20130928_F00013EKF" offset="596" length="6">
        <mention_text>Indian</mention_text>
      </entity_mention>
    </entity>
    <entity id="ent-117" type="FAC" specificity="specificIndividual">
      <entity_mention id="m-183" noun_type="NAM" source="ENG_NW_001278_20130928_F00013EKF" offset="640" length="11">
        <mention_text>White House</mention_text>
      </entity_mention>
    </entity>
    <entity id="ent-120" type="PER" specificity="specificGroup">
      <entity_mention id="m-207" noun_type="NOM" source="ENG_NW_001278_20130928_F00013EKF" offset="902" length="27">
        <mention_text>the international community</mention_text>
        <nom_head source="ENG_NW_001278_20130928_F00013EKF" offset="920" length="9">community</nom_head>
      </entity_mention>
    </entity>
    <entity id="ent-123" type="ORG" specificity="specificIndividual">
      <entity_mention id="m-231" noun_type="NAM" source="ENG_NW_001278_20130928_F00013EKF" offset="1074" length="19">
        <mention_text>UN Security Council</mention_text>
      </entity_mention>
    </entity>
    <entity id="ent-126" type="GPE" specificity="specificGroup">
      <entity_mention id="m-243" noun_type="NOM" source="ENG_NW_001278_20130928_F00013EKF" offset="1063" length="10">
        <mention_text>15- nation</mention_text>
        <nom_head source="ENG_NW_001278_20130928_F00013EKF" offset="1067" length="6">nation</nom_head>
      </entity_mention>
    </entity>
    <entity id="ent-261" type="PER" specificity="specificGroup">
      <entity_mention id="m-255" noun_type="NOM" source="ENG_NW_001278_20130928_F00013EKF" offset="1122" length="22">
        <mention_text>international partners</mention_text>
        <nom_head source="ENG_NW_001278_20130928_F00013EKF" offset="1136" length="8">partners</nom_head>
      </entity_mention>
    </entity>
    <entity id="ent-264" type="GPE" specificity="specificIndividual">
      <entity_mention id="m-336" noun_type="NAM" source="ENG_NW_001278_20130928_F00013EKF" offset="1512" length="8">
        <mention_text>Damascus</mention_text>
      </entity_mention>
      <entity_mention id="m-342" noun_type="NOM" source="ENG_NW_001278_20130928_F00013EKF" offset="1522" length="20">
        <mention_text>the capital of Syria</mention_text>
        <nom_head source="ENG_NW_001278_20130928_F00013EKF" offset="1526" length="7">capital</nom_head>
      </entity_mention>
      <entity_mention id="m-477" noun_type="NAM" source="ENG_NW_001278_20130928_F00013EKF" offset="2301" length="8">
        <mention_text>Damascus</mention_text>
      </entity_mention>
    </entity>
    <entity id="ent-267" type="GPE" specificity="specificIndividual">
      <entity_mention id="m-360" noun_type="NAM" source="ENG_NW_001278_20130928_F00013EKF" offset="1615" length="6">
        <mention_text>Geneva</mention_text>
      </entity_mention>
    </entity>
    <entity id="ent-270" type="LOC" specificity="nonspecific">
      <entity_mention id="m-426" noun_type="NOM" source="ENG_NW_001278_20130928_F00013EKF" offset="2132" length="10">
        <mention_text>the ground</mention_text>
        <nom_head source="ENG_NW_001278_20130928_F00013EKF" offset="2136" length="6">ground</nom_head>
      </entity_mention>
    </entity>
    <entity id="ent-273" type="ORG" specificity="specificIndividual">
      <entity_mention id="m-432" noun_type="NOM" source="ENG_NW_001278_20130928_F00013EKF" offset="2145" length="19">
        <mention_text>The U.S. government</mention_text>
        <nom_head source="ENG_NW_001278_20130928_F00013EKF" offset="2154" length="10">government</nom_head>
      </entity_mention>
    </entity>
    <entity id="ent-450" type="ORG" specificity="specificIndividual">
      <entity_mention id="m-444" noun_type="NOM" source="ENG_NW_001278_20130928_F00013EKF" offset="2170" length="21">
        <mention_text>the Syrian government</mention_text>
        <nom_head source="ENG_NW_001278_20130928_F00013EKF" offset="2181" length="10">government</nom_head>
      </entity_mention>
    </entity>
    <entity id="ent-453" type="PER" specificity="specificGroup">
      <entity_mention id="m-471" noun_type="NOM" source="ENG_NW_001278_20130928_F00013EKF" offset="2259" length="22">
        <mention_text>more than 1,400 people</mention_text>
        <nom_head source="ENG_NW_001278_20130928_F00013EKF" offset="2275" length="6">people</nom_head>
      </entity_mention>
    </entity>
    <entity id="ent-456" type="GPE" specificity="specificIndividual">
      <entity_mention id="m-501" noun_type="NAM" source="ENG_NW_001278_20130928_F00013EKF" offset="2422" length="6">
        <mention_text>Russia</mention_text>
      </entity_mention>
    </entity>
    <entity id="ent-459" type="ORG" specificity="specificIndividual">
      <entity_mention id="m-489" noun_type="NOM" source="ENG_NW_001278_20130928_F00013EKF" offset="2340" length="8">
        <mention_text>military</mention_text>
        <nom_head source="ENG_NW_001278_20130928_F00013EKF" offset="2340" length="8">military</nom_head>
      </entity_mention>
    </entity>
  </entities>
  <fillers>
    <filler id="f-543" source="ENG_NW_001278_20130928_F00013EKF" offset="358" length="9" type="title">President</filler>
    <filler id="f-613" source="ENG_NW_001278_20130928_F00013EKF" offset="603" length="14" type="title">Prime Minister</filler>
    <filler id="f-952" source="ENG_NW_001278_20130928_F00013EKF" offset="384" length="6" type="time" nom_time="2013-09-27">Friday</filler>
    <filler id="f-1043" source="ENG_NW_001278_20130928_F00013EKF" offset="384" length="6" type="time" nom_time="2013-09-27">Friday</filler>
    <filler id="f-1141" source="ENG_NW_001278_20130928_F00013EKF" offset="1000" length="23" type="weapon">its chemical stockpiles</filler>
    <filler id="f-1232" source="ENG_NW_001278_20130928_F00013EKF" offset="1228" length="34" type="weapon">its stockpiles of chemical weapons</filler>
    <filler id="f-1288" source="ENG_NW_001278_20130928_F00013EKF" offset="1483" length="7" type="time" nom_time="2013-08-21">Aug. 21</filler>
    <filler id="f-1316" source="ENG_NW_001278_20130928_F00013EKF" offset="1491" length="8" type="weapon">chemical</filler>
    <filler id="f-1330" source="ENG_NW_001278_20130928_F00013EKF" offset="1483" length="7" type="time" nom_time="2013-08-21">Aug. 21</filler>
    <filler id="f-1540" source="ENG_NW_001278_20130928_F00013EKF" offset="1996" length="20" type="weapon">its chemical weapons</filler>
    <filler id="f-1610" source="ENG_NW_001278_20130928_F00013EKF" offset="2212" length="7" type="time" nom_time="2013-08-21">Aug. 21</filler>
    <filler id="f-1617" source="ENG_NW_001278_20130928_F00013EKF" offset="2220" length="8" type="weapon">chemical</filler>
    <filler id="f-1673" source="ENG_NW_001278_20130928_F00013EKF" offset="2220" length="8" type="weapon">chemical</filler>
    <filler id="f-1680" source="ENG_NW_001278_20130928_F00013EKF" offset="2212" length="7" type="time" nom_time="2013-08-21">Aug. 21</filler>
    <filler id="f-1820" source="ENG_NW_001278_20130928_F00013EKF" offset="2460" length="20" type="weapon">its chemical weapons</filler>
    <filler id="f-1942" source="ENG_NW_001278_20130928_F00013EKF" offset="2373" length="6" type="time" nom_time="2013-08-XX">August</filler>
    <filler id="f-2043" source="ENG_NW_001278_20130928_F00013EKF" offset="2212" length="7" type="time" nom_time="2013-08-21">Aug. 21</filler>
  </fillers>
  <relations>
    <relation id="r-601" type="personalsocial" subtype="role">
      <relation_mention id="relm-535" realis="true">
        <rel_arg1 entity_id="ent-8" entity_mention_id="m-129" role="per">Barack Obama</rel_arg1>
        <rel_arg2 filler_id="f-543" role="role">President</rel_arg2>
      </relation_mention>
    </relation>
    <relation id="r-602" type="orgaffiliation" subtype="leadership">
      <relation_mention id="relm-545" realis="true">
        <rel_arg1 entity_id="ent-8" entity_mention_id="m-129" role="leader">Barack Obama</rel_arg1>
        <rel_arg2 entity_id="ent-105" entity_mention_id="m-141" role="entity">U.S.</rel_arg2>
        <trigger source="ENG_NW_001278_20130928_F00013EKF" offset="358" length="9">President</trigger>
      </relation_mention>
      <relation_mention id="relm-665" realis="true">
        <rel_arg1 entity_id="ent-8" entity_mention_id="m-306" role="leader">The U.S. president</rel_arg1>
        <rel_arg2 entity_id="ent-105" entity_mention_id="m-312" role="entity">U.S.</rel_arg2>
        <trigger source="ENG_NW_001278_20130928_F00013EKF" offset="1356" length="9">president</trigger>
      </relation_mention>
    </relation>
    <relation id="r-603" type="physical" subtype="locatednear">
      <relation_mention id="relm-575" realis="true">
        <rel_arg1 entity_id="ent-8" entity_mention_id="m-165" role="entity">Obama</rel_arg1>
        <rel_arg2 entity_id="ent-117" entity_mention_id="m-183" role="loc">White House</rel_arg2>
        <trigger source="ENG_NW_001278_20130928_F00013EKF" offset="633" length="2">at</trigger>
      </relation_mention>
    </relation>
    <relation id="r-604" type="physical" subtype="locatednear">
      <relation_mention id="relm-585" realis="true">
        <rel_arg1 entity_id="ent-111" entity_mention_id="m-171" role="entity">Manmohan Singh</rel_arg1>
        <rel_arg2 entity_id="ent-117" entity_mention_id="m-183" role="loc">White House</rel_arg2>
        <trigger source="ENG_NW_001278_20130928_F00013EKF" offset="633" length="2">at</trigger>
      </relation_mention>
    </relation>
    <relation id="r-605" type="orgaffiliation" subtype="leadership">
      <relation_mention id="relm-595" realis="true">
        <rel_arg1 entity_id="ent-111" entity_mention_id="m-171" role="leader">Manmohan Singh</rel_arg1>
        <rel_arg2 entity_id="ent-114" entity_mention_id="m-177" role="entity">Indian</rel_arg2>
        <trigger source="ENG_NW_001278_20130928_F00013EKF" offset="603" length="14">Prime Minister</trigger>
      </relation_mention>
    </relation>
    <relation id="r-606" type="personalsocial" subtype="role">
      <relation_mention id="relm-605" realis="true">
        <rel_arg1 entity_id="ent-111" entity_mention_id="m-171" role="per">Manmohan Singh</rel_arg1>
        <rel_arg2 filler_id="f-613" role="role">Prime Minister</rel_arg2>
      </relation_mention>
    </relation>
    <relation id="r-607" type="partwhole" subtype="subsidiary">
      <relation_mention id="relm-615" realis="true">
        <rel_arg1 entity_id="ent-123" entity_mention_id="m-231" role="suborg">UN Security Council</rel_arg1>
        <rel_arg2 entity_id="ent-30" entity_mention_id="m-237" role="parent">UN</rel_arg2>
      </relation_mention>
    </relation>
    <relation id="r-608" type="partwhole" subtype="membership">
      <relation_mention id="relm-625" realis="true">
        <rel_arg1 entity_id="ent-126" entity_mention_id="m-243" role="member">15- nation</rel_arg1>
        <rel_arg2 entity_id="ent-123" entity_mention_id="m-231" role="org">UN Security Council</rel_arg2>
      </relation_mention>
    </relation>
    <relation id="r-609" type="orgaffiliation" subtype="employmentmembership">
      <relation_mention id="relm-635" realis="true">
        <rel_arg1 entity_id="ent-261" entity_mention_id="m-255" role="employeemember">international partners</rel_arg1>
        <rel_arg2 entity_id="ent-30" entity_mention_id="m-276" role="org">UN</rel_arg2>
        <trigger source="ENG_NW_001278_20130928_F00013EKF" offset="1174" length="2">in</trigger>
      </relation_mention>
    </relation>
    <relation id="r-610" type="personalsocial" subtype="business">
      <relation_mention id="relm-645" realis="true">
        <rel_arg1 entity_id="ent-8" entity_mention_id="m-249" role="per">Obama</rel_arg1>
        <rel_arg2 entity_id="ent-261" entity_mention_id="m-255" role="per">international partners</rel_arg2>
        <trigger source="ENG_NW_001278_20130928_F00013EKF" offset="1136" length="8">partners</trigger>
      </relation_mention>
    </relation>
    <relation id="r-611" type="physical" subtype="locatednear">
      <relation_mention id="relm-675" realis="true">
        <rel_arg1 entity_id="ent-270" entity_mention_id="m-426" role="entity">the ground</rel_arg1>
        <rel_arg2 entity_id="ent-33" entity_mention_id="m-420" role="loc">this country where fighting is continuing on the ground</rel_arg2>
        <trigger source="ENG_NW_001278_20130928_F00013EKF" offset="2100" length="5">where</trigger>
      </relation_mention>
    </relation>
    <relation id="r-612" type="partwhole" subtype="subsidiary">
      <relation_mention id="relm-685" realis="true">
        <rel_arg1 entity_id="ent-273" entity_mention_id="m-432" role="suborg">The U.S. government</rel_arg1>
        <rel_arg2 entity_id="ent-105" entity_mention_id="m-438" role="parent">U.S.</rel_arg2>
      </relation_mention>
    </relation>
    <relation id="r-613" type="partwhole" subtype="subsidiary">
      <relation_mention id="relm-695" realis="true">
        <rel_arg1 entity_id="ent-450" entity_mention_id="m-444" role="suborg">the Syrian government</rel_arg1>
        <rel_arg2 entity_id="ent-33" entity_mention_id="m-465" role="parent">Syrian</rel_arg2>
        <trigger source="ENG_NW_001278_20130928_F00013EKF" offset="2174" length="6">Syrian</trigger>
      </relation_mention>
    </relation>
    <relation id="r-614" type="physical" subtype="locatednear">
      <relation_mention id="relm-705" realis="true">
        <rel_arg1 entity_id="ent-264" entity_mention_id="m-342" role="entity">the capital of Syria</rel_arg1>
        <rel_arg2 entity_id="ent-33" entity_mention_id="m-348" role="loc">Syria</rel_arg2>
        <trigger source="ENG_NW_001278_20130928_F00013EKF" offset="1534" length="2">of</trigger>
      </relation_mention>
    </relation>
  </relations>
  <hoppers>
    <hopper id="h-765">
      <event_mention id="em-735" type="contact" subtype="broadcast" realis="actual" audience="oneway" formality="formal" medium="canttell" schedule="planned">
        <trigger source="ENG_NW_001278_20130928_F00013EKF" offset="118" length="8">welcomes</trigger>
        <em_arg entity_id="ent-8" entity_mention_id="m-18" role="entity" realis="true">Obama</em_arg>
      </event_mention>
      <event_mention id="em-815" type="contact" subtype="broadcast" realis="actual" audience="oneway" formality="formal" medium="canttell" schedule="planned">
        <trigger source="ENG_NW_001278_20130928_F00013EKF" offset="217" length="8">welcomes</trigger>
        <em_arg entity_id="ent-8" entity_mention_id="m-57" role="entity" realis="true">Obama</em_arg>
        <em_arg entity_id="ent-30" entity_mention_id="m-63" role="entity" realis="true">U.N.</em_arg>
      </event_mention>
      <event_mention id="em-843" type="contact" subtype="broadcast" realis="actual" audience="oneway" formality="formal" medium="canttell" schedule="planned">
        <trigger source="ENG_NW_001278_20130928_F00013EKF" offset="277" length="8">welcomes</trigger>
        <em_arg entity_id="ent-8" entity_mention_id="m-75" role="entity" realis="true">Obama</em_arg>
        <em_arg entity_id="ent-30" entity_mention_id="m-81" role="entity" realis="true">U.N.</em_arg>
      </event_mention>
      <event_mention id="em-927" type="contact" subtype="broadcast" realis="actual" audience="oneway" formality="formal" medium="canttell" schedule="planned">
        <trigger source="ENG_NW_001278_20130928_F00013EKF" offset="391" length="4">said</trigger>
        <em_arg entity_id="ent-8" entity_mention_id="m-129" role="entity" realis="true">Barack Obama</em_arg>
        <em_arg filler_id="f-952" role="time" realis="true">Friday</em_arg>
      </event_mention>
      <event_mention id="em-983" type="contact" subtype="broadcast" realis="actual" audience="oneway" formality="canttell" medium="canttell" schedule="canttell">
        <trigger source="ENG_NW_001278_20130928_F00013EKF" offset="560" length="4">said</trigger>
        <em_arg entity_id="ent-8" entity_mention_id="m-165" role="entity" realis="true">Obama</em_arg>
      </event_mention>
      <event_mention id="em-1074" type="contact" subtype="broadcast" realis="actual" audience="oneway" formality="canttell" medium="canttell" schedule="canttell">
        <trigger source="ENG_NW_001278_20130928_F00013EKF" offset="932" length="4">said</trigger>
        <em_arg entity_id="ent-8" entity_mention_id="m-213" role="entity" realis="true">Obama</em_arg>
      </event_mention>
      <event_mention id="em-1144" type="contact" subtype="broadcast" realis="actual" audience="oneway" formality="canttell" medium="canttell" schedule="canttell">
        <trigger source="ENG_NW_001278_20130928_F00013EKF" offset="1114" length="7">thanked</trigger>
        <em_arg entity_id="ent-8" entity_mention_id="m-249" role="entity" realis="true">Obama</em_arg>
        <em_arg entity_id="ent-261" entity_mention_id="m-255" role="entity" realis="true">international partners</em_arg>
      </event_mention>
      <event_mention id="em-1235" type="contact" subtype="broadcast" realis="actual" audience="oneway" formality="canttell" medium="canttell" schedule="canttell">
        <trigger source="ENG_NW_001278_20130928_F00013EKF" offset="1339" length="5">added</trigger>
        <em_arg entity_id="ent-8" entity_mention_id="m-300" role="entity" realis="true">he</em_arg>
      </event_mention>
      <event_mention id="em-1256" type="contact" subtype="contact" realis="actual" audience="canttell" formality="canttell" medium="canttell" schedule="canttell">
        <trigger source="ENG_NW_001278_20130928_F00013EKF" offset="1411" length="4">said</trigger>
        <em_arg entity_id="ent-8" entity_mention_id="m-318" role="entity" realis="true">he</em_arg>
        <em_arg entity_id="ent-33" entity_mention_id="m-330" role="entity" realis="true">Syria</em_arg>
        <em_arg filler_id="f-1288" role="time" realis="false">Aug. 21</em_arg>
      </event_mention>
      <event_mention id="em-1333" type="contact" subtype="contact" realis="actual" audience="canttell" formality="canttell" medium="canttell" schedule="canttell">
        <trigger source="ENG_NW_001278_20130928_F00013EKF" offset="1548" length="5">noted</trigger>
        <em_arg entity_id="ent-8" entity_mention_id="m-354" role="entity" realis="true">He</em_arg>
      </event_mention>
      <event_mention id="em-1438" type="contact" subtype="broadcast" realis="actual" audience="oneway" formality="canttell" medium="canttell" schedule="canttell">
        <trigger source="ENG_NW_001278_20130928_F00013EKF" offset="1912" length="4">said</trigger>
        <em_arg entity_id="ent-8" entity_mention_id="m-390" role="entity" realis="true">Obama</em_arg>
      </event_mention>
      <event_mention id="em-1466" type="contact" subtype="broadcast" realis="actual" audience="oneway" formality="canttell" medium="canttell" schedule="canttell">
        <trigger source="ENG_NW_001278_20130928_F00013EKF" offset="1922" length="9">expressed</trigger>
        <em_arg entity_id="ent-8" entity_mention_id="m-396" role="entity" realis="true">He</em_arg>
      </event_mention>
      <event_mention id="em-1620" type="contact" subtype="broadcast" realis="actual" audience="oneway" formality="canttell" medium="canttell" schedule="canttell">
        <trigger source="ENG_NW_001278_20130928_F00013EKF" offset="1366" length="7">claimed</trigger>
        <em_arg entity_id="ent-8" entity_mention_id="m-306" role="entity" realis="true">The U.S. president</em_arg>
      </event_mention>
    </hopper>
    <hopper id="h-767">
      <event_mention id="em-1004" type="contact" subtype="meet" realis="actual" audience="twoway" formality="formal" medium="inperson" schedule="planned">
        <trigger source="ENG_NW_001278_20130928_F00013EKF" offset="583" length="7">meeting</trigger>
        <em_arg entity_id="ent-8" entity_mention_id="m-165" role="entity" realis="true">Obama</em_arg>
        <em_arg entity_id="ent-111" entity_mention_id="m-171" role="entity" realis="true">Manmohan Singh</em_arg>
        <em_arg entity_id="ent-117" entity_mention_id="m-183" role="place" realis="true">White House</em_arg>
        <em_arg filler_id="f-1043" role="time" realis="true">Friday</em_arg>
      </event_mention>
    </hopper>
    <hopper id="h-771">
      <event_mention id="em-1116" type="transaction" subtype="transferownership" realis="other" ways="voluntary">
        <trigger source="ENG_NW_001278_20130928_F00013EKF" offset="992" length="7">give up</trigger>
        <em_arg entity_id="ent-33" entity_mention_id="m-219" role="giver" realis="true">Syria</em_arg>
        <em_arg filler_id="f-1141" role="thing" realis="true">its chemical stockpiles</em_arg>
      </event_mention>
      <event_mention id="em-1207" type="transaction" subtype="transferownership" realis="other" ways="voluntary">
        <trigger source="ENG_NW_001278_20130928_F00013EKF" offset="1215" length="3">rid</trigger>
        <em_arg entity_id="ent-33" entity_mention_id="m-282" role="giver" realis="true">Syria</em_arg>
        <em_arg filler_id="f-1232" role="thing" realis="true">its stockpiles of chemical weapons</em_arg>
      </event_mention>
      <event_mention id="em-1515" type="transaction" subtype="transferownership" realis="actual" ways="voluntary">
        <trigger source="ENG_NW_001278_20130928_F00013EKF" offset="1988" length="7">give up</trigger>
        <em_arg entity_id="ent-33" entity_mention_id="m-414" role="giver" realis="true">its</em_arg>
        <em_arg filler_id="f-1540" role="thing" realis="true">its chemical weapons</em_arg>
      </event_mention>
      <event_mention id="em-1781" type="transaction" subtype="transferownership" realis="other" ways="voluntary">
        <trigger source="ENG_NW_001278_20130928_F00013EKF" offset="2454" length="5">place</trigger>
        <em_arg entity_id="ent-33" entity_mention_id="m-507" role="giver" realis="true">Syria</em_arg>
        <em_arg filler_id="f-1820" role="thing" realis="true">its chemical weapons</em_arg>
      </event_mention>
    </hopper>
    <hopper id="h-807">
      <event_mention id="em-1291" type="conflict" subtype="attack" realis="actual">
        <trigger source="ENG_NW_001278_20130928_F00013EKF" offset="1500" length="6">attack</trigger>
        <em_arg entity_id="ent-33" entity_mention_id="m-330" role="attacker" realis="true">Syria</em_arg>
        <em_arg filler_id="f-1316" role="instrument" realis="true">chemical</em_arg>
        <em_arg entity_id="ent-264" entity_mention_id="m-336" role="place" realis="true">Damascus</em_arg>
        <em_arg filler_id="f-1330" role="time" realis="true">Aug. 21</em_arg>
      </event_mention>
      <event_mention id="em-1578" type="conflict" subtype="attack" realis="actual">
        <trigger source="ENG_NW_001278_20130928_F00013EKF" offset="2229" length="6">attack</trigger>
        <em_arg entity_id="ent-450" entity_mention_id="m-444" role="attacker" realis="true">the Syrian government</em_arg>
        <em_arg entity_id="ent-453" entity_mention_id="m-471" role="target" realis="true">more than 1,400 people</em_arg>
        <em_arg filler_id="f-1610" role="time" realis="true">Aug. 21</em_arg>
        <em_arg filler_id="f-1617" role="instrument" realis="true">chemical</em_arg>
      </event_mention>
    </hopper>
    <hopper id="h-811">
      <event_mention id="em-1375" type="conflict" subtype="attack" realis="actual">
        <trigger source="ENG_NW_001278_20130928_F00013EKF" offset="1680" length="3">war</trigger>
        <em_arg entity_id="ent-33" entity_mention_id="m-372" role="place" realis="true">Syria</em_arg>
      </event_mention>
      <event_mention id="em-1403" type="conflict" subtype="attack" realis="actual">
        <trigger source="ENG_NW_001278_20130928_F00013EKF" offset="1763" length="8">war-torn</trigger>
        <em_arg entity_id="ent-33" entity_mention_id="m-378" role="place" realis="true">this war-torn country</em_arg>
      </event_mention>
      <event_mention id="em-1543" type="conflict" subtype="attack" realis="actual">
        <trigger source="ENG_NW_001278_20130928_F00013EKF" offset="2106" length="8">fighting</trigger>
        <em_arg entity_id="ent-33" entity_mention_id="m-420" role="place" realis="true">this country where fighting is continuing on the ground</em_arg>
        <em_arg entity_id="ent-270" entity_mention_id="m-426" role="place" realis="true">the ground</em_arg>
      </event_mention>
    </hopper>
    <hopper id="h-813">
      <event_mention id="em-1641" type="life" subtype="die" realis="other">
        <trigger source="ENG_NW_001278_20130928_F00013EKF" offset="2252" length="6">killed</trigger>
        <em_arg entity_id="ent-450" entity_mention_id="m-444" role="agent" realis="true">the Syrian government</em_arg>
        <em_arg entity_id="ent-453" entity_mention_id="m-471" role="victim" realis="true">more than 1,400 people</em_arg>
        <em_arg filler_id="f-1673" role="instrument" realis="true">chemical</em_arg>
        <em_arg filler_id="f-1680" role="time" realis="true">Aug. 21</em_arg>
      </event_mention>
    </hopper>
    <hopper id="h-1424">
      <event_mention id="em-1683" type="conflict" subtype="attack" realis="other">
        <trigger source="ENG_NW_001278_20130928_F00013EKF" offset="2349" length="6">strike</trigger>
        <em_arg entity_id="ent-459" entity_mention_id="m-489" role="attacker" realis="true">military</em_arg>
        <em_arg entity_id="ent-33" entity_mention_id="m-495" role="target" realis="true">Syria</em_arg>
      </event_mention>
    </hopper>
    <hopper id="h-1426">
      <event_mention id="em-1718" type="contact" subtype="contact" realis="actual" audience="twoway" formality="formal" medium="canttell" schedule="planned">
        <trigger source="ENG_NW_001278_20130928_F00013EKF" offset="2405" length="4">deal</trigger>
        <em_arg entity_id="ent-33" entity_mention_id="m-507" role="entity" realis="true">Syria</em_arg>
        <em_arg entity_id="ent-456" entity_mention_id="m-501" role="entity" realis="true">Russia</em_arg>
      </event_mention>
    </hopper>
    <hopper id="h-1432">
      <event_mention id="em-1823" type="contact" subtype="contact" realis="actual" audience="canttell" formality="formal" medium="canttell" schedule="planned">
        <trigger source="ENG_NW_001278_20130928_F00013EKF" offset="1277" length="9">expressed</trigger>
        <em_arg entity_id="ent-8" entity_mention_id="m-294" role="entity" realis="true">I</em_arg>
      </event_mention>
    </hopper>
    <hopper id="h-1434">
      <event_mention id="em-1854" type="contact" subtype="contact" realis="actual" audience="twoway" formality="formal" medium="canttell" schedule="planned">
        <trigger source="ENG_NW_001278_20130928_F00013EKF" offset="2285" length="5">claim</trigger>
        <em_arg entity_id="ent-273" entity_mention_id="m-432" role="entity" realis="true">The U.S. government</em_arg>
        <em_arg entity_id="ent-264" entity_mention_id="m-477" role="entity" realis="true">Damascus</em_arg>
      </event_mention>
      <event_mention id="em-1882" type="contact" subtype="contact" realis="actual" audience="twoway" formality="formal" medium="canttell" schedule="planned">
        <trigger source="ENG_NW_001278_20130928_F00013EKF" offset="2291" length="6">denied</trigger>
        <em_arg entity_id="ent-264" entity_mention_id="m-477" role="entity" realis="true">Damascus</em_arg>
        <em_arg entity_id="ent-273" entity_mention_id="m-432" role="entity" realis="true">The U.S. government</em_arg>
      </event_mention>
    </hopper>
    <hopper id="h-1436">
      <event_mention id="em-1910" type="contact" subtype="contact" realis="actual" audience="canttell" formality="formal" medium="canttell" schedule="planned">
        <trigger source="ENG_NW_001278_20130928_F00013EKF" offset="2317" length="10">threatened</trigger>
        <em_arg entity_id="ent-8" entity_mention_id="m-483" role="entity" realis="true">Obama</em_arg>
        <em_arg entity_id="ent-33" entity_mention_id="m-495" role="entity" realis="true">Syria</em_arg>
        <em_arg filler_id="f-1942" role="time" realis="false">August</em_arg>
      </event_mention>
    </hopper>
    <hopper id="h-1987">
      <event_mention id="em-1966" type="contact" subtype="meet" realis="actual" audience="twoway" formality="formal" medium="inperson" schedule="planned">
        <trigger source="ENG_NW_001278_20130928_F00013EKF" offset="1636" length="10">conference</trigger>
        <em_arg entity_id="ent-267" entity_mention_id="m-360" role="place" realis="true">Geneva</em_arg>
      </event_mention>
    </hopper>
    <hopper id="h-2016">
      <event_mention id="em-1995" type="contact" subtype="meet" realis="actual" audience="twoway" formality="formal" medium="inperson" schedule="planned">
        <trigger source="ENG_NW_001278_20130928_F00013EKF" offset="1598" length="9">agreement</trigger>
        <em_arg entity_id="ent-267" entity_mention_id="m-360" role="place" realis="true">Geneva</em_arg>
      </event_mention>
    </hopper>
    <hopper id="h-2053">
      <event_mention id="em-2018" type="conflict" subtype="attack" realis="other">
        <trigger source="ENG_NW_001278_20130928_F00013EKF" offset="2252" length="6">killed</trigger>
        <em_arg entity_id="ent-450" entity_mention_id="m-444" role="attacker" realis="true">the Syrian government</em_arg>
        <em_arg filler_id="f-2043" role="time" realis="true">Aug. 21</em_arg>
        <em_arg entity_id="ent-453" entity_mention_id="m-471" role="target" realis="true">more than 1,400 people</em_arg>
      </event_mention>
    </hopper>
  </hoppers>
</deft_ere>
