<?xml version="1.0" encoding="UTF-8"?>
<deft_ere kit_id="5733b8b10000000000000040" doc_id="ENG_NW_001278_20130427_F00012P0Y" source_type="newswire">
  <entities>
    <entity id="ent-8" type="ORG" specificity="specificIndividual">
      <entity_mention id="m-18" noun_type="NAM" source="ENG_NW_001278_20130427_F00012P0Y" offset="101" length="22">
        <mention_text>Central Bank of Cyprus</mention_text>
      </entity_mention>
      <entity_mention id="m-66" noun_type="NAM" source="ENG_NW_001278_20130427_F00012P0Y" offset="213" length="22">
        <mention_text>Central Bank of Cyprus</mention_text>
      </entity_mention>
      <entity_mention id="m-114" noun_type="NAM" source="ENG_NW_001278_20130427_F00012P0Y" offset="313" length="22">
        <mention_text>Central Bank of Cyprus</mention_text>
      </entity_mention>
      <entity_mention id="m-468" noun_type="NAM" source="ENG_NW_001278_20130427_F00012P0Y" offset="1656" length="12">
        <mention_text>Central Bank</mention_text>
      </entity_mention>
      <entity_mention id="m-552" noun_type="NAM" source="ENG_NW_001278_20130427_F00012P0Y" offset="2124" length="12">
        <mention_text>Central Bank</mention_text>
      </entity_mention>
    </entity>
    <entity id="ent-30" type="GPE" specificity="specificIndividual">
      <entity_mention id="m-24" noun_type="NAM" source="ENG_NW_001278_20130427_F00012P0Y" offset="117" length="6">
        <mention_text>Cyprus</mention_text>
      </entity_mention>
      <entity_mention id="m-51" noun_type="NAM" source="ENG_NW_001278_20130427_F00012P0Y" offset="141" length="6">
        <mention_text>Cyprus</mention_text>
      </entity_mention>
      <entity_mention id="m-72" noun_type="NAM" source="ENG_NW_001278_20130427_F00012P0Y" offset="229" length="6">
        <mention_text>Cyprus</mention_text>
      </entity_mention>
      <entity_mention id="m-90" noun_type="NAM" source="ENG_NW_001278_20130427_F00012P0Y" offset="253" length="6">
        <mention_text>Cyprus</mention_text>
      </entity_mention>
      <entity_mention id="m-120" noun_type="NAM" source="ENG_NW_001278_20130427_F00012P0Y" offset="329" length="6">
        <mention_text>Cyprus</mention_text>
      </entity_mention>
      <entity_mention id="m-138" noun_type="NAM" source="ENG_NW_001278_20130427_F00012P0Y" offset="391" length="6">
        <mention_text>Cyprus</mention_text>
      </entity_mention>
      <entity_mention id="m-243" noun_type="NAM" source="ENG_NW_001278_20130427_F00012P0Y" offset="816" length="6">
        <mention_text>Cyprus</mention_text>
      </entity_mention>
      <entity_mention id="m-255" noun_type="NAM" source="ENG_NW_001278_20130427_F00012P0Y" offset="828" length="6">
        <mention_text>Cyprus</mention_text>
      </entity_mention>
      <entity_mention id="m-279" noun_type="NOM" source="ENG_NW_001278_20130427_F00012P0Y" offset="962" length="10">
        <mention_text>the island</mention_text>
        <nom_head source="ENG_NW_001278_20130427_F00012P0Y" offset="966" length="6">island</nom_head>
      </entity_mention>
      <entity_mention id="m-300" noun_type="NAM" source="ENG_NW_001278_20130427_F00012P0Y" offset="1079" length="6">
        <mention_text>Cyprus</mention_text>
      </entity_mention>
      <entity_mention id="m-306" noun_type="NOM" source="ENG_NW_001278_20130427_F00012P0Y" offset="1146" length="32">
        <mention_text>the eastern Mediterranean island</mention_text>
        <nom_head source="ENG_NW_001278_20130427_F00012P0Y" offset="1172" length="6">island</nom_head>
      </entity_mention>
      <entity_mention id="m-357" noun_type="NAM" source="ENG_NW_001278_20130427_F00012P0Y" offset="1272" length="6">
        <mention_text>Cyprus</mention_text>
      </entity_mention>
      <entity_mention id="m-363" noun_type="NAM" source="ENG_NW_001278_20130427_F00012P0Y" offset="1311" length="6">
        <mention_text>Cyprus</mention_text>
      </entity_mention>
      <entity_mention id="m-426" noun_type="NAM" source="ENG_NW_001278_20130427_F00012P0Y" offset="1532" length="6">
        <mention_text>Cyprus</mention_text>
      </entity_mention>
      <entity_mention id="m-453" noun_type="NAM" source="ENG_NW_001278_20130427_F00012P0Y" offset="1599" length="6">
        <mention_text>Cyprus</mention_text>
      </entity_mention>
      <entity_mention id="m-513" noun_type="NAM" source="ENG_NW_001278_20130427_F00012P0Y" offset="1875" length="7">
        <mention_text>Cypriot</mention_text>
      </entity_mention>
      <entity_mention id="m-648" noun_type="NAM" source="ENG_NW_001278_20130427_F00012P0Y" offset="2544" length="6">
        <mention_text>Cyprus</mention_text>
      </entity_mention>
      <entity_mention id="m-699" noun_type="NAM" source="ENG_NW_001278_20130427_F00012P0Y" offset="2810" length="6">
        <mention_text>Cyprus</mention_text>
      </entity_mention>
      <entity_mention id="m-750" noun_type="NAM" source="ENG_NW_001278_20130427_F00012P0Y" offset="2969" length="6">
        <mention_text>Cyprus</mention_text>
      </entity_mention>
      <entity_mention id="m-774" noun_type="NAM" source="ENG_NW_001278_20130427_F00012P0Y" offset="3092" length="6">
        <mention_text>Cyprus</mention_text>
      </entity_mention>
      <entity_mention id="m-828" noun_type="NAM" source="ENG_NW_001278_20130427_F00012P0Y" offset="3251" length="6">
        <mention_text>Cyprus</mention_text>
      </entity_mention>
    </entity>
    <entity id="ent-39" type="ORG" specificity="specificIndividual">
      <entity_mention id="m-33" noun_type="NOM" source="ENG_NW_001278_20130427_F00012P0Y" offset="133" length="32">
        <mention_text>Bank of Cyprus provisional board</mention_text>
        <nom_head source="ENG_NW_001278_20130427_F00012P0Y" offset="160" length="5">board</nom_head>
      </entity_mention>
      <entity_mention id="m-78" noun_type="NOM" source="ENG_NW_001278_20130427_F00012P0Y" offset="245" length="32">
        <mention_text>Bank of Cyprus provisional board</mention_text>
        <nom_head source="ENG_NW_001278_20130427_F00012P0Y" offset="272" length="5">board</nom_head>
      </entity_mention>
      <entity_mention id="m-126" noun_type="NOM" source="ENG_NW_001278_20130427_F00012P0Y" offset="356" length="47">
        <mention_text>a provisional board at the Bank of Cyprus (BOC)</mention_text>
        <nom_head source="ENG_NW_001278_20130427_F00012P0Y" offset="370" length="5">board</nom_head>
      </entity_mention>
      <entity_mention id="m-186" noun_type="NOM" source="ENG_NW_001278_20130427_F00012P0Y" offset="584" length="19">
        <mention_text>The 14-member board</mention_text>
        <nom_head source="ENG_NW_001278_20130427_F00012P0Y" offset="598" length="5">board</nom_head>
      </entity_mention>
      <entity_mention id="m-495" noun_type="NOM" source="ENG_NW_001278_20130427_F00012P0Y" offset="1824" length="24">
        <mention_text>a provisional bank board</mention_text>
        <nom_head source="ENG_NW_001278_20130427_F00012P0Y" offset="1843" length="5">board</nom_head>
      </entity_mention>
      <entity_mention id="m-537" noun_type="NOM" source="ENG_NW_001278_20130427_F00012P0Y" offset="2019" length="19">
        <mention_text>a provisional board</mention_text>
        <nom_head source="ENG_NW_001278_20130427_F00012P0Y" offset="2033" length="5">board</nom_head>
      </entity_mention>
    </entity>
    <entity id="ent-48" type="ORG" specificity="specificIndividual">
      <entity_mention id="m-42" noun_type="NAM" source="ENG_NW_001278_20130427_F00012P0Y" offset="133" length="14">
        <mention_text>Bank of Cyprus</mention_text>
      </entity_mention>
      <entity_mention id="m-84" noun_type="NAM" source="ENG_NW_001278_20130427_F00012P0Y" offset="245" length="14">
        <mention_text>Bank of Cyprus</mention_text>
      </entity_mention>
      <entity_mention id="m-132" noun_type="NAM" source="ENG_NW_001278_20130427_F00012P0Y" offset="383" length="14">
        <mention_text>Bank of Cyprus</mention_text>
      </entity_mention>
      <entity_mention id="m-144" noun_type="NAM" source="ENG_NW_001278_20130427_F00012P0Y" offset="399" length="3">
        <mention_text>BOC</mention_text>
      </entity_mention>
      <entity_mention id="m-150" noun_type="NOM" source="ENG_NW_001278_20130427_F00012P0Y" offset="436" length="8">
        <mention_text>the bank</mention_text>
        <nom_head source="ENG_NW_001278_20130427_F00012P0Y" offset="440" length="4">bank</nom_head>
      </entity_mention>
      <entity_mention id="m-165" noun_type="PRO" source="ENG_NW_001278_20130427_F00012P0Y" offset="507" length="3">
        <mention_text>its</mention_text>
      </entity_mention>
      <entity_mention id="m-180" noun_type="NAM" source="ENG_NW_001278_20130427_F00012P0Y" offset="578" length="3">
        <mention_text>BOC</mention_text>
      </entity_mention>
      <entity_mention id="m-237" noun_type="NAM" source="ENG_NW_001278_20130427_F00012P0Y" offset="808" length="14">
        <mention_text>Bank of Cyprus</mention_text>
      </entity_mention>
      <entity_mention id="m-294" noun_type="NAM" source="ENG_NW_001278_20130427_F00012P0Y" offset="1071" length="14">
        <mention_text>Bank of Cyprus</mention_text>
      </entity_mention>
      <entity_mention id="m-351" noun_type="NAM" source="ENG_NW_001278_20130427_F00012P0Y" offset="1264" length="14">
        <mention_text>Bank of Cyprus</mention_text>
      </entity_mention>
      <entity_mention id="m-420" noun_type="NAM" source="ENG_NW_001278_20130427_F00012P0Y" offset="1524" length="14">
        <mention_text>Bank of Cyprus</mention_text>
      </entity_mention>
      <entity_mention id="m-432" noun_type="NOM" source="ENG_NW_001278_20130427_F00012P0Y" offset="1559" length="4">
        <mention_text>bank</mention_text>
        <nom_head source="ENG_NW_001278_20130427_F00012P0Y" offset="1559" length="4">bank</nom_head>
      </entity_mention>
      <entity_mention id="m-447" noun_type="NAM" source="ENG_NW_001278_20130427_F00012P0Y" offset="1591" length="14">
        <mention_text>Bank of Cyprus</mention_text>
      </entity_mention>
      <entity_mention id="m-501" noun_type="NOM" source="ENG_NW_001278_20130427_F00012P0Y" offset="1838" length="4">
        <mention_text>bank</mention_text>
        <nom_head source="ENG_NW_001278_20130427_F00012P0Y" offset="1838" length="4">bank</nom_head>
      </entity_mention>
      <entity_mention id="m-582" noun_type="NOM" source="ENG_NW_001278_20130427_F00012P0Y" offset="2259" length="4">
        <mention_text>bank</mention_text>
        <nom_head source="ENG_NW_001278_20130427_F00012P0Y" offset="2259" length="4">bank</nom_head>
      </entity_mention>
    </entity>
    <entity id="ent-63" type="PER" specificity="specificIndividual">
      <entity_mention id="m-57" noun_type="NAM" source="ENG_NW_001278_20130427_F00012P0Y" offset="186" length="10">
        <mention_text>huangyanan</mention_text>
      </entity_mention>
    </entity>
    <entity id="ent-102" type="GPE" specificity="specificIndividual">
      <entity_mention id="m-96" noun_type="NAM" source="ENG_NW_001278_20130427_F00012P0Y" offset="279" length="7">
        <mention_text>NICOSIA</mention_text>
      </entity_mention>
    </entity>
    <entity id="ent-111" type="ORG" specificity="specificIndividual">
      <entity_mention id="m-105" noun_type="NAM" source="ENG_NW_001278_20130427_F00012P0Y" offset="298" length="6">
        <mention_text>Xinhua</mention_text>
      </entity_mention>
    </entity>
    <entity id="ent-162" type="ORG" specificity="specificIndividual">
      <entity_mention id="m-507" noun_type="NOM" source="ENG_NW_001278_20130427_F00012P0Y" offset="1871" length="22">
        <mention_text>the Cypriot government</mention_text>
        <nom_head source="ENG_NW_001278_20130427_F00012P0Y" offset="1883" length="10">government</nom_head>
      </entity_mention>
    </entity>
    <entity id="ent-177" type="ORG" specificity="specificIndividual">
      <entity_mention id="m-171" noun_type="NOM" source="ENG_NW_001278_20130427_F00012P0Y" offset="555" length="19">
        <mention_text>a wound-down lender</mention_text>
        <nom_head source="ENG_NW_001278_20130427_F00012P0Y" offset="568" length="6">lender</nom_head>
      </entity_mention>
      <entity_mention id="m-249" noun_type="NAM" source="ENG_NW_001278_20130427_F00012P0Y" offset="828" length="19">
        <mention_text>Cyprus Popular Bank</mention_text>
      </entity_mention>
      <entity_mention id="m-261" noun_type="NAM" source="ENG_NW_001278_20130427_F00012P0Y" offset="863" length="10">
        <mention_text>Laiki Bank</mention_text>
      </entity_mention>
      <entity_mention id="m-267" noun_type="NAM" source="ENG_NW_001278_20130427_F00012P0Y" offset="953" length="5">
        <mention_text>Laiki</mention_text>
      </entity_mention>
      <entity_mention id="m-273" noun_type="NOM" source="ENG_NW_001278_20130427_F00012P0Y" offset="962" length="34">
        <mention_text>the island's second largest lender</mention_text>
        <nom_head source="ENG_NW_001278_20130427_F00012P0Y" offset="990" length="6">lender</nom_head>
      </entity_mention>
      <entity_mention id="m-345" noun_type="NAM" source="ENG_NW_001278_20130427_F00012P0Y" offset="1244" length="10">
        <mention_text>Laiki Bank</mention_text>
      </entity_mention>
    </entity>
    <entity id="ent-207" type="PER" specificity="nonspecific">
      <entity_mention id="m-201" noun_type="NOM" source="ENG_NW_001278_20130427_F00012P0Y" offset="623" length="11">
        <mention_text>a president</mention_text>
        <nom_head source="ENG_NW_001278_20130427_F00012P0Y" offset="625" length="9">president</nom_head>
      </entity_mention>
    </entity>
    <entity id="ent-216" type="PER" specificity="nonspecific">
      <entity_mention id="m-210" noun_type="NOM" source="ENG_NW_001278_20130427_F00012P0Y" offset="639" length="5">
        <mention_text>a CEO</mention_text>
        <nom_head source="ENG_NW_001278_20130427_F00012P0Y" offset="641" length="3">CEO</nom_head>
      </entity_mention>
    </entity>
    <entity id="ent-225" type="PER" specificity="nonspecific">
      <entity_mention id="m-219" noun_type="NOM" source="ENG_NW_001278_20130427_F00012P0Y" offset="676" length="16">
        <mention_text>new shareholders</mention_text>
        <nom_head source="ENG_NW_001278_20130427_F00012P0Y" offset="680" length="12">shareholders</nom_head>
      </entity_mention>
    </entity>
    <entity id="ent-234" type="PER" specificity="nonspecific">
      <entity_mention id="m-228" noun_type="NOM" source="ENG_NW_001278_20130427_F00012P0Y" offset="702" length="17">
        <mention_text>a permanent board</mention_text>
        <nom_head source="ENG_NW_001278_20130427_F00012P0Y" offset="714" length="5">board</nom_head>
      </entity_mention>
    </entity>
    <entity id="ent-291" type="ORG" specificity="specificIndividual">
      <entity_mention id="m-285" noun_type="NAM" source="ENG_NW_001278_20130427_F00012P0Y" offset="1003" length="9">
        <mention_text>Eurogroup</mention_text>
      </entity_mention>
      <entity_mention id="m-339" noun_type="PRO" source="ENG_NW_001278_20130427_F00012P0Y" offset="1229" length="2">
        <mention_text>It</mention_text>
      </entity_mention>
      <entity_mention id="m-378" noun_type="NAM" source="ENG_NW_001278_20130427_F00012P0Y" offset="1345" length="9">
        <mention_text>Eurogroup</mention_text>
      </entity_mention>
      <entity_mention id="m-588" noun_type="NAM" source="ENG_NW_001278_20130427_F00012P0Y" offset="2303" length="12">
        <mention_text>EurogPRAroup</mention_text>
      </entity_mention>
    </entity>
    <entity id="ent-318" type="LOC" specificity="specificIndividual">
      <entity_mention id="m-312" noun_type="NOM" source="ENG_NW_001278_20130427_F00012P0Y" offset="1150" length="21">
        <mention_text>eastern Mediterranean</mention_text>
        <nom_head source="ENG_NW_001278_20130427_F00012P0Y" offset="1158" length="13">Mediterranean</nom_head>
      </entity_mention>
    </entity>
    <entity id="ent-327" type="LOC" specificity="specificIndividual">
      <entity_mention id="m-321" noun_type="NAM" source="ENG_NW_001278_20130427_F00012P0Y" offset="1158" length="13">
        <mention_text>Mediterranean</mention_text>
      </entity_mention>
    </entity>
    <entity id="ent-336" type="GPE" specificity="specificIndividual">
      <entity_mention id="m-330" noun_type="NAM" source="ENG_NW_001278_20130427_F00012P0Y" offset="1214" length="4">
        <mention_text>U.S.</mention_text>
      </entity_mention>
    </entity>
    <entity id="ent-375" type="PER" specificity="specificGroup">
      <entity_mention id="m-369" noun_type="NOM" source="ENG_NW_001278_20130427_F00012P0Y" offset="1340" length="22">
        <mention_text>some Eurogroup leaders</mention_text>
        <nom_head source="ENG_NW_001278_20130427_F00012P0Y" offset="1355" length="7">leaders</nom_head>
      </entity_mention>
    </entity>
    <entity id="ent-390" type="ORG" specificity="specificGroup">
      <entity_mention id="m-384" noun_type="NOM" source="ENG_NW_001278_20130427_F00012P0Y" offset="1395" length="35">
        <mention_text>crumbling banks in other EU members</mention_text>
        <nom_head source="ENG_NW_001278_20130427_F00012P0Y" offset="1405" length="5">banks</nom_head>
      </entity_mention>
    </entity>
    <entity id="ent-399" type="GPE" specificity="nonspecific">
      <entity_mention id="m-393" noun_type="NOM" source="ENG_NW_001278_20130427_F00012P0Y" offset="1414" length="16">
        <mention_text>other EU members</mention_text>
        <nom_head source="ENG_NW_001278_20130427_F00012P0Y" offset="1423" length="7">members</nom_head>
      </entity_mention>
    </entity>
    <entity id="ent-408" type="GPE" specificity="specificIndividual">
      <entity_mention id="m-402" noun_type="NAM" source="ENG_NW_001278_20130427_F00012P0Y" offset="1420" length="2">
        <mention_text>EU</mention_text>
      </entity_mention>
      <entity_mention id="m-483" noun_type="NAM" source="ENG_NW_001278_20130427_F00012P0Y" offset="1713" length="8">
        <mention_text>European</mention_text>
      </entity_mention>
    </entity>
    <entity id="ent-417" type="PER" specificity="specificGroup">
      <entity_mention id="m-411" noun_type="NOM" source="ENG_NW_001278_20130427_F00012P0Y" offset="1507" length="8">
        <mention_text>Russians</mention_text>
        <nom_head source="ENG_NW_001278_20130427_F00012P0Y" offset="1507" length="8">Russians</nom_head>
      </entity_mention>
    </entity>
    <entity id="ent-444" type="PER" specificity="specificGroup">
      <entity_mention id="m-156" noun_type="NOM" source="ENG_NW_001278_20130427_F00012P0Y" offset="507" length="20">
        <mention_text>its major depositors</mention_text>
        <nom_head source="ENG_NW_001278_20130427_F00012P0Y" offset="517" length="10">depositors</nom_head>
      </entity_mention>
      <entity_mention id="m-438" noun_type="NOM" source="ENG_NW_001278_20130427_F00012P0Y" offset="1574" length="14">
        <mention_text>the depositors</mention_text>
        <nom_head source="ENG_NW_001278_20130427_F00012P0Y" offset="1578" length="10">depositors</nom_head>
      </entity_mention>
    </entity>
    <entity id="ent-465" type="PER" specificity="specificIndividual">
      <entity_mention id="m-459" noun_type="NOM" source="ENG_NW_001278_20130427_F00012P0Y" offset="1622" length="46">
        <mention_text>an administrator appointed by the Central Bank</mention_text>
        <nom_head source="ENG_NW_001278_20130427_F00012P0Y" offset="1625" length="13">administrator</nom_head>
      </entity_mention>
      <entity_mention id="m-489" noun_type="NOM" source="ENG_NW_001278_20130427_F00012P0Y" offset="1787" length="17">
        <mention_text>the administrator</mention_text>
        <nom_head source="ENG_NW_001278_20130427_F00012P0Y" offset="1791" length="13">administrator</nom_head>
      </entity_mention>
    </entity>
    <entity id="ent-480" type="ORG" specificity="specificIndividual">
      <entity_mention id="m-474" noun_type="NAM" source="ENG_NW_001278_20130427_F00012P0Y" offset="1713" length="21">
        <mention_text>European Central Bank</mention_text>
      </entity_mention>
    </entity>
    <entity id="ent-525" type="PER" specificity="specificGroup">
      <entity_mention id="m-519" noun_type="NOM" source="ENG_NW_001278_20130427_F00012P0Y" offset="1898" length="22">
        <mention_text>the business community</mention_text>
        <nom_head source="ENG_NW_001278_20130427_F00012P0Y" offset="1911" length="9">community</nom_head>
      </entity_mention>
      <entity_mention id="m-2189" noun_type="PRO" source="ENG_NW_001278_20130427_F00012P0Y" offset="1922" length="5">
        <mention_text>which</mention_text>
      </entity_mention>
    </entity>
    <entity id="ent-534" type="ORG" specificity="nonspecific">
      <entity_mention id="m-528" noun_type="NOM" source="ENG_NW_001278_20130427_F00012P0Y" offset="1979" length="4">
        <mention_text>bank</mention_text>
        <nom_head source="ENG_NW_001278_20130427_F00012P0Y" offset="1979" length="4">bank</nom_head>
      </entity_mention>
      <entity_mention id="m-594" noun_type="NOM" source="ENG_NW_001278_20130427_F00012P0Y" offset="2361" length="4">
        <mention_text>bank</mention_text>
        <nom_head source="ENG_NW_001278_20130427_F00012P0Y" offset="2361" length="4">bank</nom_head>
      </entity_mention>
      <entity_mention id="m-600" noun_type="NOM" source="ENG_NW_001278_20130427_F00012P0Y" offset="2410" length="4">
        <mention_text>bank</mention_text>
        <nom_head source="ENG_NW_001278_20130427_F00012P0Y" offset="2410" length="4">bank</nom_head>
      </entity_mention>
      <entity_mention id="m-654" noun_type="NOM" source="ENG_NW_001278_20130427_F00012P0Y" offset="2576" length="4">
        <mention_text>bank</mention_text>
        <nom_head source="ENG_NW_001278_20130427_F00012P0Y" offset="2576" length="4">bank</nom_head>
      </entity_mention>
    </entity>
    <entity id="ent-549" type="PER" specificity="specificIndividual">
      <entity_mention id="m-543" noun_type="NAM" source="ENG_NW_001278_20130427_F00012P0Y" offset="2101" length="18">
        <mention_text>Nicos Anastasiades</mention_text>
      </entity_mention>
    </entity>
    <entity id="ent-564" type="PER" specificity="specificIndividual">
      <entity_mention id="m-558" noun_type="NAM" source="ENG_NW_001278_20130427_F00012P0Y" offset="2146" length="19">
        <mention_text>Panicos Demetriades</mention_text>
      </entity_mention>
    </entity>
    <entity id="ent-579" type="PER" specificity="specificGroup">
      <entity_mention id="m-573" noun_type="PRO" source="ENG_NW_001278_20130427_F00012P0Y" offset="2167" length="3">
        <mention_text>who</mention_text>
      </entity_mention>
    </entity>
    <entity id="ent-612" type="PER" specificity="nonspecific">
      <entity_mention id="m-606" noun_type="NOM" source="ENG_NW_001278_20130427_F00012P0Y" offset="2441" length="34">
        <mention_text>foreign individuals and businesses</mention_text>
        <nom_head source="ENG_NW_001278_20130427_F00012P0Y" offset="2449" length="11">individuals</nom_head>
      </entity_mention>
    </entity>
    <entity id="ent-621" type="ORG" specificity="nonspecific">
      <entity_mention id="m-615" noun_type="NOM" source="ENG_NW_001278_20130427_F00012P0Y" offset="2441" length="34">
        <mention_text>foreign individuals and businesses</mention_text>
        <nom_head source="ENG_NW_001278_20130427_F00012P0Y" offset="2465" length="10">businesses</nom_head>
      </entity_mention>
    </entity>
    <entity id="ent-630" type="PER" specificity="nonspecific">
      <entity_mention id="m-624" noun_type="PRO" source="ENG_NW_001278_20130427_F00012P0Y" offset="2494" length="5">
        <mention_text>their</mention_text>
      </entity_mention>
    </entity>
    <entity id="ent-639" type="ORG" specificity="specificGroup">
      <entity_mention id="m-633" noun_type="NOM" source="ENG_NW_001278_20130427_F00012P0Y" offset="2500" length="4">
        <mention_text>bank</mention_text>
        <nom_head source="ENG_NW_001278_20130427_F00012P0Y" offset="2500" length="4">bank</nom_head>
      </entity_mention>
      <entity_mention id="m-642" noun_type="NOM" source="ENG_NW_001278_20130427_F00012P0Y" offset="2517" length="33">
        <mention_text>foreign banks operating in Cyprus</mention_text>
        <nom_head source="ENG_NW_001278_20130427_F00012P0Y" offset="2525" length="5">banks</nom_head>
      </entity_mention>
      <entity_mention id="m-660" noun_type="NOM" source="ENG_NW_001278_20130427_F00012P0Y" offset="2658" length="13">
        <mention_text>foreign banks</mention_text>
        <nom_head source="ENG_NW_001278_20130427_F00012P0Y" offset="2666" length="5">banks</nom_head>
      </entity_mention>
    </entity>
    <entity id="ent-672" type="ORG" specificity="specificIndividual">
      <entity_mention id="m-666" noun_type="NOM" source="ENG_NW_001278_20130427_F00012P0Y" offset="2691" length="36">
        <mention_text>a subsidiary of the Russian VTB Bank</mention_text>
        <nom_head source="ENG_NW_001278_20130427_F00012P0Y" offset="2693" length="10">subsidiary</nom_head>
      </entity_mention>
      <entity_mention id="m-762" noun_type="NOM" source="ENG_NW_001278_20130427_F00012P0Y" offset="3070" length="28">
        <mention_text>the VTB subsidiary in Cyprus</mention_text>
        <nom_head source="ENG_NW_001278_20130427_F00012P0Y" offset="3078" length="10">subsidiary</nom_head>
      </entity_mention>
      <entity_mention id="m-780" noun_type="NAM" source="ENG_NW_001278_20130427_F00012P0Y" offset="3100" length="23">
        <mention_text>Russian Commercial Bank</mention_text>
      </entity_mention>
    </entity>
    <entity id="ent-681" type="GPE" specificity="specificIndividual">
      <entity_mention id="m-675" noun_type="NAM" source="ENG_NW_001278_20130427_F00012P0Y" offset="2711" length="7">
        <mention_text>Russian</mention_text>
      </entity_mention>
      <entity_mention id="m-693" noun_type="NAM" source="ENG_NW_001278_20130427_F00012P0Y" offset="2757" length="6">
        <mention_text>Moscow</mention_text>
      </entity_mention>
      <entity_mention id="m-705" noun_type="NAM" source="ENG_NW_001278_20130427_F00012P0Y" offset="2837" length="7">
        <mention_text>Russian</mention_text>
      </entity_mention>
      <entity_mention id="m-738" noun_type="NAM" source="ENG_NW_001278_20130427_F00012P0Y" offset="2933" length="6">
        <mention_text>Russia</mention_text>
      </entity_mention>
      <entity_mention id="m-744" noun_type="PRO" source="ENG_NW_001278_20130427_F00012P0Y" offset="2954" length="3">
        <mention_text>its</mention_text>
      </entity_mention>
      <entity_mention id="m-756" noun_type="PRO" source="ENG_NW_001278_20130427_F00012P0Y" offset="2996" length="3">
        <mention_text>its</mention_text>
      </entity_mention>
      <entity_mention id="m-786" noun_type="NAM" source="ENG_NW_001278_20130427_F00012P0Y" offset="3100" length="7">
        <mention_text>Russian</mention_text>
      </entity_mention>
      <entity_mention id="m-816" noun_type="NAM" source="ENG_NW_001278_20130427_F00012P0Y" offset="3157" length="7">
        <mention_text>Russian</mention_text>
      </entity_mention>
    </entity>
    <entity id="ent-690" type="ORG" specificity="specificIndividual">
      <entity_mention id="m-684" noun_type="NAM" source="ENG_NW_001278_20130427_F00012P0Y" offset="2719" length="8">
        <mention_text>VTB Bank</mention_text>
      </entity_mention>
      <entity_mention id="m-768" noun_type="NAM" source="ENG_NW_001278_20130427_F00012P0Y" offset="3074" length="3">
        <mention_text>VTB</mention_text>
      </entity_mention>
      <entity_mention id="m-801" noun_type="NAM" source="ENG_NW_001278_20130427_F00012P0Y" offset="3126" length="3">
        <mention_text>VTB</mention_text>
      </entity_mention>
      <entity_mention id="m-822" noun_type="PRO" source="ENG_NW_001278_20130427_F00012P0Y" offset="3233" length="3">
        <mention_text>its</mention_text>
      </entity_mention>
    </entity>
    <entity id="ent-717" type="PER" specificity="specificIndividual">
      <entity_mention id="m-711" noun_type="NAM" source="ENG_NW_001278_20130427_F00012P0Y" offset="2862" length="14">
        <mention_text>Anton Siluanov</mention_text>
      </entity_mention>
    </entity>
    <entity id="ent-726" type="GPE" specificity="specificGroup">
      <entity_mention id="m-720" noun_type="NAM" source="ENG_NW_001278_20130427_F00012P0Y" offset="2910" length="3">
        <mention_text>G20</mention_text>
      </entity_mention>
    </entity>
    <entity id="ent-735" type="GPE" specificity="specificIndividual">
      <entity_mention id="m-729" noun_type="NAM" source="ENG_NW_001278_20130427_F00012P0Y" offset="2917" length="10">
        <mention_text>Washington</mention_text>
      </entity_mention>
    </entity>
    <entity id="ent-798" type="PER" specificity="specificGroup">
      <entity_mention id="m-792" noun_type="NOM" source="ENG_NW_001278_20130427_F00012P0Y" offset="3126" length="16">
        <mention_text>VTB's management</mention_text>
        <nom_head source="ENG_NW_001278_20130427_F00012P0Y" offset="3132" length="10">management</nom_head>
      </entity_mention>
    </entity>
    <entity id="ent-813" type="ORG" specificity="specificIndividual">
      <entity_mention id="m-807" noun_type="NOM" source="ENG_NW_001278_20130427_F00012P0Y" offset="3153" length="22">
        <mention_text>the Russian government</mention_text>
        <nom_head source="ENG_NW_001278_20130427_F00012P0Y" offset="3165" length="10">government</nom_head>
      </entity_mention>
    </entity>
  </entities>
  <fillers>
    <filler id="f-962" source="ENG_NW_001278_20130427_F00012P0Y" offset="625" length="9" type="title">president</filler>
    <filler id="f-998" source="ENG_NW_001278_20130427_F00012P0Y" offset="641" length="3" type="title">CEO</filler>
    <filler id="f-1218" source="ENG_NW_001278_20130427_F00012P0Y" offset="2137" length="8" type="title">governor</filler>
    <filler id="f-1238" source="ENG_NW_001278_20130427_F00012P0Y" offset="2091" length="9" type="title">President</filler>
    <filler id="f-1308" source="ENG_NW_001278_20130427_F00012P0Y" offset="2845" length="16" type="title">Finance Minister</filler>
    <filler id="f-1516" source="ENG_NW_001278_20130427_F00012P0Y" offset="625" length="9" type="title">president</filler>
    <filler id="f-1553" source="ENG_NW_001278_20130427_F00012P0Y" offset="641" length="3" type="title">CEO</filler>
    <filler id="f-2165" source="ENG_NW_001278_20130427_F00012P0Y" offset="947" length="4" type="time" nom_time="2013-06-XX">June</filler>
    <filler id="f-1750" source="ENG_NW_001278_20130427_F00012P0Y" offset="1185" length="16" type="money">10 billion euros</filler>
    <filler id="f-2028" source="ENG_NW_001278_20130427_F00012P0Y" offset="2294" length="8" type="time" nom_time="2013-03-25">March 25</filler>
    <filler id="f-2084" source="ENG_NW_001278_20130427_F00012P0Y" offset="2784" length="17" type="money">2.5 billion euros</filler>
    <filler id="f-2156" source="ENG_NW_001278_20130427_F00012P0Y" offset="3176" length="16" type="time" nom_time="2013-04-xx">earlier in April</filler>
  </fillers>
  <relations>
    <relation id="r-1166" type="partwhole" subtype="subsidiary">
      <relation_mention id="relm-834" realis="true">
        <rel_arg1 entity_id="ent-8" entity_mention_id="m-18" role="suborg">Central Bank of Cyprus</rel_arg1>
        <rel_arg2 entity_id="ent-30" entity_mention_id="m-24" role="parent">Cyprus</rel_arg2>
      </relation_mention>
      <relation_mention id="relm-864" realis="true">
        <rel_arg1 entity_id="ent-8" entity_mention_id="m-66" role="suborg">Central Bank of Cyprus</rel_arg1>
        <rel_arg2 entity_id="ent-30" entity_mention_id="m-72" role="parent">Cyprus</rel_arg2>
      </relation_mention>
      <relation_mention id="relm-894" realis="true">
        <rel_arg1 entity_id="ent-8" entity_mention_id="m-114" role="suborg">Central Bank of Cyprus</rel_arg1>
        <rel_arg2 entity_id="ent-30" entity_mention_id="m-120" role="parent">Cyprus</rel_arg2>
      </relation_mention>
    </relation>
    <relation id="r-1167" type="physical" subtype="orglocationorigin">
      <relation_mention id="relm-844" realis="true">
        <rel_arg1 entity_id="ent-48" entity_mention_id="m-42" role="org">Bank of Cyprus</rel_arg1>
        <rel_arg2 entity_id="ent-30" entity_mention_id="m-51" role="loc">Cyprus</rel_arg2>
      </relation_mention>
      <relation_mention id="relm-874" realis="true">
        <rel_arg1 entity_id="ent-48" entity_mention_id="m-84" role="org">Bank of Cyprus</rel_arg1>
        <rel_arg2 entity_id="ent-30" entity_mention_id="m-90" role="loc">Cyprus</rel_arg2>
      </relation_mention>
      <relation_mention id="relm-914" realis="true">
        <rel_arg1 entity_id="ent-48" entity_mention_id="m-132" role="org">Bank of Cyprus</rel_arg1>
        <rel_arg2 entity_id="ent-30" entity_mention_id="m-138" role="loc">Cyprus</rel_arg2>
      </relation_mention>
      <relation_mention id="relm-1000" realis="true">
        <rel_arg1 entity_id="ent-48" entity_mention_id="m-237" role="org">Bank of Cyprus</rel_arg1>
        <rel_arg2 entity_id="ent-30" entity_mention_id="m-243" role="loc">Cyprus</rel_arg2>
      </relation_mention>
      <relation_mention id="relm-1040" realis="true">
        <rel_arg1 entity_id="ent-48" entity_mention_id="m-294" role="org">Bank of Cyprus</rel_arg1>
        <rel_arg2 entity_id="ent-30" entity_mention_id="m-300" role="loc">Cyprus</rel_arg2>
      </relation_mention>
      <relation_mention id="relm-1090" realis="true">
        <rel_arg1 entity_id="ent-48" entity_mention_id="m-351" role="org">Bank of Cyprus</rel_arg1>
        <rel_arg2 entity_id="ent-30" entity_mention_id="m-357" role="loc">Cyprus</rel_arg2>
      </relation_mention>
      <relation_mention id="relm-1130" realis="true">
        <rel_arg1 entity_id="ent-48" entity_mention_id="m-420" role="org">Bank of Cyprus</rel_arg1>
        <rel_arg2 entity_id="ent-30" entity_mention_id="m-426" role="loc">Cyprus</rel_arg2>
      </relation_mention>
      <relation_mention id="relm-1160" realis="true">
        <rel_arg1 entity_id="ent-48" entity_mention_id="m-447" role="org">Bank of Cyprus</rel_arg1>
        <rel_arg2 entity_id="ent-30" entity_mention_id="m-453" role="loc">Cyprus</rel_arg2>
      </relation_mention>
    </relation>
    <relation id="r-1168" type="partwhole" subtype="subsidiary">
      <relation_mention id="relm-854" realis="false">
        <rel_arg1 entity_id="ent-39" entity_mention_id="m-33" role="suborg">Bank of Cyprus provisional board</rel_arg1>
        <rel_arg2 entity_id="ent-48" entity_mention_id="m-42" role="parent">Bank of Cyprus</rel_arg2>
        <trigger source="ENG_NW_001278_20130427_F00012P0Y" offset="160" length="5">board</trigger>
      </relation_mention>
      <relation_mention id="relm-884" realis="false">
        <rel_arg1 entity_id="ent-39" entity_mention_id="m-78" role="suborg">Bank of Cyprus provisional board</rel_arg1>
        <rel_arg2 entity_id="ent-48" entity_mention_id="m-84" role="parent">Bank of Cyprus</rel_arg2>
        <trigger source="ENG_NW_001278_20130427_F00012P0Y" offset="272" length="5">board</trigger>
      </relation_mention>
      <relation_mention id="relm-904" realis="false">
        <rel_arg1 entity_id="ent-39" entity_mention_id="m-126" role="suborg">a provisional board at the Bank of Cyprus (BOC)</rel_arg1>
        <rel_arg2 entity_id="ent-48" entity_mention_id="m-132" role="parent">Bank of Cyprus</rel_arg2>
        <trigger source="ENG_NW_001278_20130427_F00012P0Y" offset="370" length="5">board</trigger>
      </relation_mention>
      <relation_mention id="relm-1190" realis="false">
        <rel_arg1 entity_id="ent-39" entity_mention_id="m-495" role="suborg">a provisional bank board</rel_arg1>
        <rel_arg2 entity_id="ent-48" entity_mention_id="m-501" role="parent">bank</rel_arg2>
        <trigger source="ENG_NW_001278_20130427_F00012P0Y" offset="1843" length="5">board</trigger>
      </relation_mention>
    </relation>
    <relation id="r-1169" type="orgaffiliation" subtype="employmentmembership">
      <relation_mention id="relm-924" realis="true">
        <rel_arg1 entity_id="ent-444" entity_mention_id="m-156" role="employeemember">its major depositors</rel_arg1>
        <rel_arg2 entity_id="ent-48" entity_mention_id="m-165" role="org">its</rel_arg2>
        <trigger source="ENG_NW_001278_20130427_F00012P0Y" offset="517" length="10">depositors</trigger>
      </relation_mention>
      <relation_mention id="relm-1140" realis="true">
        <rel_arg1 entity_id="ent-444" entity_mention_id="m-438" role="employeemember">the depositors</rel_arg1>
        <rel_arg2 entity_id="ent-48" entity_mention_id="m-420" role="org">Bank of Cyprus</rel_arg2>
        <trigger source="ENG_NW_001278_20130427_F00012P0Y" offset="1578" length="10">depositors</trigger>
      </relation_mention>
    </relation>
    <relation id="r-1170" type="partwhole" subtype="subsidiary">
      <relation_mention id="relm-934" realis="true">
        <rel_arg1 entity_id="ent-177" entity_mention_id="m-171" role="suborg">a wound-down lender</rel_arg1>
        <rel_arg2 entity_id="ent-48" entity_mention_id="m-180" role="parent">BOC</rel_arg2>
        <trigger source="ENG_NW_001278_20130427_F00012P0Y" offset="543" length="8">takeover</trigger>
      </relation_mention>
      <relation_mention id="relm-1080" realis="true">
        <rel_arg1 entity_id="ent-177" entity_mention_id="m-345" role="suborg">Laiki Bank</rel_arg1>
        <rel_arg2 entity_id="ent-48" entity_mention_id="m-351" role="parent">Bank of Cyprus</rel_arg2>
        <trigger source="ENG_NW_001278_20130427_F00012P0Y" offset="1237" length="6">folded</trigger>
      </relation_mention>
    </relation>
    <relation id="r-1171" type="personalsocial" subtype="role">
      <relation_mention id="relm-954" realis="true">
        <rel_arg1 entity_id="ent-207" entity_mention_id="m-201" role="per">a president</rel_arg1>
        <rel_arg2 filler_id="f-962" role="role">president</rel_arg2>
      </relation_mention>
    </relation>
    <relation id="r-1172" type="personalsocial" subtype="role">
      <relation_mention id="relm-990" realis="true">
        <rel_arg1 entity_id="ent-216" entity_mention_id="m-210" role="per">a CEO</rel_arg1>
        <rel_arg2 filler_id="f-998" role="role">CEO</rel_arg2>
      </relation_mention>
    </relation>
    <relation id="r-1173" type="physical" subtype="orglocationorigin">
      <relation_mention id="relm-1020" realis="true">
        <rel_arg1 entity_id="ent-177" entity_mention_id="m-249" role="org">Cyprus Popular Bank</rel_arg1>
        <rel_arg2 entity_id="ent-30" entity_mention_id="m-255" role="loc">Cyprus</rel_arg2>
      </relation_mention>
      <relation_mention id="relm-1030" realis="true">
        <rel_arg1 entity_id="ent-177" entity_mention_id="m-273" role="org">the island's second largest lender</rel_arg1>
        <rel_arg2 entity_id="ent-30" entity_mention_id="m-279" role="loc">the island</rel_arg2>
        <trigger source="ENG_NW_001278_20130427_F00012P0Y" offset="966" length="8">island's</trigger>
      </relation_mention>
    </relation>
    <relation id="r-1174" type="physical" subtype="locatednear">
      <relation_mention id="relm-1050" realis="true">
        <rel_arg1 entity_id="ent-30" entity_mention_id="m-306" role="entity">the eastern Mediterranean island</rel_arg1>
        <rel_arg2 entity_id="ent-318" entity_mention_id="m-312" role="loc">eastern Mediterranean</rel_arg2>
      </relation_mention>
    </relation>
    <relation id="r-1175" type="physical" subtype="locatednear">
      <relation_mention id="relm-1060" realis="true">
        <rel_arg1 entity_id="ent-318" entity_mention_id="m-312" role="entity">eastern Mediterranean</rel_arg1>
        <rel_arg2 entity_id="ent-327" entity_mention_id="m-321" role="loc">Mediterranean</rel_arg2>
      </relation_mention>
    </relation>
    <relation id="r-1176" type="physical" subtype="orglocationorigin">
      <relation_mention id="relm-1100" realis="true">
        <rel_arg1 entity_id="ent-390" entity_mention_id="m-384" role="org">crumbling banks in other EU members</rel_arg1>
        <rel_arg2 entity_id="ent-399" entity_mention_id="m-393" role="loc">other EU members</rel_arg2>
        <trigger source="ENG_NW_001278_20130427_F00012P0Y" offset="1411" length="2">in</trigger>
      </relation_mention>
    </relation>
    <relation id="r-1177" type="partwhole" subtype="membership">
      <relation_mention id="relm-1110" realis="true">
        <rel_arg1 entity_id="ent-399" entity_mention_id="m-393" role="member">other EU members</rel_arg1>
        <rel_arg2 entity_id="ent-408" entity_mention_id="m-402" role="org">EU</rel_arg2>
        <trigger source="ENG_NW_001278_20130427_F00012P0Y" offset="1423" length="7">members</trigger>
      </relation_mention>
    </relation>
    <relation id="r-1178" type="orgaffiliation" subtype="investorshareholder">
      <relation_mention id="relm-1150" realis="true">
        <rel_arg1 entity_id="ent-444" entity_mention_id="m-438" role="investorshareholder">the depositors</rel_arg1>
        <rel_arg2 entity_id="ent-48" entity_mention_id="m-432" role="org">bank</rel_arg2>
        <trigger source="ENG_NW_001278_20130427_F00012P0Y" offset="1564" length="5">stock</trigger>
      </relation_mention>
    </relation>
    <relation id="r-1179" type="orgaffiliation" subtype="leadership">
      <relation_mention id="relm-1170" realis="true">
        <rel_arg1 entity_id="ent-465" entity_mention_id="m-459" role="leader">an administrator appointed by the Central Bank</rel_arg1>
        <rel_arg2 entity_id="ent-48" entity_mention_id="m-447" role="entity">Bank of Cyprus</rel_arg2>
        <trigger source="ENG_NW_001278_20130427_F00012P0Y" offset="1615" length="3">run</trigger>
      </relation_mention>
    </relation>
    <relation id="r-1180" type="partwhole" subtype="subsidiary">
      <relation_mention id="relm-1180" realis="true">
        <rel_arg1 entity_id="ent-480" entity_mention_id="m-474" role="suborg">European Central Bank</rel_arg1>
        <rel_arg2 entity_id="ent-408" entity_mention_id="m-483" role="parent">European</rel_arg2>
      </relation_mention>
    </relation>
    <relation id="r-1181" type="partwhole" subtype="subsidiary">
      <relation_mention id="relm-1200" realis="true">
        <rel_arg1 entity_id="ent-162" entity_mention_id="m-507" role="suborg">the Cypriot government</rel_arg1>
        <rel_arg2 entity_id="ent-30" entity_mention_id="m-513" role="parent">Cypriot</rel_arg2>
      </relation_mention>
    </relation>
    <relation id="r-1182" type="personalsocial" subtype="role">
      <relation_mention id="relm-1210" realis="true">
        <rel_arg1 entity_id="ent-564" entity_mention_id="m-558" role="per">Panicos Demetriades</rel_arg1>
        <rel_arg2 filler_id="f-1218" role="role">governor</rel_arg2>
      </relation_mention>
    </relation>
    <relation id="r-1183" type="orgaffiliation" subtype="leadership">
      <relation_mention id="relm-1220" realis="true">
        <rel_arg1 entity_id="ent-564" entity_mention_id="m-558" role="leader">Panicos Demetriades</rel_arg1>
        <rel_arg2 entity_id="ent-8" entity_mention_id="m-552" role="entity">Central Bank</rel_arg2>
        <trigger source="ENG_NW_001278_20130427_F00012P0Y" offset="2137" length="8">governor</trigger>
      </relation_mention>
    </relation>
    <relation id="r-1184" type="personalsocial" subtype="role">
      <relation_mention id="relm-1230" realis="true">
        <rel_arg1 entity_id="ent-549" entity_mention_id="m-543" role="per">Nicos Anastasiades</rel_arg1>
        <rel_arg2 filler_id="f-1238" role="role">President</rel_arg2>
      </relation_mention>
    </relation>
    <relation id="r-1185" type="orgaffiliation" subtype="leadership">
      <relation_mention id="relm-1240" realis="true">
        <rel_arg1 entity_id="ent-375" entity_mention_id="m-369" role="leader">some Eurogroup leaders</rel_arg1>
        <rel_arg2 entity_id="ent-291" entity_mention_id="m-378" role="entity">Eurogroup</rel_arg2>
      </relation_mention>
    </relation>
    <relation id="r-1186" type="orgaffiliation" subtype="employmentmembership">
      <relation_mention id="relm-1250" realis="true">
        <rel_arg1 entity_id="ent-630" entity_mention_id="m-624" role="employeemember">their</rel_arg1>
        <rel_arg2 entity_id="ent-639" entity_mention_id="m-633" role="org">bank</rel_arg2>
      </relation_mention>
    </relation>
    <relation id="r-1187" type="physical" subtype="orglocationorigin">
      <relation_mention id="relm-1260" realis="true">
        <rel_arg1 entity_id="ent-639" entity_mention_id="m-642" role="org">foreign banks operating in Cyprus</rel_arg1>
        <rel_arg2 entity_id="ent-30" entity_mention_id="m-648" role="loc">Cyprus</rel_arg2>
        <trigger source="ENG_NW_001278_20130427_F00012P0Y" offset="2541" length="2">in</trigger>
      </relation_mention>
    </relation>
    <relation id="r-1188" type="partwhole" subtype="subsidiary">
      <relation_mention id="relm-1270" realis="true">
        <rel_arg1 entity_id="ent-672" entity_mention_id="m-666" role="suborg">a subsidiary of the Russian VTB Bank</rel_arg1>
        <rel_arg2 entity_id="ent-690" entity_mention_id="m-684" role="parent">VTB Bank</rel_arg2>
        <trigger source="ENG_NW_001278_20130427_F00012P0Y" offset="2693" length="10">subsidiary</trigger>
      </relation_mention>
      <relation_mention id="relm-1310" realis="true">
        <rel_arg1 entity_id="ent-672" entity_mention_id="m-762" role="suborg">the VTB subsidiary in Cyprus</rel_arg1>
        <rel_arg2 entity_id="ent-690" entity_mention_id="m-768" role="parent">VTB</rel_arg2>
        <trigger source="ENG_NW_001278_20130427_F00012P0Y" offset="3078" length="10">subsidiary</trigger>
      </relation_mention>
    </relation>
    <relation id="r-1189" type="physical" subtype="orglocationorigin">
      <relation_mention id="relm-1280" realis="true">
        <rel_arg1 entity_id="ent-690" entity_mention_id="m-684" role="org">VTB Bank</rel_arg1>
        <rel_arg2 entity_id="ent-681" entity_mention_id="m-675" role="loc">Russian</rel_arg2>
      </relation_mention>
    </relation>
    <relation id="r-1190" type="orgaffiliation" subtype="employmentmembership">
      <relation_mention id="relm-1290" realis="true">
        <rel_arg1 entity_id="ent-717" entity_mention_id="m-711" role="employeemember">Anton Siluanov</rel_arg1>
        <rel_arg2 entity_id="ent-681" entity_mention_id="m-705" role="org">Russian</rel_arg2>
      </relation_mention>
    </relation>
    <relation id="r-1191" type="personalsocial" subtype="role">
      <relation_mention id="relm-1300" realis="true">
        <rel_arg1 entity_id="ent-717" entity_mention_id="m-711" role="per">Anton Siluanov</rel_arg1>
        <rel_arg2 filler_id="f-1308" role="role">Finance Minister</rel_arg2>
      </relation_mention>
    </relation>
    <relation id="r-1192" type="physical" subtype="orglocationorigin">
      <relation_mention id="relm-1320" realis="true">
        <rel_arg1 entity_id="ent-672" entity_mention_id="m-762" role="org">the VTB subsidiary in Cyprus</rel_arg1>
        <rel_arg2 entity_id="ent-30" entity_mention_id="m-774" role="loc">Cyprus</rel_arg2>
        <trigger source="ENG_NW_001278_20130427_F00012P0Y" offset="3089" length="2">in</trigger>
      </relation_mention>
    </relation>
    <relation id="r-1193" type="physical" subtype="orglocationorigin">
      <relation_mention id="relm-1330" realis="true">
        <rel_arg1 entity_id="ent-672" entity_mention_id="m-780" role="org">Russian Commercial Bank</rel_arg1>
        <rel_arg2 entity_id="ent-681" entity_mention_id="m-786" role="loc">Russian</rel_arg2>
      </relation_mention>
    </relation>
    <relation id="r-1194" type="orgaffiliation" subtype="leadership">
      <relation_mention id="relm-1340" realis="true">
        <rel_arg1 entity_id="ent-798" entity_mention_id="m-792" role="leader">VTB's management</rel_arg1>
        <rel_arg2 entity_id="ent-690" entity_mention_id="m-801" role="entity">VTB</rel_arg2>
        <trigger source="ENG_NW_001278_20130427_F00012P0Y" offset="3132" length="10">management</trigger>
      </relation_mention>
    </relation>
    <relation id="r-1195" type="partwhole" subtype="subsidiary">
      <relation_mention id="relm-1350" realis="true">
        <rel_arg1 entity_id="ent-813" entity_mention_id="m-807" role="suborg">the Russian government</rel_arg1>
        <rel_arg2 entity_id="ent-681" entity_mention_id="m-816" role="parent">Russian</rel_arg2>
      </relation_mention>
    </relation>
    <relation id="r-1196" type="physical" subtype="orglocationorigin">
      <relation_mention id="relm-1360" realis="true">
        <rel_arg1 entity_id="ent-690" entity_mention_id="m-822" role="org">its</rel_arg1>
        <rel_arg2 entity_id="ent-30" entity_mention_id="m-828" role="loc">Cyprus</rel_arg2>
        <trigger source="ENG_NW_001278_20130427_F00012P0Y" offset="3248" length="2">in</trigger>
      </relation_mention>
    </relation>
    <relation id="r-1197" type="physical" subtype="locatednear">
      <relation_mention id="relm-1370" realis="true">
        <rel_arg1 entity_id="ent-717" entity_mention_id="m-711" role="entity">Anton Siluanov</rel_arg1>
        <rel_arg2 entity_id="ent-735" entity_mention_id="m-729" role="loc">Washington</rel_arg2>
        <trigger source="ENG_NW_001278_20130427_F00012P0Y" offset="2914" length="2">in</trigger>
      </relation_mention>
    </relation>
  </relations>
  <hoppers>
    <hopper id="h-16">
      <event_mention id="em-1380" type="transaction" subtype="transfermoney" realis="actual" ways="voluntary">
        <trigger source="ENG_NW_001278_20130427_F00012P0Y" offset="488" length="7">haircut</trigger>
        <em_arg entity_id="ent-444" entity_mention_id="m-156" role="giver" realis="true">its major depositors</em_arg>
      </event_mention>
      <event_mention id="em-1783" type="transaction" subtype="transfermoney" realis="actual" ways="voluntary">
        <trigger source="ENG_NW_001278_20130427_F00012P0Y" offset="1295" length="7">bail-in</trigger>
        <em_arg entity_id="ent-30" entity_mention_id="m-363" role="place" realis="true">Cyprus</em_arg>
      </event_mention>
      <event_mention id="em-1804" type="transaction" subtype="transfermoney" realis="actual" ways="voluntary">
        <trigger source="ENG_NW_001278_20130427_F00012P0Y" offset="1439" length="5">taken</trigger>
        <em_arg entity_id="ent-417" entity_mention_id="m-411" role="giver" realis="true">Russians</em_arg>
      </event_mention>
    </hopper>
    <hopper id="h-1429">
      <event_mention id="em-1401" type="transaction" subtype="transferownership" realis="actual" ways="voluntary">
        <trigger source="ENG_NW_001278_20130427_F00012P0Y" offset="543" length="8">takeover</trigger>
        <em_arg entity_id="ent-48" entity_mention_id="m-180" role="recipient" realis="true">BOC</em_arg>
        <em_arg entity_id="ent-177" entity_mention_id="m-171" role="thing" realis="true">a wound-down lender</em_arg>
      </event_mention>
      <event_mention id="em-1632" type="transaction" subtype="transferownership" realis="actual" ways="voluntary">
        <trigger source="ENG_NW_001278_20130427_F00012P0Y" offset="794" length="6">merger</trigger>
        <em_arg entity_id="ent-48" entity_mention_id="m-237" role="recipient" realis="true">Bank of Cyprus</em_arg>
        <em_arg entity_id="ent-177" entity_mention_id="m-249" role="thing" realis="true">Cyprus Popular Bank</em_arg>
        <em_arg filler_id="f-2165" role="time" realis="false">June</em_arg>
      </event_mention>
      <event_mention id="em-1755" type="transaction" subtype="transferownership" realis="actual" ways="voluntary">
        <trigger source="ENG_NW_001278_20130427_F00012P0Y" offset="1237" length="6">folded</trigger>
        <em_arg entity_id="ent-48" entity_mention_id="m-351" role="recipient" realis="true">Bank of Cyprus</em_arg>
        <em_arg entity_id="ent-177" entity_mention_id="m-345" role="thing" realis="true">Laiki Bank</em_arg>
      </event_mention>
    </hopper>
    <hopper id="h-1459">
      <event_mention id="em-1431" type="transaction" subtype="transfermoney" realis="actual" ways="voluntary">
        <trigger source="ENG_NW_001278_20130427_F00012P0Y" offset="517" length="10">depositors</trigger>
        <em_arg entity_id="ent-444" entity_mention_id="m-156" role="giver" realis="true">its major depositors</em_arg>
        <em_arg entity_id="ent-48" entity_mention_id="m-165" role="recipient" realis="true">its</em_arg>
      </event_mention>
      <event_mention id="em-1704" type="transaction" subtype="transfermoney" realis="actual" ways="voluntary">
        <trigger source="ENG_NW_001278_20130427_F00012P0Y" offset="1055" length="8">deposits</trigger>
        <em_arg entity_id="ent-48" entity_mention_id="m-294" role="recipient" realis="true">Bank of Cyprus</em_arg>
      </event_mention>
      <event_mention id="em-1832" type="transaction" subtype="transfermoney" realis="actual" ways="voluntary">
        <trigger source="ENG_NW_001278_20130427_F00012P0Y" offset="1578" length="10">depositors</trigger>
        <em_arg entity_id="ent-444" entity_mention_id="m-438" role="giver" realis="true">the depositors</em_arg>
        <em_arg entity_id="ent-48" entity_mention_id="m-420" role="recipient" realis="true">Bank of Cyprus</em_arg>
      </event_mention>
      <event_mention id="em-1978" type="transaction" subtype="transfermoney" realis="actual" ways="voluntary">
        <trigger source="ENG_NW_001278_20130427_F00012P0Y" offset="2264" length="8">deposits</trigger>
        <em_arg entity_id="ent-48" entity_mention_id="m-582" role="recipient" realis="true">bank</em_arg>
      </event_mention>
    </hopper>
    <hopper id="h-1482">
      <event_mention id="em-1461" type="contact" subtype="meet" realis="other" audience="twoway" formality="formal" medium="inperson" schedule="planned">
        <trigger source="ENG_NW_001278_20130427_F00012P0Y" offset="609" length="4">meet</trigger>
        <em_arg entity_id="ent-39" entity_mention_id="m-186" role="entity" realis="true">The 14-member board</em_arg>
      </event_mention>
    </hopper>
    <hopper id="h-1519">
      <event_mention id="em-1484" type="personnel" subtype="elect" realis="other">
        <trigger source="ENG_NW_001278_20130427_F00012P0Y" offset="617" length="5">elect</trigger>
        <em_arg entity_id="ent-39" entity_mention_id="m-186" role="agent" realis="true">The 14-member board</em_arg>
        <em_arg entity_id="ent-207" entity_mention_id="m-201" role="person" realis="true">a president</em_arg>
        <em_arg filler_id="f-1516" role="position" realis="true">president</em_arg>
      </event_mention>
    </hopper>
    <hopper id="h-1556">
      <event_mention id="em-1521" type="personnel" subtype="elect" realis="other">
        <trigger source="ENG_NW_001278_20130427_F00012P0Y" offset="617" length="5">elect</trigger>
        <em_arg entity_id="ent-39" entity_mention_id="m-186" role="agent" realis="true">The 14-member board</em_arg>
        <em_arg entity_id="ent-216" entity_mention_id="m-210" role="person" realis="true">a CEO</em_arg>
        <em_arg filler_id="f-1553" role="position" realis="true">CEO</em_arg>
      </event_mention>
    </hopper>
    <hopper id="h-1579">
      <event_mention id="em-1558" type="contact" subtype="meet" realis="other" audience="twoway" formality="formal" medium="inperson" schedule="planned">
        <trigger source="ENG_NW_001278_20130427_F00012P0Y" offset="665" length="7">meeting</trigger>
        <em_arg entity_id="ent-225" entity_mention_id="m-219" role="entity" realis="true">new shareholders</em_arg>
      </event_mention>
    </hopper>
    <hopper id="h-1609">
      <event_mention id="em-1581" type="personnel" subtype="elect" realis="other">
        <trigger source="ENG_NW_001278_20130427_F00012P0Y" offset="696" length="5">elect</trigger>
        <em_arg entity_id="ent-225" entity_mention_id="m-219" role="agent" realis="true">new shareholders</em_arg>
        <em_arg entity_id="ent-234" entity_mention_id="m-228" role="person" realis="true">a permanent board</em_arg>
      </event_mention>
    </hopper>
    <hopper id="h-1681">
      <event_mention id="em-1660" type="transaction" subtype="transfermoney" realis="generic" ways="voluntary">
        <trigger source="ENG_NW_001278_20130427_F00012P0Y" offset="990" length="6">lender</trigger>
        <em_arg entity_id="ent-177" entity_mention_id="m-273" role="giver" realis="true">the island's second largest lender</em_arg>
      </event_mention>
    </hopper>
    <hopper id="h-1753">
      <event_mention id="em-1725" type="transaction" subtype="transfermoney" realis="other" ways="voluntary">
        <trigger source="ENG_NW_001278_20130427_F00012P0Y" offset="1129" length="7">bailout</trigger>
        <em_arg entity_id="ent-30" entity_mention_id="m-306" role="recipient" realis="true">the eastern Mediterranean island</em_arg>
        <em_arg filler_id="f-1750" role="money" realis="true">10 billion euros</em_arg>
      </event_mention>
    </hopper>
    <hopper id="h-1902">
      <event_mention id="em-1881" type="personnel" subtype="endposition" realis="actual">
        <trigger source="ENG_NW_001278_20130427_F00012P0Y" offset="1776" length="7">removal</trigger>
        <em_arg entity_id="ent-465" entity_mention_id="m-489" role="person" realis="true">the administrator</em_arg>
      </event_mention>
    </hopper>
    <hopper id="h-1955">
      <event_mention id="em-1927" type="contact" subtype="meet" realis="actual" audience="twoway" formality="formal" medium="inperson" schedule="spontaneous">
        <trigger source="ENG_NW_001278_20130427_F00012P0Y" offset="2075" length="7">meeting</trigger>
        <em_arg entity_id="ent-549" entity_mention_id="m-543" role="entity" realis="true">Nicos Anastasiades</em_arg>
        <em_arg entity_id="ent-564" entity_mention_id="m-558" role="entity" realis="true">Panicos Demetriades</em_arg>
      </event_mention>
    </hopper>
    <hopper id="h-1999">
      <event_mention id="em-2003" type="contact" subtype="meet" realis="actual" audience="twoway" formality="formal" medium="inperson" schedule="planned">
        <trigger source="ENG_NW_001278_20130427_F00012P0Y" offset="2316" length="7">meeting</trigger>
        <em_arg entity_id="ent-291" entity_mention_id="m-588" role="entity" realis="true">EurogPRAroup</em_arg>
        <em_arg filler_id="f-2028" role="time" realis="true">March 25</em_arg>
      </event_mention>
    </hopper>
    <hopper id="h-2001">
      <event_mention id="em-2052" type="transaction" subtype="transfermoney" realis="actual" ways="voluntary">
        <trigger source="ENG_NW_001278_20130427_F00012P0Y" offset="2802" length="4">loan</trigger>
        <em_arg entity_id="ent-681" entity_mention_id="m-693" role="giver" realis="true">Moscow</em_arg>
        <em_arg entity_id="ent-30" entity_mention_id="m-699" role="recipient" realis="true">Cyprus</em_arg>
        <em_arg filler_id="f-2084" role="money" realis="true">2.5 billion euros</em_arg>
      </event_mention>
    </hopper>
    <hopper id="h-2122">
      <event_mention id="em-2087" type="contact" subtype="meet" realis="actual" audience="twoway" formality="formal" medium="inperson" schedule="planned">
        <trigger source="ENG_NW_001278_20130427_F00012P0Y" offset="2895" length="7">meeting</trigger>
        <em_arg entity_id="ent-717" entity_mention_id="m-711" role="entity" realis="true">Anton Siluanov</em_arg>
        <em_arg entity_id="ent-726" entity_mention_id="m-720" role="entity" realis="true">G20</em_arg>
        <em_arg entity_id="ent-735" entity_mention_id="m-729" role="place" realis="true">Washington</em_arg>
      </event_mention>
    </hopper>
    <hopper id="h-2159">
      <event_mention id="em-2124" type="contact" subtype="contact" realis="actual" audience="canttell" formality="formal" medium="canttell" schedule="canttell">
        <trigger source="ENG_NW_001278_20130427_F00012P0Y" offset="3147" length="5">asked</trigger>
        <em_arg entity_id="ent-798" entity_mention_id="m-792" role="entity" realis="true">VTB's management</em_arg>
        <em_arg entity_id="ent-813" entity_mention_id="m-807" role="entity" realis="true">the Russian government</em_arg>
        <em_arg filler_id="f-2156" role="time" realis="true">earlier in April</em_arg>
      </event_mention>
    </hopper>
  </hoppers>
</deft_ere>
