<?xml version="1.0" encoding="UTF-8"?>
<deft_ere kit_id="5733b8b10000000000000050" doc_id="ENG_NW_001278_20130812_F00013E3A" source_type="newswire">
  <entities>
    <entity id="ent-8" type="PER" specificity="specificIndividual">
      <entity_mention id="m-18" noun_type="NAM" source="ENG_NW_001278_20130812_F00013E3A" offset="119" length="7">
        <mention_text>Snowden</mention_text>
      </entity_mention>
      <entity_mention id="m-64" noun_type="NOM" source="ENG_NW_001278_20130812_F00013E3A" offset="158" length="3">
        <mention_text>son</mention_text>
        <nom_head source="ENG_NW_001278_20130812_F00013E3A" offset="158" length="3">son</nom_head>
      </entity_mention>
      <entity_mention id="m-93" noun_type="NAM" source="ENG_NW_001278_20130812_F00013E3A" offset="229" length="7">
        <mention_text>Snowden</mention_text>
      </entity_mention>
      <entity_mention id="m-105" noun_type="NOM" source="ENG_NW_001278_20130812_F00013E3A" offset="268" length="3">
        <mention_text>son</mention_text>
        <nom_head source="ENG_NW_001278_20130812_F00013E3A" offset="268" length="3">son</nom_head>
      </entity_mention>
      <entity_mention id="m-231" noun_type="NAM" source="ENG_NW_001278_20130812_F00013E3A" offset="365" length="14">
        <mention_text>Edward Snowden</mention_text>
      </entity_mention>
      <entity_mention id="m-278" noun_type="NOM" source="ENG_NW_001278_20130812_F00013E3A" offset="432" length="17">
        <mention_text>the whistleblower</mention_text>
        <nom_head source="ENG_NW_001278_20130812_F00013E3A" offset="436" length="13">whistleblower</nom_head>
      </entity_mention>
      <entity_mention id="m-392" noun_type="NAM" source="ENG_NW_001278_20130812_F00013E3A" offset="610" length="7">
        <mention_text>Snowden</mention_text>
      </entity_mention>
      <entity_mention id="m-471" noun_type="NAM" source="ENG_NW_001278_20130812_F00013E3A" offset="783" length="7">
        <mention_text>Snowden</mention_text>
      </entity_mention>
      <entity_mention id="m-629" noun_type="NAM" source="ENG_NW_001278_20130812_F00013E3A" offset="986" length="7">
        <mention_text>Snowden</mention_text>
      </entity_mention>
      <entity_mention id="m-669" noun_type="PRO" source="ENG_NW_001278_20130812_F00013E3A" offset="1084" length="3">
        <mention_text>his</mention_text>
      </entity_mention>
      <entity_mention id="m-675" noun_type="PRO" source="ENG_NW_001278_20130812_F00013E3A" offset="1098" length="2">
        <mention_text>He</mention_text>
      </entity_mention>
      <entity_mention id="m-693" noun_type="PRO" source="ENG_NW_001278_20130812_F00013E3A" offset="1269" length="3">
        <mention_text>him</mention_text>
      </entity_mention>
      <entity_mention id="m-751" noun_type="NAM" source="ENG_NW_001278_20130812_F00013E3A" offset="1306" length="7">
        <mention_text>Snowden</mention_text>
      </entity_mention>
      <entity_mention id="m-874" noun_type="NOM" source="ENG_NW_001278_20130812_F00013E3A" offset="1748" length="7">
        <mention_text>his son</mention_text>
        <nom_head source="ENG_NW_001278_20130812_F00013E3A" offset="1752" length="3">son</nom_head>
      </entity_mention>
      <entity_mention id="m-932" noun_type="PRO" source="ENG_NW_001278_20130812_F00013E3A" offset="1786" length="7">
        <mention_text>his son</mention_text>
      </entity_mention>
      <entity_mention id="m-1129" noun_type="NOM" source="ENG_NW_001278_20130812_F00013E3A" offset="315" length="49">
        <mention_text>Former U.S. National Security Agency (NSA) leaker</mention_text>
        <nom_head source="ENG_NW_001278_20130812_F00013E3A" offset="358" length="6">leaker</nom_head>
      </entity_mention>
    </entity>
    <entity id="ent-30" type="PER" specificity="specificIndividual">
      <entity_mention id="m-24" noun_type="NOM" source="ENG_NW_001278_20130812_F00013E3A" offset="119" length="16">
        <mention_text>Snowden's father</mention_text>
        <nom_head source="ENG_NW_001278_20130812_F00013E3A" offset="129" length="6">father</nom_head>
      </entity_mention>
      <entity_mention id="m-99" noun_type="NOM" source="ENG_NW_001278_20130812_F00013E3A" offset="229" length="16">
        <mention_text>Snowden's father</mention_text>
        <nom_head source="ENG_NW_001278_20130812_F00013E3A" offset="239" length="6">father</nom_head>
      </entity_mention>
      <entity_mention id="m-225" noun_type="NAM" source="ENG_NW_001278_20130812_F00013E3A" offset="389" length="11">
        <mention_text>Lon Snowden</mention_text>
      </entity_mention>
      <entity_mention id="m-290" noun_type="NOM" source="ENG_NW_001278_20130812_F00013E3A" offset="461" length="17">
        <mention_text>the elder Snowden</mention_text>
        <nom_head source="ENG_NW_001278_20130812_F00013E3A" offset="471" length="7">Snowden</nom_head>
      </entity_mention>
      <entity_mention id="m-305" noun_type="PRO" source="ENG_NW_001278_20130812_F00013E3A" offset="483" length="3">
        <mention_text>his</mention_text>
      </entity_mention>
      <entity_mention id="m-519" noun_type="NAM" source="ENG_NW_001278_20130812_F00013E3A" offset="838" length="11">
        <mention_text>Lon Snowden</mention_text>
      </entity_mention>
      <entity_mention id="m-847" noun_type="NOM" source="ENG_NW_001278_20130812_F00013E3A" offset="1649" length="17">
        <mention_text>the elder Snowden</mention_text>
        <nom_head source="ENG_NW_001278_20130812_F00013E3A" offset="1659" length="7">Snowden</nom_head>
      </entity_mention>
      <entity_mention id="m-868" noun_type="PRO" source="ENG_NW_001278_20130812_F00013E3A" offset="1734" length="2">
        <mention_text>he</mention_text>
      </entity_mention>
      <entity_mention id="m-880" noun_type="PRO" source="ENG_NW_001278_20130812_F00013E3A" offset="1748" length="3">
        <mention_text>his</mention_text>
      </entity_mention>
      <entity_mention id="m-938" noun_type="PRO" source="ENG_NW_001278_20130812_F00013E3A" offset="1786" length="3">
        <mention_text>his</mention_text>
      </entity_mention>
      <entity_mention id="m-954" noun_type="PRO" source="ENG_NW_001278_20130812_F00013E3A" offset="1820" length="1">
        <mention_text>I</mention_text>
      </entity_mention>
      <entity_mention id="m-966" noun_type="NAM" source="ENG_NW_001278_20130812_F00013E3A" offset="1873" length="3">
        <mention_text>Lon</mention_text>
      </entity_mention>
      <entity_mention id="m-1056" noun_type="PRO" source="ENG_NW_001278_20130812_F00013E3A" offset="2041" length="2">
        <mention_text>he</mention_text>
      </entity_mention>
      <entity_mention id="m-1135" noun_type="NOM" source="ENG_NW_001278_20130812_F00013E3A" offset="365" length="23">
        <mention_text>Edward Snowden's father</mention_text>
        <nom_head source="ENG_NW_001278_20130812_F00013E3A" offset="382" length="6">father</nom_head>
      </entity_mention>
    </entity>
    <entity id="ent-90" type="GPE" specificity="specificIndividual">
      <entity_mention id="m-84" noun_type="NAM" source="ENG_NW_001278_20130812_F00013E3A" offset="165" length="6">
        <mention_text>Russia</mention_text>
      </entity_mention>
      <entity_mention id="m-111" noun_type="NAM" source="ENG_NW_001278_20130812_F00013E3A" offset="275" length="6">
        <mention_text>Russia</mention_text>
      </entity_mention>
      <entity_mention id="m-284" noun_type="NAM" source="ENG_NW_001278_20130812_F00013E3A" offset="453" length="6">
        <mention_text>Russia</mention_text>
      </entity_mention>
      <entity_mention id="m-398" noun_type="NAM" source="ENG_NW_001278_20130812_F00013E3A" offset="635" length="6">
        <mention_text>Russia</mention_text>
      </entity_mention>
      <entity_mention id="m-497" noun_type="NAM" source="ENG_NW_001278_20130812_F00013E3A" offset="803" length="6">
        <mention_text>Russia</mention_text>
      </entity_mention>
      <entity_mention id="m-562" noun_type="NAM" source="ENG_NW_001278_20130812_F00013E3A" offset="883" length="6">
        <mention_text>Russia</mention_text>
      </entity_mention>
      <entity_mention id="m-745" noun_type="NAM" source="ENG_NW_001278_20130812_F00013E3A" offset="1291" length="6">
        <mention_text>Russia</mention_text>
      </entity_mention>
      <entity_mention id="m-763" noun_type="NAM" source="ENG_NW_001278_20130812_F00013E3A" offset="1368" length="7">
        <mention_text>Russian</mention_text>
      </entity_mention>
    </entity>
    <entity id="ent-123" type="GPE" specificity="specificIndividual">
      <entity_mention id="m-117" noun_type="NAM" source="ENG_NW_001278_20130812_F00013E3A" offset="283" length="10">
        <mention_text>WASHINGTON</mention_text>
      </entity_mention>
    </entity>
    <entity id="ent-132" type="ORG" specificity="specificIndividual">
      <entity_mention id="m-126" noun_type="NAM" source="ENG_NW_001278_20130812_F00013E3A" offset="304" length="6">
        <mention_text>Xinhua</mention_text>
      </entity_mention>
    </entity>
    <entity id="ent-207" type="ORG" specificity="specificIndividual">
      <entity_mention id="m-201" noun_type="NAM" source="ENG_NW_001278_20130812_F00013E3A" offset="327" length="24">
        <mention_text>National Security Agency</mention_text>
      </entity_mention>
      <entity_mention id="m-210" noun_type="NAM" source="ENG_NW_001278_20130812_F00013E3A" offset="353" length="3">
        <mention_text>NSA</mention_text>
      </entity_mention>
    </entity>
    <entity id="ent-222" type="GPE" specificity="specificIndividual">
      <entity_mention id="m-216" noun_type="NAM" source="ENG_NW_001278_20130812_F00013E3A" offset="322" length="4">
        <mention_text>U.S.</mention_text>
      </entity_mention>
      <entity_mention id="m-663" noun_type="NAM" source="ENG_NW_001278_20130812_F00013E3A" offset="1065" length="10">
        <mention_text>Washington</mention_text>
      </entity_mention>
      <entity_mention id="m-681" noun_type="NAM" source="ENG_NW_001278_20130812_F00013E3A" offset="1132" length="13">
        <mention_text>United States</mention_text>
      </entity_mention>
      <entity_mention id="m-687" noun_type="NAM" source="ENG_NW_001278_20130812_F00013E3A" offset="1251" length="4">
        <mention_text>U.S.</mention_text>
      </entity_mention>
      <entity_mention id="m-757" noun_type="NAM" source="ENG_NW_001278_20130812_F00013E3A" offset="1363" length="4">
        <mention_text>U.S.</mention_text>
      </entity_mention>
      <entity_mention id="m-924" noun_type="NAM" source="ENG_NW_001278_20130812_F00013E3A" offset="1773" length="4">
        <mention_text>U.S.</mention_text>
      </entity_mention>
      <entity_mention id="m-1026" noun_type="PRO" source="ENG_NW_001278_20130812_F00013E3A" offset="1938" length="3">
        <mention_text>our</mention_text>
      </entity_mention>
      <entity_mention id="m-1168" noun_type="NOM" source="ENG_NW_001278_20130812_F00013E3A" offset="1247" length="13">
        <mention_text>the U.S. side</mention_text>
        <nom_head source="ENG_NW_001278_20130812_F00013E3A" offset="1256" length="4">side</nom_head>
      </entity_mention>
      <entity_mention id="m-1183" noun_type="PRO" source="ENG_NW_001278_20130812_F00013E3A" offset="2017" length="3">
        <mention_text>our</mention_text>
      </entity_mention>
      <entity_mention id="m-1279" noun_type="NOM" source="ENG_NW_001278_20130812_F00013E3A" offset="1273" length="4">
        <mention_text>home</mention_text>
        <nom_head source="ENG_NW_001278_20130812_F00013E3A" offset="1273" length="4">home</nom_head>
      </entity_mention>
    </entity>
    <entity id="ent-302" type="PER" specificity="specificIndividual">
      <entity_mention id="m-296" noun_type="NAM" source="ENG_NW_001278_20130812_F00013E3A" offset="494" length="10">
        <mention_text>Bruce Fein</mention_text>
      </entity_mention>
      <entity_mention id="m-433" noun_type="NAM" source="ENG_NW_001278_20130812_F00013E3A" offset="718" length="4">
        <mention_text>Fein</mention_text>
      </entity_mention>
      <entity_mention id="m-1141" noun_type="NOM" source="ENG_NW_001278_20130812_F00013E3A" offset="483" length="10">
        <mention_text>his lawyer</mention_text>
        <nom_head source="ENG_NW_001278_20130812_F00013E3A" offset="487" length="6">lawyer</nom_head>
      </entity_mention>
    </entity>
    <entity id="ent-351" type="PER" specificity="specificGroup">
      <entity_mention id="m-345" noun_type="PRO" source="ENG_NW_001278_20130812_F00013E3A" offset="521" length="4">
        <mention_text>They</mention_text>
      </entity_mention>
      <entity_mention id="m-386" noun_type="PRO" source="ENG_NW_001278_20130812_F00013E3A" offset="586" length="4">
        <mention_text>They</mention_text>
      </entity_mention>
      <entity_mention id="m-404" noun_type="PRO" source="ENG_NW_001278_20130812_F00013E3A" offset="662" length="5">
        <mention_text>their</mention_text>
      </entity_mention>
    </entity>
    <entity id="ent-383" type="ORG" specificity="specificIndividual">
      <entity_mention id="m-377" noun_type="NAM" source="ENG_NW_001278_20130812_F00013E3A" offset="569" length="3">
        <mention_text>ABC</mention_text>
      </entity_mention>
      <entity_mention id="m-993" noun_type="NAM" source="ENG_NW_001278_20130812_F00013E3A" offset="1889" length="3">
        <mention_text>ABC</mention_text>
      </entity_mention>
    </entity>
    <entity id="ent-468" type="PER" specificity="specificIndividual">
      <entity_mention id="m-462" noun_type="NAM" source="ENG_NW_001278_20130812_F00013E3A" offset="764" length="17">
        <mention_text>Anatoly Kucherena</mention_text>
      </entity_mention>
      <entity_mention id="m-513" noun_type="PRO" source="ENG_NW_001278_20130812_F00013E3A" offset="826" length="2">
        <mention_text>he</mention_text>
      </entity_mention>
      <entity_mention id="m-596" noun_type="PRO" source="ENG_NW_001278_20130812_F00013E3A" offset="922" length="2">
        <mention_text>He</mention_text>
      </entity_mention>
      <entity_mention id="m-602" noun_type="PRO" source="ENG_NW_001278_20130812_F00013E3A" offset="935" length="2">
        <mention_text>he</mention_text>
      </entity_mention>
      <entity_mention id="m-1156" noun_type="NOM" source="ENG_NW_001278_20130812_F00013E3A" offset="783" length="26">
        <mention_text>Snowden's lawyer in Russia</mention_text>
        <nom_head source="ENG_NW_001278_20130812_F00013E3A" offset="793" length="6">lawyer</nom_head>
      </entity_mention>
    </entity>
    <entity id="ent-641" type="GPE" specificity="specificIndividual">
      <entity_mention id="m-635" noun_type="NAM" source="ENG_NW_001278_20130812_F00013E3A" offset="1015" length="6">
        <mention_text>Moscow</mention_text>
      </entity_mention>
    </entity>
    <entity id="ent-650" type="FAC" specificity="specificIndividual">
      <entity_mention id="m-644" noun_type="NAM" source="ENG_NW_001278_20130812_F00013E3A" offset="1024" length="12">
        <mention_text>Sheremetyevo</mention_text>
      </entity_mention>
      <entity_mention id="m-1162" noun_type="NOM" source="ENG_NW_001278_20130812_F00013E3A" offset="1037" length="7">
        <mention_text>airport</mention_text>
        <nom_head source="ENG_NW_001278_20130812_F00013E3A" offset="1037" length="7">airport</nom_head>
      </entity_mention>
    </entity>
    <entity id="ent-775" type="PER" specificity="specificIndividual">
      <entity_mention id="m-769" noun_type="NAM" source="ENG_NW_001278_20130812_F00013E3A" offset="1409" length="12">
        <mention_text>Barack Obama</mention_text>
      </entity_mention>
      <entity_mention id="m-841" noun_type="NAM" source="ENG_NW_001278_20130812_F00013E3A" offset="1478" length="5">
        <mention_text>Obama</mention_text>
      </entity_mention>
      <entity_mention id="m-862" noun_type="NAM" source="ENG_NW_001278_20130812_F00013E3A" offset="1682" length="5">
        <mention_text>Obama</mention_text>
      </entity_mention>
      <entity_mention id="m-960" noun_type="PRO" source="ENG_NW_001278_20130812_F00013E3A" offset="1843" length="2">
        <mention_text>he</mention_text>
      </entity_mention>
    </entity>
    <entity id="ent-822" type="PER" specificity="specificIndividual">
      <entity_mention id="m-816" noun_type="NAM" source="ENG_NW_001278_20130812_F00013E3A" offset="1457" length="5">
        <mention_text>Putin</mention_text>
      </entity_mention>
    </entity>
    <entity id="ent-859" type="ORG" specificity="specificIndividual">
      <entity_mention id="m-853" noun_type="NOM" source="ENG_NW_001278_20130812_F00013E3A" offset="1678" length="24">
        <mention_text>the Obama administration</mention_text>
        <nom_head source="ENG_NW_001278_20130812_F00013E3A" offset="1688" length="14">administration</nom_head>
      </entity_mention>
    </entity>
    <entity id="ent-1014" type="PER" specificity="nonspecific">
      <entity_mention id="m-1008" noun_type="PRO" source="ENG_NW_001278_20130812_F00013E3A" offset="1907" length="3">
        <mention_text>you</mention_text>
      </entity_mention>
    </entity>
    <entity id="ent-1023" type="PER" specificity="specificGroup">
      <entity_mention id="m-1017" noun_type="NOM" source="ENG_NW_001278_20130812_F00013E3A" offset="1938" length="11">
        <mention_text>our leaders</mention_text>
        <nom_head source="ENG_NW_001278_20130812_F00013E3A" offset="1942" length="7">leaders</nom_head>
      </entity_mention>
      <entity_mention id="m-1032" noun_type="NOM" source="ENG_NW_001278_20130812_F00013E3A" offset="1951" length="19">
        <mention_text>leaders in Congress</mention_text>
        <nom_head source="ENG_NW_001278_20130812_F00013E3A" offset="1951" length="7">leaders</nom_head>
      </entity_mention>
      <entity_mention id="m-1050" noun_type="PRO" source="ENG_NW_001278_20130812_F00013E3A" offset="1972" length="4">
        <mention_text>they</mention_text>
      </entity_mention>
      <entity_mention id="m-1062" noun_type="PRO" source="ENG_NW_001278_20130812_F00013E3A" offset="2051" length="4">
        <mention_text>They</mention_text>
      </entity_mention>
    </entity>
    <entity id="ent-1038" type="PER" specificity="nonspecific">
      <entity_mention id="m-1068" noun_type="NOM" source="ENG_NW_001278_20130812_F00013E3A" offset="2093" length="4">
        <mention_text>jury</mention_text>
        <nom_head source="ENG_NW_001278_20130812_F00013E3A" offset="2093" length="4">jury</nom_head>
      </entity_mention>
    </entity>
    <entity id="ent-1047" type="ORG" specificity="specificIndividual">
      <entity_mention id="m-1041" noun_type="NAM" source="ENG_NW_001278_20130812_F00013E3A" offset="1962" length="8">
        <mention_text>Congress</mention_text>
      </entity_mention>
    </entity>
    <entity id="ent-1126" type="PER" specificity="specificIndividual">
      <entity_mention id="m-1120" noun_type="NAM" source="ENG_NW_001278_20130812_F00013E3A" offset="192" length="2">
        <mention_text>陆睿</mention_text>
      </entity_mention>
    </entity>
    <entity id="ent-1153" type="LOC" specificity="specificIndeterminate">
      <entity_mention id="m-1147" noun_type="NOM" source="ENG_NW_001278_20130812_F00013E3A" offset="610" length="31">
        <mention_text>Snowden's whereabouts in Russia</mention_text>
        <nom_head source="ENG_NW_001278_20130812_F00013E3A" offset="620" length="11">whereabouts</nom_head>
      </entity_mention>
    </entity>
    <entity id="ent-1180" type="PER" specificity="nonspecific">
      <entity_mention id="m-1174" noun_type="NOM" source="ENG_NW_001278_20130812_F00013E3A" offset="1623" length="6">
        <mention_text>public</mention_text>
        <nom_head source="ENG_NW_001278_20130812_F00013E3A" offset="1623" length="6">public</nom_head>
      </entity_mention>
    </entity>
  </entities>
  <fillers>
    <filler id="f-319" source="ENG_NW_001278_20130812_F00013E3A" offset="487" length="6" type="title">lawyer</filler>
    <filler id="f-485" source="ENG_NW_001278_20130812_F00013E3A" offset="793" length="6" type="title">lawyer</filler>
    <filler id="f-786" source="ENG_NW_001278_20130812_F00013E3A" offset="1399" length="9" type="title">President</filler>
    <filler id="f-557" source="ENG_NW_001278_20130812_F00013E3A" offset="816" length="9" type="time" nom_time="2013-08-XX">last week</filler>
    <filler id="f-1442" source="ENG_NW_001278_20130812_F00013E3A" offset="968" length="15" type="time" nom_time="2013-XX-XX">the coming days</filler>
    <filler id="f-838" source="ENG_NW_001278_20130812_F00013E3A" offset="1466" length="9" type="time" nom_time="2013-09-XX">September</filler>
    <filler id="f-1389" source="ENG_NW_001278_20130812_F00013E3A" offset="510" length="8" type="time" nom_time="2013-08-10">Saturday</filler>
    <filler id="f-1431" source="ENG_NW_001278_20130812_F00013E3A" offset="816" length="9" type="time" nom_time="2013-08-XX">last week</filler>
    <filler id="f-1514" source="ENG_NW_001278_20130812_F00013E3A" offset="1487" length="6" type="time" nom_time="2013-08-09">Friday</filler>
    <filler id="f-1574" source="ENG_NW_001278_20130812_F00013E3A" offset="1642" length="6" type="time" nom_time="2013-08-11">Sunday</filler>
  </fillers>
  <relations>
    <relation id="r-1365" type="personalsocial" subtype="family">
      <relation_mention id="relm-33" realis="true">
        <rel_arg1 entity_id="ent-30" entity_mention_id="m-24" role="per">Snowden's father</rel_arg1>
        <rel_arg2 entity_id="ent-8" entity_mention_id="m-18" role="per">Snowden</rel_arg2>
        <trigger source="ENG_NW_001278_20130812_F00013E3A" offset="129" length="6">father</trigger>
      </relation_mention>
      <relation_mention id="relm-247" realis="true">
        <rel_arg1 entity_id="ent-8" entity_mention_id="m-231" role="per">Edward Snowden</rel_arg1>
        <rel_arg2 entity_id="ent-30" entity_mention_id="m-1135" role="per">Edward Snowden's father</rel_arg2>
        <trigger source="ENG_NW_001278_20130812_F00013E3A" offset="382" length="6">father</trigger>
      </relation_mention>
      <relation_mention id="relm-886" realis="true">
        <rel_arg1 entity_id="ent-8" entity_mention_id="m-874" role="per">his son</rel_arg1>
        <rel_arg2 entity_id="ent-30" entity_mention_id="m-880" role="per">his</rel_arg2>
        <trigger source="ENG_NW_001278_20130812_F00013E3A" offset="1752" length="3">son</trigger>
      </relation_mention>
      <relation_mention id="relm-944" realis="true">
        <rel_arg1 entity_id="ent-8" entity_mention_id="m-932" role="per">his son</rel_arg1>
        <rel_arg2 entity_id="ent-30" entity_mention_id="m-938" role="per">his</rel_arg2>
        <trigger source="ENG_NW_001278_20130812_F00013E3A" offset="1790" length="3">son</trigger>
      </relation_mention>
      <relation_mention id="relm-1199" realis="true">
        <rel_arg1 entity_id="ent-8" entity_mention_id="m-93" role="per">Snowden</rel_arg1>
        <rel_arg2 entity_id="ent-30" entity_mention_id="m-99" role="per">Snowden's father</rel_arg2>
        <trigger source="ENG_NW_001278_20130812_F00013E3A" offset="239" length="6">father</trigger>
      </relation_mention>
    </relation>
    <relation id="r-1366" type="partwhole" subtype="subsidiary">
      <relation_mention id="relm-237" realis="true">
        <rel_arg1 entity_id="ent-207" entity_mention_id="m-201" role="suborg">National Security Agency</rel_arg1>
        <rel_arg2 entity_id="ent-222" entity_mention_id="m-216" role="parent">U.S.</rel_arg2>
      </relation_mention>
    </relation>
    <relation id="r-1367" type="personalsocial" subtype="role">
      <relation_mention id="relm-311" realis="true">
        <rel_arg1 entity_id="ent-302" entity_mention_id="m-1141" role="per">his lawyer</rel_arg1>
        <rel_arg2 filler_id="f-319" role="role">lawyer</rel_arg2>
      </relation_mention>
    </relation>
    <relation id="r-1368" type="personalsocial" subtype="business">
      <relation_mention id="relm-321" realis="true">
        <rel_arg1 entity_id="ent-30" entity_mention_id="m-305" role="per">his</rel_arg1>
        <rel_arg2 entity_id="ent-302" entity_mention_id="m-1141" role="per">his lawyer</rel_arg2>
        <trigger source="ENG_NW_001278_20130812_F00013E3A" offset="487" length="6">lawyer</trigger>
      </relation_mention>
    </relation>
    <relation id="r-1369" type="personalsocial" subtype="role">
      <relation_mention id="relm-477" realis="true">
        <rel_arg1 entity_id="ent-468" entity_mention_id="m-1156" role="per">Snowden's lawyer in Russia</rel_arg1>
        <rel_arg2 filler_id="f-485" role="role">lawyer</rel_arg2>
      </relation_mention>
    </relation>
    <relation id="r-1370" type="physical" subtype="locatednear">
      <relation_mention id="relm-487" realis="true">
        <rel_arg1 entity_id="ent-468" entity_mention_id="m-1156" role="entity">Snowden's lawyer in Russia</rel_arg1>
        <rel_arg2 entity_id="ent-90" entity_mention_id="m-497" role="loc">Russia</rel_arg2>
        <trigger source="ENG_NW_001278_20130812_F00013E3A" offset="800" length="2">in</trigger>
      </relation_mention>
    </relation>
    <relation id="r-1371" type="personalsocial" subtype="business">
      <relation_mention id="relm-503" realis="true">
        <rel_arg1 entity_id="ent-468" entity_mention_id="m-1156" role="per">Snowden's lawyer in Russia</rel_arg1>
        <rel_arg2 entity_id="ent-8" entity_mention_id="m-471" role="per">Snowden</rel_arg2>
        <trigger source="ENG_NW_001278_20130812_F00013E3A" offset="793" length="6">lawyer</trigger>
      </relation_mention>
    </relation>
    <relation id="r-1372" type="physical" subtype="locatednear">
      <relation_mention id="relm-653" realis="true">
        <rel_arg1 entity_id="ent-650" entity_mention_id="m-644" role="entity">Sheremetyevo</rel_arg1>
        <rel_arg2 entity_id="ent-641" entity_mention_id="m-635" role="loc">Moscow</rel_arg2>
        <trigger source="ENG_NW_001278_20130812_F00013E3A" offset="1015" length="8">Moscow's</trigger>
      </relation_mention>
    </relation>
    <relation id="r-1373" type="personalsocial" subtype="role">
      <relation_mention id="relm-778" realis="true">
        <rel_arg1 entity_id="ent-775" entity_mention_id="m-769" role="per">Barack Obama</rel_arg1>
        <rel_arg2 filler_id="f-786" role="role">President</rel_arg2>
      </relation_mention>
    </relation>
    <relation id="r-1374" type="physical" subtype="locatednear">
      <relation_mention id="relm-1074" realis="true">
        <rel_arg1 entity_id="ent-8" entity_mention_id="m-64" role="entity">son</rel_arg1>
        <rel_arg2 entity_id="ent-90" entity_mention_id="m-84" role="loc">Russia</rel_arg2>
        <trigger source="ENG_NW_001278_20130812_F00013E3A" offset="162" length="2">in</trigger>
      </relation_mention>
      <relation_mention id="relm-1084" realis="true">
        <rel_arg1 entity_id="ent-8" entity_mention_id="m-105" role="entity">son</rel_arg1>
        <rel_arg2 entity_id="ent-90" entity_mention_id="m-111" role="loc">Russia</rel_arg2>
        <trigger source="ENG_NW_001278_20130812_F00013E3A" offset="272" length="2">in</trigger>
      </relation_mention>
      <relation_mention id="relm-1104" realis="true">
        <rel_arg1 entity_id="ent-8" entity_mention_id="m-278" role="entity">the whistleblower</rel_arg1>
        <rel_arg2 entity_id="ent-90" entity_mention_id="m-284" role="loc">Russia</rel_arg2>
        <trigger source="ENG_NW_001278_20130812_F00013E3A" offset="450" length="2">in</trigger>
      </relation_mention>
    </relation>
    <relation id="r-1375" type="physical" subtype="locatednear">
      <relation_mention id="relm-1189" realis="false">
        <rel_arg1 entity_id="ent-30" entity_mention_id="m-24" role="entity">Snowden's father</rel_arg1>
        <rel_arg2 entity_id="ent-90" entity_mention_id="m-84" role="loc">Russia</rel_arg2>
        <trigger source="ENG_NW_001278_20130812_F00013E3A" offset="162" length="2">in</trigger>
      </relation_mention>
      <relation_mention id="relm-1209" realis="false">
        <rel_arg1 entity_id="ent-30" entity_mention_id="m-99" role="entity">Snowden's father</rel_arg1>
        <rel_arg2 entity_id="ent-90" entity_mention_id="m-111" role="loc">Russia</rel_arg2>
        <trigger source="ENG_NW_001278_20130812_F00013E3A" offset="272" length="2">in</trigger>
      </relation_mention>
      <relation_mention id="relm-1229" realis="false">
        <rel_arg1 entity_id="ent-30" entity_mention_id="m-225" role="entity">Lon Snowden</rel_arg1>
        <rel_arg2 entity_id="ent-90" entity_mention_id="m-284" role="loc">Russia</rel_arg2>
        <trigger source="ENG_NW_001278_20130812_F00013E3A" offset="450" length="2">in</trigger>
      </relation_mention>
      <relation_mention id="relm-1259" realis="false">
        <rel_arg1 entity_id="ent-30" entity_mention_id="m-519" role="entity">Lon Snowden</rel_arg1>
        <rel_arg2 entity_id="ent-90" entity_mention_id="m-562" role="loc">Russia</rel_arg2>
        <trigger source="ENG_NW_001278_20130812_F00013E3A" offset="877" length="5">visit</trigger>
      </relation_mention>
    </relation>
    <relation id="r-1376" type="physical" subtype="locatednear">
      <relation_mention id="relm-1239" realis="true">
        <rel_arg1 entity_id="ent-8" entity_mention_id="m-392" role="entity">Snowden</rel_arg1>
        <rel_arg2 entity_id="ent-1153" entity_mention_id="m-1147" role="loc">Snowden's whereabouts in Russia</rel_arg2>
        <trigger source="ENG_NW_001278_20130812_F00013E3A" offset="620" length="11">whereabouts</trigger>
      </relation_mention>
    </relation>
    <relation id="r-1377" type="physical" subtype="locatednear">
      <relation_mention id="relm-1249" realis="true">
        <rel_arg1 entity_id="ent-1153" entity_mention_id="m-1147" role="entity">Snowden's whereabouts in Russia</rel_arg1>
        <rel_arg2 entity_id="ent-90" entity_mention_id="m-398" role="loc">Russia</rel_arg2>
        <trigger source="ENG_NW_001278_20130812_F00013E3A" offset="632" length="2">in</trigger>
      </relation_mention>
    </relation>
    <relation id="r-1378" type="physical" subtype="locatednear">
      <relation_mention id="relm-1269" realis="true">
        <rel_arg1 entity_id="ent-8" entity_mention_id="m-629" role="entity">Snowden</rel_arg1>
        <rel_arg2 entity_id="ent-650" entity_mention_id="m-644" role="loc">Sheremetyevo</rel_arg2>
        <trigger source="ENG_NW_001278_20130812_F00013E3A" offset="1012" length="2">at</trigger>
      </relation_mention>
    </relation>
    <relation id="r-1379" type="physical" subtype="locatednear">
      <relation_mention id="relm-1285" realis="false">
        <rel_arg1 entity_id="ent-8" entity_mention_id="m-693" role="entity">him</rel_arg1>
        <rel_arg2 entity_id="ent-222" entity_mention_id="m-1279" role="loc">home</rel_arg2>
        <trigger source="ENG_NW_001278_20130812_F00013E3A" offset="1264" length="4">send</trigger>
      </relation_mention>
      <relation_mention id="relm-1325" realis="false">
        <rel_arg1 entity_id="ent-8" entity_mention_id="m-874" role="entity">his son</rel_arg1>
        <rel_arg2 entity_id="ent-222" entity_mention_id="m-924" role="loc">U.S.</rel_arg2>
        <trigger source="ENG_NW_001278_20130812_F00013E3A" offset="1766" length="2">to</trigger>
      </relation_mention>
    </relation>
    <relation id="r-1380" type="orgaffiliation" subtype="leadership">
      <relation_mention id="relm-1305" realis="true">
        <rel_arg1 entity_id="ent-775" entity_mention_id="m-769" role="leader">Barack Obama</rel_arg1>
        <rel_arg2 entity_id="ent-222" entity_mention_id="m-757" role="entity">U.S.</rel_arg2>
        <trigger source="ENG_NW_001278_20130812_F00013E3A" offset="1399" length="9">President</trigger>
      </relation_mention>
    </relation>
    <relation id="r-1381" type="orgaffiliation" subtype="leadership">
      <relation_mention id="relm-1315" realis="true">
        <rel_arg1 entity_id="ent-775" entity_mention_id="m-862" role="leader">Obama</rel_arg1>
        <rel_arg2 entity_id="ent-859" entity_mention_id="m-853" role="entity">the Obama administration</rel_arg2>
      </relation_mention>
    </relation>
    <relation id="r-1382" type="orgaffiliation" subtype="leadership">
      <relation_mention id="relm-1335" realis="true">
        <rel_arg1 entity_id="ent-1023" entity_mention_id="m-1017" role="leader">our leaders</rel_arg1>
        <rel_arg2 entity_id="ent-222" entity_mention_id="m-1026" role="entity">our</rel_arg2>
        <trigger source="ENG_NW_001278_20130812_F00013E3A" offset="1942" length="7">leaders</trigger>
      </relation_mention>
    </relation>
    <relation id="r-1383" type="orgaffiliation" subtype="leadership">
      <relation_mention id="relm-1345" realis="true">
        <rel_arg1 entity_id="ent-1023" entity_mention_id="m-1032" role="leader">leaders in Congress</rel_arg1>
        <rel_arg2 entity_id="ent-1047" entity_mention_id="m-1041" role="entity">Congress</rel_arg2>
        <trigger source="ENG_NW_001278_20130812_F00013E3A" offset="1951" length="7">leaders</trigger>
      </relation_mention>
    </relation>
  </relations>
  <hoppers>
    <hopper id="h-375">
      <event_mention id="em-354" type="contact" subtype="broadcast" realis="actual" audience="oneway" formality="formal" medium="canttell" schedule="planned">
        <trigger source="ENG_NW_001278_20130812_F00013E3A" offset="556" length="9">interview</trigger>
        <em_arg entity_id="ent-351" entity_mention_id="m-345" role="entity" realis="true">They</em_arg>
        <em_arg entity_id="ent-383" entity_mention_id="m-377" role="audience" realis="true">ABC</em_arg>
      </event_mention>
      <event_mention id="em-1357" type="contact" subtype="broadcast" realis="actual" audience="oneway" formality="formal" medium="canttell" schedule="planned">
        <trigger source="ENG_NW_001278_20130812_F00013E3A" offset="505" length="4">said</trigger>
        <em_arg entity_id="ent-30" entity_mention_id="m-305" role="entity" realis="true">his</em_arg>
        <em_arg entity_id="ent-302" entity_mention_id="m-1141" role="entity" realis="true">his lawyer</em_arg>
        <em_arg filler_id="f-1389" role="time" realis="true">Saturday</em_arg>
      </event_mention>
    </hopper>
    <hopper id="h-460">
      <event_mention id="em-568" type="movement" subtype="transportperson" realis="other">
        <trigger source="ENG_NW_001278_20130812_F00013E3A" offset="877" length="5">visit</trigger>
        <em_arg entity_id="ent-30" entity_mention_id="m-519" role="person" realis="true">Lon Snowden</em_arg>
        <em_arg entity_id="ent-90" entity_mention_id="m-562" role="destination" realis="true">Russia</em_arg>
      </event_mention>
      <event_mention id="em-608" type="movement" subtype="transportperson" realis="other">
        <trigger source="ENG_NW_001278_20130812_F00013E3A" offset="946" length="5">visit</trigger>
        <em_arg filler_id="f-1442" role="time" realis="true">the coming days</em_arg>
      </event_mention>
    </hopper>
    <hopper id="h-720">
      <event_mention id="em-699" type="movement" subtype="transportperson" realis="other">
        <trigger source="ENG_NW_001278_20130812_F00013E3A" offset="1264" length="4">send</trigger>
        <em_arg entity_id="ent-8" entity_mention_id="m-693" role="person" realis="true">him</em_arg>
        <em_arg entity_id="ent-90" entity_mention_id="m-745" role="agent" realis="true">Russia</em_arg>
        <em_arg entity_id="ent-222" entity_mention_id="m-1279" role="destination" realis="true">home</em_arg>
      </event_mention>
    </hopper>
    <hopper id="h-743">
      <event_mention id="em-722" type="contact" subtype="contact" realis="actual" audience="twoway" formality="formal" medium="canttell" schedule="planned">
        <trigger source="ENG_NW_001278_20130812_F00013E3A" offset="1238" length="5">asked</trigger>
        <em_arg entity_id="ent-222" entity_mention_id="m-1168" role="entity" realis="true">the U.S. side</em_arg>
        <em_arg entity_id="ent-90" entity_mention_id="m-745" role="entity" realis="true">Russia</em_arg>
      </event_mention>
    </hopper>
    <hopper id="h-832">
      <event_mention id="em-788" type="contact" subtype="meet" realis="other" audience="twoway" formality="formal" medium="inperson" schedule="planned">
        <trigger source="ENG_NW_001278_20130812_F00013E3A" offset="1444" length="7">meeting</trigger>
        <em_arg entity_id="ent-775" entity_mention_id="m-769" role="entity" realis="true">Barack Obama</em_arg>
        <em_arg entity_id="ent-822" entity_mention_id="m-816" role="entity" realis="true">Putin</em_arg>
        <em_arg filler_id="f-838" role="time" realis="true">September</em_arg>
      </event_mention>
    </hopper>
    <hopper id="h-930">
      <event_mention id="em-896" type="movement" subtype="transportperson" realis="other">
        <trigger source="ENG_NW_001278_20130812_F00013E3A" offset="1759" length="6">return</trigger>
        <em_arg entity_id="ent-8" entity_mention_id="m-874" role="agent" realis="true">his son</em_arg>
        <em_arg entity_id="ent-222" entity_mention_id="m-924" role="destination" realis="true">U.S.</em_arg>
      </event_mention>
    </hopper>
    <hopper id="h-1355">
      <event_mention id="em-43" type="contact" subtype="meet" realis="other" audience="twoway" formality="canttell" medium="inperson" schedule="planned">
        <trigger source="ENG_NW_001278_20130812_F00013E3A" offset="152" length="5">visit</trigger>
        <em_arg entity_id="ent-30" entity_mention_id="m-24" role="entity" realis="true">Snowden's father</em_arg>
        <em_arg entity_id="ent-8" entity_mention_id="m-64" role="entity" realis="true">son</em_arg>
        <em_arg entity_id="ent-90" entity_mention_id="m-84" role="place" realis="true">Russia</em_arg>
      </event_mention>
      <event_mention id="em-145" type="contact" subtype="meet" realis="other" audience="twoway" formality="canttell" medium="inperson" schedule="planned">
        <trigger source="ENG_NW_001278_20130812_F00013E3A" offset="262" length="5">visit</trigger>
        <em_arg entity_id="ent-30" entity_mention_id="m-99" role="entity" realis="true">Snowden's father</em_arg>
        <em_arg entity_id="ent-8" entity_mention_id="m-105" role="entity" realis="true">son</em_arg>
        <em_arg entity_id="ent-90" entity_mention_id="m-111" role="place" realis="true">Russia</em_arg>
      </event_mention>
      <event_mention id="em-257" type="contact" subtype="meet" realis="other" audience="twoway" formality="canttell" medium="inperson" schedule="planned">
        <trigger source="ENG_NW_001278_20130812_F00013E3A" offset="426" length="5">visit</trigger>
        <em_arg entity_id="ent-30" entity_mention_id="m-225" role="entity" realis="true">Lon Snowden</em_arg>
        <em_arg entity_id="ent-8" entity_mention_id="m-278" role="entity" realis="true">the whistleblower</em_arg>
        <em_arg entity_id="ent-90" entity_mention_id="m-284" role="place" realis="true">Russia</em_arg>
      </event_mention>
      <event_mention id="em-410" type="contact" subtype="meet" realis="other" audience="twoway" formality="canttell" medium="inperson" schedule="planned">
        <trigger source="ENG_NW_001278_20130812_F00013E3A" offset="668" length="5">visit</trigger>
        <em_arg entity_id="ent-351" entity_mention_id="m-404" role="entity" realis="true">their</em_arg>
      </event_mention>
    </hopper>
    <hopper id="h-1434">
      <event_mention id="em-1399" type="contact" subtype="contact" realis="actual" audience="canttell" formality="formal" medium="canttell" schedule="canttell">
        <trigger source="ENG_NW_001278_20130812_F00013E3A" offset="811" length="4">said</trigger>
        <em_arg entity_id="ent-468" entity_mention_id="m-1156" role="entity" realis="true">Snowden's lawyer in Russia</em_arg>
        <em_arg entity_id="ent-90" entity_mention_id="m-497" role="place" realis="true">Russia</em_arg>
        <em_arg filler_id="f-1431" role="time" realis="true">last week</em_arg>
      </event_mention>
    </hopper>
    <hopper id="h-1436">
      <event_mention id="em-525" type="contact" subtype="correspondence" realis="actual" audience="twoway" formality="formal" medium="notinperson" schedule="planned">
        <trigger source="ENG_NW_001278_20130812_F00013E3A" offset="863" length="10">invitation</trigger>
        <em_arg entity_id="ent-468" entity_mention_id="m-462" role="entity" realis="true">Anatoly Kucherena</em_arg>
        <em_arg entity_id="ent-30" entity_mention_id="m-519" role="entity" realis="true">Lon Snowden</em_arg>
        <em_arg filler_id="f-557" role="time" realis="true">last week</em_arg>
      </event_mention>
    </hopper>
    <hopper id="h-1466">
      <event_mention id="em-1445" type="contact" subtype="broadcast" realis="actual" audience="oneway" formality="formal" medium="canttell" schedule="planned">
        <trigger source="ENG_NW_001278_20130812_F00013E3A" offset="1152" length="10">disclosing</trigger>
        <em_arg entity_id="ent-8" entity_mention_id="m-675" role="entity" realis="true">He</em_arg>
      </event_mention>
    </hopper>
    <hopper id="h-1517">
      <event_mention id="em-1489" type="contact" subtype="broadcast" realis="actual" audience="oneway" formality="formal" medium="canttell" schedule="planned">
        <trigger source="ENG_NW_001278_20130812_F00013E3A" offset="1494" length="7">pledged</trigger>
        <em_arg entity_id="ent-775" entity_mention_id="m-841" role="entity" realis="true">Obama</em_arg>
        <em_arg filler_id="f-1514" role="time" realis="true">Friday</em_arg>
      </event_mention>
      <event_mention id="em-1579" type="contact" subtype="broadcast" realis="actual" audience="oneway" formality="formal" medium="canttell" schedule="planned">
        <trigger source="ENG_NW_001278_20130812_F00013E3A" offset="1846" length="9">suggested</trigger>
        <em_arg entity_id="ent-775" entity_mention_id="m-960" role="entity" realis="true">he</em_arg>
      </event_mention>
    </hopper>
    <hopper id="h-1540">
      <event_mention id="em-1519" type="contact" subtype="contact" realis="actual" audience="canttell" formality="canttell" medium="canttell" schedule="canttell">
        <trigger source="ENG_NW_001278_20130812_F00013E3A" offset="1630" length="6">outcry</trigger>
        <em_arg entity_id="ent-1180" entity_mention_id="m-1174" role="entity" realis="true">public</em_arg>
      </event_mention>
    </hopper>
    <hopper id="h-1577">
      <event_mention id="em-1542" type="contact" subtype="broadcast" realis="actual" audience="oneway" formality="formal" medium="canttell" schedule="planned">
        <trigger source="ENG_NW_001278_20130812_F00013E3A" offset="1727" length="6">saying</trigger>
        <em_arg entity_id="ent-30" entity_mention_id="m-868" role="entity" realis="true">he</em_arg>
        <em_arg entity_id="ent-383" entity_mention_id="m-993" role="audience" realis="true">ABC</em_arg>
        <em_arg filler_id="f-1574" role="time" realis="true">Sunday</em_arg>
      </event_mention>
    </hopper>
    <hopper id="h-1600">
      <event_mention id="em-1602" type="contact" subtype="broadcast" realis="actual" audience="oneway" formality="formal" medium="canttell" schedule="planned">
        <trigger source="ENG_NW_001278_20130812_F00013E3A" offset="1924" length="10">statements</trigger>
        <em_arg entity_id="ent-1023" entity_mention_id="m-1017" role="entity" realis="true">our leaders</em_arg>
      </event_mention>
    </hopper>
  </hoppers>
</deft_ere>
