<?xml version="1.0" encoding="UTF-8"?>
<deft_ere kit_id="5733b8b10000000000000036" doc_id="ENG_NW_001278_20130226_F000135NO" source_type="newswire">
  <entities>
    <entity id="ent-8" type="PER" specificity="specificIndividual">
      <entity_mention id="m-99" noun_type="NAM" source="ENG_NW_001278_20130226_F000135NO" offset="319" length="18">
        <mention_text>Nicos Anastasiades</mention_text>
      </entity_mention>
      <entity_mention id="m-120" noun_type="PRO" source="ENG_NW_001278_20130226_F000135NO" offset="418" length="3">
        <mention_text>his</mention_text>
      </entity_mention>
      <entity_mention id="m-249" noun_type="NAM" source="ENG_NW_001278_20130226_F000135NO" offset="991" length="12">
        <mention_text>Anastasiades</mention_text>
      </entity_mention>
      <entity_mention id="m-360" noun_type="NAM" source="ENG_NW_001278_20130226_F000135NO" offset="1367" length="12">
        <mention_text>Anastasiades</mention_text>
      </entity_mention>
      <entity_mention id="m-366" noun_type="PRO" source="ENG_NW_001278_20130226_F000135NO" offset="1381" length="3">
        <mention_text>who</mention_text>
      </entity_mention>
      <entity_mention id="m-411" noun_type="PRO" source="ENG_NW_001278_20130226_F000135NO" offset="1636" length="3">
        <mention_text>his</mention_text>
      </entity_mention>
      <entity_mention id="m-417" noun_type="NAM" source="ENG_NW_001278_20130226_F000135NO" offset="1661" length="12">
        <mention_text>Anastasiades</mention_text>
      </entity_mention>
      <entity_mention id="m-423" noun_type="PRO" source="ENG_NW_001278_20130226_F000135NO" offset="1683" length="3">
        <mention_text>his</mention_text>
      </entity_mention>
      <entity_mention id="m-543" noun_type="NAM" source="ENG_NW_001278_20130226_F000135NO" offset="2240" length="12">
        <mention_text>Anastasiades</mention_text>
      </entity_mention>
      <entity_mention id="m-591" noun_type="NAM" source="ENG_NW_001278_20130226_F000135NO" offset="2536" length="12">
        <mention_text>Anastasiades</mention_text>
      </entity_mention>
      <entity_mention id="m-597" noun_type="PRO" source="ENG_NW_001278_20130226_F000135NO" offset="2556" length="2">
        <mention_text>He</mention_text>
      </entity_mention>
      <entity_mention id="m-618" noun_type="PRO" source="ENG_NW_001278_20130226_F000135NO" offset="2589" length="3">
        <mention_text>his</mention_text>
      </entity_mention>
      <entity_mention id="m-624" noun_type="PRO" source="ENG_NW_001278_20130226_F000135NO" offset="2627" length="2">
        <mention_text>he</mention_text>
      </entity_mention>
      <entity_mention id="m-630" noun_type="PRO" source="ENG_NW_001278_20130226_F000135NO" offset="2666" length="2">
        <mention_text>He</mention_text>
      </entity_mention>
      <entity_mention id="m-654" noun_type="NAM" source="ENG_NW_001278_20130226_F000135NO" offset="2837" length="12">
        <mention_text>Anastasiades</mention_text>
      </entity_mention>
      <entity_mention id="m-2010" noun_type="NOM" source="ENG_NW_001278_20130226_F000135NO" offset="101" length="22">
        <mention_text>Cyprus president-elect</mention_text>
        <nom_head source="ENG_NW_001278_20130226_F000135NO" offset="108" length="15">president-elect</nom_head>
      </entity_mention>
      <entity_mention id="m-2016" noun_type="NOM" source="ENG_NW_001278_20130226_F000135NO" offset="207" length="22">
        <mention_text>Cyprus president-elect</mention_text>
        <nom_head source="ENG_NW_001278_20130226_F000135NO" offset="214" length="15">president-elect</nom_head>
      </entity_mention>
    </entity>
    <entity id="ent-30" type="GPE" specificity="specificIndividual">
      <entity_mention id="m-24" noun_type="NAM" source="ENG_NW_001278_20130226_F000135NO" offset="101" length="6">
        <mention_text>Cyprus</mention_text>
      </entity_mention>
      <entity_mention id="m-57" noun_type="NAM" source="ENG_NW_001278_20130226_F000135NO" offset="207" length="6">
        <mention_text>Cyprus</mention_text>
      </entity_mention>
      <entity_mention id="m-93" noun_type="NAM" source="ENG_NW_001278_20130226_F000135NO" offset="296" length="6">
        <mention_text>Cyprus</mention_text>
      </entity_mention>
      <entity_mention id="m-168" noun_type="NAM" source="ENG_NW_001278_20130226_F000135NO" offset="612" length="6">
        <mention_text>Cyprus</mention_text>
      </entity_mention>
      <entity_mention id="m-186" noun_type="NAM" source="ENG_NW_001278_20130226_F000135NO" offset="716" length="6">
        <mention_text>Cyprus</mention_text>
      </entity_mention>
      <entity_mention id="m-276" noun_type="NAM" source="ENG_NW_001278_20130226_F000135NO" offset="1144" length="6">
        <mention_text>Cyprus</mention_text>
      </entity_mention>
      <entity_mention id="m-282" noun_type="PRO" source="ENG_NW_001278_20130226_F000135NO" offset="1162" length="3">
        <mention_text>its</mention_text>
      </entity_mention>
      <entity_mention id="m-459" noun_type="NAM" source="ENG_NW_001278_20130226_F000135NO" offset="1894" length="6">
        <mention_text>Cyprus</mention_text>
      </entity_mention>
      <entity_mention id="m-564" noun_type="PRO" source="ENG_NW_001278_20130226_F000135NO" offset="2408" length="2">
        <mention_text>We</mention_text>
      </entity_mention>
      <entity_mention id="m-579" noun_type="PRO" source="ENG_NW_001278_20130226_F000135NO" offset="2462" length="3">
        <mention_text>our</mention_text>
      </entity_mention>
      <entity_mention id="m-585" noun_type="NOM" source="ENG_NW_001278_20130226_F000135NO" offset="2522" length="11">
        <mention_text>our country</mention_text>
        <nom_head source="ENG_NW_001278_20130226_F000135NO" offset="2526" length="7">country</nom_head>
      </entity_mention>
      <entity_mention id="m-1034" noun_type="PRO" source="ENG_NW_001278_20130226_F000135NO" offset="2437" length="3">
        <mention_text>our</mention_text>
      </entity_mention>
    </entity>
    <entity id="ent-39" type="PER" specificity="specificGroup">
      <entity_mention id="m-33" noun_type="NOM" source="ENG_NW_001278_20130226_F000135NO" offset="133" length="26">
        <mention_text>finance, foreign ministers</mention_text>
        <nom_head source="ENG_NW_001278_20130226_F000135NO" offset="150" length="9">ministers</nom_head>
      </entity_mention>
      <entity_mention id="m-63" noun_type="NOM" source="ENG_NW_001278_20130226_F000135NO" offset="239" length="26">
        <mention_text>finance, foreign ministers</mention_text>
        <nom_head source="ENG_NW_001278_20130226_F000135NO" offset="256" length="9">ministers</nom_head>
      </entity_mention>
      <entity_mention id="m-105" noun_type="NOM" source="ENG_NW_001278_20130226_F000135NO" offset="358" length="26">
        <mention_text>two seasoned personalities</mention_text>
        <nom_head source="ENG_NW_001278_20130226_F000135NO" offset="371" length="13">personalities</nom_head>
      </entity_mention>
      <entity_mention id="m-405" noun_type="NOM" source="ENG_NW_001278_20130226_F000135NO" offset="1636" length="23">
        <mention_text>his two first ministers</mention_text>
        <nom_head source="ENG_NW_001278_20130226_F000135NO" offset="1650" length="9">ministers</nom_head>
      </entity_mention>
      <entity_mention id="m-549" noun_type="NOM" source="ENG_NW_001278_20130226_F000135NO" offset="2328" length="17">
        <mention_text>the two ministers</mention_text>
        <nom_head source="ENG_NW_001278_20130226_F000135NO" offset="2336" length="9">ministers</nom_head>
      </entity_mention>
    </entity>
    <entity id="ent-48" type="PER" specificity="specificIndividual">
      <entity_mention id="m-42" noun_type="NAM" source="ENG_NW_001278_20130226_F000135NO" offset="180" length="10">
        <mention_text>huangyanan</mention_text>
      </entity_mention>
    </entity>
    <entity id="ent-75" type="GPE" specificity="specificIndividual">
      <entity_mention id="m-69" noun_type="NAM" source="ENG_NW_001278_20130226_F000135NO" offset="267" length="7">
        <mention_text>NICOSIA</mention_text>
      </entity_mention>
    </entity>
    <entity id="ent-84" type="ORG" specificity="specificIndividual">
      <entity_mention id="m-78" noun_type="NAM" source="ENG_NW_001278_20130226_F000135NO" offset="285" length="6">
        <mention_text>Xinhua</mention_text>
      </entity_mention>
    </entity>
    <entity id="ent-117" type="ORG" specificity="specificIndividual">
      <entity_mention id="m-111" noun_type="NOM" source="ENG_NW_001278_20130226_F000135NO" offset="418" length="11">
        <mention_text>his cabinet</mention_text>
        <nom_head source="ENG_NW_001278_20130226_F000135NO" offset="422" length="7">cabinet</nom_head>
      </entity_mention>
      <entity_mention id="m-603" noun_type="NOM" source="ENG_NW_001278_20130226_F000135NO" offset="2589" length="14">
        <mention_text>his government</mention_text>
        <nom_head source="ENG_NW_001278_20130226_F000135NO" offset="2593" length="10">government</nom_head>
      </entity_mention>
    </entity>
    <entity id="ent-132" type="PER" specificity="specificIndividual">
      <entity_mention id="m-126" noun_type="NAM" source="ENG_NW_001278_20130226_F000135NO" offset="442" length="14">
        <mention_text>Michael Sarris</mention_text>
      </entity_mention>
      <entity_mention id="m-174" noun_type="NAM" source="ENG_NW_001278_20130226_F000135NO" offset="668" length="6">
        <mention_text>Sarris</mention_text>
      </entity_mention>
      <entity_mention id="m-201" noun_type="PRO" source="ENG_NW_001278_20130226_F000135NO" offset="752" length="2">
        <mention_text>He</mention_text>
      </entity_mention>
      <entity_mention id="m-207" noun_type="NOM" source="ENG_NW_001278_20130226_F000135NO" offset="774" length="37">
        <mention_text>a senior economist for the World Bank</mention_text>
        <nom_head source="ENG_NW_001278_20130226_F000135NO" offset="783" length="9">economist</nom_head>
      </entity_mention>
      <entity_mention id="m-222" noun_type="PRO" source="ENG_NW_001278_20130226_F000135NO" offset="828" length="2">
        <mention_text>he</mention_text>
      </entity_mention>
      <entity_mention id="m-237" noun_type="PRO" source="ENG_NW_001278_20130226_F000135NO" offset="886" length="2">
        <mention_text>he</mention_text>
      </entity_mention>
      <entity_mention id="m-243" noun_type="PRO" source="ENG_NW_001278_20130226_F000135NO" offset="902" length="2">
        <mention_text>he</mention_text>
      </entity_mention>
    </entity>
    <entity id="ent-147" type="GPE" specificity="specificIndividual">
      <entity_mention id="m-141" noun_type="NAM" source="ENG_NW_001278_20130226_F000135NO" offset="543" length="14">
        <mention_text>European Union</mention_text>
      </entity_mention>
      <entity_mention id="m-192" noun_type="NAM" source="ENG_NW_001278_20130226_F000135NO" offset="734" length="8">
        <mention_text>eurozone</mention_text>
      </entity_mention>
      <entity_mention id="m-288" noun_type="NAM" source="ENG_NW_001278_20130226_F000135NO" offset="1183" length="14">
        <mention_text>European Union</mention_text>
      </entity_mention>
      <entity_mention id="m-315" noun_type="NAM" source="ENG_NW_001278_20130226_F000135NO" offset="1216" length="8">
        <mention_text>European</mention_text>
      </entity_mention>
      <entity_mention id="m-327" noun_type="NAM" source="ENG_NW_001278_20130226_F000135NO" offset="1289" length="14">
        <mention_text>European Union</mention_text>
      </entity_mention>
    </entity>
    <entity id="ent-156" type="LOC" specificity="specificIndividual">
      <entity_mention id="m-150" noun_type="NAM" source="ENG_NW_001278_20130226_F000135NO" offset="543" length="8">
        <mention_text>European</mention_text>
      </entity_mention>
      <entity_mention id="m-294" noun_type="NAM" source="ENG_NW_001278_20130226_F000135NO" offset="1183" length="8">
        <mention_text>European</mention_text>
      </entity_mention>
      <entity_mention id="m-333" noun_type="NAM" source="ENG_NW_001278_20130226_F000135NO" offset="1289" length="8">
        <mention_text>European</mention_text>
      </entity_mention>
      <entity_mention id="m-1040" noun_type="NAM" source="ENG_NW_001278_20130226_F000135NO" offset="2441" length="8">
        <mention_text>European</mention_text>
      </entity_mention>
    </entity>
    <entity id="ent-165" type="ORG" specificity="specificIndividual">
      <entity_mention id="m-159" noun_type="NAM" source="ENG_NW_001278_20130226_F000135NO" offset="566" length="27">
        <mention_text>International Monetary Fund</mention_text>
      </entity_mention>
    </entity>
    <entity id="ent-219" type="ORG" specificity="specificIndividual">
      <entity_mention id="m-213" noun_type="NAM" source="ENG_NW_001278_20130226_F000135NO" offset="801" length="10">
        <mention_text>World Bank</mention_text>
      </entity_mention>
    </entity>
    <entity id="ent-234" type="ORG" specificity="specificIndividual">
      <entity_mention id="m-228" noun_type="NOM" source="ENG_NW_001278_20130226_F000135NO" offset="854" length="23">
        <mention_text>the outgoing government</mention_text>
        <nom_head source="ENG_NW_001278_20130226_F000135NO" offset="867" length="10">government</nom_head>
      </entity_mention>
      <entity_mention id="m-429" noun_type="NOM" source="ENG_NW_001278_20130226_F000135NO" offset="1763" length="23">
        <mention_text>the outgoing government</mention_text>
        <nom_head source="ENG_NW_001278_20130226_F000135NO" offset="1776" length="10">government</nom_head>
      </entity_mention>
    </entity>
    <entity id="ent-261" type="PER" specificity="specificIndividual">
      <entity_mention id="m-255" noun_type="NAM" source="ENG_NW_001278_20130226_F000135NO" offset="1019" length="18">
        <mention_text>Ioannis Kasoulides</mention_text>
      </entity_mention>
      <entity_mention id="m-270" noun_type="NAM" source="ENG_NW_001278_20130226_F000135NO" offset="1060" length="10">
        <mention_text>Kasoulides</mention_text>
      </entity_mention>
      <entity_mention id="m-300" noun_type="NOM" source="ENG_NW_001278_20130226_F000135NO" offset="1200" length="46">
        <mention_text>A member of the European Parliament since 2004</mention_text>
        <nom_head source="ENG_NW_001278_20130226_F000135NO" offset="1202" length="6">member</nom_head>
      </entity_mention>
      <entity_mention id="m-321" noun_type="NAM" source="ENG_NW_001278_20130226_F000135NO" offset="1248" length="10">
        <mention_text>Kasoulides</mention_text>
      </entity_mention>
      <entity_mention id="m-339" noun_type="PRO" source="ENG_NW_001278_20130226_F000135NO" offset="1305" length="2">
        <mention_text>He</mention_text>
      </entity_mention>
      <entity_mention id="m-345" noun_type="NOM" source="ENG_NW_001278_20130226_F000135NO" offset="1311" length="53">
        <mention_text>a France educated man, with a specialty in geriatrics</mention_text>
        <nom_head source="ENG_NW_001278_20130226_F000135NO" offset="1329" length="3">man</nom_head>
      </entity_mention>
    </entity>
    <entity id="ent-312" type="ORG" specificity="specificIndividual">
      <entity_mention id="m-306" noun_type="NAM" source="ENG_NW_001278_20130226_F000135NO" offset="1216" length="19">
        <mention_text>European Parliament</mention_text>
      </entity_mention>
    </entity>
    <entity id="ent-357" type="GPE" specificity="specificIndividual">
      <entity_mention id="m-351" noun_type="NAM" source="ENG_NW_001278_20130226_F000135NO" offset="1313" length="6">
        <mention_text>France</mention_text>
      </entity_mention>
    </entity>
    <entity id="ent-378" type="ORG" specificity="specificIndividual">
      <entity_mention id="m-372" noun_type="NAM" source="ENG_NW_001278_20130226_F000135NO" offset="1406" length="16">
        <mention_text>Democratic Rally</mention_text>
      </entity_mention>
      <entity_mention id="m-1929" noun_type="NOM" source="ENG_NW_001278_20130226_F000135NO" offset="1391" length="37">
        <mention_text>the right-wing Democratic Rally party</mention_text>
        <nom_head source="ENG_NW_001278_20130226_F000135NO" offset="1423" length="5">party</nom_head>
      </entity_mention>
    </entity>
    <entity id="ent-387" type="PER" specificity="specificIndividual">
      <entity_mention id="m-381" noun_type="NAM" source="ENG_NW_001278_20130226_F000135NO" offset="1540" length="13">
        <mention_text>Stavros Malas</mention_text>
      </entity_mention>
      <entity_mention id="m-390" noun_type="PRO" source="ENG_NW_001278_20130226_F000135NO" offset="1554" length="3">
        <mention_text>who</mention_text>
      </entity_mention>
    </entity>
    <entity id="ent-402" type="ORG" specificity="specificIndividual">
      <entity_mention id="m-396" noun_type="NAM" source="ENG_NW_001278_20130226_F000135NO" offset="1592" length="4">
        <mention_text>AKEL</mention_text>
      </entity_mention>
      <entity_mention id="m-1935" noun_type="NOM" source="ENG_NW_001278_20130226_F000135NO" offset="1577" length="25">
        <mention_text>leftist ruling AKEL party</mention_text>
        <nom_head source="ENG_NW_001278_20130226_F000135NO" offset="1597" length="5">party</nom_head>
      </entity_mention>
    </entity>
    <entity id="ent-441" type="ORG" specificity="specificGroup">
      <entity_mention id="m-435" noun_type="NOM" source="ENG_NW_001278_20130226_F000135NO" offset="1792" length="21">
        <mention_text>international lenders</mention_text>
        <nom_head source="ENG_NW_001278_20130226_F000135NO" offset="1806" length="7">lenders</nom_head>
      </entity_mention>
    </entity>
    <entity id="ent-456" type="GPE" specificity="specificIndividual">
      <entity_mention id="m-450" noun_type="NAM" source="ENG_NW_001278_20130226_F000135NO" offset="1851" length="8">
        <mention_text>Brussels</mention_text>
      </entity_mention>
    </entity>
    <entity id="ent-471" type="PER" specificity="specificGroup">
      <entity_mention id="m-465" noun_type="NOM" source="ENG_NW_001278_20130226_F000135NO" offset="1915" length="7">
        <mention_text>members</mention_text>
        <nom_head source="ENG_NW_001278_20130226_F000135NO" offset="1915" length="7">members</nom_head>
      </entity_mention>
    </entity>
    <entity id="ent-480" type="ORG" specificity="nonspecific">
      <entity_mention id="m-474" noun_type="NOM" source="ENG_NW_001278_20130226_F000135NO" offset="1965" length="4">
        <mention_text>bank</mention_text>
        <nom_head source="ENG_NW_001278_20130226_F000135NO" offset="1965" length="4">bank</nom_head>
      </entity_mention>
      <entity_mention id="m-510" noun_type="NOM" source="ENG_NW_001278_20130226_F000135NO" offset="2049" length="4">
        <mention_text>bank</mention_text>
        <nom_head source="ENG_NW_001278_20130226_F000135NO" offset="2049" length="4">bank</nom_head>
      </entity_mention>
      <entity_mention id="m-525" noun_type="NOM" source="ENG_NW_001278_20130226_F000135NO" offset="2172" length="9">
        <mention_text>the banks</mention_text>
        <nom_head source="ENG_NW_001278_20130226_F000135NO" offset="2176" length="5">banks</nom_head>
      </entity_mention>
    </entity>
    <entity id="ent-489" type="GPE" specificity="specificIndividual">
      <entity_mention id="m-483" noun_type="NAM" source="ENG_NW_001278_20130226_F000135NO" offset="1989" length="7">
        <mention_text>Germany</mention_text>
      </entity_mention>
    </entity>
    <entity id="ent-498" type="GPE" specificity="specificGroup">
      <entity_mention id="m-492" noun_type="NOM" source="ENG_NW_001278_20130226_F000135NO" offset="2001" length="20">
        <mention_text>some other countries</mention_text>
        <nom_head source="ENG_NW_001278_20130226_F000135NO" offset="2012" length="9">countries</nom_head>
      </entity_mention>
    </entity>
    <entity id="ent-507" type="PER" specificity="specificGroup">
      <entity_mention id="m-501" noun_type="NOM" source="ENG_NW_001278_20130226_F000135NO" offset="2049" length="15">
        <mention_text>bank depositors</mention_text>
        <nom_head source="ENG_NW_001278_20130226_F000135NO" offset="2054" length="10">depositors</nom_head>
      </entity_mention>
      <entity_mention id="m-531" noun_type="NOM" source="ENG_NW_001278_20130226_F000135NO" offset="2193" length="10">
        <mention_text>depositors</mention_text>
        <nom_head source="ENG_NW_001278_20130226_F000135NO" offset="2193" length="10">depositors</nom_head>
      </entity_mention>
      <entity_mention id="m-537" noun_type="PRO" source="ENG_NW_001278_20130226_F000135NO" offset="2226" length="5">
        <mention_text>their</mention_text>
      </entity_mention>
    </entity>
    <entity id="ent-522" type="GPE" specificity="specificGroup">
      <entity_mention id="m-516" noun_type="NOM" source="ENG_NW_001278_20130226_F000135NO" offset="2086" length="24">
        <mention_text>many other member states</mention_text>
        <nom_head source="ENG_NW_001278_20130226_F000135NO" offset="2104" length="6">states</nom_head>
      </entity_mention>
    </entity>
    <entity id="ent-561" type="PER" specificity="specificGroup">
      <entity_mention id="m-555" noun_type="NOM" source="ENG_NW_001278_20130226_F000135NO" offset="2359" length="15">
        <mention_text>other ministers</mention_text>
        <nom_head source="ENG_NW_001278_20130226_F000135NO" offset="2365" length="9">ministers</nom_head>
      </entity_mention>
    </entity>
    <entity id="ent-570" type="GPE" specificity="specificGroup">
      <entity_mention id="m-573" noun_type="NOM" source="ENG_NW_001278_20130226_F000135NO" offset="2437" length="21">
        <mention_text>our European partners</mention_text>
        <nom_head source="ENG_NW_001278_20130226_F000135NO" offset="2450" length="8">partners</nom_head>
      </entity_mention>
    </entity>
    <entity id="ent-615" type="PER" specificity="nonspecific">
      <entity_mention id="m-609" noun_type="NOM" source="ENG_NW_001278_20130226_F000135NO" offset="2570" length="33">
        <mention_text>the full lineup of his government</mention_text>
        <nom_head source="ENG_NW_001278_20130226_F000135NO" offset="2579" length="6">lineup</nom_head>
      </entity_mention>
    </entity>
    <entity id="ent-642" type="ORG" specificity="specificIndividual">
      <entity_mention id="m-636" noun_type="NOM" source="ENG_NW_001278_20130226_F000135NO" offset="2729" length="10">
        <mention_text>parliament</mention_text>
        <nom_head source="ENG_NW_001278_20130226_F000135NO" offset="2729" length="10">parliament</nom_head>
      </entity_mention>
    </entity>
    <entity id="ent-651" type="PER" specificity="specificIndividual">
      <entity_mention id="m-645" noun_type="NOM" source="ENG_NW_001278_20130226_F000135NO" offset="2782" length="22">
        <mention_text>the outgoing president</mention_text>
        <nom_head source="ENG_NW_001278_20130226_F000135NO" offset="2795" length="9">president</nom_head>
      </entity_mention>
    </entity>
    <entity id="ent-666" type="ORG" specificity="specificIndividual">
      <entity_mention id="m-660" noun_type="NAM" source="ENG_NW_001278_20130226_F000135NO" offset="2884" length="24">
        <mention_text>National Economy Council</mention_text>
      </entity_mention>
    </entity>
    <entity id="ent-675" type="PER" specificity="specificIndividual">
      <entity_mention id="m-678" noun_type="NAM" source="ENG_NW_001278_20130226_F000135NO" offset="2940" length="23">
        <mention_text>Christoforos Pissarides</mention_text>
      </entity_mention>
    </entity>
    <entity id="ent-1926" type="LOC" specificity="specificIndividual">
      <entity_mention id="m-1920" noun_type="NOM" source="ENG_NW_001278_20130226_F000135NO" offset="801" length="5">
        <mention_text>World</mention_text>
        <nom_head source="ENG_NW_001278_20130226_F000135NO" offset="801" length="5">World</nom_head>
      </entity_mention>
    </entity>
    <entity id="ent-1941" type="ORG" specificity="specificIndividual">
      <entity_mention id="m-444" noun_type="NAM" source="ENG_NW_001278_20130226_F000135NO" offset="1818" length="9">
        <mention_text>Eurogroup</mention_text>
      </entity_mention>
    </entity>
  </entities>
  <fillers>
    <filler id="f-692" source="ENG_NW_001278_20130226_F000135NO" offset="108" length="9" type="title">president</filler>
    <filler id="f-712" source="ENG_NW_001278_20130226_F000135NO" offset="150" length="9" type="title">ministers</filler>
    <filler id="f-722" source="ENG_NW_001278_20130226_F000135NO" offset="214" length="9" type="title">president</filler>
    <filler id="f-742" source="ENG_NW_001278_20130226_F000135NO" offset="256" length="9" type="title">ministers</filler>
    <filler id="f-752" source="ENG_NW_001278_20130226_F000135NO" offset="303" length="9" type="title">president</filler>
    <filler id="f-792" source="ENG_NW_001278_20130226_F000135NO" offset="432" length="9" type="title">Economist</filler>
    <filler id="f-802" source="ENG_NW_001278_20130226_F000135NO" offset="474" length="16" type="title">finance minister</filler>
    <filler id="f-822" source="ENG_NW_001278_20130226_F000135NO" offset="676" length="2" type="age">67</filler>
    <filler id="f-832" source="ENG_NW_001278_20130226_F000135NO" offset="694" length="16" type="title">finance minister</filler>
    <filler id="f-852" source="ENG_NW_001278_20130226_F000135NO" offset="783" length="9" type="title">economist</filler>
    <filler id="f-872" source="ENG_NW_001278_20130226_F000135NO" offset="1041" length="16" type="title">foreign minister</filler>
    <filler id="f-882" source="ENG_NW_001278_20130226_F000135NO" offset="1077" length="2" type="age">65</filler>
    <filler id="f-892" source="ENG_NW_001278_20130226_F000135NO" offset="1100" length="16" type="title">foreign minister</filler>
    <filler id="f-972" source="ENG_NW_001278_20130226_F000135NO" offset="1650" length="9" type="title">ministers</filler>
    <filler id="f-1022" source="ENG_NW_001278_20130226_F000135NO" offset="2336" length="9" type="title">ministers</filler>
    <filler id="f-1032" source="ENG_NW_001278_20130226_F000135NO" offset="2365" length="9" type="title">ministers</filler>
    <filler id="f-1084" source="ENG_NW_001278_20130226_F000135NO" offset="2795" length="9" type="title">president</filler>
    <filler id="f-1094" source="ENG_NW_001278_20130226_F000135NO" offset="2915" length="14" type="title">Nobel laureate</filler>
    <filler id="f-1104" source="ENG_NW_001278_20130226_F000135NO" offset="2930" length="9" type="title">Professor</filler>
    <filler id="f-2026" source="ENG_NW_001278_20130226_F000135NO" offset="108" length="9" type="title">president</filler>
    <filler id="f-2054" source="ENG_NW_001278_20130226_F000135NO" offset="214" length="9" type="title">president</filler>
    <filler id="f-1207" source="ENG_NW_001278_20130226_F000135NO" offset="303" length="9" type="title">president</filler>
    <filler id="f-1288" source="ENG_NW_001278_20130226_F000135NO" offset="814" length="13" type="time" nom_time="2011-xx-xx">Two years ago</filler>
    <filler id="f-1341" source="ENG_NW_001278_20130226_F000135NO" offset="1454" length="12" type="title">presidential</filler>
    <filler id="f-1348" source="ENG_NW_001278_20130226_F000135NO" offset="1486" length="6" type="time" nom_time="2013-02-24">Sunday</filler>
    <filler id="f-1457" source="ENG_NW_001278_20130226_F000135NO" offset="1863" length="6" type="time" nom_time="2013-02-25">Monday</filler>
    <filler id="f-1799" source="ENG_NW_001278_20130226_F000135NO" offset="2657" length="6" type="time" nom_time="2013-03-01">Friday</filler>
    <filler id="f-1836" source="ENG_NW_001278_20130226_F000135NO" offset="2743" length="18" type="time" nom_time="2013-02-28">Thursday afternoon</filler>
    <filler id="f-1866" source="ENG_NW_001278_20130226_F000135NO" offset="2824" length="10" type="title">presidency</filler>
    <filler id="f-1894" source="ENG_NW_001278_20130226_F000135NO" offset="2795" length="9" type="title">president</filler>
  </fillers>
  <relations>
    <relation id="r-1064" type="personalsocial" subtype="role">
      <relation_mention id="relm-684" realis="false">
        <rel_arg1 entity_id="ent-8" entity_mention_id="m-2010" role="per">Cyprus president-elect</rel_arg1>
        <rel_arg2 filler_id="f-692" role="role">president</rel_arg2>
      </relation_mention>
      <relation_mention id="relm-714" realis="false">
        <rel_arg1 entity_id="ent-8" entity_mention_id="m-2016" role="per">Cyprus president-elect</rel_arg1>
        <rel_arg2 filler_id="f-722" role="role">president</rel_arg2>
      </relation_mention>
      <relation_mention id="relm-744" realis="false">
        <rel_arg1 entity_id="ent-8" entity_mention_id="m-99" role="per">Nicos Anastasiades</rel_arg1>
        <rel_arg2 filler_id="f-752" role="role">president</rel_arg2>
      </relation_mention>
    </relation>
    <relation id="r-1065" type="orgaffiliation" subtype="leadership">
      <relation_mention id="relm-694" realis="false">
        <rel_arg1 entity_id="ent-8" entity_mention_id="m-2010" role="leader">Cyprus president-elect</rel_arg1>
        <rel_arg2 entity_id="ent-30" entity_mention_id="m-24" role="entity">Cyprus</rel_arg2>
        <trigger source="ENG_NW_001278_20130226_F000135NO" offset="108" length="9">president</trigger>
      </relation_mention>
      <relation_mention id="relm-724" realis="false">
        <rel_arg1 entity_id="ent-8" entity_mention_id="m-2016" role="leader">Cyprus president-elect</rel_arg1>
        <rel_arg2 entity_id="ent-30" entity_mention_id="m-57" role="entity">Cyprus</rel_arg2>
        <trigger source="ENG_NW_001278_20130226_F000135NO" offset="214" length="9">president</trigger>
      </relation_mention>
      <relation_mention id="relm-754" realis="false">
        <rel_arg1 entity_id="ent-8" entity_mention_id="m-99" role="leader">Nicos Anastasiades</rel_arg1>
        <rel_arg2 entity_id="ent-30" entity_mention_id="m-93" role="entity">Cyprus</rel_arg2>
        <trigger source="ENG_NW_001278_20130226_F000135NO" offset="303" length="9">president</trigger>
      </relation_mention>
    </relation>
    <relation id="r-1066" type="personalsocial" subtype="role">
      <relation_mention id="relm-704" realis="false">
        <rel_arg1 entity_id="ent-39" entity_mention_id="m-33" role="per">finance, foreign ministers</rel_arg1>
        <rel_arg2 filler_id="f-712" role="role">ministers</rel_arg2>
      </relation_mention>
      <relation_mention id="relm-734" realis="false">
        <rel_arg1 entity_id="ent-39" entity_mention_id="m-63" role="per">finance, foreign ministers</rel_arg1>
        <rel_arg2 filler_id="f-742" role="role">ministers</rel_arg2>
      </relation_mention>
      <relation_mention id="relm-964" realis="false">
        <rel_arg1 entity_id="ent-39" entity_mention_id="m-405" role="per">his two first ministers</rel_arg1>
        <rel_arg2 filler_id="f-972" role="role">ministers</rel_arg2>
      </relation_mention>
      <relation_mention id="relm-1014" realis="false">
        <rel_arg1 entity_id="ent-39" entity_mention_id="m-549" role="per">the two ministers</rel_arg1>
        <rel_arg2 filler_id="f-1022" role="role">ministers</rel_arg2>
      </relation_mention>
    </relation>
    <relation id="r-1067" type="orgaffiliation" subtype="employmentmembership">
      <relation_mention id="relm-764" realis="false">
        <rel_arg1 entity_id="ent-39" entity_mention_id="m-105" role="employeemember">two seasoned personalities</rel_arg1>
        <rel_arg2 entity_id="ent-117" entity_mention_id="m-111" role="org">his cabinet</rel_arg2>
        <trigger source="ENG_NW_001278_20130226_F000135NO" offset="388" length="5">serve</trigger>
      </relation_mention>
    </relation>
    <relation id="r-1068" type="orgaffiliation" subtype="leadership">
      <relation_mention id="relm-774" realis="true">
        <rel_arg1 entity_id="ent-8" entity_mention_id="m-120" role="leader">his</rel_arg1>
        <rel_arg2 entity_id="ent-117" entity_mention_id="m-111" role="entity">his cabinet</rel_arg2>
        <trigger source="ENG_NW_001278_20130226_F000135NO" offset="418" length="3">his</trigger>
      </relation_mention>
    </relation>
    <relation id="r-1069" type="personalsocial" subtype="role">
      <relation_mention id="relm-784" realis="true">
        <rel_arg1 entity_id="ent-132" entity_mention_id="m-126" role="per">Michael Sarris</rel_arg1>
        <rel_arg2 filler_id="f-792" role="role">Economist</rel_arg2>
      </relation_mention>
      <relation_mention id="relm-824" realis="true">
        <rel_arg1 entity_id="ent-132" entity_mention_id="m-174" role="per">Sarris</rel_arg1>
        <rel_arg2 filler_id="f-832" role="role">finance minister</rel_arg2>
        <trigger source="ENG_NW_001278_20130226_F000135NO" offset="684" length="6">served</trigger>
      </relation_mention>
      <relation_mention id="relm-844" realis="true">
        <rel_arg1 entity_id="ent-132" entity_mention_id="m-207" role="per">a senior economist for the World Bank</rel_arg1>
        <rel_arg2 filler_id="f-852" role="role">economist</rel_arg2>
        <trigger source="ENG_NW_001278_20130226_F000135NO" offset="764" length="6">served</trigger>
      </relation_mention>
    </relation>
    <relation id="r-1070" type="personalsocial" subtype="role">
      <relation_mention id="relm-794" realis="false">
        <rel_arg1 entity_id="ent-132" entity_mention_id="m-126" role="per">Michael Sarris</rel_arg1>
        <rel_arg2 filler_id="f-802" role="role">finance minister</rel_arg2>
        <trigger source="ENG_NW_001278_20130226_F000135NO" offset="461" length="9">appointed</trigger>
      </relation_mention>
    </relation>
    <relation id="r-1071" type="physical" subtype="locatednear">
      <relation_mention id="relm-804" realis="true">
        <rel_arg1 entity_id="ent-147" entity_mention_id="m-141" role="entity">European Union</rel_arg1>
        <rel_arg2 entity_id="ent-156" entity_mention_id="m-150" role="loc">European</rel_arg2>
        <trigger source="ENG_NW_001278_20130226_F000135NO" offset="543" length="8">European</trigger>
      </relation_mention>
      <relation_mention id="relm-904" realis="true">
        <rel_arg1 entity_id="ent-147" entity_mention_id="m-288" role="entity">European Union</rel_arg1>
        <rel_arg2 entity_id="ent-156" entity_mention_id="m-294" role="loc">European</rel_arg2>
        <trigger source="ENG_NW_001278_20130226_F000135NO" offset="1183" length="8">European</trigger>
      </relation_mention>
      <relation_mention id="relm-934" realis="true">
        <rel_arg1 entity_id="ent-147" entity_mention_id="m-327" role="entity">European Union</rel_arg1>
        <rel_arg2 entity_id="ent-156" entity_mention_id="m-333" role="loc">European</rel_arg2>
        <trigger source="ENG_NW_001278_20130226_F000135NO" offset="1289" length="8">European</trigger>
      </relation_mention>
    </relation>
    <relation id="r-1072" type="generalaffiliation" subtype="personage">
      <relation_mention id="relm-814" realis="true">
        <rel_arg1 entity_id="ent-132" entity_mention_id="m-174" role="per">Sarris</rel_arg1>
        <rel_arg2 filler_id="f-822" role="age">67</rel_arg2>
      </relation_mention>
    </relation>
    <relation id="r-1073" type="partwhole" subtype="membership">
      <relation_mention id="relm-834" realis="true">
        <rel_arg1 entity_id="ent-30" entity_mention_id="m-186" role="member">Cyprus</rel_arg1>
        <rel_arg2 entity_id="ent-147" entity_mention_id="m-192" role="org">eurozone</rel_arg2>
        <trigger source="ENG_NW_001278_20130226_F000135NO" offset="723" length="6">joined</trigger>
      </relation_mention>
      <relation_mention id="relm-894" realis="true">
        <rel_arg1 entity_id="ent-30" entity_mention_id="m-282" role="member">its</rel_arg1>
        <rel_arg2 entity_id="ent-147" entity_mention_id="m-288" role="org">European Union</rel_arg2>
        <trigger source="ENG_NW_001278_20130226_F000135NO" offset="1166" length="9">accession</trigger>
      </relation_mention>
    </relation>
    <relation id="r-1074" type="orgaffiliation" subtype="employmentmembership">
      <relation_mention id="relm-854" realis="true">
        <rel_arg1 entity_id="ent-132" entity_mention_id="m-207" role="employeemember">a senior economist for the World Bank</rel_arg1>
        <rel_arg2 entity_id="ent-219" entity_mention_id="m-213" role="org">World Bank</rel_arg2>
        <trigger source="ENG_NW_001278_20130226_F000135NO" offset="793" length="3">for</trigger>
      </relation_mention>
    </relation>
    <relation id="r-1075" type="personalsocial" subtype="role">
      <relation_mention id="relm-864" realis="false">
        <rel_arg1 entity_id="ent-261" entity_mention_id="m-255" role="per">Ioannis Kasoulides</rel_arg1>
        <rel_arg2 filler_id="f-872" role="role">foreign minister</rel_arg2>
        <trigger source="ENG_NW_001278_20130226_F000135NO" offset="1009" length="9">appointed</trigger>
      </relation_mention>
    </relation>
    <relation id="r-1076" type="generalaffiliation" subtype="personage">
      <relation_mention id="relm-874" realis="true">
        <rel_arg1 entity_id="ent-261" entity_mention_id="m-270" role="per">Kasoulides</rel_arg1>
        <rel_arg2 filler_id="f-882" role="age">65</rel_arg2>
        <trigger source="ENG_NW_001278_20130226_F000135NO" offset="1072" length="4">aged</trigger>
      </relation_mention>
    </relation>
    <relation id="r-1077" type="personalsocial" subtype="role">
      <relation_mention id="relm-884" realis="true">
        <rel_arg1 entity_id="ent-261" entity_mention_id="m-270" role="per">Kasoulides</rel_arg1>
        <rel_arg2 filler_id="f-892" role="role">foreign minister</rel_arg2>
        <trigger source="ENG_NW_001278_20130226_F000135NO" offset="1090" length="6">served</trigger>
      </relation_mention>
    </relation>
    <relation id="r-1078" type="orgaffiliation" subtype="employmentmembership">
      <relation_mention id="relm-914" realis="true">
        <rel_arg1 entity_id="ent-261" entity_mention_id="m-300" role="employeemember">A member of the European Parliament since 2004</rel_arg1>
        <rel_arg2 entity_id="ent-312" entity_mention_id="m-306" role="org">European Parliament</rel_arg2>
        <trigger source="ENG_NW_001278_20130226_F000135NO" offset="1202" length="6">member</trigger>
      </relation_mention>
    </relation>
    <relation id="r-1079" type="partwhole" subtype="subsidiary">
      <relation_mention id="relm-924" realis="true">
        <rel_arg1 entity_id="ent-312" entity_mention_id="m-306" role="suborg">European Parliament</rel_arg1>
        <rel_arg2 entity_id="ent-147" entity_mention_id="m-315" role="parent">European</rel_arg2>
        <trigger source="ENG_NW_001278_20130226_F000135NO" offset="1225" length="10">Parliament</trigger>
      </relation_mention>
    </relation>
    <relation id="r-1080" type="physical" subtype="locatednear">
      <relation_mention id="relm-944" realis="true">
        <rel_arg1 entity_id="ent-261" entity_mention_id="m-345" role="entity">a France educated man, with a specialty in geriatrics</rel_arg1>
        <rel_arg2 entity_id="ent-357" entity_mention_id="m-351" role="loc">France</rel_arg2>
        <trigger source="ENG_NW_001278_20130226_F000135NO" offset="1320" length="8">educated</trigger>
      </relation_mention>
    </relation>
    <relation id="r-1081" type="orgaffiliation" subtype="leadership">
      <relation_mention id="relm-954" realis="true">
        <rel_arg1 entity_id="ent-8" entity_mention_id="m-366" role="leader">who</rel_arg1>
        <rel_arg2 entity_id="ent-378" entity_mention_id="m-372" role="entity">Democratic Rally</rel_arg2>
        <trigger source="ENG_NW_001278_20130226_F000135NO" offset="1385" length="5">leads</trigger>
      </relation_mention>
    </relation>
    <relation id="r-1082" type="personalsocial" subtype="business">
      <relation_mention id="relm-974" realis="false">
        <rel_arg1 entity_id="ent-8" entity_mention_id="m-411" role="per">his</rel_arg1>
        <rel_arg2 entity_id="ent-39" entity_mention_id="m-405" role="per">his two first ministers</rel_arg2>
        <trigger source="ENG_NW_001278_20130226_F000135NO" offset="1650" length="9">ministers</trigger>
      </relation_mention>
    </relation>
    <relation id="r-1083" type="physical" subtype="orglocationorigin">
      <relation_mention id="relm-984" realis="true">
        <rel_arg1 entity_id="ent-1941" entity_mention_id="m-444" role="org">Eurogroup</rel_arg1>
        <rel_arg2 entity_id="ent-456" entity_mention_id="m-450" role="loc">Brussels</rel_arg2>
        <trigger source="ENG_NW_001278_20130226_F000135NO" offset="1848" length="2">in</trigger>
      </relation_mention>
    </relation>
    <relation id="r-1084" type="orgaffiliation" subtype="employmentmembership">
      <relation_mention id="relm-994" realis="true">
        <rel_arg1 entity_id="ent-471" entity_mention_id="m-465" role="employeemember">members</rel_arg1>
        <rel_arg2 entity_id="ent-1941" entity_mention_id="m-444" role="org">Eurogroup</rel_arg2>
        <trigger source="ENG_NW_001278_20130226_F000135NO" offset="1915" length="7">members</trigger>
      </relation_mention>
    </relation>
    <relation id="r-1085" type="orgaffiliation" subtype="employmentmembership">
      <relation_mention id="relm-1004" realis="true">
        <rel_arg1 entity_id="ent-507" entity_mention_id="m-501" role="employeemember">bank depositors</rel_arg1>
        <rel_arg2 entity_id="ent-480" entity_mention_id="m-510" role="org">bank</rel_arg2>
      </relation_mention>
      <relation_mention id="relm-1954" realis="true">
        <rel_arg1 entity_id="ent-507" entity_mention_id="m-531" role="employeemember">depositors</rel_arg1>
        <rel_arg2 entity_id="ent-480" entity_mention_id="m-525" role="org">the banks</rel_arg2>
      </relation_mention>
    </relation>
    <relation id="r-1086" type="personalsocial" subtype="role">
      <relation_mention id="relm-1024" realis="false">
        <rel_arg1 entity_id="ent-561" entity_mention_id="m-555" role="per">other ministers</rel_arg1>
        <rel_arg2 filler_id="f-1032" role="role">ministers</rel_arg2>
      </relation_mention>
    </relation>
    <relation id="r-1087" type="physical" subtype="locatednear">
      <relation_mention id="relm-1046" realis="true">
        <rel_arg1 entity_id="ent-570" entity_mention_id="m-573" role="entity">our European partners</rel_arg1>
        <rel_arg2 entity_id="ent-156" entity_mention_id="m-1040" role="loc">European</rel_arg2>
        <trigger source="ENG_NW_001278_20130226_F000135NO" offset="2441" length="8">European</trigger>
      </relation_mention>
    </relation>
    <relation id="r-1088" type="orgaffiliation" subtype="employmentmembership">
      <relation_mention id="relm-1056" realis="false">
        <rel_arg1 entity_id="ent-615" entity_mention_id="m-609" role="employeemember">the full lineup of his government</rel_arg1>
        <rel_arg2 entity_id="ent-117" entity_mention_id="m-603" role="org">his government</rel_arg2>
        <trigger source="ENG_NW_001278_20130226_F000135NO" offset="2586" length="2">of</trigger>
      </relation_mention>
    </relation>
    <relation id="r-1089" type="orgaffiliation" subtype="leadership">
      <relation_mention id="relm-1066" realis="false">
        <rel_arg1 entity_id="ent-8" entity_mention_id="m-618" role="leader">his</rel_arg1>
        <rel_arg2 entity_id="ent-117" entity_mention_id="m-603" role="entity">his government</rel_arg2>
        <trigger source="ENG_NW_001278_20130226_F000135NO" offset="2589" length="3">his</trigger>
      </relation_mention>
    </relation>
    <relation id="r-1090" type="personalsocial" subtype="role">
      <relation_mention id="relm-1076" realis="true">
        <rel_arg1 entity_id="ent-651" entity_mention_id="m-645" role="per">the outgoing president</rel_arg1>
        <rel_arg2 filler_id="f-1084" role="role">president</rel_arg2>
      </relation_mention>
    </relation>
    <relation id="r-1091" type="personalsocial" subtype="role">
      <relation_mention id="relm-1086" realis="true">
        <rel_arg1 entity_id="ent-675" entity_mention_id="m-678" role="per">Christoforos Pissarides</rel_arg1>
        <rel_arg2 filler_id="f-1094" role="role">Nobel laureate</rel_arg2>
      </relation_mention>
      <relation_mention id="relm-1096" realis="true">
        <rel_arg1 entity_id="ent-675" entity_mention_id="m-678" role="per">Christoforos Pissarides</rel_arg1>
        <rel_arg2 filler_id="f-1104" role="role">Professor</rel_arg2>
      </relation_mention>
    </relation>
    <relation id="r-1092" type="orgaffiliation" subtype="leadership">
      <relation_mention id="relm-1106" realis="false">
        <rel_arg1 entity_id="ent-675" entity_mention_id="m-678" role="leader">Christoforos Pissarides</rel_arg1>
        <rel_arg2 entity_id="ent-666" entity_mention_id="m-660" role="entity">National Economy Council</rel_arg2>
        <trigger source="ENG_NW_001278_20130226_F000135NO" offset="2909" length="5">under</trigger>
      </relation_mention>
    </relation>
    <relation id="r-1093" type="orgaffiliation" subtype="founder">
      <relation_mention id="relm-1116" realis="false">
        <rel_arg1 entity_id="ent-8" entity_mention_id="m-654" role="founder">Anastasiades</rel_arg1>
        <rel_arg2 entity_id="ent-666" entity_mention_id="m-660" role="org">National Economy Council</rel_arg2>
        <trigger source="ENG_NW_001278_20130226_F000135NO" offset="2869" length="9">formation</trigger>
      </relation_mention>
    </relation>
    <relation id="r-1094" type="physical" subtype="orglocationorigin">
      <relation_mention id="relm-1944" realis="true">
        <rel_arg1 entity_id="ent-219" entity_mention_id="m-213" role="org">World Bank</rel_arg1>
        <rel_arg2 entity_id="ent-1926" entity_mention_id="m-1920" role="loc">World</rel_arg2>
      </relation_mention>
    </relation>
  </relations>
  <hoppers>
    <hopper id="h-16">
      <event_mention id="em-1126" type="personnel" subtype="elect" realis="actual">
        <trigger source="ENG_NW_001278_20130226_F000135NO" offset="118" length="5">elect</trigger>
        <em_arg entity_id="ent-8" entity_mention_id="m-2010" role="person" realis="true">Cyprus president-elect</em_arg>
        <em_arg filler_id="f-2026" role="position" realis="true">president</em_arg>
        <em_arg entity_id="ent-30" entity_mention_id="m-24" role="place" realis="true">Cyprus</em_arg>
      </event_mention>
      <event_mention id="em-1154" type="personnel" subtype="elect" realis="actual">
        <trigger source="ENG_NW_001278_20130226_F000135NO" offset="224" length="5">elect</trigger>
        <em_arg entity_id="ent-8" entity_mention_id="m-2016" role="person" realis="true">Cyprus president-elect</em_arg>
        <em_arg entity_id="ent-30" entity_mention_id="m-57" role="place" realis="true">Cyprus</em_arg>
        <em_arg filler_id="f-2054" role="position" realis="true">president</em_arg>
      </event_mention>
      <event_mention id="em-1182" type="personnel" subtype="elect" realis="actual">
        <trigger source="ENG_NW_001278_20130226_F000135NO" offset="313" length="5">elect</trigger>
        <em_arg entity_id="ent-8" entity_mention_id="m-99" role="person" realis="true">Nicos Anastasiades</em_arg>
        <em_arg filler_id="f-1207" role="position" realis="true">president</em_arg>
        <em_arg entity_id="ent-30" entity_mention_id="m-93" role="place" realis="true">Cyprus</em_arg>
      </event_mention>
      <event_mention id="em-1316" type="personnel" subtype="elect" realis="actual">
        <trigger source="ENG_NW_001278_20130226_F000135NO" offset="1467" length="8">election</trigger>
        <em_arg entity_id="ent-8" entity_mention_id="m-360" role="person" realis="true">Anastasiades</em_arg>
        <em_arg filler_id="f-1341" role="position" realis="true">presidential</em_arg>
        <em_arg filler_id="f-1348" role="time" realis="true">Sunday</em_arg>
      </event_mention>
    </hopper>
    <hopper id="h-1231">
      <event_mention id="em-1210" type="contact" subtype="contact" realis="other" audience="twoway" formality="formal" medium="canttell" schedule="planned">
        <trigger source="ENG_NW_001278_20130226_F000135NO" offset="509" length="12">negotiations</trigger>
        <em_arg entity_id="ent-132" entity_mention_id="m-126" role="entity" realis="true">Michael Sarris</em_arg>
      </event_mention>
    </hopper>
    <hopper id="h-1261">
      <event_mention id="em-1233" type="transaction" subtype="transfermoney" realis="other" ways="voluntary">
        <trigger source="ENG_NW_001278_20130226_F000135NO" offset="528" length="7">bailout</trigger>
        <em_arg entity_id="ent-147" entity_mention_id="m-141" role="giver" realis="true">European Union</em_arg>
        <em_arg entity_id="ent-165" entity_mention_id="m-159" role="giver" realis="true">International Monetary Fund</em_arg>
        <em_arg entity_id="ent-30" entity_mention_id="m-168" role="recipient" realis="true">Cyprus</em_arg>
      </event_mention>
      <event_mention id="em-1351" type="transaction" subtype="transfermoney" realis="other" ways="voluntary">
        <trigger source="ENG_NW_001278_20130226_F000135NO" offset="1736" length="7">bailout</trigger>
        <em_arg entity_id="ent-441" entity_mention_id="m-435" role="giver" realis="true">international lenders</em_arg>
      </event_mention>
      <event_mention id="em-1462" type="transaction" subtype="transfermoney" realis="other" ways="voluntary">
        <trigger source="ENG_NW_001278_20130226_F000135NO" offset="1901" length="7">bailout</trigger>
        <em_arg entity_id="ent-30" entity_mention_id="m-459" role="recipient" realis="true">Cyprus</em_arg>
      </event_mention>
    </hopper>
    <hopper id="h-1291">
      <event_mention id="em-1263" type="contact" subtype="contact" realis="actual" audience="canttell" formality="formal" medium="canttell" schedule="canttell">
        <trigger source="ENG_NW_001278_20130226_F000135NO" offset="879" length="6">saying</trigger>
        <em_arg entity_id="ent-132" entity_mention_id="m-222" role="entity" realis="true">he</em_arg>
        <em_arg filler_id="f-1288" role="time" realis="true">Two years ago</em_arg>
      </event_mention>
    </hopper>
    <hopper id="h-1314">
      <event_mention id="em-1293" type="contact" subtype="contact" realis="actual" audience="twoway" formality="formal" medium="canttell" schedule="planned">
        <trigger source="ENG_NW_001278_20130226_F000135NO" offset="1151" length="10">negotiated</trigger>
        <em_arg entity_id="ent-30" entity_mention_id="m-276" role="entity" realis="true">Cyprus</em_arg>
      </event_mention>
    </hopper>
    <hopper id="h-1400">
      <event_mention id="em-1372" type="contact" subtype="contact" realis="actual" audience="twoway" formality="formal" medium="canttell" schedule="canttell">
        <trigger source="ENG_NW_001278_20130226_F000135NO" offset="1749" length="10">negotiated</trigger>
        <em_arg entity_id="ent-234" entity_mention_id="m-429" role="entity" realis="true">the outgoing government</em_arg>
        <em_arg entity_id="ent-441" entity_mention_id="m-435" role="entity" realis="true">international lenders</em_arg>
      </event_mention>
    </hopper>
    <hopper id="h-1423">
      <event_mention id="em-1402" type="transaction" subtype="transfermoney" realis="generic" ways="voluntary">
        <trigger source="ENG_NW_001278_20130226_F000135NO" offset="1806" length="7">lenders</trigger>
        <em_arg entity_id="ent-441" entity_mention_id="m-435" role="giver" realis="true">international lenders</em_arg>
      </event_mention>
    </hopper>
    <hopper id="h-1460">
      <event_mention id="em-1425" type="contact" subtype="meet" realis="actual" audience="twoway" formality="formal" medium="inperson" schedule="planned">
        <trigger source="ENG_NW_001278_20130226_F000135NO" offset="1840" length="7">meeting</trigger>
        <em_arg entity_id="ent-1941" entity_mention_id="m-444" role="entity" realis="true">Eurogroup</em_arg>
        <em_arg entity_id="ent-456" entity_mention_id="m-450" role="place" realis="true">Brussels</em_arg>
        <em_arg filler_id="f-1457" role="time" realis="true">Monday</em_arg>
      </event_mention>
    </hopper>
    <hopper id="h-1504">
      <event_mention id="em-1483" type="transaction" subtype="transfermoney" realis="other" ways="voluntary">
        <trigger source="ENG_NW_001278_20130226_F000135NO" offset="1970" length="16">recapitalization</trigger>
        <em_arg entity_id="ent-480" entity_mention_id="m-474" role="recipient" realis="true">bank</em_arg>
      </event_mention>
    </hopper>
    <hopper id="h-1534">
      <event_mention id="em-1506" type="transaction" subtype="transfermoney" realis="generic" ways="voluntary">
        <trigger source="ENG_NW_001278_20130226_F000135NO" offset="2054" length="10">depositors</trigger>
        <em_arg entity_id="ent-507" entity_mention_id="m-501" role="giver" realis="true">bank depositors</em_arg>
        <em_arg entity_id="ent-480" entity_mention_id="m-510" role="recipient" realis="true">bank</em_arg>
      </event_mention>
      <event_mention id="em-1719" type="transaction" subtype="transfermoney" realis="generic" ways="voluntary">
        <trigger source="ENG_NW_001278_20130226_F000135NO" offset="2193" length="10">depositors</trigger>
        <em_arg entity_id="ent-507" entity_mention_id="m-531" role="giver" realis="true">depositors</em_arg>
        <em_arg entity_id="ent-480" entity_mention_id="m-525" role="recipient" realis="true">the banks</em_arg>
      </event_mention>
    </hopper>
    <hopper id="h-1578">
      <event_mention id="em-1557" type="contact" subtype="broadcast" realis="actual" audience="oneway" formality="formal" medium="canttell" schedule="planned">
        <trigger source="ENG_NW_001278_20130226_F000135NO" offset="1605" length="10">Announcing</trigger>
        <em_arg entity_id="ent-8" entity_mention_id="m-417" role="entity" realis="true">Anastasiades</em_arg>
      </event_mention>
    </hopper>
    <hopper id="h-1624">
      <event_mention id="em-1691" type="transaction" subtype="transfermoney" realis="other" ways="voluntary">
        <trigger source="ENG_NW_001278_20130226_F000135NO" offset="2217" length="8">withdraw</trigger>
        <em_arg entity_id="ent-480" entity_mention_id="m-525" role="giver" realis="true">the banks</em_arg>
        <em_arg entity_id="ent-507" entity_mention_id="m-531" role="recipient" realis="true">depositors</em_arg>
      </event_mention>
    </hopper>
    <hopper id="h-1647">
      <event_mention id="em-1626" type="transaction" subtype="transfermoney" realis="other" ways="voluntary">
        <trigger source="ENG_NW_001278_20130226_F000135NO" offset="2075" length="4">loss</trigger>
        <em_arg entity_id="ent-507" entity_mention_id="m-501" role="giver" realis="true">bank depositors</em_arg>
      </event_mention>
    </hopper>
    <hopper id="h-1802">
      <event_mention id="em-1774" type="personnel" subtype="startposition" realis="other">
        <trigger source="ENG_NW_001278_20130226_F000135NO" offset="2641" length="12">takes office</trigger>
        <em_arg entity_id="ent-8" entity_mention_id="m-624" role="person" realis="true">he</em_arg>
        <em_arg filler_id="f-1799" role="time" realis="true">Friday</em_arg>
      </event_mention>
      <event_mention id="em-1841" type="personnel" subtype="startposition" realis="other">
        <trigger source="ENG_NW_001278_20130226_F000135NO" offset="2810" length="9">hand over</trigger>
        <em_arg filler_id="f-1866" role="position" realis="true">presidency</em_arg>
      </event_mention>
    </hopper>
    <hopper id="h-1839">
      <event_mention id="em-1804" type="contact" subtype="broadcast" realis="other" audience="oneway" formality="formal" medium="inperson" schedule="planned">
        <trigger source="ENG_NW_001278_20130226_F000135NO" offset="2683" length="4">oath</trigger>
        <em_arg entity_id="ent-8" entity_mention_id="m-630" role="entity" realis="true">He</em_arg>
        <em_arg entity_id="ent-642" entity_mention_id="m-636" role="audience" realis="true">parliament</em_arg>
        <em_arg filler_id="f-1836" role="time" realis="true">Thursday afternoon</em_arg>
      </event_mention>
    </hopper>
    <hopper id="h-1897">
      <event_mention id="em-1869" type="personnel" subtype="endposition" realis="other">
        <trigger source="ENG_NW_001278_20130226_F000135NO" offset="2786" length="8">outgoing</trigger>
        <em_arg entity_id="ent-651" entity_mention_id="m-645" role="person" realis="true">the outgoing president</em_arg>
        <em_arg filler_id="f-1894" role="position" realis="true">president</em_arg>
      </event_mention>
    </hopper>
    <hopper id="h-2000">
      <event_mention id="em-1603" type="contact" subtype="contact" realis="actual" audience="canttell" formality="formal" medium="canttell" schedule="canttell">
        <trigger source="ENG_NW_001278_20130226_F000135NO" offset="2111" length="9">expressed</trigger>
        <em_arg entity_id="ent-522" entity_mention_id="m-516" role="entity" realis="true">many other member states</em_arg>
      </event_mention>
    </hopper>
    <hopper id="h-2002">
      <event_mention id="em-1899" type="contact" subtype="broadcast" realis="actual" audience="oneway" formality="formal" medium="canttell" schedule="canttell">
        <trigger source="ENG_NW_001278_20130226_F000135NO" offset="2855" length="9">announced</trigger>
        <em_arg entity_id="ent-8" entity_mention_id="m-654" role="entity" realis="true">Anastasiades</em_arg>
      </event_mention>
    </hopper>
  </hoppers>
</deft_ere>
