<?xml version="1.0" encoding="UTF-8"?>
<deft_ere kit_id="5733b8b10000000000000034" doc_id="ENG_NW_001278_20130327_F00012LCF" source_type="newswire">
  <entities>
    <entity id="ent-8" type="ORG" specificity="specificIndividual">
      <entity_mention id="m-18" noun_type="NAM" source="ENG_NW_001278_20130327_F00012LCF" offset="101" length="19">
        <mention_text>Cyprus Central Bank</mention_text>
      </entity_mention>
      <entity_mention id="m-78" noun_type="NAM" source="ENG_NW_001278_20130327_F00012LCF" offset="201" length="19">
        <mention_text>Cyprus Central Bank</mention_text>
      </entity_mention>
      <entity_mention id="m-120" noun_type="NAM" source="ENG_NW_001278_20130327_F00012LCF" offset="287" length="20">
        <mention_text>Cypriot Central Bank</mention_text>
      </entity_mention>
      <entity_mention id="m-300" noun_type="NAM" source="ENG_NW_001278_20130327_F00012LCF" offset="1298" length="12">
        <mention_text>Central Bank</mention_text>
      </entity_mention>
      <entity_mention id="m-312" noun_type="NOM" source="ENG_NW_001278_20130327_F00012LCF" offset="1345" length="8">
        <mention_text>the bank</mention_text>
        <nom_head source="ENG_NW_001278_20130327_F00012LCF" offset="1349" length="4">bank</nom_head>
      </entity_mention>
      <entity_mention id="m-375" noun_type="NAM" source="ENG_NW_001278_20130327_F00012LCF" offset="1493" length="12">
        <mention_text>Central Bank</mention_text>
      </entity_mention>
      <entity_mention id="m-387" noun_type="PRO" source="ENG_NW_001278_20130327_F00012LCF" offset="1561" length="3">
        <mention_text>its</mention_text>
      </entity_mention>
      <entity_mention id="m-495" noun_type="NAM" source="ENG_NW_001278_20130327_F00012LCF" offset="1900" length="12">
        <mention_text>Central Bank</mention_text>
      </entity_mention>
      <entity_mention id="m-579" noun_type="NAM" source="ENG_NW_001278_20130327_F00012LCF" offset="2232" length="12">
        <mention_text>Central Bank</mention_text>
      </entity_mention>
      <entity_mention id="m-729" noun_type="NAM" source="ENG_NW_001278_20130327_F00012LCF" offset="3081" length="12">
        <mention_text>Central Bank</mention_text>
      </entity_mention>
      <entity_mention id="m-774" noun_type="PRO" source="ENG_NW_001278_20130327_F00012LCF" offset="3170" length="5">
        <mention_text>there</mention_text>
      </entity_mention>
    </entity>
    <entity id="ent-30" type="GPE" specificity="specificIndividual">
      <entity_mention id="m-24" noun_type="NAM" source="ENG_NW_001278_20130327_F00012LCF" offset="101" length="6">
        <mention_text>Cyprus</mention_text>
      </entity_mention>
      <entity_mention id="m-66" noun_type="NAM" source="ENG_NW_001278_20130327_F00012LCF" offset="139" length="6">
        <mention_text>Cyprus</mention_text>
      </entity_mention>
      <entity_mention id="m-84" noun_type="NAM" source="ENG_NW_001278_20130327_F00012LCF" offset="201" length="6">
        <mention_text>Cyprus</mention_text>
      </entity_mention>
      <entity_mention id="m-102" noun_type="NAM" source="ENG_NW_001278_20130327_F00012LCF" offset="239" length="6">
        <mention_text>Cyprus</mention_text>
      </entity_mention>
      <entity_mention id="m-126" noun_type="NAM" source="ENG_NW_001278_20130327_F00012LCF" offset="287" length="7">
        <mention_text>Cypriot</mention_text>
      </entity_mention>
      <entity_mention id="m-150" noun_type="NAM" source="ENG_NW_001278_20130327_F00012LCF" offset="396" length="6">
        <mention_text>Cyprus</mention_text>
      </entity_mention>
      <entity_mention id="m-162" noun_type="NAM" source="ENG_NW_001278_20130327_F00012LCF" offset="437" length="6">
        <mention_text>Cyprus</mention_text>
      </entity_mention>
      <entity_mention id="m-216" noun_type="NAM" source="ENG_NW_001278_20130327_F00012LCF" offset="556" length="6">
        <mention_text>Cyprus</mention_text>
      </entity_mention>
      <entity_mention id="m-252" noun_type="NAM" source="ENG_NW_001278_20130327_F00012LCF" offset="775" length="6">
        <mention_text>Cyprus</mention_text>
      </entity_mention>
      <entity_mention id="m-294" noun_type="NAM" source="ENG_NW_001278_20130327_F00012LCF" offset="1275" length="6">
        <mention_text>Cyprus</mention_text>
      </entity_mention>
      <entity_mention id="m-471" noun_type="NOM" source="ENG_NW_001278_20130327_F00012LCF" offset="1795" length="5">
        <mention_text>state</mention_text>
        <nom_head source="ENG_NW_001278_20130327_F00012LCF" offset="1795" length="5">state</nom_head>
      </entity_mention>
      <entity_mention id="m-723" noun_type="NAM" source="ENG_NW_001278_20130327_F00012LCF" offset="3032" length="6">
        <mention_text>Cyprus</mention_text>
      </entity_mention>
      <entity_mention id="m-1717" noun_type="NOM" source="ENG_NW_001278_20130327_F00012LCF" offset="2583" length="5">
        <mention_text>state</mention_text>
        <nom_head source="ENG_NW_001278_20130327_F00012LCF" offset="2583" length="5">state</nom_head>
      </entity_mention>
    </entity>
    <entity id="ent-33" type="ORG" specificity="specificIndividual">
      <entity_mention id="m-54" noun_type="NAM" source="ENG_NW_001278_20130327_F00012LCF" offset="131" length="14">
        <mention_text>Bank of Cyprus</mention_text>
      </entity_mention>
      <entity_mention id="m-90" noun_type="NAM" source="ENG_NW_001278_20130327_F00012LCF" offset="231" length="14">
        <mention_text>Bank of Cyprus</mention_text>
      </entity_mention>
      <entity_mention id="m-144" noun_type="NAM" source="ENG_NW_001278_20130327_F00012LCF" offset="388" length="14">
        <mention_text>Bank of Cyprus</mention_text>
      </entity_mention>
      <entity_mention id="m-156" noun_type="NAM" source="ENG_NW_001278_20130327_F00012LCF" offset="404" length="3">
        <mention_text>BoC</mention_text>
      </entity_mention>
      <entity_mention id="m-198" noun_type="NAM" source="ENG_NW_001278_20130327_F00012LCF" offset="520" length="3">
        <mention_text>BoC</mention_text>
      </entity_mention>
      <entity_mention id="m-234" noun_type="NAM" source="ENG_NW_001278_20130327_F00012LCF" offset="730" length="3">
        <mention_text>BoC</mention_text>
      </entity_mention>
      <entity_mention id="m-357" noun_type="NAM" source="ENG_NW_001278_20130327_F00012LCF" offset="1441" length="3">
        <mention_text>BoC</mention_text>
      </entity_mention>
      <entity_mention id="m-417" noun_type="NAM" source="ENG_NW_001278_20130327_F00012LCF" offset="1597" length="3">
        <mention_text>BoC</mention_text>
      </entity_mention>
      <entity_mention id="m-447" noun_type="NOM" source="ENG_NW_001278_20130327_F00012LCF" offset="1725" length="8">
        <mention_text>the Bank</mention_text>
        <nom_head source="ENG_NW_001278_20130327_F00012LCF" offset="1729" length="4">Bank</nom_head>
      </entity_mention>
      <entity_mention id="m-816" noun_type="NAM" source="ENG_NW_001278_20130327_F00012LCF" offset="3587" length="3">
        <mention_text>BoC</mention_text>
      </entity_mention>
      <entity_mention id="m-840" noun_type="NAM" source="ENG_NW_001278_20130327_F00012LCF" offset="3773" length="3">
        <mention_text>BoC</mention_text>
      </entity_mention>
      <entity_mention id="m-846" noun_type="NOM" source="ENG_NW_001278_20130327_F00012LCF" offset="3831" length="8">
        <mention_text>the bank</mention_text>
        <nom_head source="ENG_NW_001278_20130327_F00012LCF" offset="3835" length="4">bank</nom_head>
      </entity_mention>
      <entity_mention id="m-864" noun_type="NAM" source="ENG_NW_001278_20130327_F00012LCF" offset="4030" length="3">
        <mention_text>BoC</mention_text>
      </entity_mention>
      <entity_mention id="m-4169" noun_type="PRO" source="ENG_NW_001278_20130327_F00012LCF" offset="409" length="5">
        <mention_text>which</mention_text>
      </entity_mention>
    </entity>
    <entity id="ent-36" type="PER" specificity="specificGroup">
      <entity_mention id="m-60" noun_type="NOM" source="ENG_NW_001278_20130327_F00012LCF" offset="131" length="20">
        <mention_text>Bank of Cyprus board</mention_text>
        <nom_head source="ENG_NW_001278_20130327_F00012LCF" offset="146" length="5">board</nom_head>
      </entity_mention>
      <entity_mention id="m-96" noun_type="NOM" source="ENG_NW_001278_20130327_F00012LCF" offset="231" length="20">
        <mention_text>Bank of Cyprus board</mention_text>
        <nom_head source="ENG_NW_001278_20130327_F00012LCF" offset="246" length="5">board</nom_head>
      </entity_mention>
      <entity_mention id="m-132" noun_type="NOM" source="ENG_NW_001278_20130327_F00012LCF" offset="331" length="128">
        <mention_text>the entire board and the executive vice-president of the Bank of Cyprus (BoC) which is at the center of a Cyprus bailout package</mention_text>
        <nom_head source="ENG_NW_001278_20130327_F00012LCF" offset="342" length="5">board</nom_head>
      </entity_mention>
      <entity_mention id="m-240" noun_type="NOM" source="ENG_NW_001278_20130327_F00012LCF" offset="726" length="13">
        <mention_text>the BoC board</mention_text>
        <nom_head source="ENG_NW_001278_20130327_F00012LCF" offset="734" length="5">board</nom_head>
      </entity_mention>
    </entity>
    <entity id="ent-39" type="PER" specificity="specificIndividual">
      <entity_mention id="m-72" noun_type="NAM" source="ENG_NW_001278_20130327_F00012LCF" offset="172" length="12">
        <mention_text>Chen Zhanjie</mention_text>
      </entity_mention>
    </entity>
    <entity id="ent-42" type="GPE" specificity="specificIndividual">
      <entity_mention id="m-108" noun_type="NAM" source="ENG_NW_001278_20130327_F00012LCF" offset="253" length="7">
        <mention_text>NICOSIA</mention_text>
      </entity_mention>
    </entity>
    <entity id="ent-45" type="ORG" specificity="specificIndividual">
      <entity_mention id="m-114" noun_type="NAM" source="ENG_NW_001278_20130327_F00012LCF" offset="272" length="6">
        <mention_text>Xinhua</mention_text>
      </entity_mention>
    </entity>
    <entity id="ent-48" type="PER" specificity="specificIndividual">
      <entity_mention id="m-138" noun_type="NOM" source="ENG_NW_001278_20130327_F00012LCF" offset="331" length="128">
        <mention_text>the entire board and the executive vice-president of the Bank of Cyprus (BoC) which is at the center of a Cyprus bailout package</mention_text>
        <nom_head source="ENG_NW_001278_20130327_F00012LCF" offset="366" length="14">vice-president</nom_head>
      </entity_mention>
    </entity>
    <entity id="ent-51" type="ORG" specificity="specificIndividual">
      <entity_mention id="m-168" noun_type="NAM" source="ENG_NW_001278_20130327_F00012LCF" offset="499" length="9">
        <mention_text>Eurogroup</mention_text>
      </entity_mention>
    </entity>
    <entity id="ent-174" type="ORG" specificity="specificIndividual">
      <entity_mention id="m-204" noun_type="NAM" source="ENG_NW_001278_20130327_F00012LCF" offset="556" length="27">
        <mention_text>Cyprus Popular (Laiki) Bank</mention_text>
      </entity_mention>
      <entity_mention id="m-210" noun_type="NAM" source="ENG_NW_001278_20130327_F00012LCF" offset="572" length="5">
        <mention_text>Laiki</mention_text>
      </entity_mention>
      <entity_mention id="m-222" noun_type="NAM" source="ENG_NW_001278_20130327_F00012LCF" offset="672" length="5">
        <mention_text>Laiki</mention_text>
      </entity_mention>
      <entity_mention id="m-318" noun_type="NAM" source="ENG_NW_001278_20130327_F00012LCF" offset="1385" length="5">
        <mention_text>Laiki</mention_text>
      </entity_mention>
      <entity_mention id="m-804" noun_type="NAM" source="ENG_NW_001278_20130327_F00012LCF" offset="3461" length="10">
        <mention_text>Laiki Bank</mention_text>
      </entity_mention>
      <entity_mention id="m-810" noun_type="NOM" source="ENG_NW_001278_20130327_F00012LCF" offset="3473" length="25">
        <mention_text>the second largest lender</mention_text>
        <nom_head source="ENG_NW_001278_20130327_F00012LCF" offset="3492" length="6">lender</nom_head>
      </entity_mention>
      <entity_mention id="m-822" noun_type="PRO" source="ENG_NW_001278_20130327_F00012LCF" offset="3637" length="3">
        <mention_text>its</mention_text>
      </entity_mention>
      <entity_mention id="m-828" noun_type="NAM" source="ENG_NW_001278_20130327_F00012LCF" offset="3682" length="5">
        <mention_text>Laiki</mention_text>
      </entity_mention>
      <entity_mention id="m-834" noun_type="PRO" source="ENG_NW_001278_20130327_F00012LCF" offset="3709" length="3">
        <mention_text>its</mention_text>
      </entity_mention>
    </entity>
    <entity id="ent-177" type="ORG" specificity="specificIndividual">
      <entity_mention id="m-228" noun_type="NAM" source="ENG_NW_001278_20130327_F00012LCF" offset="685" length="21">
        <mention_text>European Central Bank</mention_text>
      </entity_mention>
      <entity_mention id="m-693" noun_type="NAM" source="ENG_NW_001278_20130327_F00012LCF" offset="2920" length="21">
        <mention_text>European Central Bank</mention_text>
      </entity_mention>
    </entity>
    <entity id="ent-180" type="ORG" specificity="specificGroup">
      <entity_mention id="m-246" noun_type="NOM" source="ENG_NW_001278_20130327_F00012LCF" offset="766" length="15">
        <mention_text>banks in Cyprus</mention_text>
        <nom_head source="ENG_NW_001278_20130327_F00012LCF" offset="766" length="5">banks</nom_head>
      </entity_mention>
      <entity_mention id="m-264" noun_type="NOM" source="ENG_NW_001278_20130327_F00012LCF" offset="969" length="5">
        <mention_text>banks</mention_text>
        <nom_head source="ENG_NW_001278_20130327_F00012LCF" offset="969" length="5">banks</nom_head>
      </entity_mention>
      <entity_mention id="m-525" noun_type="NOM" source="ENG_NW_001278_20130327_F00012LCF" offset="2103" length="9">
        <mention_text>the banks</mention_text>
        <nom_head source="ENG_NW_001278_20130327_F00012LCF" offset="2107" length="5">banks</nom_head>
      </entity_mention>
    </entity>
    <entity id="ent-183" type="ORG" specificity="nonspecific">
      <entity_mention id="m-258" noun_type="NOM" source="ENG_NW_001278_20130327_F00012LCF" offset="839" length="4">
        <mention_text>bank</mention_text>
        <nom_head source="ENG_NW_001278_20130327_F00012LCF" offset="839" length="4">bank</nom_head>
      </entity_mention>
      <entity_mention id="m-282" noun_type="NOM" source="ENG_NW_001278_20130327_F00012LCF" offset="1109" length="4">
        <mention_text>bank</mention_text>
        <nom_head source="ENG_NW_001278_20130327_F00012LCF" offset="1109" length="4">bank</nom_head>
      </entity_mention>
    </entity>
    <entity id="ent-186" type="PER" specificity="specificIndividual">
      <entity_mention id="m-276" noun_type="NAM" source="ENG_NW_001278_20130327_F00012LCF" offset="1075" length="14">
        <mention_text>Michael Sarris</mention_text>
      </entity_mention>
      <entity_mention id="m-288" noun_type="PRO" source="ENG_NW_001278_20130327_F00012LCF" offset="1213" length="2">
        <mention_text>He</mention_text>
      </entity_mention>
      <entity_mention id="m-675" noun_type="NOM" source="ENG_NW_001278_20130327_F00012LCF" offset="2788" length="23">
        <mention_text>the minister of finance</mention_text>
        <nom_head source="ENG_NW_001278_20130327_F00012LCF" offset="2792" length="8">minister</nom_head>
      </entity_mention>
      <entity_mention id="m-852" noun_type="NOM" source="ENG_NW_001278_20130327_F00012LCF" offset="3841" length="20">
        <mention_text>The finance minister</mention_text>
        <nom_head source="ENG_NW_001278_20130327_F00012LCF" offset="3853" length="8">minister</nom_head>
      </entity_mention>
    </entity>
    <entity id="ent-189" type="PER" specificity="specificIndividual">
      <entity_mention id="m-306" noun_type="NOM" source="ENG_NW_001278_20130327_F00012LCF" offset="1325" length="28">
        <mention_text>an administrator at the bank</mention_text>
        <nom_head source="ENG_NW_001278_20130327_F00012LCF" offset="1328" length="13">administrator</nom_head>
      </entity_mention>
      <entity_mention id="m-441" noun_type="NOM" source="ENG_NW_001278_20130327_F00012LCF" offset="1705" length="28">
        <mention_text>an administrator at the Bank</mention_text>
        <nom_head source="ENG_NW_001278_20130327_F00012LCF" offset="1708" length="13">administrator</nom_head>
      </entity_mention>
    </entity>
    <entity id="ent-192" type="PER" specificity="specificGroup">
      <entity_mention id="m-324" noun_type="NOM" source="ENG_NW_001278_20130327_F00012LCF" offset="1425" length="29">
        <mention_text>several hundred BoC employees</mention_text>
        <nom_head source="ENG_NW_001278_20130327_F00012LCF" offset="1445" length="9">employees</nom_head>
      </entity_mention>
      <entity_mention id="m-369" noun_type="PRO" source="ENG_NW_001278_20130327_F00012LCF" offset="1467" length="4">
        <mention_text>They</mention_text>
      </entity_mention>
    </entity>
    <entity id="ent-195" type="PER" specificity="specificGroup">
      <entity_mention id="m-363" noun_type="NOM" source="ENG_NW_001278_20130327_F00012LCF" offset="1441" length="13">
        <mention_text>BoC employees</mention_text>
        <nom_head source="ENG_NW_001278_20130327_F00012LCF" offset="1445" length="9">employees</nom_head>
      </entity_mention>
    </entity>
    <entity id="ent-330" type="FAC" specificity="specificIndividual">
      <entity_mention id="m-381" noun_type="NOM" source="ENG_NW_001278_20130327_F00012LCF" offset="1489" length="29">
        <mention_text>the Central Bank headquarters</mention_text>
        <nom_head source="ENG_NW_001278_20130327_F00012LCF" offset="1506" length="12">headquarters</nom_head>
      </entity_mention>
    </entity>
    <entity id="ent-333" type="PER" specificity="specificIndividual">
      <entity_mention id="m-393" noun_type="NOM" source="ENG_NW_001278_20130327_F00012LCF" offset="1561" length="12">
        <mention_text>its governor</mention_text>
        <nom_head source="ENG_NW_001278_20130327_F00012LCF" offset="1565" length="8">governor</nom_head>
      </entity_mention>
      <entity_mention id="m-399" noun_type="NAM" source="ENG_NW_001278_20130327_F00012LCF" offset="1575" length="19">
        <mention_text>Panicos Demetriades</mention_text>
      </entity_mention>
      <entity_mention id="m-489" noun_type="NOM" source="ENG_NW_001278_20130327_F00012LCF" offset="1896" length="25">
        <mention_text>the Central Bank governor</mention_text>
        <nom_head source="ENG_NW_001278_20130327_F00012LCF" offset="1913" length="8">governor</nom_head>
      </entity_mention>
      <entity_mention id="m-507" noun_type="PRO" source="ENG_NW_001278_20130327_F00012LCF" offset="1971" length="2">
        <mention_text>he</mention_text>
      </entity_mention>
      <entity_mention id="m-513" noun_type="NAM" source="ENG_NW_001278_20130327_F00012LCF" offset="2000" length="11">
        <mention_text>Demetriades</mention_text>
      </entity_mention>
      <entity_mention id="m-519" noun_type="PRO" source="ENG_NW_001278_20130327_F00012LCF" offset="2071" length="2">
        <mention_text>he</mention_text>
      </entity_mention>
      <entity_mention id="m-573" noun_type="NOM" source="ENG_NW_001278_20130327_F00012LCF" offset="2212" length="32">
        <mention_text>the governor of the Central Bank</mention_text>
        <nom_head source="ENG_NW_001278_20130327_F00012LCF" offset="2216" length="8">governor</nom_head>
      </entity_mention>
      <entity_mention id="m-591" noun_type="PRO" source="ENG_NW_001278_20130327_F00012LCF" offset="2366" length="3">
        <mention_text>his</mention_text>
      </entity_mention>
      <entity_mention id="m-603" noun_type="PRO" source="ENG_NW_001278_20130327_F00012LCF" offset="2468" length="3">
        <mention_text>him</mention_text>
      </entity_mention>
      <entity_mention id="m-609" noun_type="PRO" source="ENG_NW_001278_20130327_F00012LCF" offset="2481" length="3">
        <mention_text>his</mention_text>
      </entity_mention>
      <entity_mention id="m-615" noun_type="NAM" source="ENG_NW_001278_20130327_F00012LCF" offset="2504" length="11">
        <mention_text>Demetriades</mention_text>
      </entity_mention>
      <entity_mention id="m-621" noun_type="PRO" source="ENG_NW_001278_20130327_F00012LCF" offset="2517" length="3">
        <mention_text>who</mention_text>
      </entity_mention>
      <entity_mention id="m-639" noun_type="PRO" source="ENG_NW_001278_20130327_F00012LCF" offset="2624" length="2">
        <mention_text>he</mention_text>
      </entity_mention>
      <entity_mention id="m-645" noun_type="PRO" source="ENG_NW_001278_20130327_F00012LCF" offset="2650" length="3">
        <mention_text>his</mention_text>
      </entity_mention>
      <entity_mention id="m-651" noun_type="PRO" source="ENG_NW_001278_20130327_F00012LCF" offset="2666" length="2">
        <mention_text>he</mention_text>
      </entity_mention>
      <entity_mention id="m-657" noun_type="PRO" source="ENG_NW_001278_20130327_F00012LCF" offset="2716" length="3">
        <mention_text>his</mention_text>
      </entity_mention>
      <entity_mention id="m-663" noun_type="NAM" source="ENG_NW_001278_20130327_F00012LCF" offset="2729" length="11">
        <mention_text>Demetriades</mention_text>
      </entity_mention>
      <entity_mention id="m-681" noun_type="PRO" source="ENG_NW_001278_20130327_F00012LCF" offset="2854" length="2">
        <mention_text>he</mention_text>
      </entity_mention>
      <entity_mention id="m-687" noun_type="PRO" source="ENG_NW_001278_20130327_F00012LCF" offset="2890" length="1">
        <mention_text>I</mention_text>
      </entity_mention>
      <entity_mention id="m-699" noun_type="NAM" source="ENG_NW_001278_20130327_F00012LCF" offset="2949" length="11">
        <mention_text>Demetriades</mention_text>
      </entity_mention>
      <entity_mention id="m-711" noun_type="PRO" source="ENG_NW_001278_20130327_F00012LCF" offset="3003" length="2">
        <mention_text>he</mention_text>
      </entity_mention>
      <entity_mention id="m-3707" noun_type="NOM" source="ENG_NW_001278_20130327_F00012LCF" offset="2581" length="15">
        <mention_text>a state officer</mention_text>
        <nom_head source="ENG_NW_001278_20130327_F00012LCF" offset="2589" length="7">officer</nom_head>
      </entity_mention>
    </entity>
    <entity id="ent-336" type="PER" specificity="specificIndividual">
      <entity_mention id="m-411" noun_type="NAM" source="ENG_NW_001278_20130327_F00012LCF" offset="1617" length="15">
        <mention_text>Andreas Artemis</mention_text>
      </entity_mention>
    </entity>
    <entity id="ent-339" type="PER" specificity="specificGroup">
      <entity_mention id="m-429" noun_type="NOM" source="ENG_NW_001278_20130327_F00012LCF" offset="1637" length="25">
        <mention_text>four members of the Board</mention_text>
        <nom_head source="ENG_NW_001278_20130327_F00012LCF" offset="1642" length="7">members</nom_head>
      </entity_mention>
    </entity>
    <entity id="ent-342" type="PER" specificity="specificGroup">
      <entity_mention id="m-465" noun_type="PRO" source="ENG_NW_001278_20130327_F00012LCF" offset="1739" length="5">
        <mention_text>their</mention_text>
      </entity_mention>
    </entity>
    <entity id="ent-345" type="ORG" specificity="specificIndividual">
      <entity_mention id="m-459" noun_type="NOM" source="ENG_NW_001278_20130327_F00012LCF" offset="1791" length="21">
        <mention_text>The state broadcaster</mention_text>
        <nom_head source="ENG_NW_001278_20130327_F00012LCF" offset="1801" length="11">broadcaster</nom_head>
      </entity_mention>
    </entity>
    <entity id="ent-348" type="PER" specificity="specificGroup">
      <entity_mention id="m-477" noun_type="NOM" source="ENG_NW_001278_20130327_F00012LCF" offset="1820" length="16">
        <mention_text>informed sources</mention_text>
        <nom_head source="ENG_NW_001278_20130327_F00012LCF" offset="1829" length="7">sources</nom_head>
      </entity_mention>
    </entity>
    <entity id="ent-351" type="ORG" specificity="specificIndividual">
      <entity_mention id="m-483" noun_type="NOM" source="ENG_NW_001278_20130327_F00012LCF" offset="1877" length="14">
        <mention_text>the government</mention_text>
        <nom_head source="ENG_NW_001278_20130327_F00012LCF" offset="1881" length="10">government</nom_head>
      </entity_mention>
      <entity_mention id="m-501" noun_type="NOM" source="ENG_NW_001278_20130327_F00012LCF" offset="1928" length="14">
        <mention_text>the government</mention_text>
        <nom_head source="ENG_NW_001278_20130327_F00012LCF" offset="1932" length="10">government</nom_head>
      </entity_mention>
    </entity>
    <entity id="ent-354" type="ORG" specificity="specificIndividual">
      <entity_mention id="m-531" noun_type="NOM" source="ENG_NW_001278_20130327_F00012LCF" offset="2115" length="17">
        <mention_text>Leading newspaper</mention_text>
        <nom_head source="ENG_NW_001278_20130327_F00012LCF" offset="2123" length="9">newspaper</nom_head>
      </entity_mention>
      <entity_mention id="m-555" noun_type="NAM" source="ENG_NW_001278_20130327_F00012LCF" offset="2133" length="14">
        <mention_text>Phileleftheros</mention_text>
      </entity_mention>
      <entity_mention id="m-567" noun_type="PRO" source="ENG_NW_001278_20130327_F00012LCF" offset="2192" length="3">
        <mention_text>its</mention_text>
      </entity_mention>
      <entity_mention id="m-585" noun_type="PRO" source="ENG_NW_001278_20130327_F00012LCF" offset="2352" length="2">
        <mention_text>It</mention_text>
      </entity_mention>
    </entity>
    <entity id="ent-537" type="PER" specificity="specificIndividual">
      <entity_mention id="m-597" noun_type="NAM" source="ENG_NW_001278_20130327_F00012LCF" offset="2399" length="18">
        <mention_text>Nicos Anastasiades</mention_text>
      </entity_mention>
    </entity>
    <entity id="ent-540" type="PER" specificity="specificIndividual">
      <entity_mention id="m-627" noun_type="NOM" source="ENG_NW_001278_20130327_F00012LCF" offset="2538" length="22">
        <mention_text>the previous president</mention_text>
        <nom_head source="ENG_NW_001278_20130327_F00012LCF" offset="2551" length="9">president</nom_head>
      </entity_mention>
    </entity>
    <entity id="ent-543" type="PER" specificity="specificGroup">
      <entity_mention id="m-669" noun_type="NOM" source="ENG_NW_001278_20130327_F00012LCF" offset="2746" length="11">
        <mention_text>journalists</mention_text>
        <nom_head source="ENG_NW_001278_20130327_F00012LCF" offset="2746" length="11">journalists</nom_head>
      </entity_mention>
    </entity>
    <entity id="ent-546" type="PER" specificity="specificIndividual">
      <entity_mention id="m-705" noun_type="NOM" source="ENG_NW_001278_20130327_F00012LCF" offset="2976" length="12">
        <mention_text>a journalist</mention_text>
        <nom_head source="ENG_NW_001278_20130327_F00012LCF" offset="2978" length="10">journalist</nom_head>
      </entity_mention>
    </entity>
    <entity id="ent-549" type="ORG" specificity="specificGroup">
      <entity_mention id="m-717" noun_type="NOM" source="ENG_NW_001278_20130327_F00012LCF" offset="3032" length="12">
        <mention_text>Cyprus media</mention_text>
        <nom_head source="ENG_NW_001278_20130327_F00012LCF" offset="3039" length="5">media</nom_head>
      </entity_mention>
    </entity>
    <entity id="ent-552" type="PER" specificity="specificGroup">
      <entity_mention id="m-735" noun_type="NOM" source="ENG_NW_001278_20130327_F00012LCF" offset="3123" length="52">
        <mention_text>a team of troika technocrats who set up office there</mention_text>
        <nom_head source="ENG_NW_001278_20130327_F00012LCF" offset="3125" length="4">team</nom_head>
      </entity_mention>
    </entity>
    <entity id="ent-741" type="ORG" specificity="specificGroup">
      <entity_mention id="m-756" noun_type="NAM" source="ENG_NW_001278_20130327_F00012LCF" offset="3133" length="6">
        <mention_text>troika</mention_text>
      </entity_mention>
    </entity>
    <entity id="ent-744" type="PER" specificity="specificGroup">
      <entity_mention id="m-762" noun_type="NOM" source="ENG_NW_001278_20130327_F00012LCF" offset="3133" length="18">
        <mention_text>troika technocrats</mention_text>
        <nom_head source="ENG_NW_001278_20130327_F00012LCF" offset="3140" length="11">technocrats</nom_head>
      </entity_mention>
    </entity>
    <entity id="ent-750" type="PER" specificity="specificGroup">
      <entity_mention id="m-858" noun_type="NOM" source="ENG_NW_001278_20130327_F00012LCF" offset="3964" length="24">
        <mention_text>Owners of large deposits</mention_text>
        <nom_head source="ENG_NW_001278_20130327_F00012LCF" offset="3964" length="6">Owners</nom_head>
      </entity_mention>
    </entity>
    <entity id="ent-753" type="ORG" specificity="specificIndividual">
      <entity_mention id="m-780" noun_type="NAM" source="ENG_NW_001278_20130327_F00012LCF" offset="3228" length="9">
        <mention_text>Eurogroup</mention_text>
      </entity_mention>
    </entity>
    <entity id="ent-786" type="ORG" specificity="nonspecific">
      <entity_mention id="m-3137" noun_type="NOM" source="ENG_NW_001278_20130327_F00012LCF" offset="2761" length="5">
        <mention_text>press</mention_text>
        <nom_head source="ENG_NW_001278_20130327_F00012LCF" offset="2761" length="5">press</nom_head>
      </entity_mention>
    </entity>
    <entity id="ent-792" type="GPE" specificity="specificIndividual">
      <entity_mention id="m-3695" noun_type="NAM" source="ENG_NW_001278_20130327_F00012LCF" offset="685" length="8">
        <mention_text>European</mention_text>
      </entity_mention>
      <entity_mention id="m-3713" noun_type="NAM" source="ENG_NW_001278_20130327_F00012LCF" offset="2920" length="8">
        <mention_text>European</mention_text>
      </entity_mention>
    </entity>
    <entity id="ent-795" type="ORG" specificity="specificIndividual">
      <entity_mention id="m-4175" noun_type="NOM" source="ENG_NW_001278_20130327_F00012LCF" offset="539" length="44">
        <mention_text>the good part of Cyprus Popular (Laiki) Bank</mention_text>
        <nom_head source="ENG_NW_001278_20130327_F00012LCF" offset="548" length="4">part</nom_head>
      </entity_mention>
    </entity>
    <entity id="ent-798" type="ORG" specificity="specificIndividual">
      <entity_mention id="m-423" noun_type="NOM" source="ENG_NW_001278_20130327_F00012LCF" offset="1597" length="9">
        <mention_text>BoC Board</mention_text>
        <nom_head source="ENG_NW_001278_20130327_F00012LCF" offset="1601" length="5">Board</nom_head>
      </entity_mention>
      <entity_mention id="m-435" noun_type="NOM" source="ENG_NW_001278_20130327_F00012LCF" offset="1653" length="9">
        <mention_text>the Board</mention_text>
        <nom_head source="ENG_NW_001278_20130327_F00012LCF" offset="1657" length="5">Board</nom_head>
      </entity_mention>
      <entity_mention id="m-1551" noun_type="NOM" source="ENG_NW_001278_20130327_F00012LCF" offset="1779" length="9">
        <mention_text>the Board</mention_text>
        <nom_head source="ENG_NW_001278_20130327_F00012LCF" offset="1783" length="5">Board</nom_head>
      </entity_mention>
    </entity>
  </entities>
  <fillers>
    <filler id="f-1289" source="ENG_NW_001278_20130327_F00012LCF" offset="356" length="24" type="title">executive vice-president</filler>
    <filler id="f-1329" source="ENG_NW_001278_20130327_F00012LCF" offset="1058" length="16" type="title">Finance Minister</filler>
    <filler id="f-1429" source="ENG_NW_001278_20130327_F00012LCF" offset="1565" length="8" type="title">governor</filler>
    <filler id="f-1489" source="ENG_NW_001278_20130327_F00012LCF" offset="1607" length="9" type="title">president</filler>
    <filler id="f-1575" source="ENG_NW_001278_20130327_F00012LCF" offset="1708" length="13" type="title">administrator</filler>
    <filler id="f-1665" source="ENG_NW_001278_20130327_F00012LCF" offset="1913" length="8" type="title">governor</filler>
    <filler id="f-1705" source="ENG_NW_001278_20130327_F00012LCF" offset="2389" length="9" type="title">President</filler>
    <filler id="f-1761" source="ENG_NW_001278_20130327_F00012LCF" offset="2792" length="19" type="title">minister of finance</filler>
    <filler id="f-1871" source="ENG_NW_001278_20130327_F00012LCF" offset="3845" length="16" type="title">finance minister</filler>
    <filler id="f-3777" source="ENG_NW_001278_20130327_F00012LCF" offset="1328" length="13" type="title">administrator</filler>
    <filler id="f-3837" source="ENG_NW_001278_20130327_F00012LCF" offset="2216" length="8" type="title">governor</filler>
    <filler id="f-3847" source="ENG_NW_001278_20130327_F00012LCF" offset="2551" length="9" type="title">president</filler>
    <filler id="f-3857" source="ENG_NW_001278_20130327_F00012LCF" offset="2589" length="7" type="title">officer</filler>
    <filler id="f-1065" source="ENG_NW_001278_20130327_F00012LCF" offset="311" length="9" type="time" nom_time="2013-03-27">Wednesday</filler>
    <filler id="f-1107" source="ENG_NW_001278_20130327_F00012LCF" offset="356" length="24" type="title">executive vice-president</filler>
    <filler id="f-1114" source="ENG_NW_001278_20130327_F00012LCF" offset="311" length="9" type="time" nom_time="2013-03-27">Wednesday</filler>
    <filler id="f-2013" source="ENG_NW_001278_20130327_F00012LCF" offset="750" length="66" type="time" nom_time="2013-03-27">24 hours before banks in Cyprus are expected to reopen on Thursday</filler>
    <filler id="f-2041" source="ENG_NW_001278_20130327_F00012LCF" offset="808" length="8" type="time" nom_time="2013-03-28">Thursday</filler>
    <filler id="f-2084" source="ENG_NW_001278_20130327_F00012LCF" offset="1037" length="18" type="time" nom_time="2013-03-27">the end of the day</filler>
    <filler id="f-2274" source="ENG_NW_001278_20130327_F00012LCF" offset="1328" length="13" type="title">administrator</filler>
    <filler id="f-2372" source="ENG_NW_001278_20130327_F00012LCF" offset="1458" length="7" type="time" nom_time="2013-03-26">Tuesday</filler>
    <filler id="f-2421" source="ENG_NW_001278_20130327_F00012LCF" offset="1565" length="8" type="title">governor</filler>
    <filler id="f-2435" source="ENG_NW_001278_20130327_F00012LCF" offset="1458" length="7" type="time" nom_time="2013-03-26">Tuesday</filler>
    <filler id="f-2477" source="ENG_NW_001278_20130327_F00012LCF" offset="1458" length="7" type="time" nom_time="2013-03-26">Tuesday</filler>
    <filler id="f-2533" source="ENG_NW_001278_20130327_F00012LCF" offset="1601" length="15" type="title">Board president</filler>
    <filler id="f-2568" source="ENG_NW_001278_20130327_F00012LCF" offset="1708" length="13" type="title">administrator</filler>
    <filler id="f-3014" source="ENG_NW_001278_20130327_F00012LCF" offset="2490" length="11" type="time" nom_time="2013-03-27">immediately</filler>
    <filler id="f-3056" source="ENG_NW_001278_20130327_F00012LCF" offset="2566" length="10" type="time" nom_time="2012-XX-XX">a year ago</filler>
    <filler id="f-3992" source="ENG_NW_001278_20130327_F00012LCF" offset="2589" length="7" type="title">officer</filler>
    <filler id="f-3091" source="ENG_NW_001278_20130327_F00012LCF" offset="2589" length="7" type="title">officer</filler>
    <filler id="f-3385" source="ENG_NW_001278_20130327_F00012LCF" offset="3260" length="16" type="money">10 billion euros</filler>
    <filler id="f-3547" source="ENG_NW_001278_20130327_F00012LCF" offset="3603" length="42" type="commodity">some other assets but also all of its debt</filler>
    <filler id="f-3583" source="ENG_NW_001278_20130327_F00012LCF" offset="3648" length="30" type="money">Deposits of over 100,000 euros</filler>
    <filler id="f-3692" source="ENG_NW_001278_20130327_F00012LCF" offset="4030" length="10" type="commodity">BoC equity</filler>
    <filler id="f-4027" source="ENG_NW_001278_20130327_F00012LCF" offset="2566" length="10" type="time" nom_time="2012-xx-xx">a year ago</filler>
    <filler id="f-4055" source="ENG_NW_001278_20130327_F00012LCF" offset="2551" length="9" type="title">president</filler>
    <filler id="f-4140" source="ENG_NW_001278_20130327_F00012LCF" offset="3894" length="15" type="money">9 billion euros</filler>
  </fillers>
  <relations>
    <relation id="r-995" type="partwhole" subtype="subsidiary">
      <relation_mention id="relm-870" realis="true">
        <rel_arg1 entity_id="ent-8" entity_mention_id="m-18" role="suborg">Cyprus Central Bank</rel_arg1>
        <rel_arg2 entity_id="ent-30" entity_mention_id="m-24" role="parent">Cyprus</rel_arg2>
      </relation_mention>
      <relation_mention id="relm-880" realis="true">
        <rel_arg1 entity_id="ent-8" entity_mention_id="m-78" role="suborg">Cyprus Central Bank</rel_arg1>
        <rel_arg2 entity_id="ent-30" entity_mention_id="m-84" role="parent">Cyprus</rel_arg2>
      </relation_mention>
      <relation_mention id="relm-3739" realis="true">
        <rel_arg1 entity_id="ent-8" entity_mention_id="m-120" role="suborg">Cypriot Central Bank</rel_arg1>
        <rel_arg2 entity_id="ent-30" entity_mention_id="m-126" role="parent">Cypriot</rel_arg2>
        <trigger source="ENG_NW_001278_20130327_F00012LCF" offset="287" length="7">Cypriot</trigger>
      </relation_mention>
    </relation>
    <relation id="r-996" type="partwhole" subtype="subsidiary">
      <relation_mention id="relm-890" realis="true">
        <rel_arg1 entity_id="ent-33" entity_mention_id="m-54" role="suborg">Bank of Cyprus</rel_arg1>
        <rel_arg2 entity_id="ent-30" entity_mention_id="m-66" role="parent">Cyprus</rel_arg2>
        <trigger source="ENG_NW_001278_20130327_F00012LCF" offset="136" length="2">of</trigger>
      </relation_mention>
      <relation_mention id="relm-910" realis="true">
        <rel_arg1 entity_id="ent-33" entity_mention_id="m-90" role="suborg">Bank of Cyprus</rel_arg1>
        <rel_arg2 entity_id="ent-30" entity_mention_id="m-102" role="parent">Cyprus</rel_arg2>
        <trigger source="ENG_NW_001278_20130327_F00012LCF" offset="236" length="2">of</trigger>
      </relation_mention>
      <relation_mention id="relm-930" realis="true">
        <rel_arg1 entity_id="ent-33" entity_mention_id="m-144" role="suborg">Bank of Cyprus</rel_arg1>
        <rel_arg2 entity_id="ent-30" entity_mention_id="m-150" role="parent">Cyprus</rel_arg2>
        <trigger source="ENG_NW_001278_20130327_F00012LCF" offset="393" length="2">of</trigger>
      </relation_mention>
    </relation>
    <relation id="r-997" type="orgaffiliation" subtype="leadership">
      <relation_mention id="relm-950" realis="true">
        <rel_arg1 entity_id="ent-36" entity_mention_id="m-60" role="leader">Bank of Cyprus board</rel_arg1>
        <rel_arg2 entity_id="ent-33" entity_mention_id="m-90" role="entity">Bank of Cyprus</rel_arg2>
      </relation_mention>
      <relation_mention id="relm-1261" realis="true">
        <rel_arg1 entity_id="ent-36" entity_mention_id="m-132" role="leader">the entire board and the executive vice-president of the Bank of Cyprus (BoC) which is at the center of a Cyprus bailout package</rel_arg1>
        <rel_arg2 entity_id="ent-33" entity_mention_id="m-144" role="entity">Bank of Cyprus</rel_arg2>
        <trigger source="ENG_NW_001278_20130327_F00012LCF" offset="381" length="2">of</trigger>
      </relation_mention>
      <relation_mention id="relm-1301" realis="true">
        <rel_arg1 entity_id="ent-36" entity_mention_id="m-240" role="leader">the BoC board</rel_arg1>
        <rel_arg2 entity_id="ent-33" entity_mention_id="m-234" role="entity">BoC</rel_arg2>
        <trigger source="ENG_NW_001278_20130327_F00012LCF" offset="734" length="5">board</trigger>
      </relation_mention>
      <relation_mention id="relm-3719" realis="true">
        <rel_arg1 entity_id="ent-36" entity_mention_id="m-60" role="leader">Bank of Cyprus board</rel_arg1>
        <rel_arg2 entity_id="ent-33" entity_mention_id="m-54" role="entity">Bank of Cyprus</rel_arg2>
        <trigger source="ENG_NW_001278_20130327_F00012LCF" offset="146" length="5">board</trigger>
      </relation_mention>
      <relation_mention id="relm-3729" realis="true">
        <rel_arg1 entity_id="ent-36" entity_mention_id="m-96" role="leader">Bank of Cyprus board</rel_arg1>
        <rel_arg2 entity_id="ent-33" entity_mention_id="m-90" role="entity">Bank of Cyprus</rel_arg2>
        <trigger source="ENG_NW_001278_20130327_F00012LCF" offset="246" length="5">board</trigger>
      </relation_mention>
    </relation>
    <relation id="r-998" type="partwhole" subtype="subsidiary">
      <relation_mention id="relm-1231" realis="true">
        <rel_arg1 entity_id="ent-33" entity_mention_id="m-54" role="suborg">Bank of Cyprus</rel_arg1>
        <rel_arg2 entity_id="ent-8" entity_mention_id="m-18" role="parent">Cyprus Central Bank</rel_arg2>
      </relation_mention>
      <relation_mention id="relm-1241" realis="true">
        <rel_arg1 entity_id="ent-33" entity_mention_id="m-90" role="suborg">Bank of Cyprus</rel_arg1>
        <rel_arg2 entity_id="ent-8" entity_mention_id="m-78" role="parent">Cyprus Central Bank</rel_arg2>
      </relation_mention>
      <relation_mention id="relm-1251" realis="true">
        <rel_arg1 entity_id="ent-33" entity_mention_id="m-144" role="suborg">Bank of Cyprus</rel_arg1>
        <rel_arg2 entity_id="ent-8" entity_mention_id="m-78" role="parent">Cyprus Central Bank</rel_arg2>
      </relation_mention>
    </relation>
    <relation id="r-999" type="orgaffiliation" subtype="leadership">
      <relation_mention id="relm-1271" realis="true">
        <rel_arg1 entity_id="ent-48" entity_mention_id="m-138" role="leader">the entire board and the executive vice-president of the Bank of Cyprus (BoC) which is at the center of a Cyprus bailout package</rel_arg1>
        <rel_arg2 entity_id="ent-33" entity_mention_id="m-144" role="entity">Bank of Cyprus</rel_arg2>
        <trigger source="ENG_NW_001278_20130327_F00012LCF" offset="381" length="2">of</trigger>
      </relation_mention>
    </relation>
    <relation id="r-1000" type="personalsocial" subtype="role">
      <relation_mention id="relm-1281" realis="true">
        <rel_arg1 entity_id="ent-48" entity_mention_id="m-138" role="per">the entire board and the executive vice-president of the Bank of Cyprus (BoC) which is at the center of a Cyprus bailout package</rel_arg1>
        <rel_arg2 filler_id="f-1289" role="role">executive vice-president</rel_arg2>
      </relation_mention>
    </relation>
    <relation id="r-1001" type="partwhole" subtype="subsidiary">
      <relation_mention id="relm-1291" realis="false">
        <rel_arg1 entity_id="ent-174" entity_mention_id="m-204" role="suborg">Cyprus Popular (Laiki) Bank</rel_arg1>
        <rel_arg2 entity_id="ent-33" entity_mention_id="m-198" role="parent">BoC</rel_arg2>
        <trigger source="ENG_NW_001278_20130327_F00012LCF" offset="529" length="9">take over</trigger>
      </relation_mention>
      <relation_mention id="relm-1853" realis="false">
        <rel_arg1 entity_id="ent-174" entity_mention_id="m-810" role="suborg">the second largest lender</rel_arg1>
        <rel_arg2 entity_id="ent-33" entity_mention_id="m-816" role="parent">BoC</rel_arg2>
      </relation_mention>
    </relation>
    <relation id="r-1002" type="physical" subtype="orglocationorigin">
      <relation_mention id="relm-1311" realis="true">
        <rel_arg1 entity_id="ent-180" entity_mention_id="m-246" role="org">banks in Cyprus</rel_arg1>
        <rel_arg2 entity_id="ent-30" entity_mention_id="m-252" role="loc">Cyprus</rel_arg2>
        <trigger source="ENG_NW_001278_20130327_F00012LCF" offset="772" length="2">in</trigger>
      </relation_mention>
    </relation>
    <relation id="r-1003" type="personalsocial" subtype="role">
      <relation_mention id="relm-1321" realis="true">
        <rel_arg1 entity_id="ent-186" entity_mention_id="m-276" role="per">Michael Sarris</rel_arg1>
        <rel_arg2 filler_id="f-1329" role="role">Finance Minister</rel_arg2>
      </relation_mention>
      <relation_mention id="relm-1753" realis="true">
        <rel_arg1 entity_id="ent-186" entity_mention_id="m-675" role="per">the minister of finance</rel_arg1>
        <rel_arg2 filler_id="f-1761" role="role">minister of finance</rel_arg2>
      </relation_mention>
      <relation_mention id="relm-1863" realis="true">
        <rel_arg1 entity_id="ent-186" entity_mention_id="m-852" role="per">The finance minister</rel_arg1>
        <rel_arg2 filler_id="f-1871" role="role">finance minister</rel_arg2>
      </relation_mention>
    </relation>
    <relation id="r-1004" type="orgaffiliation" subtype="employmentmembership">
      <relation_mention id="relm-1331" realis="true">
        <rel_arg1 entity_id="ent-186" entity_mention_id="m-288" role="employeemember">He</rel_arg1>
        <rel_arg2 entity_id="ent-30" entity_mention_id="m-294" role="org">Cyprus</rel_arg2>
      </relation_mention>
    </relation>
    <relation id="r-1005" type="orgaffiliation" subtype="employmentmembership">
      <relation_mention id="relm-1361" realis="true">
        <rel_arg1 entity_id="ent-189" entity_mention_id="m-306" role="employeemember">an administrator at the bank</rel_arg1>
        <rel_arg2 entity_id="ent-8" entity_mention_id="m-312" role="org">the bank</rel_arg2>
        <trigger source="ENG_NW_001278_20130327_F00012LCF" offset="1342" length="2">at</trigger>
      </relation_mention>
    </relation>
    <relation id="r-1006" type="partwhole" subtype="subsidiary">
      <relation_mention id="relm-1371" realis="false">
        <rel_arg1 entity_id="ent-174" entity_mention_id="m-318" role="suborg">Laiki</rel_arg1>
        <rel_arg2 entity_id="ent-8" entity_mention_id="m-300" role="parent">Central Bank</rel_arg2>
        <trigger source="ENG_NW_001278_20130327_F00012LCF" offset="1373" length="6">merger</trigger>
      </relation_mention>
    </relation>
    <relation id="r-1007" type="physical" subtype="locatednear">
      <relation_mention id="relm-1401" realis="true">
        <rel_arg1 entity_id="ent-192" entity_mention_id="m-369" role="entity">They</rel_arg1>
        <rel_arg2 entity_id="ent-330" entity_mention_id="m-381" role="loc">the Central Bank headquarters</rel_arg2>
        <trigger source="ENG_NW_001278_20130327_F00012LCF" offset="1481" length="7">outside</trigger>
      </relation_mention>
    </relation>
    <relation id="r-1008" type="personalsocial" subtype="role">
      <relation_mention id="relm-1421" realis="true">
        <rel_arg1 entity_id="ent-333" entity_mention_id="m-393" role="per">its governor</rel_arg1>
        <rel_arg2 filler_id="f-1429" role="role">governor</rel_arg2>
      </relation_mention>
      <relation_mention id="relm-1657" realis="true">
        <rel_arg1 entity_id="ent-333" entity_mention_id="m-489" role="per">the Central Bank governor</rel_arg1>
        <rel_arg2 filler_id="f-1665" role="role">governor</rel_arg2>
      </relation_mention>
      <relation_mention id="relm-3829" realis="true">
        <rel_arg1 entity_id="ent-333" entity_mention_id="m-573" role="per">the governor of the Central Bank</rel_arg1>
        <rel_arg2 filler_id="f-3837" role="role">governor</rel_arg2>
      </relation_mention>
      <relation_mention id="relm-3849" realis="true">
        <rel_arg1 entity_id="ent-333" entity_mention_id="m-3707" role="per">a state officer</rel_arg1>
        <rel_arg2 filler_id="f-3857" role="role">officer</rel_arg2>
      </relation_mention>
    </relation>
    <relation id="r-1009" type="orgaffiliation" subtype="leadership">
      <relation_mention id="relm-1431" realis="true">
        <rel_arg1 entity_id="ent-333" entity_mention_id="m-393" role="leader">its governor</rel_arg1>
        <rel_arg2 entity_id="ent-8" entity_mention_id="m-387" role="entity">its</rel_arg2>
        <trigger source="ENG_NW_001278_20130327_F00012LCF" offset="1561" length="3">its</trigger>
      </relation_mention>
      <relation_mention id="relm-1677" realis="true">
        <rel_arg1 entity_id="ent-333" entity_mention_id="m-573" role="leader">the governor of the Central Bank</rel_arg1>
        <rel_arg2 entity_id="ent-8" entity_mention_id="m-579" role="entity">Central Bank</rel_arg2>
        <trigger source="ENG_NW_001278_20130327_F00012LCF" offset="2225" length="2">of</trigger>
      </relation_mention>
      <relation_mention id="relm-3819" realis="true">
        <rel_arg1 entity_id="ent-333" entity_mention_id="m-489" role="leader">the Central Bank governor</rel_arg1>
        <rel_arg2 entity_id="ent-8" entity_mention_id="m-495" role="entity">Central Bank</rel_arg2>
        <trigger source="ENG_NW_001278_20130327_F00012LCF" offset="1913" length="8">governor</trigger>
      </relation_mention>
    </relation>
    <relation id="r-1010" type="orgaffiliation" subtype="leadership">
      <relation_mention id="relm-1461" realis="true">
        <rel_arg1 entity_id="ent-336" entity_mention_id="m-411" role="leader">Andreas Artemis</rel_arg1>
        <rel_arg2 entity_id="ent-798" entity_mention_id="m-423" role="entity">BoC Board</rel_arg2>
        <trigger source="ENG_NW_001278_20130327_F00012LCF" offset="1607" length="9">president</trigger>
      </relation_mention>
    </relation>
    <relation id="r-1011" type="personalsocial" subtype="role">
      <relation_mention id="relm-1481" realis="true">
        <rel_arg1 entity_id="ent-336" entity_mention_id="m-411" role="per">Andreas Artemis</rel_arg1>
        <rel_arg2 filler_id="f-1489" role="role">president</rel_arg2>
      </relation_mention>
    </relation>
    <relation id="r-1012" type="personalsocial" subtype="business">
      <relation_mention id="relm-1501" realis="true">
        <rel_arg1 entity_id="ent-336" entity_mention_id="m-411" role="per">Andreas Artemis</rel_arg1>
        <rel_arg2 entity_id="ent-339" entity_mention_id="m-429" role="per">four members of the Board</rel_arg2>
      </relation_mention>
    </relation>
    <relation id="r-1013" type="orgaffiliation" subtype="employmentmembership">
      <relation_mention id="relm-1541" realis="true">
        <rel_arg1 entity_id="ent-189" entity_mention_id="m-441" role="employeemember">an administrator at the Bank</rel_arg1>
        <rel_arg2 entity_id="ent-33" entity_mention_id="m-447" role="org">the Bank</rel_arg2>
        <trigger source="ENG_NW_001278_20130327_F00012LCF" offset="1722" length="2">at</trigger>
      </relation_mention>
    </relation>
    <relation id="r-1014" type="personalsocial" subtype="role">
      <relation_mention id="relm-1567" realis="true">
        <rel_arg1 entity_id="ent-189" entity_mention_id="m-441" role="per">an administrator at the Bank</rel_arg1>
        <rel_arg2 filler_id="f-1575" role="role">administrator</rel_arg2>
      </relation_mention>
      <relation_mention id="relm-3769" realis="true">
        <rel_arg1 entity_id="ent-189" entity_mention_id="m-306" role="per">an administrator at the bank</rel_arg1>
        <rel_arg2 filler_id="f-3777" role="role">administrator</rel_arg2>
      </relation_mention>
    </relation>
    <relation id="r-1015" type="orgaffiliation" subtype="employmentmembership">
      <relation_mention id="relm-1577" realis="true">
        <rel_arg1 entity_id="ent-342" entity_mention_id="m-465" role="employeemember">their</rel_arg1>
        <rel_arg2 entity_id="ent-33" entity_mention_id="m-447" role="org">the Bank</rel_arg2>
      </relation_mention>
    </relation>
    <relation id="r-1016" type="partwhole" subtype="subsidiary">
      <relation_mention id="relm-1587" realis="true">
        <rel_arg1 entity_id="ent-798" entity_mention_id="m-1551" role="suborg">the Board</rel_arg1>
        <rel_arg2 entity_id="ent-33" entity_mention_id="m-447" role="parent">the Bank</rel_arg2>
      </relation_mention>
      <relation_mention id="relm-3799" realis="true">
        <rel_arg1 entity_id="ent-798" entity_mention_id="m-423" role="suborg">BoC Board</rel_arg1>
        <rel_arg2 entity_id="ent-33" entity_mention_id="m-417" role="parent">BoC</rel_arg2>
        <trigger source="ENG_NW_001278_20130327_F00012LCF" offset="1601" length="5">Board</trigger>
      </relation_mention>
    </relation>
    <relation id="r-1017" type="partwhole" subtype="subsidiary">
      <relation_mention id="relm-1627" realis="true">
        <rel_arg1 entity_id="ent-345" entity_mention_id="m-459" role="suborg">The state broadcaster</rel_arg1>
        <rel_arg2 entity_id="ent-30" entity_mention_id="m-471" role="parent">state</rel_arg2>
      </relation_mention>
    </relation>
    <relation id="r-1018" type="personalsocial" subtype="unspecified">
      <relation_mention id="relm-1637" realis="true">
        <rel_arg1 entity_id="ent-348" entity_mention_id="m-477" role="per">informed sources</rel_arg1>
        <rel_arg2 entity_id="ent-333" entity_mention_id="m-489" role="per">the Central Bank governor</rel_arg2>
      </relation_mention>
    </relation>
    <relation id="r-1019" type="personalsocial" subtype="role">
      <relation_mention id="relm-1697" realis="true">
        <rel_arg1 entity_id="ent-537" entity_mention_id="m-597" role="per">Nicos Anastasiades</rel_arg1>
        <rel_arg2 filler_id="f-1705" role="role">President</rel_arg2>
      </relation_mention>
    </relation>
    <relation id="r-1020" type="physical" subtype="orglocationorigin">
      <relation_mention id="relm-1783" realis="true">
        <rel_arg1 entity_id="ent-549" entity_mention_id="m-717" role="org">Cyprus media</rel_arg1>
        <rel_arg2 entity_id="ent-30" entity_mention_id="m-723" role="loc">Cyprus</rel_arg2>
      </relation_mention>
    </relation>
    <relation id="r-1021" type="orgaffiliation" subtype="leadership">
      <relation_mention id="relm-1793" realis="false">
        <rel_arg1 entity_id="ent-552" entity_mention_id="m-735" role="leader">a team of troika technocrats who set up office there</rel_arg1>
        <rel_arg2 entity_id="ent-8" entity_mention_id="m-729" role="entity">Central Bank</rel_arg2>
        <trigger source="ENG_NW_001278_20130327_F00012LCF" offset="3116" length="3">run</trigger>
      </relation_mention>
    </relation>
    <relation id="r-1022" type="orgaffiliation" subtype="employmentmembership">
      <relation_mention id="relm-1803" realis="true">
        <rel_arg1 entity_id="ent-552" entity_mention_id="m-735" role="employeemember">a team of troika technocrats who set up office there</rel_arg1>
        <rel_arg2 entity_id="ent-8" entity_mention_id="m-774" role="org">there</rel_arg2>
        <trigger source="ENG_NW_001278_20130327_F00012LCF" offset="3156" length="6">set up</trigger>
      </relation_mention>
    </relation>
    <relation id="r-1023" type="personalsocial" subtype="business">
      <relation_mention id="relm-1823" realis="true">
        <rel_arg1 entity_id="ent-552" entity_mention_id="m-735" role="per">a team of troika technocrats who set up office there</rel_arg1>
        <rel_arg2 entity_id="ent-744" entity_mention_id="m-762" role="per">troika technocrats</rel_arg2>
      </relation_mention>
    </relation>
    <relation id="r-1024" type="orgaffiliation" subtype="employmentmembership">
      <relation_mention id="relm-1833" realis="true">
        <rel_arg1 entity_id="ent-552" entity_mention_id="m-735" role="employeemember">a team of troika technocrats who set up office there</rel_arg1>
        <rel_arg2 entity_id="ent-741" entity_mention_id="m-756" role="org">troika</rel_arg2>
        <trigger source="ENG_NW_001278_20130327_F00012LCF" offset="3130" length="2">of</trigger>
      </relation_mention>
    </relation>
    <relation id="r-1025" type="orgaffiliation" subtype="employmentmembership">
      <relation_mention id="relm-1843" realis="true">
        <rel_arg1 entity_id="ent-744" entity_mention_id="m-762" role="employeemember">troika technocrats</rel_arg1>
        <rel_arg2 entity_id="ent-741" entity_mention_id="m-756" role="org">troika</rel_arg2>
      </relation_mention>
    </relation>
    <relation id="r-1026" type="orgaffiliation" subtype="investorshareholder">
      <relation_mention id="relm-1873" realis="false">
        <rel_arg1 entity_id="ent-750" entity_mention_id="m-858" role="investorshareholder">Owners of large deposits</rel_arg1>
        <rel_arg2 entity_id="ent-33" entity_mention_id="m-864" role="org">BoC</rel_arg2>
      </relation_mention>
    </relation>
    <relation id="r-1027" type="partwhole" subtype="subsidiary">
      <relation_mention id="relm-3749" realis="true">
        <rel_arg1 entity_id="ent-174" entity_mention_id="m-204" role="suborg">Cyprus Popular (Laiki) Bank</rel_arg1>
        <rel_arg2 entity_id="ent-30" entity_mention_id="m-216" role="parent">Cyprus</rel_arg2>
      </relation_mention>
    </relation>
    <relation id="r-1028" type="partwhole" subtype="subsidiary">
      <relation_mention id="relm-3759" realis="true">
        <rel_arg1 entity_id="ent-177" entity_mention_id="m-228" role="suborg">European Central Bank</rel_arg1>
        <rel_arg2 entity_id="ent-792" entity_mention_id="m-3695" role="parent">European</rel_arg2>
        <trigger source="ENG_NW_001278_20130327_F00012LCF" offset="685" length="8">European</trigger>
      </relation_mention>
      <relation_mention id="relm-3859" realis="true">
        <rel_arg1 entity_id="ent-177" entity_mention_id="m-693" role="suborg">European Central Bank</rel_arg1>
        <rel_arg2 entity_id="ent-792" entity_mention_id="m-3713" role="parent">European</rel_arg2>
        <trigger source="ENG_NW_001278_20130327_F00012LCF" offset="2920" length="8">European</trigger>
      </relation_mention>
    </relation>
    <relation id="r-1029" type="orgaffiliation" subtype="employmentmembership">
      <relation_mention id="relm-3779" realis="true">
        <rel_arg1 entity_id="ent-192" entity_mention_id="m-324" role="employeemember">several hundred BoC employees</rel_arg1>
        <rel_arg2 entity_id="ent-33" entity_mention_id="m-357" role="org">BoC</rel_arg2>
        <trigger source="ENG_NW_001278_20130327_F00012LCF" offset="1445" length="9">employees</trigger>
      </relation_mention>
    </relation>
    <relation id="r-1030" type="orgaffiliation" subtype="employmentmembership">
      <relation_mention id="relm-3789" realis="true">
        <rel_arg1 entity_id="ent-195" entity_mention_id="m-363" role="employeemember">BoC employees</rel_arg1>
        <rel_arg2 entity_id="ent-33" entity_mention_id="m-357" role="org">BoC</rel_arg2>
        <trigger source="ENG_NW_001278_20130327_F00012LCF" offset="1445" length="9">employees</trigger>
      </relation_mention>
    </relation>
    <relation id="r-1031" type="personalsocial" subtype="role">
      <relation_mention id="relm-3839" realis="true">
        <rel_arg1 entity_id="ent-540" entity_mention_id="m-627" role="per">the previous president</rel_arg1>
        <rel_arg2 filler_id="f-3847" role="role">president</rel_arg2>
      </relation_mention>
    </relation>
    <relation id="r-1032" type="partwhole" subtype="subsidiary">
      <relation_mention id="relm-4181" realis="true">
        <rel_arg1 entity_id="ent-795" entity_mention_id="m-4175" role="suborg">the good part of Cyprus Popular (Laiki) Bank</rel_arg1>
        <rel_arg2 entity_id="ent-174" entity_mention_id="m-204" role="parent">Cyprus Popular (Laiki) Bank</rel_arg2>
        <trigger source="ENG_NW_001278_20130327_F00012LCF" offset="548" length="4">part</trigger>
      </relation_mention>
    </relation>
    <relation id="r-1033" type="orgaffiliation" subtype="employmentmembership">
      <relation_mention id="relm-4191" realis="true">
        <rel_arg1 entity_id="ent-339" entity_mention_id="m-429" role="employeemember">four members of the Board</rel_arg1>
        <rel_arg2 entity_id="ent-798" entity_mention_id="m-435" role="org">the Board</rel_arg2>
        <trigger source="ENG_NW_001278_20130327_F00012LCF" offset="1642" length="7">members</trigger>
      </relation_mention>
    </relation>
  </relations>
  <hoppers>
    <hopper id="h-16">
      <event_mention id="em-970" type="personnel" subtype="endposition" realis="actual">
        <trigger source="ENG_NW_001278_20130327_F00012LCF" offset="121" length="9">dismisses</trigger>
        <em_arg entity_id="ent-36" entity_mention_id="m-60" role="person" realis="true">Bank of Cyprus board</em_arg>
        <em_arg entity_id="ent-33" entity_mention_id="m-54" role="entity" realis="true">Bank of Cyprus</em_arg>
        <em_arg entity_id="ent-30" entity_mention_id="m-24" role="place" realis="true">Cyprus</em_arg>
      </event_mention>
      <event_mention id="em-1005" type="personnel" subtype="endposition" realis="actual">
        <trigger source="ENG_NW_001278_20130327_F00012LCF" offset="221" length="9">dismisses</trigger>
        <em_arg entity_id="ent-33" entity_mention_id="m-90" role="entity" realis="true">Bank of Cyprus</em_arg>
        <em_arg entity_id="ent-36" entity_mention_id="m-96" role="person" realis="true">Bank of Cyprus board</em_arg>
        <em_arg entity_id="ent-30" entity_mention_id="m-84" role="place" realis="true">Cyprus</em_arg>
      </event_mention>
      <event_mention id="em-1033" type="personnel" subtype="endposition" realis="actual">
        <trigger source="ENG_NW_001278_20130327_F00012LCF" offset="321" length="9">dismissed</trigger>
        <em_arg entity_id="ent-33" entity_mention_id="m-144" role="entity" realis="true">Bank of Cyprus</em_arg>
        <em_arg entity_id="ent-36" entity_mention_id="m-132" role="person" realis="true">the entire board and the executive vice-president of the Bank of Cyprus (BoC) which is at the center of a Cyprus bailout package</em_arg>
        <em_arg filler_id="f-1065" role="time" realis="true">Wednesday</em_arg>
      </event_mention>
      <event_mention id="em-1981" type="personnel" subtype="endposition" realis="actual">
        <trigger source="ENG_NW_001278_20130327_F00012LCF" offset="713" length="9">dismissal</trigger>
        <em_arg entity_id="ent-33" entity_mention_id="m-234" role="entity" realis="true">BoC</em_arg>
        <em_arg entity_id="ent-36" entity_mention_id="m-240" role="person" realis="true">the BoC board</em_arg>
        <em_arg filler_id="f-2013" role="time" realis="true"> 24 hours before banks in Cyprus are expected to reopen on Thursday</em_arg>
        <em_arg entity_id="ent-30" entity_mention_id="m-252" role="place" realis="true">Cyprus</em_arg>
      </event_mention>
    </hopper>
    <hopper id="h-1117">
      <event_mention id="em-1075" type="personnel" subtype="endposition" realis="actual">
        <trigger source="ENG_NW_001278_20130327_F00012LCF" offset="321" length="9">dismissed</trigger>
        <em_arg entity_id="ent-33" entity_mention_id="m-144" role="entity" realis="true">Bank of Cyprus</em_arg>
        <em_arg entity_id="ent-48" entity_mention_id="m-138" role="person" realis="true"> the entire board and the executive vice-president of the Bank of Cyprus (BoC) which is at the center of a Cyprus bailout package</em_arg>
        <em_arg filler_id="f-1107" role="position" realis="true">executive vice-president</em_arg>
        <em_arg filler_id="f-1114" role="time" realis="true">Wednesday</em_arg>
      </event_mention>
    </hopper>
    <hopper id="h-1119">
      <event_mention id="em-1133" type="contact" subtype="contact" realis="actual" audience="canttell" formality="formal" medium="canttell" schedule="planned">
        <trigger source="ENG_NW_001278_20130327_F00012LCF" offset="121" length="9">dismisses</trigger>
        <em_arg entity_id="ent-8" entity_mention_id="m-18" role="entity" realis="true">Cyprus Central Bank</em_arg>
        <em_arg entity_id="ent-36" entity_mention_id="m-60" role="entity" realis="true">Bank of Cyprus board</em_arg>
      </event_mention>
      <event_mention id="em-1168" type="contact" subtype="contact" realis="actual" audience="canttell" formality="formal" medium="canttell" schedule="planned">
        <trigger source="ENG_NW_001278_20130327_F00012LCF" offset="221" length="9">dismisses</trigger>
        <em_arg entity_id="ent-8" entity_mention_id="m-78" role="entity" realis="true">Cyprus Central Bank</em_arg>
        <em_arg entity_id="ent-36" entity_mention_id="m-96" role="entity" realis="true">Bank of Cyprus board</em_arg>
      </event_mention>
    </hopper>
    <hopper id="h-1123">
      <event_mention id="em-3946" type="transaction" subtype="transferownership" realis="other" ways="canttell">
        <trigger source="ENG_NW_001278_20130327_F00012LCF" offset="529" length="9">take over</trigger>
        <em_arg entity_id="ent-174" entity_mention_id="m-204" role="giver" realis="true">Cyprus Popular (Laiki) Bank</em_arg>
        <em_arg entity_id="ent-33" entity_mention_id="m-198" role="recipient" realis="true">BoC</em_arg>
        <em_arg entity_id="ent-795" entity_mention_id="m-4175" role="thing" realis="true">the good part of Cyprus Popular (Laiki) Bank</em_arg>
      </event_mention>
    </hopper>
    <hopper id="h-1127">
      <event_mention id="em-1953" type="transaction" subtype="transfermoney" realis="actual" ways="voluntary">
        <trigger source="ENG_NW_001278_20130327_F00012LCF" offset="669" length="2">to</trigger>
        <em_arg entity_id="ent-177" entity_mention_id="m-228" role="giver" realis="true">European Central Bank</em_arg>
        <em_arg entity_id="ent-174" entity_mention_id="m-222" role="recipient" realis="true">Laiki</em_arg>
      </event_mention>
    </hopper>
    <hopper id="h-1129">
      <event_mention id="em-2016" type="transaction" subtype="transfermoney" realis="generic" ways="voluntary">
        <trigger source="ENG_NW_001278_20130327_F00012LCF" offset="955" length="8">deposits</trigger>
        <em_arg entity_id="ent-180" entity_mention_id="m-264" role="giver" realis="true">banks</em_arg>
        <em_arg filler_id="f-2041" role="time" realis="false">Thursday</em_arg>
        <em_arg entity_id="ent-30" entity_mention_id="m-252" role="place" realis="true">Cyprus</em_arg>
      </event_mention>
    </hopper>
    <hopper id="h-1131">
      <event_mention id="em-2067" type="contact" subtype="broadcast" realis="other" audience="oneway" formality="formal" medium="canttell" schedule="planned">
        <trigger source="ENG_NW_001278_20130327_F00012LCF" offset="1024" length="9">announced</trigger>
        <em_arg filler_id="f-2084" role="time" realis="false">the end of the day</em_arg>
      </event_mention>
    </hopper>
    <hopper id="h-2051">
      <event_mention id="em-2088" type="contact" subtype="contact" realis="actual" audience="canttell" formality="canttell" medium="canttell" schedule="canttell">
        <trigger source="ENG_NW_001278_20130327_F00012LCF" offset="1090" length="4">said</trigger>
        <em_arg entity_id="ent-186" entity_mention_id="m-276" role="entity" realis="true">Michael Sarris</em_arg>
      </event_mention>
    </hopper>
    <hopper id="h-2053">
      <event_mention id="em-4030" type="personnel" subtype="endposition" realis="actual">
        <trigger source="ENG_NW_001278_20130327_F00012LCF" offset="2542" length="8">previous</trigger>
        <em_arg entity_id="ent-540" entity_mention_id="m-627" role="person" realis="true">the previous president</em_arg>
        <em_arg filler_id="f-4055" role="position" realis="true">president</em_arg>
      </event_mention>
    </hopper>
    <hopper id="h-2055">
      <event_mention id="em-2158" type="transaction" subtype="transfermoney" realis="generic" ways="voluntary">
        <trigger source="ENG_NW_001278_20130327_F00012LCF" offset="1114" length="12">transactions</trigger>
        <em_arg entity_id="ent-183" entity_mention_id="m-282" role="giver" realis="true">bank</em_arg>
        <em_arg entity_id="ent-30" entity_mention_id="m-294" role="place" realis="true">Cyprus</em_arg>
      </event_mention>
    </hopper>
    <hopper id="h-2061">
      <event_mention id="em-2242" type="personnel" subtype="startposition" realis="actual">
        <trigger source="ENG_NW_001278_20130327_F00012LCF" offset="1315" length="9">appointed</trigger>
        <em_arg entity_id="ent-189" entity_mention_id="m-306" role="person" realis="true">an administrator at the bank</em_arg>
        <em_arg entity_id="ent-8" entity_mention_id="m-312" role="entity" realis="true">the bank</em_arg>
        <em_arg filler_id="f-2274" role="position" realis="true">administrator</em_arg>
      </event_mention>
    </hopper>
    <hopper id="h-2063">
      <event_mention id="em-2536" type="personnel" subtype="startposition" realis="actual">
        <trigger source="ENG_NW_001278_20130327_F00012LCF" offset="1690" length="11">appointment</trigger>
        <em_arg entity_id="ent-33" entity_mention_id="m-447" role="entity" realis="true">the Bank</em_arg>
        <em_arg entity_id="ent-189" entity_mention_id="m-441" role="person" realis="true">an administrator at the Bank</em_arg>
        <em_arg filler_id="f-2568" role="position" realis="true">administrator</em_arg>
      </event_mention>
    </hopper>
    <hopper id="h-2065">
      <event_mention id="em-2305" type="transaction" subtype="transferownership" realis="other" ways="canttell">
        <trigger source="ENG_NW_001278_20130327_F00012LCF" offset="1373" length="6">merger</trigger>
        <em_arg entity_id="ent-8" entity_mention_id="m-300" role="recipient" realis="true">Central Bank</em_arg>
        <em_arg entity_id="ent-174" entity_mention_id="m-318" role="thing" realis="true">Laiki</em_arg>
      </event_mention>
    </hopper>
    <hopper id="h-2333">
      <event_mention id="em-2347" type="conflict" subtype="demonstrate" realis="actual">
        <trigger source="ENG_NW_001278_20130327_F00012LCF" offset="1408" length="13">demonstration</trigger>
        <em_arg entity_id="ent-192" entity_mention_id="m-324" role="entity" realis="true">several hundred BoC employees</em_arg>
        <em_arg filler_id="f-2372" role="time" realis="true">Tuesday</em_arg>
        <em_arg entity_id="ent-330" entity_mention_id="m-381" role="place" realis="true">the Central Bank headquarters</em_arg>
      </event_mention>
    </hopper>
    <hopper id="h-2335">
      <event_mention id="em-2389" type="personnel" subtype="endposition" realis="other">
        <trigger source="ENG_NW_001278_20130327_F00012LCF" offset="1546" length="11">resignation</trigger>
        <em_arg entity_id="ent-333" entity_mention_id="m-393" role="person" realis="true">its governor</em_arg>
        <em_arg entity_id="ent-8" entity_mention_id="m-387" role="entity" realis="true">its</em_arg>
        <em_arg filler_id="f-2421" role="position" realis="true">governor</em_arg>
        <em_arg entity_id="ent-330" entity_mention_id="m-381" role="place" realis="true">the Central Bank headquarters</em_arg>
        <em_arg filler_id="f-2435" role="time" realis="false">Tuesday</em_arg>
      </event_mention>
    </hopper>
    <hopper id="h-2337">
      <event_mention id="em-2438" type="contact" subtype="contact" realis="actual" audience="canttell" formality="canttell" medium="inperson" schedule="canttell">
        <trigger source="ENG_NW_001278_20130327_F00012LCF" offset="1523" length="8">demanded</trigger>
        <em_arg entity_id="ent-192" entity_mention_id="m-369" role="entity" realis="true">They</em_arg>
        <em_arg entity_id="ent-8" entity_mention_id="m-375" role="entity" realis="true">Central Bank</em_arg>
        <em_arg entity_id="ent-330" entity_mention_id="m-381" role="place" realis="true">the Central Bank headquarters</em_arg>
        <em_arg filler_id="f-2477" role="time" realis="true">Tuesday</em_arg>
      </event_mention>
    </hopper>
    <hopper id="h-2339">
      <event_mention id="em-2501" type="personnel" subtype="endposition" realis="actual">
        <trigger source="ENG_NW_001278_20130327_F00012LCF" offset="1663" length="8">resigned</trigger>
        <em_arg entity_id="ent-336" entity_mention_id="m-411" role="person" realis="true">Andreas Artemis</em_arg>
        <em_arg entity_id="ent-33" entity_mention_id="m-417" role="entity" realis="true">BoC</em_arg>
        <em_arg filler_id="f-2533" role="position" realis="true">Board president</em_arg>
      </event_mention>
    </hopper>
    <hopper id="h-2343">
      <event_mention id="em-2571" type="personnel" subtype="endposition" realis="actual">
        <trigger source="ENG_NW_001278_20130327_F00012LCF" offset="1663" length="8">resigned</trigger>
        <em_arg entity_id="ent-33" entity_mention_id="m-417" role="entity" realis="true">BoC</em_arg>
        <em_arg entity_id="ent-339" entity_mention_id="m-429" role="person" realis="true">four members of the Board</em_arg>
      </event_mention>
    </hopper>
    <hopper id="h-2345">
      <event_mention id="em-2606" type="personnel" subtype="endposition" realis="other">
        <trigger source="ENG_NW_001278_20130327_F00012LCF" offset="1745" length="12">resignations</trigger>
        <em_arg entity_id="ent-33" entity_mention_id="m-447" role="entity" realis="true">the Bank</em_arg>
        <em_arg entity_id="ent-342" entity_mention_id="m-465" role="person" realis="true">their</em_arg>
      </event_mention>
    </hopper>
    <hopper id="h-2641">
      <event_mention id="em-2657" type="contact" subtype="contact" realis="actual" audience="twoway" formality="formal" medium="canttell" schedule="canttell">
        <trigger source="ENG_NW_001278_20130327_F00012LCF" offset="1767" length="8">accepted</trigger>
        <em_arg entity_id="ent-342" entity_mention_id="m-465" role="entity" realis="true">their</em_arg>
        <em_arg entity_id="ent-798" entity_mention_id="m-1551" role="entity" realis="true">the Board</em_arg>
      </event_mention>
    </hopper>
    <hopper id="h-2643">
      <event_mention id="em-2685" type="contact" subtype="broadcast" realis="actual" audience="oneway" formality="canttell" medium="canttell" schedule="canttell">
        <trigger source="ENG_NW_001278_20130327_F00012LCF" offset="1813" length="6">quoted</trigger>
        <em_arg entity_id="ent-345" entity_mention_id="m-459" role="entity" realis="true">The state broadcaster</em_arg>
        <em_arg entity_id="ent-348" entity_mention_id="m-477" role="entity" realis="true">informed sources</em_arg>
      </event_mention>
    </hopper>
    <hopper id="h-2645">
      <event_mention id="em-2713" type="contact" subtype="broadcast" realis="actual" audience="oneway" formality="formal" medium="canttell" schedule="planned">
        <trigger source="ENG_NW_001278_20130327_F00012LCF" offset="1840" length="6">saying</trigger>
        <em_arg entity_id="ent-348" entity_mention_id="m-477" role="entity" realis="true">informed sources</em_arg>
      </event_mention>
    </hopper>
    <hopper id="h-2649">
      <event_mention id="em-2769" type="contact" subtype="contact" realis="actual" audience="canttell" formality="canttell" medium="canttell" schedule="canttell">
        <trigger source="ENG_NW_001278_20130327_F00012LCF" offset="1943" length="10">expressing</trigger>
        <em_arg entity_id="ent-351" entity_mention_id="m-501" role="entity" realis="true">the government</em_arg>
      </event_mention>
    </hopper>
    <hopper id="h-2651">
      <event_mention id="em-2790" type="personnel" subtype="endposition" realis="other">
        <trigger source="ENG_NW_001278_20130327_F00012LCF" offset="2039" length="6">resign</trigger>
        <em_arg entity_id="ent-333" entity_mention_id="m-513" role="person" realis="true">Demetriades</em_arg>
      </event_mention>
      <event_mention id="em-2982" type="personnel" subtype="endposition" realis="other">
        <trigger source="ENG_NW_001278_20130327_F00012LCF" offset="2475" length="5">leave</trigger>
        <em_arg entity_id="ent-333" entity_mention_id="m-609" role="person" realis="true">his</em_arg>
        <em_arg filler_id="f-3014" role="time" realis="true">immediately</em_arg>
      </event_mention>
      <event_mention id="em-3059" type="personnel" subtype="endposition" realis="other">
        <trigger source="ENG_NW_001278_20130327_F00012LCF" offset="2637" length="7">removed</trigger>
        <em_arg entity_id="ent-333" entity_mention_id="m-645" role="person" realis="true">his</em_arg>
        <em_arg entity_id="ent-30" entity_mention_id="m-1717" role="entity" realis="true">state</em_arg>
        <em_arg filler_id="f-3091" role="position" realis="true">officer</em_arg>
      </event_mention>
      <event_mention id="em-3198" type="personnel" subtype="endposition" realis="other">
        <trigger source="ENG_NW_001278_20130327_F00012LCF" offset="2877" length="9">resigning</trigger>
        <em_arg entity_id="ent-333" entity_mention_id="m-681" role="person" realis="true">he</em_arg>
      </event_mention>
    </hopper>
    <hopper id="h-2653">
      <event_mention id="em-2846" type="contact" subtype="contact" realis="actual" audience="canttell" formality="canttell" medium="canttell" schedule="canttell">
        <trigger source="ENG_NW_001278_20130327_F00012LCF" offset="2025" length="10">challenged</trigger>
        <em_arg entity_id="ent-333" entity_mention_id="m-513" role="entity" realis="true">Demetriades</em_arg>
      </event_mention>
    </hopper>
    <hopper id="h-2655">
      <event_mention id="em-2867" type="contact" subtype="broadcast" realis="actual" audience="oneway" formality="formal" medium="notinperson" schedule="planned">
        <trigger source="ENG_NW_001278_20130327_F00012LCF" offset="2166" length="4">said</trigger>
        <em_arg entity_id="ent-354" entity_mention_id="m-555" role="entity" realis="true">Phileleftheros</em_arg>
      </event_mention>
    </hopper>
    <hopper id="h-2944">
      <event_mention id="em-2916" type="contact" subtype="contact" realis="actual" audience="canttell" formality="canttell" medium="canttell" schedule="canttell">
        <trigger source="ENG_NW_001278_20130327_F00012LCF" offset="2370" length="13">confrontation</trigger>
        <em_arg entity_id="ent-333" entity_mention_id="m-591" role="entity" realis="true">his</em_arg>
        <em_arg entity_id="ent-537" entity_mention_id="m-597" role="entity" realis="true">Nicos Anastasiades</em_arg>
      </event_mention>
    </hopper>
    <hopper id="h-2946">
      <event_mention id="em-2954" type="contact" subtype="broadcast" realis="actual" audience="oneway" formality="formal" medium="notinperson" schedule="planned">
        <trigger source="ENG_NW_001278_20130327_F00012LCF" offset="2462" length="5">urged</trigger>
        <em_arg entity_id="ent-354" entity_mention_id="m-585" role="entity" realis="true">It</em_arg>
        <em_arg entity_id="ent-333" entity_mention_id="m-603" role="audience" realis="true">him</em_arg>
      </event_mention>
    </hopper>
    <hopper id="h-2948">
      <event_mention id="em-3017" type="personnel" subtype="startposition" realis="actual">
        <trigger source="ENG_NW_001278_20130327_F00012LCF" offset="2525" length="9">appointed</trigger>
        <em_arg entity_id="ent-333" entity_mention_id="m-621" role="person" realis="true">who</em_arg>
        <em_arg entity_id="ent-30" entity_mention_id="m-1717" role="entity" realis="true">state</em_arg>
        <em_arg filler_id="f-3056" role="time" realis="true">a year ago</em_arg>
        <em_arg filler_id="f-3992" role="position" realis="true">officer</em_arg>
      </event_mention>
    </hopper>
    <hopper id="h-2950">
      <event_mention id="em-3094" type="contact" subtype="broadcast" realis="actual" audience="oneway" formality="formal" medium="inperson" schedule="planned">
        <trigger source="ENG_NW_001278_20130327_F00012LCF" offset="2741" length="4">told</trigger>
        <em_arg entity_id="ent-333" entity_mention_id="m-663" role="entity" realis="true">Demetriades</em_arg>
        <em_arg entity_id="ent-543" entity_mention_id="m-669" role="entity" realis="true">journalists</em_arg>
      </event_mention>
    </hopper>
    <hopper id="h-2952">
      <event_mention id="em-3143" type="contact" subtype="broadcast" realis="actual" audience="oneway" formality="formal" medium="canttell" schedule="planned">
        <trigger source="ENG_NW_001278_20130327_F00012LCF" offset="2778" length="6">called</trigger>
        <em_arg entity_id="ent-186" entity_mention_id="m-675" role="entity" realis="true">the minister of finance</em_arg>
        <em_arg entity_id="ent-786" entity_mention_id="m-3137" role="audience" realis="true">press</em_arg>
      </event_mention>
    </hopper>
    <hopper id="h-3131">
      <event_mention id="em-3995" type="contact" subtype="contact" realis="actual" audience="twoway" formality="formal" medium="canttell" schedule="planned">
        <trigger source="ENG_NW_001278_20130327_F00012LCF" offset="2525" length="9">appointed</trigger>
        <em_arg entity_id="ent-333" entity_mention_id="m-621" role="entity" realis="true">who</em_arg>
        <em_arg entity_id="ent-540" entity_mention_id="m-627" role="entity" realis="true">the previous president</em_arg>
        <em_arg filler_id="f-4027" role="time" realis="true">a year ago</em_arg>
      </event_mention>
    </hopper>
    <hopper id="h-3135">
      <event_mention id="em-3247" type="contact" subtype="meet" realis="actual" audience="twoway" formality="formal" medium="inperson" schedule="planned">
        <trigger source="ENG_NW_001278_20130327_F00012LCF" offset="2991" length="6">remark</trigger>
        <em_arg entity_id="ent-546" entity_mention_id="m-705" role="entity" realis="true">a journalist</em_arg>
        <em_arg entity_id="ent-333" entity_mention_id="m-711" role="entity" realis="true">he</em_arg>
      </event_mention>
    </hopper>
    <hopper id="h-3303">
      <event_mention id="em-3275" type="contact" subtype="broadcast" realis="actual" audience="oneway" formality="formal" medium="notinperson" schedule="planned">
        <trigger source="ENG_NW_001278_20130327_F00012LCF" offset="3050" length="9">published</trigger>
        <em_arg entity_id="ent-549" entity_mention_id="m-717" role="entity" realis="true">Cyprus media</em_arg>
        <em_arg entity_id="ent-30" entity_mention_id="m-723" role="place" realis="true">Cyprus</em_arg>
      </event_mention>
    </hopper>
    <hopper id="h-3307">
      <event_mention id="em-3353" type="transaction" subtype="transfermoney" realis="other" ways="voluntary">
        <trigger source="ENG_NW_001278_20130327_F00012LCF" offset="3249" length="7">bailout</trigger>
        <em_arg entity_id="ent-753" entity_mention_id="m-780" role="giver" realis="true">Eurogroup</em_arg>
        <em_arg entity_id="ent-30" entity_mention_id="m-723" role="recipient" realis="true">Cyprus</em_arg>
        <em_arg filler_id="f-3385" role="money" realis="true">10 billion euros</em_arg>
      </event_mention>
    </hopper>
    <hopper id="h-3309">
      <event_mention id="em-3388" type="contact" subtype="contact" realis="actual" audience="canttell" formality="formal" medium="canttell" schedule="planned">
        <trigger source="ENG_NW_001278_20130327_F00012LCF" offset="3281" length="8">demanded</trigger>
        <em_arg entity_id="ent-753" entity_mention_id="m-780" role="entity" realis="true">Eurogroup</em_arg>
      </event_mention>
    </hopper>
    <hopper id="h-3411">
      <event_mention id="em-3487" type="transaction" subtype="transfermoney" realis="generic" ways="voluntary">
        <trigger source="ENG_NW_001278_20130327_F00012LCF" offset="3492" length="6">lender</trigger>
        <em_arg entity_id="ent-174" entity_mention_id="m-804" role="giver" realis="true">Laiki Bank</em_arg>
      </event_mention>
    </hopper>
    <hopper id="h-3413">
      <event_mention id="em-3508" type="transaction" subtype="transferownership" realis="other" ways="canttell">
        <trigger source="ENG_NW_001278_20130327_F00012LCF" offset="3572" length="11">transferred</trigger>
        <em_arg entity_id="ent-174" entity_mention_id="m-810" role="giver" realis="true">the second largest lender</em_arg>
        <em_arg entity_id="ent-33" entity_mention_id="m-816" role="recipient" realis="true">BoC</em_arg>
        <em_arg filler_id="f-3547" role="thing" realis="true">some other assets but also all of its debt</em_arg>
      </event_mention>
    </hopper>
    <hopper id="h-3550">
      <event_mention id="em-3558" type="transaction" subtype="transfermoney" realis="actual" ways="voluntary">
        <trigger source="ENG_NW_001278_20130327_F00012LCF" offset="3648" length="8">Deposits</trigger>
        <em_arg filler_id="f-3583" role="money" realis="true">Deposits of over 100,000 euros</em_arg>
      </event_mention>
    </hopper>
    <hopper id="h-3552">
      <event_mention id="em-3586" type="transaction" subtype="transfermoney" realis="other" ways="canttell">
        <trigger source="ENG_NW_001278_20130327_F00012LCF" offset="3785" length="5">taxed</trigger>
        <em_arg entity_id="ent-33" entity_mention_id="m-840" role="recipient" realis="true">BoC</em_arg>
      </event_mention>
    </hopper>
    <hopper id="h-3554">
      <event_mention id="em-3611" type="contact" subtype="contact" realis="actual" audience="canttell" formality="canttell" medium="canttell" schedule="canttell">
        <trigger source="ENG_NW_001278_20130327_F00012LCF" offset="3862" length="4">said</trigger>
        <em_arg entity_id="ent-186" entity_mention_id="m-852" role="entity" realis="true">The finance minister</em_arg>
      </event_mention>
    </hopper>
    <hopper id="h-3607">
      <event_mention id="em-3660" type="transaction" subtype="transferownership" realis="other" ways="canttell">
        <trigger source="ENG_NW_001278_20130327_F00012LCF" offset="3994" length="7">receive</trigger>
        <em_arg entity_id="ent-750" entity_mention_id="m-858" role="recipient" realis="true">Owners of large deposits</em_arg>
        <em_arg entity_id="ent-33" entity_mention_id="m-864" role="giver" realis="true">BoC</em_arg>
        <em_arg filler_id="f-3692" role="thing" realis="true">BoC equity</em_arg>
      </event_mention>
    </hopper>
    <hopper id="h-4144">
      <event_mention id="em-4123" type="transaction" subtype="transfermoney" realis="actual" ways="voluntary">
        <trigger source="ENG_NW_001278_20130327_F00012LCF" offset="3873" length="8">deposits</trigger>
        <em_arg filler_id="f-4140" role="money" realis="true"> 9 billion euros</em_arg>
      </event_mention>
    </hopper>
    <hopper id="h-4167">
      <event_mention id="em-4146" type="transaction" subtype="transfermoney" realis="generic" ways="voluntary">
        <trigger source="ENG_NW_001278_20130327_F00012LCF" offset="3980" length="8">deposits</trigger>
        <em_arg entity_id="ent-750" entity_mention_id="m-858" role="giver" realis="true">Owners of large deposits</em_arg>
      </event_mention>
    </hopper>
  </hoppers>
</deft_ere>
