<?xml version="1.0" encoding="UTF-8"?>
<deft_ere kit_id="5733b8b10000000000000058" doc_id="ENG_NW_001278_20131210_F00013IO6" source_type="newswire">
  <entities>
    <entity id="ent-8" type="PER" specificity="specificIndividual">
      <entity_mention id="m-18" noun_type="NOM" source="ENG_NW_001278_20131210_F00013IO6" offset="101" length="22">
        <mention_text>U.S. environment chief</mention_text>
        <nom_head source="ENG_NW_001278_20131210_F00013IO6" offset="118" length="5">chief</nom_head>
      </entity_mention>
      <entity_mention id="m-57" noun_type="NOM" source="ENG_NW_001278_20131210_F00013IO6" offset="212" length="22">
        <mention_text>U.S. environment chief</mention_text>
        <nom_head source="ENG_NW_001278_20131210_F00013IO6" offset="229" length="5">chief</nom_head>
      </entity_mention>
      <entity_mention id="m-120" noun_type="NAM" source="ENG_NW_001278_20131210_F00013IO6" offset="370" length="13">
        <mention_text>Gina McCarthy</mention_text>
      </entity_mention>
      <entity_mention id="m-147" noun_type="PRO" source="ENG_NW_001278_20131210_F00013IO6" offset="646" length="3">
        <mention_text>she</mention_text>
      </entity_mention>
      <entity_mention id="m-177" noun_type="NAM" source="ENG_NW_001278_20131210_F00013IO6" offset="723" length="8">
        <mention_text>McCarthy</mention_text>
      </entity_mention>
      <entity_mention id="m-183" noun_type="PRO" source="ENG_NW_001278_20131210_F00013IO6" offset="733" length="3">
        <mention_text>who</mention_text>
      </entity_mention>
      <entity_mention id="m-225" noun_type="PRO" source="ENG_NW_001278_20131210_F00013IO6" offset="955" length="3">
        <mention_text>her</mention_text>
      </entity_mention>
      <entity_mention id="m-231" noun_type="NAM" source="ENG_NW_001278_20131210_F00013IO6" offset="966" length="8">
        <mention_text>McCarthy</mention_text>
      </entity_mention>
      <entity_mention id="m-330" noun_type="PRO" source="ENG_NW_001278_20131210_F00013IO6" offset="1408" length="3">
        <mention_text>she</mention_text>
      </entity_mention>
      <entity_mention id="m-336" noun_type="PRO" source="ENG_NW_001278_20131210_F00013IO6" offset="1426" length="3">
        <mention_text>her</mention_text>
      </entity_mention>
      <entity_mention id="m-348" noun_type="PRO" source="ENG_NW_001278_20131210_F00013IO6" offset="1447" length="3">
        <mention_text>she</mention_text>
      </entity_mention>
      <entity_mention id="m-396" noun_type="PRO" source="ENG_NW_001278_20131210_F00013IO6" offset="1747" length="3">
        <mention_text>she</mention_text>
      </entity_mention>
      <entity_mention id="m-402" noun_type="PRO" source="ENG_NW_001278_20131210_F00013IO6" offset="1758" length="3">
        <mention_text>She</mention_text>
      </entity_mention>
      <entity_mention id="m-414" noun_type="PRO" source="ENG_NW_001278_20131210_F00013IO6" offset="1997" length="3">
        <mention_text>she</mention_text>
      </entity_mention>
      <entity_mention id="m-420" noun_type="NAM" source="ENG_NW_001278_20131210_F00013IO6" offset="2016" length="8">
        <mention_text>McCarthy</mention_text>
      </entity_mention>
    </entity>
    <entity id="ent-30" type="GPE" specificity="specificIndividual">
      <entity_mention id="m-24" noun_type="NAM" source="ENG_NW_001278_20131210_F00013IO6" offset="101" length="4">
        <mention_text>U.S.</mention_text>
      </entity_mention>
      <entity_mention id="m-33" noun_type="NAM" source="ENG_NW_001278_20131210_F00013IO6" offset="134" length="4">
        <mention_text>U.S.</mention_text>
      </entity_mention>
      <entity_mention id="m-63" noun_type="NAM" source="ENG_NW_001278_20131210_F00013IO6" offset="212" length="4">
        <mention_text>U.S.</mention_text>
      </entity_mention>
      <entity_mention id="m-69" noun_type="NAM" source="ENG_NW_001278_20131210_F00013IO6" offset="245" length="4">
        <mention_text>U.S.</mention_text>
      </entity_mention>
      <entity_mention id="m-99" noun_type="NAM" source="ENG_NW_001278_20131210_F00013IO6" offset="313" length="4">
        <mention_text>U.S.</mention_text>
      </entity_mention>
      <entity_mention id="m-126" noun_type="NAM" source="ENG_NW_001278_20131210_F00013IO6" offset="480" length="4">
        <mention_text>U.S.</mention_text>
      </entity_mention>
      <entity_mention id="m-201" noun_type="NAM" source="ENG_NW_001278_20131210_F00013IO6" offset="838" length="13">
        <mention_text>United States</mention_text>
      </entity_mention>
      <entity_mention id="m-207" noun_type="NAM" source="ENG_NW_001278_20131210_F00013IO6" offset="888" length="4">
        <mention_text>U.S.</mention_text>
      </entity_mention>
      <entity_mention id="m-213" noun_type="PRO" source="ENG_NW_001278_20131210_F00013IO6" offset="905" length="3">
        <mention_text>its</mention_text>
      </entity_mention>
      <entity_mention id="m-294" noun_type="NAM" source="ENG_NW_001278_20131210_F00013IO6" offset="1170" length="4">
        <mention_text>U.S.</mention_text>
      </entity_mention>
    </entity>
    <entity id="ent-45" type="GPE" specificity="specificIndividual">
      <entity_mention id="m-39" noun_type="NAM" source="ENG_NW_001278_20131210_F00013IO6" offset="139" length="5">
        <mention_text>China</mention_text>
      </entity_mention>
      <entity_mention id="m-75" noun_type="NAM" source="ENG_NW_001278_20131210_F00013IO6" offset="250" length="5">
        <mention_text>China</mention_text>
      </entity_mention>
      <entity_mention id="m-132" noun_type="NAM" source="ENG_NW_001278_20131210_F00013IO6" offset="489" length="5">
        <mention_text>China</mention_text>
      </entity_mention>
      <entity_mention id="m-189" noun_type="NAM" source="ENG_NW_001278_20131210_F00013IO6" offset="763" length="5">
        <mention_text>China</mention_text>
      </entity_mention>
      <entity_mention id="m-195" noun_type="NAM" source="ENG_NW_001278_20131210_F00013IO6" offset="775" length="5">
        <mention_text>China</mention_text>
      </entity_mention>
      <entity_mention id="m-219" noun_type="NAM" source="ENG_NW_001278_20131210_F00013IO6" offset="925" length="5">
        <mention_text>China</mention_text>
      </entity_mention>
      <entity_mention id="m-237" noun_type="NAM" source="ENG_NW_001278_20131210_F00013IO6" offset="984" length="7">
        <mention_text>Chinese</mention_text>
      </entity_mention>
      <entity_mention id="m-252" noun_type="NAM" source="ENG_NW_001278_20131210_F00013IO6" offset="1065" length="5">
        <mention_text>China</mention_text>
      </entity_mention>
      <entity_mention id="m-300" noun_type="NAM" source="ENG_NW_001278_20131210_F00013IO6" offset="1175" length="5">
        <mention_text>China</mention_text>
      </entity_mention>
      <entity_mention id="m-306" noun_type="NAM" source="ENG_NW_001278_20131210_F00013IO6" offset="1213" length="5">
        <mention_text>China</mention_text>
      </entity_mention>
      <entity_mention id="m-369" noun_type="NAM" source="ENG_NW_001278_20131210_F00013IO6" offset="1514" length="5">
        <mention_text>China</mention_text>
      </entity_mention>
      <entity_mention id="m-375" noun_type="PRO" source="ENG_NW_001278_20131210_F00013IO6" offset="1647" length="3">
        <mention_text>you</mention_text>
      </entity_mention>
      <entity_mention id="m-381" noun_type="PRO" source="ENG_NW_001278_20131210_F00013IO6" offset="1692" length="3">
        <mention_text>you</mention_text>
      </entity_mention>
      <entity_mention id="m-426" noun_type="NAM" source="ENG_NW_001278_20131210_F00013IO6" offset="2042" length="5">
        <mention_text>China</mention_text>
      </entity_mention>
    </entity>
    <entity id="ent-54" type="PER" specificity="specificIndividual">
      <entity_mention id="m-48" noun_type="NAM" source="ENG_NW_001278_20131210_F00013IO6" offset="192" length="3">
        <mention_text>侯丽军</mention_text>
      </entity_mention>
    </entity>
    <entity id="ent-87" type="GPE" specificity="specificIndividual">
      <entity_mention id="m-81" noun_type="NAM" source="ENG_NW_001278_20131210_F00013IO6" offset="284" length="7">
        <mention_text>BEIJING</mention_text>
      </entity_mention>
      <entity_mention id="m-342" noun_type="NAM" source="ENG_NW_001278_20131210_F00013IO6" offset="1438" length="7">
        <mention_text>Beijing</mention_text>
      </entity_mention>
      <entity_mention id="m-363" noun_type="NAM" source="ENG_NW_001278_20131210_F00013IO6" offset="1463" length="7">
        <mention_text>Beijing</mention_text>
      </entity_mention>
    </entity>
    <entity id="ent-96" type="ORG" specificity="specificIndividual">
      <entity_mention id="m-90" noun_type="NAM" source="ENG_NW_001278_20131210_F00013IO6" offset="302" length="6">
        <mention_text>Xinhua</mention_text>
      </entity_mention>
    </entity>
    <entity id="ent-111" type="ORG" specificity="specificIndividual">
      <entity_mention id="m-105" noun_type="NAM" source="ENG_NW_001278_20131210_F00013IO6" offset="318" length="31">
        <mention_text>Environmental Protection Agency</mention_text>
      </entity_mention>
      <entity_mention id="m-114" noun_type="NAM" source="ENG_NW_001278_20131210_F00013IO6" offset="351" length="3">
        <mention_text>EPA</mention_text>
      </entity_mention>
    </entity>
    <entity id="ent-144" type="GPE" specificity="specificGroup">
      <entity_mention id="m-138" noun_type="NOM" source="ENG_NW_001278_20131210_F00013IO6" offset="630" length="13">
        <mention_text>our countries</mention_text>
        <nom_head source="ENG_NW_001278_20131210_F00013IO6" offset="634" length="9">countries</nom_head>
      </entity_mention>
      <entity_mention id="m-408" noun_type="NOM" source="ENG_NW_001278_20131210_F00013IO6" offset="1772" length="13">
        <mention_text>the two sides</mention_text>
        <nom_head source="ENG_NW_001278_20131210_F00013IO6" offset="1780" length="5">sides</nom_head>
      </entity_mention>
    </entity>
    <entity id="ent-159" type="ORG" specificity="specificIndividual">
      <entity_mention id="m-153" noun_type="NAM" source="ENG_NW_001278_20131210_F00013IO6" offset="674" length="25">
        <mention_text>School of the Environment</mention_text>
      </entity_mention>
    </entity>
    <entity id="ent-168" type="ORG" specificity="specificIndividual">
      <entity_mention id="m-162" noun_type="NAM" source="ENG_NW_001278_20131210_F00013IO6" offset="701" length="19">
        <mention_text>Tsinghua University</mention_text>
      </entity_mention>
    </entity>
    <entity id="ent-249" type="PER" specificity="specificIndividual">
      <entity_mention id="m-243" noun_type="NAM" source="ENG_NW_001278_20131210_F00013IO6" offset="1029" length="14">
        <mention_text>Zhou Shengxian</mention_text>
      </entity_mention>
    </entity>
    <entity id="ent-264" type="ORG" specificity="specificIndividual">
      <entity_mention id="m-258" noun_type="NAM" source="ENG_NW_001278_20131210_F00013IO6" offset="1073" length="42">
        <mention_text>National Development and Reform Commission</mention_text>
      </entity_mention>
    </entity>
    <entity id="ent-273" type="PER" specificity="specificIndividual">
      <entity_mention id="m-267" noun_type="NAM" source="ENG_NW_001278_20131210_F00013IO6" offset="1116" length="11">
        <mention_text>Xie Zhenhua</mention_text>
      </entity_mention>
    </entity>
    <entity id="ent-282" type="PER" specificity="specificGroup">
      <entity_mention id="m-276" noun_type="NOM" source="ENG_NW_001278_20131210_F00013IO6" offset="1130" length="13">
        <mention_text>The two sides</mention_text>
        <nom_head source="ENG_NW_001278_20131210_F00013IO6" offset="1138" length="5">sides</nom_head>
      </entity_mention>
    </entity>
    <entity id="ent-291" type="PER" specificity="specificGroup">
      <entity_mention id="m-285" noun_type="NOM" source="ENG_NW_001278_20131210_F00013IO6" offset="1166" length="43">
        <mention_text>the U.S.-China climate change working group</mention_text>
        <nom_head source="ENG_NW_001278_20131210_F00013IO6" offset="1204" length="5">group</nom_head>
      </entity_mention>
    </entity>
    <entity id="ent-318" type="FAC" specificity="nonspecific">
      <entity_mention id="m-312" noun_type="NOM" source="ENG_NW_001278_20131210_F00013IO6" offset="1382" length="23">
        <mention_text>coal fired power plants</mention_text>
        <nom_head source="ENG_NW_001278_20131210_F00013IO6" offset="1399" length="6">plants</nom_head>
      </entity_mention>
    </entity>
    <entity id="ent-327" type="ORG" specificity="nonspecific">
      <entity_mention id="m-321" noun_type="NOM" source="ENG_NW_001278_20131210_F00013IO6" offset="1312" length="10">
        <mention_text>industries</mention_text>
        <nom_head source="ENG_NW_001278_20131210_F00013IO6" offset="1312" length="10">industries</nom_head>
      </entity_mention>
    </entity>
    <entity id="ent-360" type="ORG" specificity="specificIndividual">
      <entity_mention id="m-354" noun_type="NOM" source="ENG_NW_001278_20131210_F00013IO6" offset="1459" length="33">
        <mention_text>the Beijing air monitoring center</mention_text>
        <nom_head source="ENG_NW_001278_20131210_F00013IO6" offset="1486" length="6">center</nom_head>
      </entity_mention>
    </entity>
    <entity id="ent-393" type="GPE" specificity="nonspecific">
      <entity_mention id="m-387" noun_type="NOM" source="ENG_NW_001278_20131210_F00013IO6" offset="1711" length="13">
        <mention_text>the provinces</mention_text>
        <nom_head source="ENG_NW_001278_20131210_F00013IO6" offset="1715" length="9">provinces</nom_head>
      </entity_mention>
    </entity>
  </entities>
  <fillers>
    <filler id="f-480" source="ENG_NW_001278_20131210_F00013IO6" offset="356" length="13" type="title">Administrator</filler>
    <filler id="f-520" source="ENG_NW_001278_20131210_F00013IO6" offset="992" length="36" type="title">Minister of Environmental Protection</filler>
    <filler id="f-550" source="ENG_NW_001278_20131210_F00013IO6" offset="1048" length="13" type="title">Vice Chairman</filler>
    <filler id="f-649" source="ENG_NW_001278_20131210_F00013IO6" offset="392" length="7" type="time" nom_time="2013-12-10">Tuesday</filler>
  </fillers>
  <relations>
    <relation id="r-1562" type="generalaffiliation" subtype="more">
      <relation_mention id="relm-432" realis="true">
        <rel_arg1 entity_id="ent-8" entity_mention_id="m-18" role="per">U.S. environment chief</rel_arg1>
        <rel_arg2 entity_id="ent-30" entity_mention_id="m-24" role="entity">U.S.</rel_arg2>
      </relation_mention>
      <relation_mention id="relm-442" realis="true">
        <rel_arg1 entity_id="ent-8" entity_mention_id="m-57" role="per">U.S. environment chief</rel_arg1>
        <rel_arg2 entity_id="ent-30" entity_mention_id="m-63" role="entity">U.S.</rel_arg2>
      </relation_mention>
    </relation>
    <relation id="r-1563" type="partwhole" subtype="subsidiary">
      <relation_mention id="relm-452" realis="true">
        <rel_arg1 entity_id="ent-111" entity_mention_id="m-105" role="suborg">Environmental Protection Agency</rel_arg1>
        <rel_arg2 entity_id="ent-30" entity_mention_id="m-99" role="parent">U.S.</rel_arg2>
      </relation_mention>
    </relation>
    <relation id="r-1564" type="orgaffiliation" subtype="leadership">
      <relation_mention id="relm-462" realis="true">
        <rel_arg1 entity_id="ent-8" entity_mention_id="m-120" role="leader">Gina McCarthy</rel_arg1>
        <rel_arg2 entity_id="ent-111" entity_mention_id="m-105" role="entity">Environmental Protection Agency</rel_arg2>
        <trigger source="ENG_NW_001278_20131210_F00013IO6" offset="356" length="13">Administrator</trigger>
      </relation_mention>
    </relation>
    <relation id="r-1565" type="personalsocial" subtype="role">
      <relation_mention id="relm-472" realis="true">
        <rel_arg1 entity_id="ent-8" entity_mention_id="m-120" role="per">Gina McCarthy</rel_arg1>
        <rel_arg2 filler_id="f-480" role="role">Administrator</rel_arg2>
      </relation_mention>
    </relation>
    <relation id="r-1566" type="partwhole" subtype="subsidiary">
      <relation_mention id="relm-482" realis="true">
        <rel_arg1 entity_id="ent-159" entity_mention_id="m-153" role="suborg">School of the Environment</rel_arg1>
        <rel_arg2 entity_id="ent-168" entity_mention_id="m-162" role="parent">Tsinghua University</rel_arg2>
      </relation_mention>
    </relation>
    <relation id="r-1567" type="physical" subtype="locatednear">
      <relation_mention id="relm-492" realis="true">
        <rel_arg1 entity_id="ent-8" entity_mention_id="m-183" role="entity">who</rel_arg1>
        <rel_arg2 entity_id="ent-45" entity_mention_id="m-189" role="loc">China</rel_arg2>
        <trigger source="ENG_NW_001278_20131210_F00013IO6" offset="760" length="2">in</trigger>
      </relation_mention>
      <relation_mention id="relm-572" realis="true">
        <rel_arg1 entity_id="ent-8" entity_mention_id="m-420" role="entity">McCarthy</rel_arg1>
        <rel_arg2 entity_id="ent-45" entity_mention_id="m-426" role="loc">China</rel_arg2>
        <trigger source="ENG_NW_001278_20131210_F00013IO6" offset="2039" length="2">to</trigger>
      </relation_mention>
    </relation>
    <relation id="r-1568" type="orgaffiliation" subtype="employmentmembership">
      <relation_mention id="relm-502" realis="true">
        <rel_arg1 entity_id="ent-249" entity_mention_id="m-243" role="employeemember">Zhou Shengxian</rel_arg1>
        <rel_arg2 entity_id="ent-45" entity_mention_id="m-237" role="org">Chinese</rel_arg2>
        <trigger source="ENG_NW_001278_20131210_F00013IO6" offset="992" length="8">Minister</trigger>
      </relation_mention>
    </relation>
    <relation id="r-1569" type="personalsocial" subtype="role">
      <relation_mention id="relm-512" realis="true">
        <rel_arg1 entity_id="ent-249" entity_mention_id="m-243" role="per">Zhou Shengxian</rel_arg1>
        <rel_arg2 filler_id="f-520" role="role">Minister of Environmental Protection</rel_arg2>
      </relation_mention>
    </relation>
    <relation id="r-1570" type="partwhole" subtype="subsidiary">
      <relation_mention id="relm-522" realis="true">
        <rel_arg1 entity_id="ent-264" entity_mention_id="m-258" role="suborg">National Development and Reform Commission</rel_arg1>
        <rel_arg2 entity_id="ent-45" entity_mention_id="m-252" role="parent">China</rel_arg2>
        <trigger source="ENG_NW_001278_20131210_F00013IO6" offset="1065" length="7">China's</trigger>
      </relation_mention>
    </relation>
    <relation id="r-1571" type="orgaffiliation" subtype="leadership">
      <relation_mention id="relm-532" realis="true">
        <rel_arg1 entity_id="ent-273" entity_mention_id="m-267" role="leader">Xie Zhenhua</rel_arg1>
        <rel_arg2 entity_id="ent-264" entity_mention_id="m-258" role="entity">National Development and Reform Commission</rel_arg2>
        <trigger source="ENG_NW_001278_20131210_F00013IO6" offset="1053" length="8">Chairman</trigger>
      </relation_mention>
    </relation>
    <relation id="r-1572" type="personalsocial" subtype="role">
      <relation_mention id="relm-542" realis="true">
        <rel_arg1 entity_id="ent-273" entity_mention_id="m-267" role="per">Xie Zhenhua</rel_arg1>
        <rel_arg2 filler_id="f-550" role="role">Vice Chairman</rel_arg2>
      </relation_mention>
    </relation>
    <relation id="r-1573" type="physical" subtype="locatednear">
      <relation_mention id="relm-552" realis="true">
        <rel_arg1 entity_id="ent-8" entity_mention_id="m-336" role="entity">her</rel_arg1>
        <rel_arg2 entity_id="ent-87" entity_mention_id="m-342" role="loc">Beijing</rel_arg2>
        <trigger source="ENG_NW_001278_20131210_F00013IO6" offset="1435" length="2">in</trigger>
      </relation_mention>
    </relation>
    <relation id="r-1574" type="partwhole" subtype="subsidiary">
      <relation_mention id="relm-562" realis="true">
        <rel_arg1 entity_id="ent-360" entity_mention_id="m-354" role="suborg">the Beijing air monitoring center</rel_arg1>
        <rel_arg2 entity_id="ent-87" entity_mention_id="m-363" role="parent">Beijing</rel_arg2>
      </relation_mention>
    </relation>
  </relations>
  <hoppers>
    <hopper id="h-16">
      <event_mention id="em-582" type="contact" subtype="broadcast" realis="actual" audience="oneway" formality="canttell" medium="canttell" schedule="canttell">
        <trigger source="ENG_NW_001278_20131210_F00013IO6" offset="124" length="5">calls</trigger>
        <em_arg entity_id="ent-8" entity_mention_id="m-18" role="entity" realis="true">U.S. environment chief</em_arg>
      </event_mention>
      <event_mention id="em-603" type="contact" subtype="broadcast" realis="actual" audience="oneway" formality="formal" medium="inperson" schedule="planned">
        <trigger source="ENG_NW_001278_20131210_F00013IO6" offset="235" length="5">calls</trigger>
        <em_arg entity_id="ent-8" entity_mention_id="m-57" role="entity" realis="true">U.S. environment chief</em_arg>
      </event_mention>
      <event_mention id="em-624" type="contact" subtype="contact" realis="actual" audience="canttell" formality="formal" medium="inperson" schedule="planned">
        <trigger source="ENG_NW_001278_20131210_F00013IO6" offset="384" length="4">said</trigger>
        <em_arg entity_id="ent-8" entity_mention_id="m-120" role="entity" realis="true">Gina McCarthy</em_arg>
        <em_arg filler_id="f-649" role="time" realis="true">Tuesday</em_arg>
      </event_mention>
      <event_mention id="em-652" type="contact" subtype="broadcast" realis="actual" audience="oneway" formality="formal" medium="inperson" schedule="planned">
        <trigger source="ENG_NW_001278_20131210_F00013IO6" offset="660" length="6">speech</trigger>
        <em_arg entity_id="ent-8" entity_mention_id="m-147" role="entity" realis="true">she</em_arg>
        <em_arg entity_id="ent-159" entity_mention_id="m-153" role="audience" realis="true">School of the Environment</em_arg>
      </event_mention>
      <event_mention id="em-833" type="contact" subtype="broadcast" realis="actual" audience="oneway" formality="formal" medium="inperson" schedule="planned">
        <trigger source="ENG_NW_001278_20131210_F00013IO6" offset="1762" length="6">called</trigger>
        <em_arg entity_id="ent-8" entity_mention_id="m-402" role="entity" realis="true">She</em_arg>
      </event_mention>
      <event_mention id="em-854" type="contact" subtype="broadcast" realis="actual" audience="oneway" formality="formal" medium="inperson" schedule="planned">
        <trigger source="ENG_NW_001278_20131210_F00013IO6" offset="1412" length="4">said</trigger>
        <em_arg entity_id="ent-8" entity_mention_id="m-330" role="entity" realis="true">she</em_arg>
      </event_mention>
      <event_mention id="em-875" type="contact" subtype="broadcast" realis="actual" audience="oneway" formality="formal" medium="inperson" schedule="planned">
        <trigger source="ENG_NW_001278_20131210_F00013IO6" offset="1751" length="4">said</trigger>
        <em_arg entity_id="ent-8" entity_mention_id="m-396" role="entity" realis="true">she</em_arg>
      </event_mention>
      <event_mention id="em-896" type="contact" subtype="broadcast" realis="actual" audience="oneway" formality="formal" medium="inperson" schedule="planned">
        <trigger source="ENG_NW_001278_20131210_F00013IO6" offset="2001" length="4">said</trigger>
        <em_arg entity_id="ent-8" entity_mention_id="m-414" role="entity" realis="true">she</em_arg>
      </event_mention>
    </hopper>
    <hopper id="h-708">
      <event_mention id="em-680" type="movement" subtype="transportperson" realis="actual">
        <trigger source="ENG_NW_001278_20131210_F00013IO6" offset="754" length="5">visit</trigger>
        <em_arg entity_id="ent-8" entity_mention_id="m-183" role="agent" realis="true">who</em_arg>
        <em_arg entity_id="ent-45" entity_mention_id="m-189" role="destination" realis="true">China</em_arg>
      </event_mention>
      <event_mention id="em-710" type="movement" subtype="transportperson" realis="actual">
        <trigger source="ENG_NW_001278_20131210_F00013IO6" offset="959" length="5">visit</trigger>
        <em_arg entity_id="ent-8" entity_mention_id="m-225" role="agent" realis="true">her</em_arg>
      </event_mention>
      <event_mention id="em-798" type="movement" subtype="transportperson" realis="actual">
        <trigger source="ENG_NW_001278_20131210_F00013IO6" offset="2034" length="4">trip</trigger>
        <em_arg entity_id="ent-8" entity_mention_id="m-420" role="agent" realis="true">McCarthy</em_arg>
        <em_arg entity_id="ent-45" entity_mention_id="m-426" role="destination" realis="true">China</em_arg>
      </event_mention>
    </hopper>
    <hopper id="h-766">
      <event_mention id="em-731" type="contact" subtype="meet" realis="actual" audience="twoway" formality="formal" medium="inperson" schedule="planned">
        <trigger source="ENG_NW_001278_20131210_F00013IO6" offset="975" length="3">met</trigger>
        <em_arg entity_id="ent-8" entity_mention_id="m-231" role="entity" realis="true">McCarthy</em_arg>
        <em_arg entity_id="ent-249" entity_mention_id="m-243" role="entity" realis="true">Zhou Shengxian</em_arg>
        <em_arg entity_id="ent-273" entity_mention_id="m-267" role="entity" realis="true">Xie Zhenhua</em_arg>
      </event_mention>
    </hopper>
    <hopper id="h-796">
      <event_mention id="em-768" type="contact" subtype="meet" realis="actual" audience="twoway" formality="formal" medium="inperson" schedule="planned">
        <trigger source="ENG_NW_001278_20131210_F00013IO6" offset="1451" length="7">visited</trigger>
        <em_arg entity_id="ent-8" entity_mention_id="m-348" role="entity" realis="true">she</em_arg>
        <em_arg entity_id="ent-360" entity_mention_id="m-354" role="entity" realis="true">the Beijing air monitoring center</em_arg>
        <em_arg entity_id="ent-87" entity_mention_id="m-342" role="place" realis="true">Beijing</em_arg>
      </event_mention>
    </hopper>
  </hoppers>
</deft_ere>
