<?xml version="1.0" encoding="UTF-8"?>
<deft_ere kit_id="5733b8b10000000000000078" doc_id="ENG_NW_001278_20131205_F00013F7U" source_type="newswire">
  <entities>
    <entity id="ent-8" type="ORG" specificity="specificIndividual">
      <entity_mention id="m-18" noun_type="NAM" source="ENG_NW_001278_20131205_F00013F7U" offset="101" length="4">
        <mention_text>OSCE</mention_text>
      </entity_mention>
      <entity_mention id="m-48" noun_type="NAM" source="ENG_NW_001278_20131205_F00013F7U" offset="196" length="4">
        <mention_text>OSCE</mention_text>
      </entity_mention>
      <entity_mention id="m-81" noun_type="NAM" source="ENG_NW_001278_20131205_F00013F7U" offset="279" length="51">
        <mention_text>Organization for Security and Cooperation in Europe</mention_text>
      </entity_mention>
      <entity_mention id="m-87" noun_type="NAM" source="ENG_NW_001278_20131205_F00013F7U" offset="332" length="4">
        <mention_text>OSCE</mention_text>
      </entity_mention>
      <entity_mention id="m-126" noun_type="NAM" source="ENG_NW_001278_20131205_F00013F7U" offset="609" length="4">
        <mention_text>OSCE</mention_text>
      </entity_mention>
      <entity_mention id="m-162" noun_type="NAM" source="ENG_NW_001278_20131205_F00013F7U" offset="670" length="4">
        <mention_text>OSCE</mention_text>
      </entity_mention>
    </entity>
    <entity id="ent-24" type="GPE" specificity="specificIndividual">
      <entity_mention id="m-36" noun_type="NAM" source="ENG_NW_001278_20131205_F00013F7U" offset="135" length="9">
        <mention_text>Ukrainian</mention_text>
      </entity_mention>
      <entity_mention id="m-54" noun_type="NAM" source="ENG_NW_001278_20131205_F00013F7U" offset="230" length="9">
        <mention_text>Ukrainian</mention_text>
      </entity_mention>
      <entity_mention id="m-186" noun_type="NAM" source="ENG_NW_001278_20131205_F00013F7U" offset="787" length="9">
        <mention_text>Ukrainian</mention_text>
      </entity_mention>
      <entity_mention id="m-198" noun_type="NAM" source="ENG_NW_001278_20131205_F00013F7U" offset="905" length="7">
        <mention_text>Ukraine</mention_text>
      </entity_mention>
      <entity_mention id="m-276" noun_type="NAM" source="ENG_NW_001278_20131205_F00013F7U" offset="1325" length="7">
        <mention_text>Ukraine</mention_text>
      </entity_mention>
      <entity_mention id="m-327" noun_type="NAM" source="ENG_NW_001278_20131205_F00013F7U" offset="1497" length="7">
        <mention_text>Ukraine</mention_text>
      </entity_mention>
      <entity_mention id="m-372" noun_type="NAM" source="ENG_NW_001278_20131205_F00013F7U" offset="1783" length="9">
        <mention_text>Ukrainian</mention_text>
      </entity_mention>
    </entity>
    <entity id="ent-27" type="PER" specificity="specificIndividual">
      <entity_mention id="m-42" noun_type="NAM" source="ENG_NW_001278_20131205_F00013F7U" offset="174" length="5">
        <mention_text>Alona</mention_text>
      </entity_mention>
    </entity>
    <entity id="ent-30" type="GPE" specificity="specificIndividual">
      <entity_mention id="m-60" noun_type="NAM" source="ENG_NW_001278_20131205_F00013F7U" offset="250" length="4">
        <mention_text>KIEV</mention_text>
      </entity_mention>
      <entity_mention id="m-93" noun_type="NOM" source="ENG_NW_001278_20131205_F00013F7U" offset="417" length="4">
        <mention_text>here</mention_text>
        <nom_head source="ENG_NW_001278_20131205_F00013F7U" offset="417" length="4">here</nom_head>
      </entity_mention>
      <entity_mention id="m-174" noun_type="NOM" source="ENG_NW_001278_20131205_F00013F7U" offset="715" length="4">
        <mention_text>here</mention_text>
        <nom_head source="ENG_NW_001278_20131205_F00013F7U" offset="715" length="4">here</nom_head>
      </entity_mention>
      <entity_mention id="m-180" noun_type="NOM" source="ENG_NW_001278_20131205_F00013F7U" offset="783" length="21">
        <mention_text>the Ukrainian capital</mention_text>
        <nom_head source="ENG_NW_001278_20131205_F00013F7U" offset="797" length="7">capital</nom_head>
      </entity_mention>
      <entity_mention id="m-216" noun_type="NAM" source="ENG_NW_001278_20131205_F00013F7U" offset="1031" length="4">
        <mention_text>Kiev</mention_text>
      </entity_mention>
    </entity>
    <entity id="ent-33" type="ORG" specificity="specificIndividual">
      <entity_mention id="m-75" noun_type="NAM" source="ENG_NW_001278_20131205_F00013F7U" offset="264" length="6">
        <mention_text>Xinhua</mention_text>
      </entity_mention>
    </entity>
    <entity id="ent-66" type="ORG" specificity="specificGroup">
      <entity_mention id="m-99" noun_type="NOM" source="ENG_NW_001278_20131205_F00013F7U" offset="506" length="16">
        <mention_text>political groups</mention_text>
        <nom_head source="ENG_NW_001278_20131205_F00013F7U" offset="516" length="6">groups</nom_head>
      </entity_mention>
    </entity>
    <entity id="ent-69" type="PER" specificity="specificGroup">
      <entity_mention id="m-105" noun_type="NOM" source="ENG_NW_001278_20131205_F00013F7U" offset="524" length="10">
        <mention_text>the people</mention_text>
        <nom_head source="ENG_NW_001278_20131205_F00013F7U" offset="528" length="6">people</nom_head>
      </entity_mention>
      <entity_mention id="m-210" noun_type="NOM" source="ENG_NW_001278_20131205_F00013F7U" offset="1005" length="10">
        <mention_text>the people</mention_text>
        <nom_head source="ENG_NW_001278_20131205_F00013F7U" offset="1009" length="6">people</nom_head>
      </entity_mention>
    </entity>
    <entity id="ent-72" type="ORG" specificity="specificIndividual">
      <entity_mention id="m-111" noun_type="NOM" source="ENG_NW_001278_20131205_F00013F7U" offset="539" length="14">
        <mention_text>the government</mention_text>
        <nom_head source="ENG_NW_001278_20131205_F00013F7U" offset="543" length="10">government</nom_head>
      </entity_mention>
      <entity_mention id="m-222" noun_type="NOM" source="ENG_NW_001278_20131205_F00013F7U" offset="1044" length="14">
        <mention_text>the government</mention_text>
        <nom_head source="ENG_NW_001278_20131205_F00013F7U" offset="1048" length="10">government</nom_head>
      </entity_mention>
      <entity_mention id="m-315" noun_type="NOM" source="ENG_NW_001278_20131205_F00013F7U" offset="1450" length="14">
        <mention_text>the government</mention_text>
        <nom_head source="ENG_NW_001278_20131205_F00013F7U" offset="1454" length="10">government</nom_head>
      </entity_mention>
    </entity>
    <entity id="ent-123" type="ORG" specificity="specificGroup">
      <entity_mention id="m-117" noun_type="NOM" source="ENG_NW_001278_20131205_F00013F7U" offset="562" length="39">
        <mention_text>the democratically elected institutions</mention_text>
        <nom_head source="ENG_NW_001278_20131205_F00013F7U" offset="589" length="12">institutions</nom_head>
      </entity_mention>
    </entity>
    <entity id="ent-141" type="PER" specificity="specificIndividual">
      <entity_mention id="m-150" noun_type="NAM" source="ENG_NW_001278_20131205_F00013F7U" offset="647" length="16">
        <mention_text>Ranko Krivokapic</mention_text>
      </entity_mention>
      <entity_mention id="m-192" noun_type="NAM" source="ENG_NW_001278_20131205_F00013F7U" offset="871" length="10">
        <mention_text>Krivokapic</mention_text>
      </entity_mention>
      <entity_mention id="m-303" noun_type="PRO" source="ENG_NW_001278_20131205_F00013F7U" offset="889" length="3">
        <mention_text>his</mention_text>
      </entity_mention>
    </entity>
    <entity id="ent-144" type="ORG" specificity="specificIndividual">
      <entity_mention id="m-156" noun_type="NAM" source="ENG_NW_001278_20131205_F00013F7U" offset="677" length="19">
        <mention_text>ministerial council</mention_text>
      </entity_mention>
      <entity_mention id="m-168" noun_type="PRO" source="ENG_NW_001278_20131205_F00013F7U" offset="703" length="3">
        <mention_text>its</mention_text>
      </entity_mention>
    </entity>
    <entity id="ent-147" type="GPE" specificity="specificIndividual">
      <entity_mention id="m-228" noun_type="NAM" source="ENG_NW_001278_20131205_F00013F7U" offset="1103" length="14">
        <mention_text>European Union</mention_text>
      </entity_mention>
      <entity_mention id="m-234" noun_type="NAM" source="ENG_NW_001278_20131205_F00013F7U" offset="1119" length="2">
        <mention_text>EU</mention_text>
      </entity_mention>
      <entity_mention id="m-333" noun_type="NAM" source="ENG_NW_001278_20131205_F00013F7U" offset="1550" length="2">
        <mention_text>EU</mention_text>
      </entity_mention>
    </entity>
    <entity id="ent-246" type="PER" specificity="specificGroup">
      <entity_mention id="m-240" noun_type="NOM" source="ENG_NW_001278_20131205_F00013F7U" offset="1218" length="6">
        <mention_text>police</mention_text>
        <nom_head source="ENG_NW_001278_20131205_F00013F7U" offset="1218" length="6">police</nom_head>
      </entity_mention>
    </entity>
    <entity id="ent-249" type="PER" specificity="specificGroup">
      <entity_mention id="m-258" noun_type="NOM" source="ENG_NW_001278_20131205_F00013F7U" offset="1229" length="10">
        <mention_text>protesters</mention_text>
        <nom_head source="ENG_NW_001278_20131205_F00013F7U" offset="1229" length="10">protesters</nom_head>
      </entity_mention>
      <entity_mention id="m-270" noun_type="NOM" source="ENG_NW_001278_20131205_F00013F7U" offset="1301" length="14">
        <mention_text>the protesters</mention_text>
        <nom_head source="ENG_NW_001278_20131205_F00013F7U" offset="1305" length="10">protesters</nom_head>
      </entity_mention>
    </entity>
    <entity id="ent-252" type="PER" specificity="specificGroup">
      <entity_mention id="m-264" noun_type="NOM" source="ENG_NW_001278_20131205_F00013F7U" offset="1245" length="18">
        <mention_text>over 50 protesters</mention_text>
        <nom_head source="ENG_NW_001278_20131205_F00013F7U" offset="1253" length="10">protesters</nom_head>
      </entity_mention>
    </entity>
    <entity id="ent-255" type="FAC" specificity="specificGroup">
      <entity_mention id="m-282" noun_type="NOM" source="ENG_NW_001278_20131205_F00013F7U" offset="1325" length="34">
        <mention_text>Ukraine's administrative buildings</mention_text>
        <nom_head source="ENG_NW_001278_20131205_F00013F7U" offset="1350" length="9">buildings</nom_head>
      </entity_mention>
    </entity>
    <entity id="ent-288" type="PER" specificity="specificIndividual">
      <entity_mention id="m-309" noun_type="NAM" source="ENG_NW_001278_20131205_F00013F7U" offset="1416" length="17">
        <mention_text>Viktor Yanukovych</mention_text>
      </entity_mention>
    </entity>
    <entity id="ent-291" type="ORG" specificity="specificIndividual">
      <entity_mention id="m-321" noun_type="NOM" source="ENG_NW_001278_20131205_F00013F7U" offset="1484" length="10">
        <mention_text>parliament</mention_text>
        <nom_head source="ENG_NW_001278_20131205_F00013F7U" offset="1484" length="10">parliament</nom_head>
      </entity_mention>
    </entity>
    <entity id="ent-294" type="GPE" specificity="specificIndividual">
      <entity_mention id="m-339" noun_type="NOM" source="ENG_NW_001278_20131205_F00013F7U" offset="1590" length="22">
        <mention_text>the Lithuanian capital</mention_text>
        <nom_head source="ENG_NW_001278_20131205_F00013F7U" offset="1605" length="7">capital</nom_head>
      </entity_mention>
      <entity_mention id="m-345" noun_type="NAM" source="ENG_NW_001278_20131205_F00013F7U" offset="1616" length="7">
        <mention_text>Vilnius</mention_text>
      </entity_mention>
    </entity>
    <entity id="ent-297" type="GPE" specificity="specificIndividual">
      <entity_mention id="m-351" noun_type="NAM" source="ENG_NW_001278_20131205_F00013F7U" offset="1594" length="10">
        <mention_text>Lithuanian</mention_text>
      </entity_mention>
    </entity>
    <entity id="ent-300" type="GPE" specificity="specificIndividual">
      <entity_mention id="m-357" noun_type="NAM" source="ENG_NW_001278_20131205_F00013F7U" offset="1698" length="6">
        <mention_text>Russia</mention_text>
      </entity_mention>
    </entity>
    <entity id="ent-369" type="GPE" specificity="specificGroup">
      <entity_mention id="m-363" noun_type="NOM" source="ENG_NW_001278_20131205_F00013F7U" offset="1777" length="22">
        <mention_text>major Ukrainian cities</mention_text>
        <nom_head source="ENG_NW_001278_20131205_F00013F7U" offset="1793" length="6">cities</nom_head>
      </entity_mention>
    </entity>
    <entity id="ent-384" type="ORG" specificity="specificIndividual">
      <entity_mention id="m-378" noun_type="NAM" source="ENG_NW_001278_20131205_F00013F7U" offset="609" length="27">
        <mention_text>OSCE Parliamentary Assembly</mention_text>
      </entity_mention>
    </entity>
    <entity id="ent-403" type="LOC" specificity="specificIndividual">
      <entity_mention id="m-397" noun_type="NAM" source="ENG_NW_001278_20131205_F00013F7U" offset="324" length="6">
        <mention_text>Europe</mention_text>
      </entity_mention>
      <entity_mention id="m-406" noun_type="NAM" source="ENG_NW_001278_20131205_F00013F7U" offset="1103" length="8">
        <mention_text>European</mention_text>
      </entity_mention>
    </entity>
    <entity id="ent-1656" type="ORG" specificity="nonspecific">
      <entity_mention id="m-1650" noun_type="NOM" source="ENG_NW_001278_20131205_F00013F7U" offset="963" length="37">
        <mention_text>a stronger and more stable government</mention_text>
        <nom_head source="ENG_NW_001278_20131205_F00013F7U" offset="990" length="10">government</nom_head>
      </entity_mention>
    </entity>
    <entity id="ent-1665" type="LOC" specificity="specificIndividual">
      <entity_mention id="m-1659" noun_type="NAM" source="ENG_NW_001278_20131205_F00013F7U" offset="1560" length="7">
        <mention_text>Eastern</mention_text>
      </entity_mention>
    </entity>
  </entities>
  <fillers>
    <filler id="f-450" source="ENG_NW_001278_20131205_F00013F7U" offset="637" length="9" type="title">President</filler>
    <filler id="f-630" source="ENG_NW_001278_20131205_F00013F7U" offset="1406" length="9" type="title">President</filler>
    <filler id="f-779" source="ENG_NW_001278_20131205_F00013F7U" offset="348" length="8" type="time" nom_time="2013-12-05">Thursday</filler>
    <filler id="f-924" source="ENG_NW_001278_20131205_F00013F7U" offset="425" length="16" type="time" nom_time="2013-1X-XX">recent two weeks</filler>
    <filler id="f-1036" source="ENG_NW_001278_20131205_F00013F7U" offset="720" length="8" type="time" nom_time="2013-12-05">Thursday</filler>
    <filler id="f-1169" source="ENG_NW_001278_20131205_F00013F7U" offset="1138" length="7" type="time" nom_time="2013-1X-XX">14 days</filler>
    <filler id="f-1309" source="ENG_NW_001278_20131205_F00013F7U" offset="1171" length="12" type="time" nom_time="2013-1X-XX">last weekend</filler>
    <filler id="f-1410" source="ENG_NW_001278_20131205_F00013F7U" offset="1171" length="12" type="time" nom_time="2013-1X-XX">last weekend</filler>
    <filler id="f-1445" source="ENG_NW_001278_20131205_F00013F7U" offset="1171" length="12" type="time" nom_time="2013-1X-XX">last weekend</filler>
    <filler id="f-1473" source="ENG_NW_001278_20131205_F00013F7U" offset="1406" length="9" type="title">President</filler>
    <filler id="f-1522" source="ENG_NW_001278_20131205_F00013F7U" offset="1627" length="10" type="time" nom_time="2013-11-2X">Nov. 28-29</filler>
  </fillers>
  <relations>
    <relation id="r-2025" type="partwhole" subtype="subsidiary">
      <relation_mention id="relm-387" realis="true">
        <rel_arg1 entity_id="ent-123" entity_mention_id="m-117" role="suborg">the democratically elected institutions</rel_arg1>
        <rel_arg2 entity_id="ent-72" entity_mention_id="m-111" role="parent">the government</rel_arg2>
      </relation_mention>
    </relation>
    <relation id="r-2026" type="physical" subtype="orglocationorigin">
      <relation_mention id="relm-412" realis="true">
        <rel_arg1 entity_id="ent-8" entity_mention_id="m-81" role="org">Organization for Security and Cooperation in Europe</rel_arg1>
        <rel_arg2 entity_id="ent-403" entity_mention_id="m-397" role="loc">Europe</rel_arg2>
        <trigger source="ENG_NW_001278_20131205_F00013F7U" offset="321" length="2">in</trigger>
      </relation_mention>
    </relation>
    <relation id="r-2027" type="partwhole" subtype="subsidiary">
      <relation_mention id="relm-422" realis="true">
        <rel_arg1 entity_id="ent-384" entity_mention_id="m-378" role="suborg">OSCE Parliamentary Assembly</rel_arg1>
        <rel_arg2 entity_id="ent-8" entity_mention_id="m-126" role="parent">OSCE</rel_arg2>
      </relation_mention>
    </relation>
    <relation id="r-2028" type="orgaffiliation" subtype="leadership">
      <relation_mention id="relm-432" realis="true">
        <rel_arg1 entity_id="ent-141" entity_mention_id="m-150" role="leader">Ranko Krivokapic</rel_arg1>
        <rel_arg2 entity_id="ent-384" entity_mention_id="m-378" role="entity">OSCE Parliamentary Assembly</rel_arg2>
        <trigger source="ENG_NW_001278_20131205_F00013F7U" offset="637" length="9">President</trigger>
      </relation_mention>
    </relation>
    <relation id="r-2029" type="personalsocial" subtype="role">
      <relation_mention id="relm-442" realis="true">
        <rel_arg1 entity_id="ent-141" entity_mention_id="m-150" role="per">Ranko Krivokapic</rel_arg1>
        <rel_arg2 filler_id="f-450" role="role">President</rel_arg2>
      </relation_mention>
    </relation>
    <relation id="r-2030" type="partwhole" subtype="subsidiary">
      <relation_mention id="relm-482" realis="true">
        <rel_arg1 entity_id="ent-144" entity_mention_id="m-156" role="suborg">ministerial council</rel_arg1>
        <rel_arg2 entity_id="ent-8" entity_mention_id="m-162" role="parent">OSCE</rel_arg2>
        <trigger source="ENG_NW_001278_20131205_F00013F7U" offset="670" length="6">OSCE's</trigger>
      </relation_mention>
    </relation>
    <relation id="r-2031" type="physical" subtype="orglocationorigin">
      <relation_mention id="relm-492" realis="true">
        <rel_arg1 entity_id="ent-144" entity_mention_id="m-168" role="org">its</rel_arg1>
        <rel_arg2 entity_id="ent-30" entity_mention_id="m-174" role="loc">here</rel_arg2>
      </relation_mention>
    </relation>
    <relation id="r-2032" type="physical" subtype="locatednear">
      <relation_mention id="relm-502" realis="true">
        <rel_arg1 entity_id="ent-30" entity_mention_id="m-180" role="entity">the Ukrainian capital</rel_arg1>
        <rel_arg2 entity_id="ent-24" entity_mention_id="m-186" role="loc">Ukrainian</rel_arg2>
        <trigger source="ENG_NW_001278_20131205_F00013F7U" offset="787" length="9">Ukrainian</trigger>
      </relation_mention>
    </relation>
    <relation id="r-2033" type="partwhole" subtype="subsidiary">
      <relation_mention id="relm-512" realis="true">
        <rel_arg1 entity_id="ent-1656" entity_mention_id="m-1650" role="suborg">a stronger and more stable government</rel_arg1>
        <rel_arg2 entity_id="ent-24" entity_mention_id="m-198" role="parent">Ukraine</rel_arg2>
      </relation_mention>
    </relation>
    <relation id="r-2034" type="physical" subtype="resident">
      <relation_mention id="relm-522" realis="true">
        <rel_arg1 entity_id="ent-69" entity_mention_id="m-210" role="per">the people</rel_arg1>
        <rel_arg2 entity_id="ent-24" entity_mention_id="m-198" role="loc">Ukraine</rel_arg2>
      </relation_mention>
    </relation>
    <relation id="r-2035" type="physical" subtype="locatednear">
      <relation_mention id="relm-532" realis="true">
        <rel_arg1 entity_id="ent-147" entity_mention_id="m-228" role="entity">European Union</rel_arg1>
        <rel_arg2 entity_id="ent-403" entity_mention_id="m-406" role="loc">European</rel_arg2>
        <trigger source="ENG_NW_001278_20131205_F00013F7U" offset="1103" length="8">European</trigger>
      </relation_mention>
    </relation>
    <relation id="r-2036" type="physical" subtype="locatednear">
      <relation_mention id="relm-592" realis="true">
        <rel_arg1 entity_id="ent-249" entity_mention_id="m-270" role="entity">the protesters</rel_arg1>
        <rel_arg2 entity_id="ent-255" entity_mention_id="m-282" role="loc">Ukraine's administrative buildings</rel_arg2>
        <trigger source="ENG_NW_001278_20131205_F00013F7U" offset="1316" length="8">occupied</trigger>
      </relation_mention>
    </relation>
    <relation id="r-2037" type="physical" subtype="locatednear">
      <relation_mention id="relm-602" realis="true">
        <rel_arg1 entity_id="ent-255" entity_mention_id="m-282" role="entity">Ukraine's administrative buildings</rel_arg1>
        <rel_arg2 entity_id="ent-24" entity_mention_id="m-276" role="loc">Ukraine</rel_arg2>
        <trigger source="ENG_NW_001278_20131205_F00013F7U" offset="1325" length="9">Ukraine's</trigger>
      </relation_mention>
    </relation>
    <relation id="r-2038" type="orgaffiliation" subtype="leadership">
      <relation_mention id="relm-612" realis="true">
        <rel_arg1 entity_id="ent-288" entity_mention_id="m-309" role="leader">Viktor Yanukovych</rel_arg1>
        <rel_arg2 entity_id="ent-24" entity_mention_id="m-276" role="entity">Ukraine</rel_arg2>
        <trigger source="ENG_NW_001278_20131205_F00013F7U" offset="1406" length="9">President</trigger>
      </relation_mention>
    </relation>
    <relation id="r-2039" type="personalsocial" subtype="role">
      <relation_mention id="relm-622" realis="true">
        <rel_arg1 entity_id="ent-288" entity_mention_id="m-309" role="per">Viktor Yanukovych</rel_arg1>
        <rel_arg2 filler_id="f-630" role="role">President</rel_arg2>
      </relation_mention>
    </relation>
    <relation id="r-2040" type="partwhole" subtype="subsidiary">
      <relation_mention id="relm-642" realis="true">
        <rel_arg1 entity_id="ent-72" entity_mention_id="m-315" role="suborg">the government</rel_arg1>
        <rel_arg2 entity_id="ent-24" entity_mention_id="m-276" role="parent">Ukraine</rel_arg2>
      </relation_mention>
    </relation>
    <relation id="r-2041" type="partwhole" subtype="subsidiary">
      <relation_mention id="relm-652" realis="true">
        <rel_arg1 entity_id="ent-291" entity_mention_id="m-321" role="suborg">parliament</rel_arg1>
        <rel_arg2 entity_id="ent-24" entity_mention_id="m-276" role="parent">Ukraine</rel_arg2>
      </relation_mention>
    </relation>
    <relation id="r-2042" type="physical" subtype="locatednear">
      <relation_mention id="relm-682" realis="true">
        <rel_arg1 entity_id="ent-294" entity_mention_id="m-339" role="entity">the Lithuanian capital</rel_arg1>
        <rel_arg2 entity_id="ent-297" entity_mention_id="m-351" role="loc">Lithuanian</rel_arg2>
        <trigger source="ENG_NW_001278_20131205_F00013F7U" offset="1594" length="10">Lithuanian</trigger>
      </relation_mention>
    </relation>
    <relation id="r-2043" type="physical" subtype="locatednear">
      <relation_mention id="relm-702" realis="true">
        <rel_arg1 entity_id="ent-369" entity_mention_id="m-363" role="entity">major Ukrainian cities</rel_arg1>
        <rel_arg2 entity_id="ent-24" entity_mention_id="m-372" role="loc">Ukrainian</rel_arg2>
        <trigger source="ENG_NW_001278_20131205_F00013F7U" offset="1783" length="9">Ukrainian</trigger>
      </relation_mention>
    </relation>
  </relations>
  <hoppers>
    <hopper id="h-16">
      <event_mention id="em-712" type="contact" subtype="broadcast" realis="actual" audience="oneway" formality="formal" medium="canttell" schedule="canttell">
        <trigger source="ENG_NW_001278_20131205_F00013F7U" offset="106" length="5">calls</trigger>
        <em_arg entity_id="ent-8" entity_mention_id="m-18" role="entity" realis="true">OSCE</em_arg>
      </event_mention>
      <event_mention id="em-733" type="contact" subtype="broadcast" realis="actual" audience="oneway" formality="formal" medium="canttell" schedule="canttell">
        <trigger source="ENG_NW_001278_20131205_F00013F7U" offset="201" length="5">calls</trigger>
        <em_arg entity_id="ent-8" entity_mention_id="m-48" role="entity" realis="true">OSCE</em_arg>
      </event_mention>
      <event_mention id="em-754" type="contact" subtype="broadcast" realis="actual" audience="oneway" formality="formal" medium="canttell" schedule="canttell">
        <trigger source="ENG_NW_001278_20131205_F00013F7U" offset="338" length="6">called</trigger>
        <em_arg entity_id="ent-8" entity_mention_id="m-87" role="entity" realis="true">OSCE</em_arg>
        <em_arg filler_id="f-779" role="time" realis="true">Thursday</em_arg>
      </event_mention>
      <event_mention id="em-976" type="contact" subtype="broadcast" realis="actual" audience="oneway" formality="formal" medium="canttell" schedule="canttell">
        <trigger source="ENG_NW_001278_20131205_F00013F7U" offset="604" length="4">said</trigger>
        <em_arg entity_id="ent-141" entity_mention_id="m-150" role="entity" realis="true">Ranko Krivokapic</em_arg>
      </event_mention>
    </hopper>
    <hopper id="h-782">
      <event_mention id="em-927" type="contact" subtype="contact" realis="other" audience="twoway" formality="formal" medium="canttell" schedule="planned">
        <trigger source="ENG_NW_001278_20131205_F00013F7U" offset="489" length="8">dialogue</trigger>
        <em_arg entity_id="ent-66" entity_mention_id="m-99" role="entity" realis="true">political groups</em_arg>
        <em_arg entity_id="ent-69" entity_mention_id="m-105" role="entity" realis="true">the people</em_arg>
        <em_arg entity_id="ent-72" entity_mention_id="m-111" role="entity" realis="true">the government</em_arg>
        <em_arg entity_id="ent-123" entity_mention_id="m-117" role="entity" realis="true">the democratically elected institutions</em_arg>
      </event_mention>
    </hopper>
    <hopper id="h-784">
      <event_mention id="em-899" type="conflict" subtype="demonstrate" realis="actual">
        <trigger source="ENG_NW_001278_20131205_F00013F7U" offset="408" length="8">protests</trigger>
        <em_arg entity_id="ent-30" entity_mention_id="m-93" role="place" realis="true">here</em_arg>
        <em_arg filler_id="f-924" role="time" realis="true">recent two weeks</em_arg>
      </event_mention>
      <event_mention id="em-1060" type="conflict" subtype="demonstrate" realis="actual">
        <trigger source="ENG_NW_001278_20131205_F00013F7U" offset="771" length="8">protests</trigger>
        <em_arg entity_id="ent-30" entity_mention_id="m-180" role="place" realis="true">the Ukrainian capital</em_arg>
      </event_mention>
      <event_mention id="em-1144" type="conflict" subtype="demonstrate" realis="actual">
        <trigger source="ENG_NW_001278_20131205_F00013F7U" offset="1022" length="5">rally</trigger>
        <em_arg entity_id="ent-30" entity_mention_id="m-216" role="place" realis="true">Kiev</em_arg>
        <em_arg filler_id="f-1169" role="time" realis="true">14 days</em_arg>
      </event_mention>
      <event_mention id="em-1249" type="conflict" subtype="demonstrate" realis="actual">
        <trigger source="ENG_NW_001278_20131205_F00013F7U" offset="1152" length="8">protests</trigger>
        <em_arg entity_id="ent-249" entity_mention_id="m-258" role="entity" realis="true">protesters</em_arg>
        <em_arg filler_id="f-1309" role="time" realis="true">last weekend</em_arg>
      </event_mention>
    </hopper>
    <hopper id="h-788">
      <event_mention id="em-997" type="contact" subtype="meet" realis="actual" audience="twoway" formality="formal" medium="inperson" schedule="planned">
        <trigger source="ENG_NW_001278_20131205_F00013F7U" offset="707" length="7">meeting</trigger>
        <em_arg entity_id="ent-144" entity_mention_id="m-168" role="entity" realis="true">its</em_arg>
        <em_arg entity_id="ent-30" entity_mention_id="m-174" role="place" realis="true">here</em_arg>
        <em_arg filler_id="f-1036" role="time" realis="true">Thursday</em_arg>
      </event_mention>
    </hopper>
    <hopper id="h-1094">
      <event_mention id="em-1214" type="contact" subtype="contact" realis="actual" audience="twoway" formality="formal" medium="canttell" schedule="planned">
        <trigger source="ENG_NW_001278_20131205_F00013F7U" offset="1089" length="4">pact</trigger>
        <em_arg entity_id="ent-72" entity_mention_id="m-222" role="entity" realis="true">the government</em_arg>
        <em_arg entity_id="ent-147" entity_mention_id="m-228" role="entity" realis="true">European Union</em_arg>
      </event_mention>
    </hopper>
    <hopper id="h-1096">
      <event_mention id="em-1277" type="life" subtype="injure" realis="actual">
        <trigger source="ENG_NW_001278_20131205_F00013F7U" offset="1264" length="7">injured</trigger>
        <em_arg entity_id="ent-246" entity_mention_id="m-240" role="agent" realis="true">police</em_arg>
        <em_arg entity_id="ent-252" entity_mention_id="m-264" role="victim" realis="true">over 50 protesters</em_arg>
      </event_mention>
    </hopper>
    <hopper id="h-1098">
      <event_mention id="em-1319" type="conflict" subtype="attack" realis="actual">
        <trigger source="ENG_NW_001278_20131205_F00013F7U" offset="1202" length="7">clashes</trigger>
        <em_arg entity_id="ent-246" entity_mention_id="m-240" role="attacker" realis="true">police</em_arg>
        <em_arg entity_id="ent-249" entity_mention_id="m-258" role="attacker" realis="true">protesters</em_arg>
      </event_mention>
    </hopper>
    <hopper id="h-1100">
      <event_mention id="em-1378" type="movement" subtype="transportperson" realis="actual">
        <trigger source="ENG_NW_001278_20131205_F00013F7U" offset="1316" length="8">occupied</trigger>
        <em_arg entity_id="ent-249" entity_mention_id="m-270" role="agent" realis="true">the protesters</em_arg>
        <em_arg entity_id="ent-255" entity_mention_id="m-282" role="destination" realis="true">Ukraine's administrative buildings</em_arg>
        <em_arg filler_id="f-1410" role="time" realis="true">last weekend</em_arg>
      </event_mention>
    </hopper>
    <hopper id="h-1347">
      <event_mention id="em-1413" type="contact" subtype="broadcast" realis="actual" audience="oneway" formality="formal" medium="canttell" schedule="canttell">
        <trigger source="ENG_NW_001278_20131205_F00013F7U" offset="1369" length="7">demands</trigger>
        <em_arg entity_id="ent-249" entity_mention_id="m-270" role="entity" realis="true">the protesters</em_arg>
        <em_arg entity_id="ent-255" entity_mention_id="m-282" role="place" realis="true">Ukraine's administrative buildings</em_arg>
        <em_arg filler_id="f-1445" role="time" realis="true">last weekend</em_arg>
      </event_mention>
    </hopper>
    <hopper id="h-1349">
      <event_mention id="em-1448" type="personnel" subtype="endposition" realis="other">
        <trigger source="ENG_NW_001278_20131205_F00013F7U" offset="1391" length="11">impeachment</trigger>
        <em_arg entity_id="ent-288" entity_mention_id="m-309" role="person" realis="true">Viktor Yanukovych</em_arg>
        <em_arg filler_id="f-1473" role="position" realis="true">President</em_arg>
        <em_arg entity_id="ent-24" entity_mention_id="m-276" role="entity" realis="true">Ukraine</em_arg>
      </event_mention>
    </hopper>
    <hopper id="h-1351">
      <event_mention id="em-1483" type="contact" subtype="meet" realis="other" audience="twoway" formality="formal" medium="inperson" schedule="planned">
        <trigger source="ENG_NW_001278_20131205_F00013F7U" offset="1530" length="10">agreements</trigger>
        <em_arg entity_id="ent-24" entity_mention_id="m-327" role="entity" realis="true">Ukraine</em_arg>
        <em_arg entity_id="ent-147" entity_mention_id="m-333" role="entity" realis="true">EU</em_arg>
        <em_arg entity_id="ent-294" entity_mention_id="m-339" role="place" realis="true">the Lithuanian capital</em_arg>
        <em_arg filler_id="f-1522" role="time" realis="true">Nov. 28-29</em_arg>
      </event_mention>
    </hopper>
    <hopper id="h-1353">
      <event_mention id="em-1525" type="transaction" subtype="transaction" realis="generic" ways="voluntary">
        <trigger source="ENG_NW_001278_20131205_F00013F7U" offset="1682" length="5">trade</trigger>
        <em_arg entity_id="ent-24" entity_mention_id="m-327" role="giver" realis="true">Ukraine</em_arg>
        <em_arg entity_id="ent-300" entity_mention_id="m-357" role="recipient" realis="true">Russia</em_arg>
      </event_mention>
    </hopper>
    <hopper id="h-1355">
      <event_mention id="em-1775" type="personnel" subtype="endposition" realis="other">
        <trigger source="ENG_NW_001278_20131205_F00013F7U" offset="1469" length="11">disbandment</trigger>
        <em_arg entity_id="ent-291" entity_mention_id="m-321" role="entity" realis="true">parliament</em_arg>
        <em_arg entity_id="ent-24" entity_mention_id="m-276" role="place" realis="true">Ukraine</em_arg>
      </event_mention>
    </hopper>
    <hopper id="h-1567">
      <event_mention id="em-1805" type="transaction" subtype="transaction" realis="generic" ways="voluntary">
        <trigger source="ENG_NW_001278_20131205_F00013F7U" offset="1682" length="5">trade</trigger>
        <em_arg entity_id="ent-300" entity_mention_id="m-357" role="giver" realis="true">Russia</em_arg>
        <em_arg entity_id="ent-24" entity_mention_id="m-327" role="recipient" realis="true">Ukraine</em_arg>
      </event_mention>
    </hopper>
    <hopper id="h-1571">
      <event_mention id="em-1696" type="transaction" subtype="transaction" realis="generic" ways="voluntary">
        <trigger source="ENG_NW_001278_20131205_F00013F7U" offset="1083" length="5">trade</trigger>
        <em_arg entity_id="ent-147" entity_mention_id="m-228" role="giver" realis="true">European Union</em_arg>
        <em_arg entity_id="ent-24" entity_mention_id="m-198" role="recipient" realis="true">Ukraine</em_arg>
      </event_mention>
    </hopper>
    <hopper id="h-1773">
      <event_mention id="em-1745" type="personnel" subtype="endposition" realis="other">
        <trigger source="ENG_NW_001278_20131205_F00013F7U" offset="1435" length="11">resignation</trigger>
        <em_arg entity_id="ent-72" entity_mention_id="m-315" role="entity" realis="true">the government</em_arg>
        <em_arg entity_id="ent-24" entity_mention_id="m-276" role="place" realis="true">Ukraine</em_arg>
      </event_mention>
    </hopper>
    <hopper id="h-1803">
      <event_mention id="em-857" type="conflict" subtype="demonstrate" realis="actual">
        <trigger source="ENG_NW_001278_20131205_F00013F7U" offset="145" length="8">protests</trigger>
        <em_arg entity_id="ent-24" entity_mention_id="m-36" role="place" realis="true">Ukrainian</em_arg>
      </event_mention>
      <event_mention id="em-878" type="conflict" subtype="demonstrate" realis="actual">
        <trigger source="ENG_NW_001278_20131205_F00013F7U" offset="240" length="8">protests</trigger>
        <em_arg entity_id="ent-24" entity_mention_id="m-54" role="place" realis="true">Ukrainian</em_arg>
      </event_mention>
      <event_mention id="em-1629" type="conflict" subtype="demonstrate" realis="actual">
        <trigger source="ENG_NW_001278_20131205_F00013F7U" offset="1765" length="8">protests</trigger>
        <em_arg entity_id="ent-369" entity_mention_id="m-363" role="place" realis="true">major Ukrainian cities</em_arg>
      </event_mention>
    </hopper>
    <hopper id="h-1861">
      <event_mention id="em-1833" type="transaction" subtype="transaction" realis="generic" ways="voluntary">
        <trigger source="ENG_NW_001278_20131205_F00013F7U" offset="1083" length="5">trade</trigger>
        <em_arg entity_id="ent-24" entity_mention_id="m-198" role="giver" realis="true">Ukraine</em_arg>
        <em_arg entity_id="ent-147" entity_mention_id="m-228" role="recipient" realis="true">European Union</em_arg>
      </event_mention>
    </hopper>
  </hoppers>
</deft_ere>
