<?xml version="1.0" encoding="UTF-8"?>
<deft_ere kit_id="5733b8b10000000000000038" doc_id="ENG_NW_001278_20130316_F00011XE2" source_type="newswire">
  <entities>
    <entity id="ent-8" type="GPE" specificity="specificIndividual">
      <entity_mention id="m-105" noun_type="NAM" source="ENG_NW_001278_20130316_F00011XE2" offset="687" length="6">
        <mention_text>Cyprus</mention_text>
      </entity_mention>
      <entity_mention id="m-120" noun_type="NOM" source="ENG_NW_001278_20130316_F00011XE2" offset="783" length="88">
        <mention_text>the economically distressed eastern Mediterranean EU country of about one million people</mention_text>
        <nom_head source="ENG_NW_001278_20130316_F00011XE2" offset="836" length="7">country</nom_head>
      </entity_mention>
      <entity_mention id="m-165" noun_type="NAM" source="ENG_NW_001278_20130316_F00011XE2" offset="997" length="7">
        <mention_text>Cypriot</mention_text>
      </entity_mention>
      <entity_mention id="m-171" noun_type="NAM" source="ENG_NW_001278_20130316_F00011XE2" offset="1075" length="6">
        <mention_text>Cyprus</mention_text>
      </entity_mention>
      <entity_mention id="m-303" noun_type="NAM" source="ENG_NW_001278_20130316_F00011XE2" offset="1860" length="6">
        <mention_text>Cyprus</mention_text>
      </entity_mention>
      <entity_mention id="m-369" noun_type="NAM" source="ENG_NW_001278_20130316_F00011XE2" offset="2011" length="7">
        <mention_text>Cypriot</mention_text>
      </entity_mention>
      <entity_mention id="m-510" noun_type="NOM" source="ENG_NW_001278_20130316_F00011XE2" offset="3070" length="11">
        <mention_text>our country</mention_text>
        <nom_head source="ENG_NW_001278_20130316_F00011XE2" offset="3074" length="7">country</nom_head>
      </entity_mention>
      <entity_mention id="m-618" noun_type="NAM" source="ENG_NW_001278_20130316_F00011XE2" offset="3907" length="6">
        <mention_text>Cyprus</mention_text>
      </entity_mention>
      <entity_mention id="m-717" noun_type="NOM" source="ENG_NW_001278_20130316_F00011XE2" offset="1148" length="10">
        <mention_text>the island</mention_text>
        <nom_head source="ENG_NW_001278_20130316_F00011XE2" offset="1152" length="6">island</nom_head>
      </entity_mention>
    </entity>
    <entity id="ent-36" type="GPE" specificity="specificIndividual">
      <entity_mention id="m-30" noun_type="NAM" source="ENG_NW_001278_20130316_F00011XE2" offset="283" length="7">
        <mention_text>NICOSIA</mention_text>
      </entity_mention>
      <entity_mention id="m-564" noun_type="NAM" source="ENG_NW_001278_20130316_F00011XE2" offset="3317" length="7">
        <mention_text>Nicosia</mention_text>
      </entity_mention>
    </entity>
    <entity id="ent-45" type="ORG" specificity="specificIndividual">
      <entity_mention id="m-39" noun_type="NAM" source="ENG_NW_001278_20130316_F00011XE2" offset="302" length="6">
        <mention_text>Xinhua</mention_text>
      </entity_mention>
    </entity>
    <entity id="ent-60" type="GPE" specificity="specificIndividual">
      <entity_mention id="m-54" noun_type="NAM" source="ENG_NW_001278_20130316_F00011XE2" offset="391" length="8">
        <mention_text>Brussels</mention_text>
      </entity_mention>
      <entity_mention id="m-558" noun_type="NAM" source="ENG_NW_001278_20130316_F00011XE2" offset="3278" length="8">
        <mention_text>Brussels</mention_text>
      </entity_mention>
    </entity>
    <entity id="ent-69" type="ORG" specificity="specificGroup">
      <entity_mention id="m-63" noun_type="NOM" source="ENG_NW_001278_20130316_F00011XE2" offset="440" length="30">
        <mention_text>at least two political parties</mention_text>
        <nom_head source="ENG_NW_001278_20130316_F00011XE2" offset="463" length="7">parties</nom_head>
      </entity_mention>
      <entity_mention id="m-72" noun_type="PRO" source="ENG_NW_001278_20130316_F00011XE2" offset="478" length="4">
        <mention_text>they</mention_text>
      </entity_mention>
    </entity>
    <entity id="ent-84" type="ORG" specificity="specificIndividual">
      <entity_mention id="m-78" noun_type="NOM" source="ENG_NW_001278_20130316_F00011XE2" offset="515" length="14">
        <mention_text>the parliament</mention_text>
        <nom_head source="ENG_NW_001278_20130316_F00011XE2" offset="519" length="10">parliament</nom_head>
      </entity_mention>
      <entity_mention id="m-390" noun_type="NOM" source="ENG_NW_001278_20130316_F00011XE2" offset="2094" length="14">
        <mention_text>the parliament</mention_text>
        <nom_head source="ENG_NW_001278_20130316_F00011XE2" offset="2098" length="10">parliament</nom_head>
      </entity_mention>
      <entity_mention id="m-396" noun_type="NOM" source="ENG_NW_001278_20130316_F00011XE2" offset="2257" length="14">
        <mention_text>the parliament</mention_text>
        <nom_head source="ENG_NW_001278_20130316_F00011XE2" offset="2261" length="10">parliament</nom_head>
      </entity_mention>
      <entity_mention id="m-1220" noun_type="PRO" source="ENG_NW_001278_20130316_F00011XE2" offset="2110" length="5">
        <mention_text>which</mention_text>
      </entity_mention>
      <entity_mention id="m-1256" noun_type="NAM" source="ENG_NW_001278_20130316_F00011XE2" offset="2837" length="5">
        <mention_text>house</mention_text>
      </entity_mention>
      <entity_mention id="m-1262" noun_type="NOM" source="ENG_NW_001278_20130316_F00011XE2" offset="2828" length="14">
        <mention_text>the full house</mention_text>
        <nom_head source="ENG_NW_001278_20130316_F00011XE2" offset="2837" length="5">house</nom_head>
      </entity_mention>
    </entity>
    <entity id="ent-93" type="PER" specificity="specificGroup">
      <entity_mention id="m-87" noun_type="NOM" source="ENG_NW_001278_20130316_F00011XE2" offset="673" length="42">
        <mention_text>a beleaguered Cyprus government delegation</mention_text>
        <nom_head source="ENG_NW_001278_20130316_F00011XE2" offset="705" length="10">delegation</nom_head>
      </entity_mention>
    </entity>
    <entity id="ent-102" type="ORG" specificity="specificIndividual">
      <entity_mention id="m-96" noun_type="NOM" source="ENG_NW_001278_20130316_F00011XE2" offset="687" length="17">
        <mention_text>Cyprus government</mention_text>
        <nom_head source="ENG_NW_001278_20130316_F00011XE2" offset="694" length="10">government</nom_head>
      </entity_mention>
      <entity_mention id="m-495" noun_type="NOM" source="ENG_NW_001278_20130316_F00011XE2" offset="2881" length="14">
        <mention_text>the government</mention_text>
        <nom_head source="ENG_NW_001278_20130316_F00011XE2" offset="2885" length="10">government</nom_head>
      </entity_mention>
    </entity>
    <entity id="ent-117" type="GPE" specificity="specificIndividual">
      <entity_mention id="m-111" noun_type="NAM" source="ENG_NW_001278_20130316_F00011XE2" offset="833" length="2">
        <mention_text>EU</mention_text>
      </entity_mention>
    </entity>
    <entity id="ent-135" type="LOC" specificity="specificIndividual">
      <entity_mention id="m-129" noun_type="NAM" source="ENG_NW_001278_20130316_F00011XE2" offset="819" length="13">
        <mention_text>Mediterranean</mention_text>
      </entity_mention>
    </entity>
    <entity id="ent-144" type="PER" specificity="specificGroup">
      <entity_mention id="m-138" noun_type="NOM" source="ENG_NW_001278_20130316_F00011XE2" offset="847" length="24">
        <mention_text>about one million people</mention_text>
        <nom_head source="ENG_NW_001278_20130316_F00011XE2" offset="865" length="6">people</nom_head>
      </entity_mention>
    </entity>
    <entity id="ent-153" type="LOC" specificity="specificIndividual">
      <entity_mention id="m-147" noun_type="NOM" source="ENG_NW_001278_20130316_F00011XE2" offset="811" length="21">
        <mention_text>eastern Mediterranean</mention_text>
        <nom_head source="ENG_NW_001278_20130316_F00011XE2" offset="819" length="13">Mediterranean</nom_head>
      </entity_mention>
    </entity>
    <entity id="ent-162" type="PER" specificity="specificIndividual">
      <entity_mention id="m-156" noun_type="NAM" source="ENG_NW_001278_20130316_F00011XE2" offset="897" length="19">
        <mention_text>Jeroen Dijsselbloem</mention_text>
      </entity_mention>
      <entity_mention id="m-1154" noun_type="PRO" source="ENG_NW_001278_20130316_F00011XE2" offset="917" length="3">
        <mention_text>who</mention_text>
      </entity_mention>
    </entity>
    <entity id="ent-183" type="GPE" specificity="specificGroup">
      <entity_mention id="m-177" noun_type="NOM" source="ENG_NW_001278_20130316_F00011XE2" offset="1210" length="97">
        <mention_text>other countries which received bailout support before such as Spain, Portugal, Ireland and Greece</mention_text>
        <nom_head source="ENG_NW_001278_20130316_F00011XE2" offset="1216" length="9">countries</nom_head>
      </entity_mention>
    </entity>
    <entity id="ent-192" type="PER" specificity="specificGroup">
      <entity_mention id="m-186" noun_type="NOM" source="ENG_NW_001278_20130316_F00011XE2" offset="1196" length="111">
        <mention_text>depositors in other countries which received bailout support before such as Spain, Portugal, Ireland and Greece</mention_text>
        <nom_head source="ENG_NW_001278_20130316_F00011XE2" offset="1196" length="10">depositors</nom_head>
      </entity_mention>
    </entity>
    <entity id="ent-201" type="GPE" specificity="specificIndividual">
      <entity_mention id="m-195" noun_type="NAM" source="ENG_NW_001278_20130316_F00011XE2" offset="1272" length="5">
        <mention_text>Spain</mention_text>
      </entity_mention>
    </entity>
    <entity id="ent-210" type="GPE" specificity="specificIndividual">
      <entity_mention id="m-204" noun_type="NAM" source="ENG_NW_001278_20130316_F00011XE2" offset="1279" length="8">
        <mention_text>Portugal</mention_text>
      </entity_mention>
    </entity>
    <entity id="ent-219" type="GPE" specificity="specificIndividual">
      <entity_mention id="m-213" noun_type="NAM" source="ENG_NW_001278_20130316_F00011XE2" offset="1289" length="7">
        <mention_text>Ireland</mention_text>
      </entity_mention>
    </entity>
    <entity id="ent-222" type="GPE" specificity="specificIndividual">
      <entity_mention id="m-225" noun_type="NAM" source="ENG_NW_001278_20130316_F00011XE2" offset="1301" length="6">
        <mention_text>Greece</mention_text>
      </entity_mention>
    </entity>
    <entity id="ent-237" type="PER" specificity="specificGroup">
      <entity_mention id="m-231" noun_type="NOM" source="ENG_NW_001278_20130316_F00011XE2" offset="1404" length="8">
        <mention_text>Russians</mention_text>
        <nom_head source="ENG_NW_001278_20130316_F00011XE2" offset="1404" length="8">Russians</nom_head>
      </entity_mention>
    </entity>
    <entity id="ent-246" type="PER" specificity="specificGroup">
      <entity_mention id="m-240" noun_type="NOM" source="ENG_NW_001278_20130316_F00011XE2" offset="1439" length="35">
        <mention_text>thousands of small local depositors</mention_text>
        <nom_head source="ENG_NW_001278_20130316_F00011XE2" offset="1439" length="9">thousands</nom_head>
      </entity_mention>
      <entity_mention id="m-1184" noun_type="PRO" source="ENG_NW_001278_20130316_F00011XE2" offset="1484" length="4">
        <mention_text>them</mention_text>
      </entity_mention>
    </entity>
    <entity id="ent-255" type="PER" specificity="specificGroup">
      <entity_mention id="m-249" noun_type="NOM" source="ENG_NW_001278_20130316_F00011XE2" offset="1476" length="12">
        <mention_text>many of them</mention_text>
        <nom_head source="ENG_NW_001278_20130316_F00011XE2" offset="1476" length="4">many</nom_head>
      </entity_mention>
      <entity_mention id="m-258" noun_type="PRO" source="ENG_NW_001278_20130316_F00011XE2" offset="1512" length="5">
        <mention_text>their</mention_text>
      </entity_mention>
      <entity_mention id="m-264" noun_type="PRO" source="ENG_NW_001278_20130316_F00011XE2" offset="1531" length="5">
        <mention_text>their</mention_text>
      </entity_mention>
    </entity>
    <entity id="ent-276" type="ORG" specificity="specificIndividual">
      <entity_mention id="m-270" noun_type="NAM" source="ENG_NW_001278_20130316_F00011XE2" offset="1572" length="4">
        <mention_text>AKEL</mention_text>
      </entity_mention>
      <entity_mention id="m-288" noun_type="NAM" source="ENG_NW_001278_20130316_F00011XE2" offset="1815" length="4">
        <mention_text>AKEL</mention_text>
      </entity_mention>
      <entity_mention id="m-1190" noun_type="NOM" source="ENG_NW_001278_20130316_F00011XE2" offset="1546" length="36">
        <mention_text>Main opposition left wing AKEL party</mention_text>
        <nom_head source="ENG_NW_001278_20130316_F00011XE2" offset="1577" length="5">party</nom_head>
      </entity_mention>
      <entity_mention id="m-1196" noun_type="PRO" source="ENG_NW_001278_20130316_F00011XE2" offset="1584" length="5">
        <mention_text>which</mention_text>
      </entity_mention>
    </entity>
    <entity id="ent-285" type="PER" specificity="specificIndividual">
      <entity_mention id="m-279" noun_type="NAM" source="ENG_NW_001278_20130316_F00011XE2" offset="1710" length="18">
        <mention_text>Nicos Anastasiades</mention_text>
      </entity_mention>
      <entity_mention id="m-552" noun_type="NAM" source="ENG_NW_001278_20130316_F00011XE2" offset="3213" length="12">
        <mention_text>Anastasiades</mention_text>
      </entity_mention>
      <entity_mention id="m-570" noun_type="PRO" source="ENG_NW_001278_20130316_F00011XE2" offset="3377" length="3">
        <mention_text>his</mention_text>
      </entity_mention>
    </entity>
    <entity id="ent-300" type="PER" specificity="specificIndividual">
      <entity_mention id="m-294" noun_type="NAM" source="ENG_NW_001278_20130316_F00011XE2" offset="1829" length="16">
        <mention_text>Antros Kyprianou</mention_text>
      </entity_mention>
      <entity_mention id="m-1208" noun_type="NOM" source="ENG_NW_001278_20130316_F00011XE2" offset="1815" length="13">
        <mention_text>AKEL's leader</mention_text>
        <nom_head source="ENG_NW_001278_20130316_F00011XE2" offset="1822" length="6">leader</nom_head>
      </entity_mention>
    </entity>
    <entity id="ent-315" type="LOC" specificity="specificIndividual">
      <entity_mention id="m-309" noun_type="NAM" source="ENG_NW_001278_20130316_F00011XE2" offset="1869" length="8">
        <mention_text>European</mention_text>
      </entity_mention>
      <entity_mention id="m-459" noun_type="NAM" source="ENG_NW_001278_20130316_F00011XE2" offset="2583" length="8">
        <mention_text>European</mention_text>
      </entity_mention>
    </entity>
    <entity id="ent-357" type="GPE" specificity="specificIndividual">
      <entity_mention id="m-351" noun_type="NAM" source="ENG_NW_001278_20130316_F00011XE2" offset="1984" length="7">
        <mention_text>Russian</mention_text>
      </entity_mention>
    </entity>
    <entity id="ent-381" type="ORG" specificity="specificIndividual">
      <entity_mention id="m-375" noun_type="NAM" source="ENG_NW_001278_20130316_F00011XE2" offset="2037" length="4">
        <mention_text>EDEK</mention_text>
      </entity_mention>
      <entity_mention id="m-384" noun_type="PRO" source="ENG_NW_001278_20130316_F00011XE2" offset="2058" length="2">
        <mention_text>it</mention_text>
      </entity_mention>
      <entity_mention id="m-1214" noun_type="NOM" source="ENG_NW_001278_20130316_F00011XE2" offset="2027" length="20">
        <mention_text>Socialist EDEK party</mention_text>
        <nom_head source="ENG_NW_001278_20130316_F00011XE2" offset="2042" length="5">party</nom_head>
      </entity_mention>
    </entity>
    <entity id="ent-408" type="PER" specificity="specificGroup">
      <entity_mention id="m-402" noun_type="NOM" source="ENG_NW_001278_20130316_F00011XE2" offset="2350" length="26">
        <mention_text>Several hundred depositors</mention_text>
        <nom_head source="ENG_NW_001278_20130316_F00011XE2" offset="2366" length="10">depositors</nom_head>
      </entity_mention>
      <entity_mention id="m-420" noun_type="PRO" source="ENG_NW_001278_20130316_F00011XE2" offset="2474" length="5">
        <mention_text>their</mention_text>
      </entity_mention>
      <entity_mention id="m-426" noun_type="PRO" source="ENG_NW_001278_20130316_F00011XE2" offset="2511" length="4">
        <mention_text>they</mention_text>
      </entity_mention>
      <entity_mention id="m-1238" noun_type="PRO" source="ENG_NW_001278_20130316_F00011XE2" offset="2555" length="4">
        <mention_text>them</mention_text>
      </entity_mention>
    </entity>
    <entity id="ent-438" type="PER" specificity="specificGroup">
      <entity_mention id="m-432" noun_type="NOM" source="ENG_NW_001278_20130316_F00011XE2" offset="2547" length="12">
        <mention_text>Many of them</mention_text>
        <nom_head source="ENG_NW_001278_20130316_F00011XE2" offset="2547" length="4">Many</nom_head>
      </entity_mention>
      <entity_mention id="m-465" noun_type="PRO" source="ENG_NW_001278_20130316_F00011XE2" offset="2629" length="4">
        <mention_text>them</mention_text>
      </entity_mention>
    </entity>
    <entity id="ent-447" type="ORG" specificity="specificGroup">
      <entity_mention id="m-441" noun_type="NOM" source="ENG_NW_001278_20130316_F00011XE2" offset="2570" length="31">
        <mention_text>embassies of European countries</mention_text>
        <nom_head source="ENG_NW_001278_20130316_F00011XE2" offset="2570" length="9">embassies</nom_head>
      </entity_mention>
    </entity>
    <entity id="ent-456" type="GPE" specificity="specificGroup">
      <entity_mention id="m-450" noun_type="NOM" source="ENG_NW_001278_20130316_F00011XE2" offset="2583" length="18">
        <mention_text>European countries</mention_text>
        <nom_head source="ENG_NW_001278_20130316_F00011XE2" offset="2592" length="9">countries</nom_head>
      </entity_mention>
    </entity>
    <entity id="ent-486" type="ORG" specificity="specificIndividual">
      <entity_mention id="m-480" noun_type="NOM" source="ENG_NW_001278_20130316_F00011XE2" offset="2735" length="35">
        <mention_text>the parliamentary finance committee</mention_text>
        <nom_head source="ENG_NW_001278_20130316_F00011XE2" offset="2761" length="9">committee</nom_head>
      </entity_mention>
      <entity_mention id="m-1250" noun_type="PRO" source="ENG_NW_001278_20130316_F00011XE2" offset="2772" length="5">
        <mention_text>which</mention_text>
      </entity_mention>
      <entity_mention id="m-1274" noun_type="NOM" source="ENG_NW_001278_20130316_F00011XE2" offset="3129" length="9">
        <mention_text>committee</mention_text>
        <nom_head source="ENG_NW_001278_20130316_F00011XE2" offset="3129" length="9">committee</nom_head>
      </entity_mention>
    </entity>
    <entity id="ent-522" type="PER" specificity="specificGroup">
      <entity_mention id="m-516" noun_type="NOM" source="ENG_NW_001278_20130316_F00011XE2" offset="3112" length="9">
        <mention_text>investors</mention_text>
        <nom_head source="ENG_NW_001278_20130316_F00011XE2" offset="3112" length="9">investors</nom_head>
      </entity_mention>
    </entity>
    <entity id="ent-531" type="PER" specificity="specificIndividual">
      <entity_mention id="m-471" noun_type="NOM" source="ENG_NW_001278_20130316_F00011XE2" offset="2718" length="52">
        <mention_text>The president of the parliamentary finance committee</mention_text>
        <nom_head source="ENG_NW_001278_20130316_F00011XE2" offset="2722" length="9">president</nom_head>
      </entity_mention>
      <entity_mention id="m-489" noun_type="PRO" source="ENG_NW_001278_20130316_F00011XE2" offset="2862" length="2">
        <mention_text>he</mention_text>
      </entity_mention>
      <entity_mention id="m-525" noun_type="NAM" source="ENG_NW_001278_20130316_F00011XE2" offset="3148" length="20">
        <mention_text>Nicolas Papadopoulos</mention_text>
      </entity_mention>
      <entity_mention id="m-534" noun_type="NOM" source="ENG_NW_001278_20130316_F00011XE2" offset="3170" length="30">
        <mention_text>a MP from coalition DIKO party</mention_text>
        <nom_head source="ENG_NW_001278_20130316_F00011XE2" offset="3172" length="2">MP</nom_head>
      </entity_mention>
    </entity>
    <entity id="ent-549" type="ORG" specificity="specificIndividual">
      <entity_mention id="m-543" noun_type="NAM" source="ENG_NW_001278_20130316_F00011XE2" offset="3190" length="4">
        <mention_text>DIKO</mention_text>
      </entity_mention>
      <entity_mention id="m-1280" noun_type="NOM" source="ENG_NW_001278_20130316_F00011XE2" offset="3180" length="20">
        <mention_text>coalition DIKO party</mention_text>
        <nom_head source="ENG_NW_001278_20130316_F00011XE2" offset="3195" length="5">party</nom_head>
      </entity_mention>
    </entity>
    <entity id="ent-582" type="PER" specificity="specificGroup">
      <entity_mention id="m-576" noun_type="NOM" source="ENG_NW_001278_20130316_F00011XE2" offset="3377" length="13">
        <mention_text>his ministers</mention_text>
        <nom_head source="ENG_NW_001278_20130316_F00011XE2" offset="3381" length="9">ministers</nom_head>
      </entity_mention>
    </entity>
    <entity id="ent-591" type="ORG" specificity="specificIndividual">
      <entity_mention id="m-585" noun_type="NAM" source="ENG_NW_001278_20130316_F00011XE2" offset="3671" length="27">
        <mention_text>International Monetary Fund</mention_text>
      </entity_mention>
      <entity_mention id="m-603" noun_type="NAM" source="ENG_NW_001278_20130316_F00011XE2" offset="3807" length="3">
        <mention_text>IMF</mention_text>
      </entity_mention>
    </entity>
    <entity id="ent-600" type="GPE" specificity="specificGroup">
      <entity_mention id="m-594" noun_type="NOM" source="ENG_NW_001278_20130316_F00011XE2" offset="3781" length="19">
        <mention_text>Eurogroup countries</mention_text>
        <nom_head source="ENG_NW_001278_20130316_F00011XE2" offset="3791" length="9">countries</nom_head>
      </entity_mention>
    </entity>
    <entity id="ent-615" type="GPE" specificity="specificGroup">
      <entity_mention id="m-609" noun_type="NOM" source="ENG_NW_001278_20130316_F00011XE2" offset="3850" length="23">
        <mention_text>some Eurozone countries</mention_text>
        <nom_head source="ENG_NW_001278_20130316_F00011XE2" offset="3864" length="9">countries</nom_head>
      </entity_mention>
    </entity>
    <entity id="ent-698" type="ORG" specificity="specificIndividual">
      <entity_mention id="m-733" noun_type="NOM" source="ENG_NW_001278_20130316_F00011XE2" offset="1679" length="49">
        <mention_text>the center-right government of Nicos Anastasiades</mention_text>
        <nom_head source="ENG_NW_001278_20130316_F00011XE2" offset="1696" length="10">government</nom_head>
      </entity_mention>
    </entity>
    <entity id="ent-765" type="FAC" specificity="specificGroup">
      <entity_mention id="m-411" noun_type="NOM" source="ENG_NW_001278_20130316_F00011XE2" offset="2429" length="31">
        <mention_text>the only banks open on Saturday</mention_text>
        <nom_head source="ENG_NW_001278_20130316_F00011XE2" offset="2438" length="5">banks</nom_head>
      </entity_mention>
      <entity_mention id="m-759" noun_type="NOM" source="ENG_NW_001278_20130316_F00011XE2" offset="2392" length="29">
        <mention_text>co-operative credit societies</mention_text>
        <nom_head source="ENG_NW_001278_20130316_F00011XE2" offset="2412" length="9">societies</nom_head>
      </entity_mention>
    </entity>
    <entity id="ent-1085" type="PER" specificity="specificGroup">
      <entity_mention id="m-18" noun_type="NOM" source="ENG_NW_001278_20130316_F00011XE2" offset="101" length="8">
        <mention_text>Cypriots</mention_text>
        <nom_head source="ENG_NW_001278_20130316_F00011XE2" offset="101" length="8">Cypriots</nom_head>
      </entity_mention>
      <entity_mention id="m-24" noun_type="NOM" source="ENG_NW_001278_20130316_F00011XE2" offset="215" length="8">
        <mention_text>Cypriots</mention_text>
        <nom_head source="ENG_NW_001278_20130316_F00011XE2" offset="215" length="8">Cypriots</nom_head>
      </entity_mention>
      <entity_mention id="m-48" noun_type="NOM" source="ENG_NW_001278_20130316_F00011XE2" offset="313" length="8">
        <mention_text>Cypriots</mention_text>
        <nom_head source="ENG_NW_001278_20130316_F00011XE2" offset="313" length="8">Cypriots</nom_head>
      </entity_mention>
      <entity_mention id="m-1268" noun_type="PRO" source="ENG_NW_001278_20130316_F00011XE2" offset="3070" length="3">
        <mention_text>our</mention_text>
      </entity_mention>
    </entity>
    <entity id="ent-1094" type="ORG" specificity="specificGroup">
      <entity_mention id="m-360" noun_type="NOM" source="ENG_NW_001278_20130316_F00011XE2" offset="2011" length="13">
        <mention_text>Cypriot banks</mention_text>
        <nom_head source="ENG_NW_001278_20130316_F00011XE2" offset="2019" length="5">banks</nom_head>
      </entity_mention>
      <entity_mention id="m-501" noun_type="NOM" source="ENG_NW_001278_20130316_F00011XE2" offset="2946" length="9">
        <mention_text>the banks</mention_text>
        <nom_head source="ENG_NW_001278_20130316_F00011XE2" offset="2950" length="5">banks</nom_head>
      </entity_mention>
      <entity_mention id="m-1088" noun_type="NOM" source="ENG_NW_001278_20130316_F00011XE2" offset="154" length="4">
        <mention_text>bank</mention_text>
        <nom_head source="ENG_NW_001278_20130316_F00011XE2" offset="154" length="4">bank</nom_head>
      </entity_mention>
      <entity_mention id="m-1106" noun_type="NOM" source="ENG_NW_001278_20130316_F00011XE2" offset="268" length="4">
        <mention_text>bank</mention_text>
        <nom_head source="ENG_NW_001278_20130316_F00011XE2" offset="268" length="4">bank</nom_head>
      </entity_mention>
      <entity_mention id="m-1121" noun_type="NOM" source="ENG_NW_001278_20130316_F00011XE2" offset="420" length="4">
        <mention_text>bank</mention_text>
        <nom_head source="ENG_NW_001278_20130316_F00011XE2" offset="420" length="4">bank</nom_head>
      </entity_mention>
      <entity_mention id="m-1202" noun_type="NOM" source="ENG_NW_001278_20130316_F00011XE2" offset="1799" length="4">
        <mention_text>bank</mention_text>
        <nom_head source="ENG_NW_001278_20130316_F00011XE2" offset="1799" length="4">bank</nom_head>
      </entity_mention>
      <entity_mention id="m-1232" noun_type="NOM" source="ENG_NW_001278_20130316_F00011XE2" offset="2335" length="4">
        <mention_text>bank</mention_text>
        <nom_head source="ENG_NW_001278_20130316_F00011XE2" offset="2335" length="4">bank</nom_head>
      </entity_mention>
    </entity>
    <entity id="ent-1103" type="PER" specificity="specificIndividual">
      <entity_mention id="m-1097" noun_type="NAM" source="ENG_NW_001278_20130316_F00011XE2" offset="188" length="10">
        <mention_text>huangyanan</mention_text>
      </entity_mention>
    </entity>
    <entity id="ent-1118" type="ORG" specificity="specificIndividual">
      <entity_mention id="m-318" noun_type="NOM" source="ENG_NW_001278_20130316_F00011XE2" offset="1860" length="26">
        <mention_text>Cyprus's European partners</mention_text>
        <nom_head source="ENG_NW_001278_20130316_F00011XE2" offset="1878" length="8">partners</nom_head>
      </entity_mention>
      <entity_mention id="m-327" noun_type="PRO" source="ENG_NW_001278_20130316_F00011XE2" offset="1897" length="4">
        <mention_text>them</mention_text>
      </entity_mention>
      <entity_mention id="m-333" noun_type="PRO" source="ENG_NW_001278_20130316_F00011XE2" offset="1914" length="5">
        <mention_text>their</mention_text>
      </entity_mention>
      <entity_mention id="m-339" noun_type="PRO" source="ENG_NW_001278_20130316_F00011XE2" offset="1960" length="4">
        <mention_text>they</mention_text>
      </entity_mention>
      <entity_mention id="m-345" noun_type="PRO" source="ENG_NW_001278_20130316_F00011XE2" offset="1970" length="5">
        <mention_text>their</mention_text>
      </entity_mention>
      <entity_mention id="m-1112" noun_type="NAM" source="ENG_NW_001278_20130316_F00011XE2" offset="371" length="8">
        <mention_text>Eurozone</mention_text>
      </entity_mention>
      <entity_mention id="m-1292" noun_type="NAM" source="ENG_NW_001278_20130316_F00011XE2" offset="3855" length="8">
        <mention_text>Eurozone</mention_text>
      </entity_mention>
    </entity>
    <entity id="ent-1133" type="GPE" specificity="specificIndividual">
      <entity_mention id="m-1127" noun_type="NAM" source="ENG_NW_001278_20130316_F00011XE2" offset="609" length="4">
        <mention_text>U.S.</mention_text>
      </entity_mention>
    </entity>
    <entity id="ent-1142" type="GPE" specificity="specificIndividual">
      <entity_mention id="m-1136" noun_type="NAM" source="ENG_NW_001278_20130316_F00011XE2" offset="874" length="5">
        <mention_text>Dutch</mention_text>
      </entity_mention>
    </entity>
    <entity id="ent-1151" type="ORG" specificity="specificIndividual">
      <entity_mention id="m-1145" noun_type="NAM" source="ENG_NW_001278_20130316_F00011XE2" offset="880" length="7">
        <mention_text>Finance</mention_text>
      </entity_mention>
    </entity>
    <entity id="ent-1166" type="ORG" specificity="specificIndividual">
      <entity_mention id="m-1160" noun_type="NAM" source="ENG_NW_001278_20130316_F00011XE2" offset="931" length="9">
        <mention_text>Eurogroup</mention_text>
      </entity_mention>
      <entity_mention id="m-1226" noun_type="NAM" source="ENG_NW_001278_20130316_F00011XE2" offset="2188" length="9">
        <mention_text>Eurogroup</mention_text>
      </entity_mention>
      <entity_mention id="m-1286" noun_type="NAM" source="ENG_NW_001278_20130316_F00011XE2" offset="3781" length="9">
        <mention_text>Eurogroup</mention_text>
      </entity_mention>
    </entity>
    <entity id="ent-1181" type="PER" specificity="nonspecific">
      <entity_mention id="m-1175" noun_type="NOM" source="ENG_NW_001278_20130316_F00011XE2" offset="1452" length="22">
        <mention_text>small local depositors</mention_text>
        <nom_head source="ENG_NW_001278_20130316_F00011XE2" offset="1464" length="10">depositors</nom_head>
      </entity_mention>
    </entity>
  </entities>
  <fillers>
    <filler id="f-690" source="ENG_NW_001278_20130316_F00011XE2" offset="880" length="16" type="title">Finance Minister</filler>
    <filler id="f-866" source="ENG_NW_001278_20130316_F00011XE2" offset="3203" length="9" type="title">President</filler>
    <filler id="f-1073" source="ENG_NW_001278_20130316_F00011XE2" offset="3139" length="8" type="title">chairman</filler>
    <filler id="f-2361" source="ENG_NW_001278_20130316_F00011XE2" offset="2452" length="8" type="time" nom_time="2013-03-16">Saturday</filler>
    <filler id="f-917" source="ENG_NW_001278_20130316_F00011XE2" offset="3305" length="8" type="time" nom_time="2013-03-16">Saturday</filler>
    <filler id="f-2590" source="ENG_NW_001278_20130316_F00011XE2" offset="3305" length="8" type="time" nom_time="2013-03-16">Saturday</filler>
    <filler id="f-2077" source="ENG_NW_001278_20130316_F00011XE2" offset="1624" length="12" type="title">presidential</filler>
    <filler id="f-2084" source="ENG_NW_001278_20130316_F00011XE2" offset="1646" length="23" type="time" nom_time="2013-XX-XX">less than one month ago</filler>
    <filler id="f-2311" source="ENG_NW_001278_20130316_F00011XE2" offset="2282" length="29" type="time" nom_time="2013-03-1X">either on Sunday or on Monday</filler>
    <filler id="f-1713" source="ENG_NW_001278_20130316_F00011XE2" offset="568" length="53" type="money">higher than 100,000 euros (about 130,000 U.S. dollars</filler>
    <filler id="f-1765" source="ENG_NW_001278_20130316_F00011XE2" offset="735" length="17" type="time" nom_time="2013-03-1X">through the night</filler>
    <filler id="f-1977" source="ENG_NW_001278_20130316_F00011XE2" offset="1343" length="23" type="money">about 5.8 billion euros</filler>
    <filler id="f-2352" source="ENG_NW_001278_20130316_F00011XE2" offset="2452" length="8" type="time" nom_time="2013-03-16">Saturday</filler>
    <filler id="f-2694" source="ENG_NW_001278_20130316_F00011XE2" offset="3529" length="22" type="money">below 10 billion euros</filler>
    <filler id="f-2723" source="ENG_NW_001278_20130316_F00011XE2" offset="3713" length="23" type="money">about one billion euros</filler>
  </fillers>
  <relations>
    <relation id="r-1135" type="partwhole" subtype="subsidiary">
      <relation_mention id="relm-652" realis="true">
        <rel_arg1 entity_id="ent-102" entity_mention_id="m-96" role="suborg">Cyprus government</rel_arg1>
        <rel_arg2 entity_id="ent-8" entity_mention_id="m-105" role="parent">Cyprus</rel_arg2>
      </relation_mention>
    </relation>
    <relation id="r-1136" type="partwhole" subtype="membership">
      <relation_mention id="relm-662" realis="true">
        <rel_arg1 entity_id="ent-8" entity_mention_id="m-120" role="member">the economically distressed eastern Mediterranean EU country of about one million people</rel_arg1>
        <rel_arg2 entity_id="ent-117" entity_mention_id="m-111" role="org">EU</rel_arg2>
      </relation_mention>
    </relation>
    <relation id="r-1137" type="physical" subtype="locatednear">
      <relation_mention id="relm-672" realis="true">
        <rel_arg1 entity_id="ent-8" entity_mention_id="m-120" role="entity">the economically distressed eastern Mediterranean EU country of about one million people</rel_arg1>
        <rel_arg2 entity_id="ent-153" entity_mention_id="m-147" role="loc">eastern Mediterranean</rel_arg2>
      </relation_mention>
    </relation>
    <relation id="r-1138" type="personalsocial" subtype="role">
      <relation_mention id="relm-682" realis="true">
        <rel_arg1 entity_id="ent-162" entity_mention_id="m-156" role="per">Jeroen Dijsselbloem</rel_arg1>
        <rel_arg2 filler_id="f-690" role="role">Finance Minister</rel_arg2>
      </relation_mention>
    </relation>
    <relation id="r-1139" type="orgaffiliation" subtype="leadership">
      <relation_mention id="relm-701" realis="true">
        <rel_arg1 entity_id="ent-162" entity_mention_id="m-156" role="leader">Jeroen Dijsselbloem</rel_arg1>
        <rel_arg2 entity_id="ent-1151" entity_mention_id="m-1145" role="entity">Finance</rel_arg2>
        <trigger source="ENG_NW_001278_20130316_F00011XE2" offset="888" length="8">Minister</trigger>
      </relation_mention>
    </relation>
    <relation id="r-1140" type="physical" subtype="locatednear">
      <relation_mention id="relm-723" realis="true">
        <rel_arg1 entity_id="ent-192" entity_mention_id="m-186" role="entity">depositors in other countries which received bailout support before such as Spain, Portugal, Ireland and Greece</rel_arg1>
        <rel_arg2 entity_id="ent-183" entity_mention_id="m-177" role="loc">other countries which received bailout support before such as Spain, Portugal, Ireland and Greece</rel_arg2>
        <trigger source="ENG_NW_001278_20130316_F00011XE2" offset="1207" length="2">in</trigger>
      </relation_mention>
    </relation>
    <relation id="r-1141" type="physical" subtype="orglocationorigin">
      <relation_mention id="relm-749" realis="true">
        <rel_arg1 entity_id="ent-1118" entity_mention_id="m-318" role="org">Cyprus's European partners</rel_arg1>
        <rel_arg2 entity_id="ent-315" entity_mention_id="m-309" role="loc">European</rel_arg2>
        <trigger source="ENG_NW_001278_20130316_F00011XE2" offset="1869" length="8">European</trigger>
      </relation_mention>
    </relation>
    <relation id="r-1142" type="physical" subtype="locatednear">
      <relation_mention id="relm-768" realis="true">
        <rel_arg1 entity_id="ent-408" entity_mention_id="m-402" role="entity">Several hundred depositors</rel_arg1>
        <rel_arg2 entity_id="ent-765" entity_mention_id="m-759" role="loc">co-operative credit societies</rel_arg2>
        <trigger source="ENG_NW_001278_20130316_F00011XE2" offset="2384" length="7">outside</trigger>
      </relation_mention>
    </relation>
    <relation id="r-1143" type="partwhole" subtype="subsidiary">
      <relation_mention id="relm-808" realis="true">
        <rel_arg1 entity_id="ent-447" entity_mention_id="m-441" role="suborg">embassies of European countries</rel_arg1>
        <rel_arg2 entity_id="ent-456" entity_mention_id="m-450" role="parent">European countries</rel_arg2>
        <trigger source="ENG_NW_001278_20130316_F00011XE2" offset="2580" length="2">of</trigger>
      </relation_mention>
    </relation>
    <relation id="r-1144" type="personalsocial" subtype="role">
      <relation_mention id="relm-858" realis="true">
        <rel_arg1 entity_id="ent-285" entity_mention_id="m-552" role="per">Anastasiades</rel_arg1>
        <rel_arg2 filler_id="f-866" role="role">President</rel_arg2>
      </relation_mention>
    </relation>
    <relation id="r-1145" type="physical" subtype="locatednear">
      <relation_mention id="relm-868" realis="true">
        <rel_arg1 entity_id="ent-285" entity_mention_id="m-552" role="entity">Anastasiades</rel_arg1>
        <rel_arg2 entity_id="ent-60" entity_mention_id="m-558" role="loc">Brussels</rel_arg2>
        <trigger source="ENG_NW_001278_20130316_F00011XE2" offset="3275" length="2">in</trigger>
      </relation_mention>
    </relation>
    <relation id="r-1146" type="personalsocial" subtype="role">
      <relation_mention id="relm-1065" realis="true">
        <rel_arg1 entity_id="ent-531" entity_mention_id="m-525" role="per">Nicolas Papadopoulos</rel_arg1>
        <rel_arg2 filler_id="f-1073" role="role">chairman</rel_arg2>
      </relation_mention>
    </relation>
    <relation id="r-1147" type="orgaffiliation" subtype="employmentmembership">
      <relation_mention id="relm-1075" realis="true">
        <rel_arg1 entity_id="ent-531" entity_mention_id="m-534" role="employeemember">a MP from coalition DIKO party</rel_arg1>
        <rel_arg2 entity_id="ent-549" entity_mention_id="m-543" role="org">DIKO</rel_arg2>
        <trigger source="ENG_NW_001278_20130316_F00011XE2" offset="3175" length="4">from</trigger>
      </relation_mention>
    </relation>
    <relation id="r-1148" type="partwhole" subtype="membership">
      <relation_mention id="relm-1308" realis="true">
        <rel_arg1 entity_id="ent-69" entity_mention_id="m-72" role="member">they</rel_arg1>
        <rel_arg2 entity_id="ent-84" entity_mention_id="m-78" role="org">the parliament</rel_arg2>
        <trigger source="ENG_NW_001278_20130316_F00011XE2" offset="512" length="2">in</trigger>
      </relation_mention>
    </relation>
    <relation id="r-1149" type="orgaffiliation" subtype="employmentmembership">
      <relation_mention id="relm-1318" realis="true">
        <rel_arg1 entity_id="ent-93" entity_mention_id="m-87" role="employeemember">a beleaguered Cyprus government delegation</rel_arg1>
        <rel_arg2 entity_id="ent-102" entity_mention_id="m-96" role="org">Cyprus government</rel_arg2>
        <trigger source="ENG_NW_001278_20130316_F00011XE2" offset="705" length="10">delegation</trigger>
      </relation_mention>
    </relation>
    <relation id="r-1150" type="physical" subtype="locatednear">
      <relation_mention id="relm-1328" realis="true">
        <rel_arg1 entity_id="ent-153" entity_mention_id="m-147" role="entity">eastern Mediterranean</rel_arg1>
        <rel_arg2 entity_id="ent-135" entity_mention_id="m-129" role="loc">Mediterranean</rel_arg2>
        <trigger source="ENG_NW_001278_20130316_F00011XE2" offset="811" length="7">eastern</trigger>
      </relation_mention>
    </relation>
    <relation id="r-1151" type="physical" subtype="resident">
      <relation_mention id="relm-1338" realis="true">
        <rel_arg1 entity_id="ent-144" entity_mention_id="m-138" role="per">about one million people</rel_arg1>
        <rel_arg2 entity_id="ent-8" entity_mention_id="m-120" role="loc">the economically distressed eastern Mediterranean EU country of about one million people</rel_arg2>
        <trigger source="ENG_NW_001278_20130316_F00011XE2" offset="844" length="2">of</trigger>
      </relation_mention>
    </relation>
    <relation id="r-1152" type="partwhole" subtype="subsidiary">
      <relation_mention id="relm-1348" realis="true">
        <rel_arg1 entity_id="ent-1151" entity_mention_id="m-1145" role="suborg">Finance</rel_arg1>
        <rel_arg2 entity_id="ent-1142" entity_mention_id="m-1136" role="parent">Dutch</rel_arg2>
        <trigger source="ENG_NW_001278_20130316_F00011XE2" offset="874" length="5">Dutch</trigger>
      </relation_mention>
    </relation>
    <relation id="r-1153" type="orgaffiliation" subtype="leadership">
      <relation_mention id="relm-1358" realis="true">
        <rel_arg1 entity_id="ent-162" entity_mention_id="m-1154" role="leader">who</rel_arg1>
        <rel_arg2 entity_id="ent-1166" entity_mention_id="m-1160" role="entity">Eurogroup</rel_arg2>
        <trigger source="ENG_NW_001278_20130316_F00011XE2" offset="921" length="5">heads</trigger>
      </relation_mention>
    </relation>
    <relation id="r-1154" type="orgaffiliation" subtype="leadership">
      <relation_mention id="relm-1378" realis="true">
        <rel_arg1 entity_id="ent-285" entity_mention_id="m-279" role="leader">Nicos Anastasiades</rel_arg1>
        <rel_arg2 entity_id="ent-698" entity_mention_id="m-733" role="entity">the center-right government of Nicos Anastasiades</rel_arg2>
        <trigger source="ENG_NW_001278_20130316_F00011XE2" offset="1707" length="2">of</trigger>
      </relation_mention>
    </relation>
    <relation id="r-1155" type="orgaffiliation" subtype="leadership">
      <relation_mention id="relm-1388" realis="true">
        <rel_arg1 entity_id="ent-300" entity_mention_id="m-1208" role="leader">AKEL's leader</rel_arg1>
        <rel_arg2 entity_id="ent-276" entity_mention_id="m-288" role="entity">AKEL</rel_arg2>
        <trigger source="ENG_NW_001278_20130316_F00011XE2" offset="1822" length="6">leader</trigger>
      </relation_mention>
    </relation>
    <relation id="r-1156" type="physical" subtype="orglocationorigin">
      <relation_mention id="relm-1398" realis="true">
        <rel_arg1 entity_id="ent-1094" entity_mention_id="m-360" role="org">Cypriot banks</rel_arg1>
        <rel_arg2 entity_id="ent-8" entity_mention_id="m-369" role="loc">Cypriot</rel_arg2>
        <trigger source="ENG_NW_001278_20130316_F00011XE2" offset="2011" length="7">Cypriot</trigger>
      </relation_mention>
    </relation>
    <relation id="r-1157" type="partwhole" subtype="membership">
      <relation_mention id="relm-1408" realis="true">
        <rel_arg1 entity_id="ent-381" entity_mention_id="m-384" role="member">it</rel_arg1>
        <rel_arg2 entity_id="ent-84" entity_mention_id="m-390" role="org">the parliament</rel_arg2>
        <trigger source="ENG_NW_001278_20130316_F00011XE2" offset="2091" length="2">in</trigger>
      </relation_mention>
    </relation>
    <relation id="r-1158" type="physical" subtype="locatednear">
      <relation_mention id="relm-1418" realis="true">
        <rel_arg1 entity_id="ent-456" entity_mention_id="m-450" role="entity">European countries</rel_arg1>
        <rel_arg2 entity_id="ent-315" entity_mention_id="m-459" role="loc">European</rel_arg2>
        <trigger source="ENG_NW_001278_20130316_F00011XE2" offset="2583" length="8">European</trigger>
      </relation_mention>
    </relation>
    <relation id="r-1159" type="orgaffiliation" subtype="leadership">
      <relation_mention id="relm-1428" realis="true">
        <rel_arg1 entity_id="ent-531" entity_mention_id="m-471" role="leader">The president of the parliamentary finance committee</rel_arg1>
        <rel_arg2 entity_id="ent-486" entity_mention_id="m-480" role="entity">the parliamentary finance committee</rel_arg2>
        <trigger source="ENG_NW_001278_20130316_F00011XE2" offset="2722" length="9">president</trigger>
      </relation_mention>
      <relation_mention id="relm-1458" realis="true">
        <rel_arg1 entity_id="ent-531" entity_mention_id="m-525" role="leader">Nicolas Papadopoulos</rel_arg1>
        <rel_arg2 entity_id="ent-486" entity_mention_id="m-1274" role="entity">committee</rel_arg2>
        <trigger source="ENG_NW_001278_20130316_F00011XE2" offset="3139" length="8">chairman</trigger>
      </relation_mention>
    </relation>
    <relation id="r-1160" type="generalaffiliation" subtype="more">
      <relation_mention id="relm-1448" realis="true">
        <rel_arg1 entity_id="ent-1085" entity_mention_id="m-1268" role="per">our</rel_arg1>
        <rel_arg2 entity_id="ent-8" entity_mention_id="m-510" role="entity">our country</rel_arg2>
        <trigger source="ENG_NW_001278_20130316_F00011XE2" offset="3070" length="3">our</trigger>
      </relation_mention>
    </relation>
    <relation id="r-1161" type="physical" subtype="locatednear">
      <relation_mention id="relm-1468" realis="true">
        <rel_arg1 entity_id="ent-285" entity_mention_id="m-552" role="entity">Anastasiades</rel_arg1>
        <rel_arg2 entity_id="ent-36" entity_mention_id="m-564" role="loc">Nicosia</rel_arg2>
        <trigger source="ENG_NW_001278_20130316_F00011XE2" offset="3314" length="2">to</trigger>
      </relation_mention>
    </relation>
    <relation id="r-1162" type="personalsocial" subtype="business">
      <relation_mention id="relm-1478" realis="true">
        <rel_arg1 entity_id="ent-285" entity_mention_id="m-570" role="per">his</rel_arg1>
        <rel_arg2 entity_id="ent-582" entity_mention_id="m-576" role="per">his ministers</rel_arg2>
        <trigger source="ENG_NW_001278_20130316_F00011XE2" offset="3377" length="3">his</trigger>
      </relation_mention>
    </relation>
    <relation id="r-1163" type="partwhole" subtype="membership">
      <relation_mention id="relm-1488" realis="true">
        <rel_arg1 entity_id="ent-600" entity_mention_id="m-594" role="member">Eurogroup countries</rel_arg1>
        <rel_arg2 entity_id="ent-1166" entity_mention_id="m-1286" role="org">Eurogroup</rel_arg2>
      </relation_mention>
    </relation>
    <relation id="r-1164" type="partwhole" subtype="membership">
      <relation_mention id="relm-1498" realis="true">
        <rel_arg1 entity_id="ent-615" entity_mention_id="m-609" role="member">some Eurozone countries</rel_arg1>
        <rel_arg2 entity_id="ent-1118" entity_mention_id="m-1292" role="org">Eurozone</rel_arg2>
      </relation_mention>
    </relation>
  </relations>
  <hoppers>
    <hopper id="h-16">
      <event_mention id="em-624" type="contact" subtype="meet" realis="actual" audience="twoway" formality="formal" medium="inperson" schedule="planned">
        <trigger source="ENG_NW_001278_20130316_F00011XE2" offset="380" length="7">meeting</trigger>
        <em_arg entity_id="ent-60" entity_mention_id="m-54" role="place" realis="true">Brussels</em_arg>
      </event_mention>
      <event_mention id="em-989" type="contact" subtype="meet" realis="actual" audience="twoway" formality="formal" medium="inperson" schedule="planned">
        <trigger source="ENG_NW_001278_20130316_F00011XE2" offset="2198" length="7">meeting</trigger>
        <em_arg entity_id="ent-1166" entity_mention_id="m-1226" role="entity" realis="true">Eurogroup</em_arg>
      </event_mention>
      <event_mention id="em-1740" type="contact" subtype="meet" realis="actual" audience="twoway" formality="formal" medium="inperson" schedule="planned">
        <trigger source="ENG_NW_001278_20130316_F00011XE2" offset="722" length="12">negotiations</trigger>
        <em_arg entity_id="ent-93" entity_mention_id="m-87" role="entity" realis="true">a beleaguered Cyprus government delegation</em_arg>
        <em_arg filler_id="f-1765" role="time" realis="true">through the night</em_arg>
      </event_mention>
    </hopper>
    <hopper id="h-806">
      <event_mention id="em-778" type="transaction" subtype="transfermoney" realis="other" ways="voluntary">
        <trigger source="ENG_NW_001278_20130316_F00011XE2" offset="2465" length="8">withdraw</trigger>
        <em_arg entity_id="ent-408" entity_mention_id="m-402" role="recipient" realis="true">Several hundred depositors</em_arg>
        <em_arg entity_id="ent-765" entity_mention_id="m-759" role="place" realis="true">co-operative credit societies</em_arg>
        <em_arg filler_id="f-2361" role="time" realis="true">Saturday</em_arg>
      </event_mention>
    </hopper>
    <hopper id="h-920">
      <event_mention id="em-878" type="movement" subtype="transportperson" realis="actual">
        <trigger source="ENG_NW_001278_20130316_F00011XE2" offset="3288" length="8">returned</trigger>
        <em_arg entity_id="ent-285" entity_mention_id="m-552" role="person" realis="true">Anastasiades</em_arg>
        <em_arg entity_id="ent-60" entity_mention_id="m-558" role="origin" realis="true">Brussels</em_arg>
        <em_arg entity_id="ent-36" entity_mention_id="m-564" role="destination" realis="true">Nicosia</em_arg>
        <em_arg filler_id="f-917" role="time" realis="true">Saturday</em_arg>
      </event_mention>
    </hopper>
    <hopper id="h-957">
      <event_mention id="em-922" type="contact" subtype="meet" realis="actual" audience="twoway" formality="formal" medium="inperson" schedule="canttell">
        <trigger source="ENG_NW_001278_20130316_F00011XE2" offset="3363" length="8">meetings</trigger>
        <em_arg entity_id="ent-285" entity_mention_id="m-552" role="entity" realis="true">Anastasiades</em_arg>
        <em_arg entity_id="ent-36" entity_mention_id="m-564" role="place" realis="true">Nicosia</em_arg>
        <em_arg entity_id="ent-582" entity_mention_id="m-576" role="entity" realis="true">his ministers</em_arg>
        <em_arg filler_id="f-2590" role="time" realis="true">Saturday</em_arg>
      </event_mention>
    </hopper>
    <hopper id="h-987">
      <event_mention id="em-966" type="personnel" subtype="elect" realis="actual">
        <trigger source="ENG_NW_001278_20130316_F00011XE2" offset="1637" length="8">election</trigger>
        <em_arg filler_id="f-2077" role="position" realis="true">presidential</em_arg>
        <em_arg filler_id="f-2084" role="time" realis="true">less than one month ago</em_arg>
      </event_mention>
    </hopper>
    <hopper id="h-1054">
      <event_mention id="em-1508" type="transaction" subtype="transfermoney" realis="other" ways="voluntary">
        <trigger source="ENG_NW_001278_20130316_F00011XE2" offset="159" length="8">deposits</trigger>
        <em_arg entity_id="ent-1094" entity_mention_id="m-1088" role="recipient" realis="true">bank</em_arg>
      </event_mention>
      <event_mention id="em-1580" type="transaction" subtype="transfermoney" realis="other" ways="voluntary">
        <trigger source="ENG_NW_001278_20130316_F00011XE2" offset="273" length="8">deposits</trigger>
        <em_arg entity_id="ent-1094" entity_mention_id="m-1106" role="recipient" realis="true">bank</em_arg>
      </event_mention>
      <event_mention id="em-1631" type="transaction" subtype="transfermoney" realis="other" ways="voluntary">
        <trigger source="ENG_NW_001278_20130316_F00011XE2" offset="425" length="8">deposits</trigger>
        <em_arg entity_id="ent-1094" entity_mention_id="m-1121" role="recipient" realis="true">bank</em_arg>
      </event_mention>
      <event_mention id="em-2161" type="transaction" subtype="transfermoney" realis="other" ways="voluntary">
        <trigger source="ENG_NW_001278_20130316_F00011XE2" offset="1804" length="8">deposits</trigger>
        <em_arg entity_id="ent-1094" entity_mention_id="m-1202" role="recipient" realis="true">bank</em_arg>
      </event_mention>
    </hopper>
    <hopper id="h-1063">
      <event_mention id="em-1033" type="contact" subtype="broadcast" realis="actual" audience="oneway" formality="informal" medium="inperson" schedule="canttell">
        <trigger source="ENG_NW_001278_20130316_F00011XE2" offset="2560" length="6">yelled</trigger>
        <em_arg entity_id="ent-438" entity_mention_id="m-432" role="entity" realis="true">Many of them</em_arg>
        <em_arg entity_id="ent-447" entity_mention_id="m-441" role="audience" realis="true">embassies of European countries</em_arg>
      </event_mention>
    </hopper>
    <hopper id="h-1557">
      <event_mention id="em-1536" type="transaction" subtype="transfermoney" realis="other" ways="involuntarynoforce">
        <trigger source="ENG_NW_001278_20130316_F00011XE2" offset="146" length="4">loss</trigger>
        <em_arg entity_id="ent-1085" entity_mention_id="m-18" role="giver" realis="true">Cypriots</em_arg>
      </event_mention>
      <event_mention id="em-1559" type="transaction" subtype="transfermoney" realis="other" ways="involuntarynoforce">
        <trigger source="ENG_NW_001278_20130316_F00011XE2" offset="260" length="4">loss</trigger>
        <em_arg entity_id="ent-1085" entity_mention_id="m-24" role="giver" realis="true">Cypriots</em_arg>
      </event_mention>
      <event_mention id="em-1835" type="transaction" subtype="transfermoney" realis="other" ways="involuntarynoforce">
        <trigger source="ENG_NW_001278_20130316_F00011XE2" offset="970" length="4">levy</trigger>
        <em_arg entity_id="ent-8" entity_mention_id="m-165" role="beneficiary" realis="true">Cypriot</em_arg>
      </event_mention>
    </hopper>
    <hopper id="h-1629">
      <event_mention id="em-1717" type="transaction" subtype="transfermoney" realis="other" ways="voluntary">
        <trigger source="ENG_NW_001278_20130316_F00011XE2" offset="650" length="8">deposits</trigger>
        <em_arg entity_id="ent-8" entity_mention_id="m-105" role="place" realis="true">Cyprus</em_arg>
      </event_mention>
    </hopper>
    <hopper id="h-1673">
      <event_mention id="em-1652" type="contact" subtype="contact" realis="actual" audience="canttell" formality="formal" medium="canttell" schedule="canttell">
        <trigger source="ENG_NW_001278_20130316_F00011XE2" offset="471" length="6">saying</trigger>
        <em_arg entity_id="ent-69" entity_mention_id="m-63" role="entity" realis="true">at least two political parties</em_arg>
      </event_mention>
    </hopper>
    <hopper id="h-1738">
      <event_mention id="em-1696" type="transaction" subtype="transfermoney" realis="other" ways="voluntary">
        <trigger source="ENG_NW_001278_20130316_F00011XE2" offset="559" length="8">deposits</trigger>
        <em_arg filler_id="f-1713" role="money" realis="true">higher than 100,000 euros (about 130,000 U.S. dollars</em_arg>
      </event_mention>
    </hopper>
    <hopper id="h-1789">
      <event_mention id="em-1768" type="transaction" subtype="transfermoney" realis="other" ways="voluntary">
        <trigger source="ENG_NW_001278_20130316_F00011XE2" offset="766" length="7">bailout</trigger>
        <em_arg entity_id="ent-8" entity_mention_id="m-120" role="recipient" realis="true">the economically distressed eastern Mediterranean EU country of about one million people</em_arg>
      </event_mention>
      <event_mention id="em-2677" type="transaction" subtype="transfermoney" realis="other" ways="voluntary">
        <trigger source="ENG_NW_001278_20130316_F00011XE2" offset="3508" length="12">bailout loan</trigger>
        <em_arg filler_id="f-2694" role="money" realis="true">below 10 billion euros</em_arg>
      </event_mention>
      <event_mention id="em-2728" type="transaction" subtype="transfermoney" realis="other" ways="voluntary">
        <trigger source="ENG_NW_001278_20130316_F00011XE2" offset="3744" length="4">loan</trigger>
        <em_arg entity_id="ent-600" entity_mention_id="m-594" role="giver" realis="true">Eurogroup countries</em_arg>
      </event_mention>
      <event_mention id="em-2749" type="transaction" subtype="transfermoney" realis="other" ways="voluntary">
        <trigger source="ENG_NW_001278_20130316_F00011XE2" offset="3914" length="7">bailout</trigger>
        <em_arg entity_id="ent-591" entity_mention_id="m-603" role="giver" realis="true">IMF</em_arg>
        <em_arg entity_id="ent-615" entity_mention_id="m-609" role="giver" realis="true">some Eurozone countries</em_arg>
        <em_arg entity_id="ent-8" entity_mention_id="m-618" role="beneficiary" realis="true">Cyprus</em_arg>
      </event_mention>
    </hopper>
    <hopper id="h-1812">
      <event_mention id="em-1791" type="contact" subtype="contact" realis="actual" audience="canttell" formality="formal" medium="canttell" schedule="canttell">
        <trigger source="ENG_NW_001278_20130316_F00011XE2" offset="941" length="6">called</trigger>
        <em_arg entity_id="ent-162" entity_mention_id="m-1154" role="entity" realis="true">who</em_arg>
      </event_mention>
    </hopper>
    <hopper id="h-1877">
      <event_mention id="em-1909" type="transaction" subtype="transfermoney" realis="generic" ways="voluntary">
        <trigger source="ENG_NW_001278_20130316_F00011XE2" offset="1196" length="10">depositors</trigger>
        <em_arg entity_id="ent-192" entity_mention_id="m-186" role="giver" realis="true">depositors in other countries which received bailout support before such as Spain, Portugal, Ireland and Greece</em_arg>
        <em_arg entity_id="ent-183" entity_mention_id="m-177" role="place" realis="true">other countries which received bailout support before such as Spain, Portugal, Ireland and Greece</em_arg>
      </event_mention>
    </hopper>
    <hopper id="h-1907">
      <event_mention id="em-1879" type="transaction" subtype="transfermoney" realis="other" ways="canttell">
        <trigger source="ENG_NW_001278_20130316_F00011XE2" offset="1173" length="7">haircut</trigger>
        <em_arg entity_id="ent-192" entity_mention_id="m-186" role="giver" realis="true">depositors in other countries which received bailout support before such as Spain, Portugal, Ireland and Greece</em_arg>
      </event_mention>
    </hopper>
    <hopper id="h-1958">
      <event_mention id="em-1937" type="transaction" subtype="transfermoney" realis="actual" ways="voluntary">
        <trigger source="ENG_NW_001278_20130316_F00011XE2" offset="1241" length="7">bailout</trigger>
        <em_arg entity_id="ent-183" entity_mention_id="m-177" role="recipient" realis="true">other countries which received bailout support before such as Spain, Portugal, Ireland and Greece</em_arg>
      </event_mention>
    </hopper>
    <hopper id="h-1981">
      <event_mention id="em-1960" type="transaction" subtype="transfermoney" realis="other" ways="involuntarynoforce">
        <trigger source="ENG_NW_001278_20130316_F00011XE2" offset="1337" length="5">yield</trigger>
        <em_arg filler_id="f-1977" role="money" realis="true">about 5.8 billion euros</em_arg>
      </event_mention>
    </hopper>
    <hopper id="h-2004">
      <event_mention id="em-1983" type="transaction" subtype="transfermoney" realis="other" ways="voluntary">
        <trigger source="ENG_NW_001278_20130316_F00011XE2" offset="1392" length="8">deposits</trigger>
        <em_arg entity_id="ent-237" entity_mention_id="m-231" role="giver" realis="true">Russians</em_arg>
      </event_mention>
      <event_mention id="em-2212" type="transaction" subtype="transfermoney" realis="other" ways="voluntary">
        <trigger source="ENG_NW_001278_20130316_F00011XE2" offset="1998" length="9">deposited</trigger>
        <em_arg entity_id="ent-357" entity_mention_id="m-351" role="giver" realis="true">Russian</em_arg>
        <em_arg entity_id="ent-1094" entity_mention_id="m-360" role="recipient" realis="true">Cypriot banks</em_arg>
        <em_arg entity_id="ent-8" entity_mention_id="m-369" role="place" realis="true">Cypriot</em_arg>
      </event_mention>
    </hopper>
    <hopper id="h-2027">
      <event_mention id="em-2006" type="transaction" subtype="transfermoney" realis="generic" ways="voluntary">
        <trigger source="ENG_NW_001278_20130316_F00011XE2" offset="1464" length="10">depositors</trigger>
        <em_arg entity_id="ent-246" entity_mention_id="m-240" role="giver" realis="true">thousands of small local depositors</em_arg>
      </event_mention>
      <event_mention id="em-2052" type="transaction" subtype="transfermoney" realis="generic" ways="voluntary">
        <trigger source="ENG_NW_001278_20130316_F00011XE2" offset="1518" length="8">deposits</trigger>
        <em_arg entity_id="ent-255" entity_mention_id="m-258" role="giver" realis="true">their</em_arg>
      </event_mention>
    </hopper>
    <hopper id="h-2050">
      <event_mention id="em-2029" type="transaction" subtype="transfermoney" realis="generic" ways="voluntary">
        <trigger source="ENG_NW_001278_20130316_F00011XE2" offset="1500" length="6">income</trigger>
        <em_arg entity_id="ent-255" entity_mention_id="m-249" role="recipient" realis="true">many of them</em_arg>
      </event_mention>
    </hopper>
    <hopper id="h-2115">
      <event_mention id="em-2087" type="contact" subtype="broadcast" realis="actual" audience="oneway" formality="formal" medium="canttell" schedule="canttell">
        <trigger source="ENG_NW_001278_20130316_F00011XE2" offset="1671" length="7">accused</trigger>
        <em_arg entity_id="ent-276" entity_mention_id="m-1196" role="entity" realis="true">which</em_arg>
        <em_arg entity_id="ent-698" entity_mention_id="m-733" role="audience" realis="true">the center-right government of Nicos Anastasiades</em_arg>
      </event_mention>
    </hopper>
    <hopper id="h-2138">
      <event_mention id="em-2117" type="contact" subtype="broadcast" realis="actual" audience="oneway" formality="formal" medium="canttell" schedule="planned">
        <trigger source="ENG_NW_001278_20130316_F00011XE2" offset="1764" length="7">promise</trigger>
        <em_arg entity_id="ent-698" entity_mention_id="m-733" role="entity" realis="true">the center-right government of Nicos Anastasiades</em_arg>
      </event_mention>
    </hopper>
    <hopper id="h-2210">
      <event_mention id="em-2182" type="contact" subtype="broadcast" realis="actual" audience="oneway" formality="formal" medium="canttell" schedule="canttell">
        <trigger source="ENG_NW_001278_20130316_F00011XE2" offset="1888" length="8">accusing</trigger>
        <em_arg entity_id="ent-300" entity_mention_id="m-294" role="entity" realis="true">Antros Kyprianou</em_arg>
        <em_arg entity_id="ent-1118" entity_mention_id="m-327" role="audience" realis="true">them</em_arg>
      </event_mention>
    </hopper>
    <hopper id="h-2268">
      <event_mention id="em-2247" type="contact" subtype="contact" realis="actual" audience="canttell" formality="formal" medium="canttell" schedule="canttell">
        <trigger source="ENG_NW_001278_20130316_F00011XE2" offset="2053" length="4">said</trigger>
        <em_arg entity_id="ent-381" entity_mention_id="m-375" role="entity" realis="true">EDEK</em_arg>
      </event_mention>
    </hopper>
    <hopper id="h-2298">
      <event_mention id="em-1010" type="contact" subtype="meet" realis="other" audience="twoway" formality="formal" medium="inperson" schedule="planned">
        <trigger source="ENG_NW_001278_20130316_F00011XE2" offset="2277" length="4">meet</trigger>
        <em_arg entity_id="ent-84" entity_mention_id="m-396" role="entity" realis="true">the parliament</em_arg>
        <em_arg filler_id="f-2311" role="time" realis="true">either on Sunday or on Monday</em_arg>
      </event_mention>
      <event_mention id="em-2270" type="contact" subtype="meet" realis="other" audience="twoway" formality="formal" medium="inperson" schedule="planned">
        <trigger source="ENG_NW_001278_20130316_F00011XE2" offset="2137" length="17">emergency session</trigger>
        <em_arg entity_id="ent-84" entity_mention_id="m-1220" role="entity" realis="true">which</em_arg>
        <em_arg entity_id="ent-381" entity_mention_id="m-384" role="entity" realis="true">it</em_arg>
      </event_mention>
    </hopper>
    <hopper id="h-2355">
      <event_mention id="em-2320" type="movement" subtype="transportperson" realis="actual">
        <trigger source="ENG_NW_001278_20130316_F00011XE2" offset="2377" length="6">queued</trigger>
        <em_arg entity_id="ent-408" entity_mention_id="m-402" role="agent" realis="true">Several hundred depositors</em_arg>
        <em_arg entity_id="ent-765" entity_mention_id="m-759" role="destination" realis="true">co-operative credit societies</em_arg>
        <em_arg filler_id="f-2352" role="time" realis="true">Saturday</em_arg>
      </event_mention>
    </hopper>
    <hopper id="h-2392">
      <event_mention id="em-2364" type="transaction" subtype="transfermoney" realis="generic" ways="voluntary">
        <trigger source="ENG_NW_001278_20130316_F00011XE2" offset="2480" length="8">deposits</trigger>
        <em_arg entity_id="ent-408" entity_mention_id="m-420" role="giver" realis="true">their</em_arg>
      </event_mention>
    </hopper>
    <hopper id="h-2415">
      <event_mention id="em-2394" type="contact" subtype="meet" realis="actual" audience="twoway" formality="formal" medium="inperson" schedule="spontaneous">
        <trigger source="ENG_NW_001278_20130316_F00011XE2" offset="2501" length="4">told</trigger>
        <em_arg entity_id="ent-408" entity_mention_id="m-426" role="entity" realis="true">they</em_arg>
      </event_mention>
    </hopper>
    <hopper id="h-2438">
      <event_mention id="em-2417" type="transaction" subtype="transfermoney" realis="other" ways="involuntarynoforce">
        <trigger source="ENG_NW_001278_20130316_F00011XE2" offset="2644" length="4">loss</trigger>
        <em_arg entity_id="ent-438" entity_mention_id="m-465" role="giver" realis="true">them</em_arg>
      </event_mention>
    </hopper>
    <hopper id="h-2524">
      <event_mention id="em-2503" type="contact" subtype="contact" realis="actual" audience="canttell" formality="formal" medium="canttell" schedule="canttell">
        <trigger source="ENG_NW_001278_20130316_F00011XE2" offset="2857" length="4">said</trigger>
        <em_arg entity_id="ent-531" entity_mention_id="m-471" role="entity" realis="true">The president of the parliamentary finance committee</em_arg>
      </event_mention>
    </hopper>
    <hopper id="h-2554">
      <event_mention id="em-2526" type="contact" subtype="contact" realis="other" audience="canttell" formality="formal" medium="canttell" schedule="canttell">
        <trigger source="ENG_NW_001278_20130316_F00011XE2" offset="2876" length="4">hear</trigger>
        <em_arg entity_id="ent-531" entity_mention_id="m-489" role="entity" realis="true">he</em_arg>
        <em_arg entity_id="ent-102" entity_mention_id="m-495" role="entity" realis="true">the government</em_arg>
      </event_mention>
    </hopper>
    <hopper id="h-2584">
      <event_mention id="em-2556" type="contact" subtype="meet" realis="actual" audience="twoway" formality="formal" medium="inperson" schedule="planned">
        <trigger source="ENG_NW_001278_20130316_F00011XE2" offset="3264" length="10">bargaining</trigger>
        <em_arg entity_id="ent-285" entity_mention_id="m-552" role="entity" realis="true">Anastasiades</em_arg>
        <em_arg entity_id="ent-60" entity_mention_id="m-558" role="place" realis="true">Brussels</em_arg>
      </event_mention>
    </hopper>
    <hopper id="h-2726">
      <event_mention id="em-2698" type="transaction" subtype="transfermoney" realis="other" ways="voluntary">
        <trigger source="ENG_NW_001278_20130316_F00011XE2" offset="3702" length="10">contribute</trigger>
        <em_arg entity_id="ent-591" entity_mention_id="m-585" role="giver" realis="true">International Monetary Fund</em_arg>
        <em_arg filler_id="f-2723" role="money" realis="true">about one billion euros</em_arg>
      </event_mention>
    </hopper>
  </hoppers>
</deft_ere>
