<?xml version="1.0" encoding="UTF-8"?>
<deft_ere kit_id="5733b8b10000000000000072" doc_id="NYT_ENG_20131210.0050" source_type="newswire">
  <entities>
    <entity id="ent-8" type="GPE" specificity="specificIndividual">
      <entity_mention id="m-18" noun_type="NAM" source="NYT_ENG_20131210.0050" offset="172" length="7">
        <mention_text>UKRAINE</mention_text>
      </entity_mention>
      <entity_mention id="m-51" noun_type="NAM" source="NYT_ENG_20131210.0050" offset="378" length="7">
        <mention_text>Ukraine</mention_text>
      </entity_mention>
      <entity_mention id="m-57" noun_type="NAM" source="NYT_ENG_20131210.0050" offset="388" length="7">
        <mention_text>Ukraine</mention_text>
      </entity_mention>
      <entity_mention id="m-249" noun_type="NAM" source="NYT_ENG_20131210.0050" offset="1077" length="9">
        <mention_text>Ukrainian</mention_text>
      </entity_mention>
      <entity_mention id="m-399" noun_type="NOM" source="NYT_ENG_20131210.0050" offset="1816" length="10">
        <mention_text>the nation</mention_text>
        <nom_head source="NYT_ENG_20131210.0050" offset="1820" length="6">nation</nom_head>
      </entity_mention>
      <entity_mention id="m-456" noun_type="NAM" source="NYT_ENG_20131210.0050" offset="2001" length="7">
        <mention_text>Ukraine</mention_text>
      </entity_mention>
      <entity_mention id="m-495" noun_type="NAM" source="NYT_ENG_20131210.0050" offset="2276" length="9">
        <mention_text>Ukrainian</mention_text>
      </entity_mention>
      <entity_mention id="m-606" noun_type="NAM" source="NYT_ENG_20131210.0050" offset="2791" length="9">
        <mention_text>Ukrainian</mention_text>
      </entity_mention>
      <entity_mention id="m-636" noun_type="NAM" source="NYT_ENG_20131210.0050" offset="2964" length="9">
        <mention_text>Ukrainian</mention_text>
      </entity_mention>
    </entity>
    <entity id="ent-30" type="PER" specificity="specificIndividual">
      <entity_mention id="m-24" noun_type="NOM" source="NYT_ENG_20131210.0050" offset="172" length="19">
        <mention_text>UKRAINE'S PRESIDENT</mention_text>
        <nom_head source="NYT_ENG_20131210.0050" offset="182" length="9">PRESIDENT</nom_head>
      </entity_mention>
      <entity_mention id="m-63" noun_type="NOM" source="NYT_ENG_20131210.0050" offset="388" length="29">
        <mention_text>Ukraine’s embattled president</mention_text>
        <nom_head source="NYT_ENG_20131210.0050" offset="408" length="9">president</nom_head>
      </entity_mention>
      <entity_mention id="m-69" noun_type="NAM" source="NYT_ENG_20131210.0050" offset="419" length="17">
        <mention_text>Viktor Yanukovych</mention_text>
      </entity_mention>
      <entity_mention id="m-75" noun_type="PRO" source="NYT_ENG_20131210.0050" offset="438" length="3">
        <mention_text>who</mention_text>
      </entity_mention>
      <entity_mention id="m-120" noun_type="PRO" source="NYT_ENG_20131210.0050" offset="570" length="3">
        <mention_text>his</mention_text>
      </entity_mention>
      <entity_mention id="m-144" noun_type="NAM" source="NYT_ENG_20131210.0050" offset="692" length="10">
        <mention_text>Yanukovych</mention_text>
      </entity_mention>
      <entity_mention id="m-150" noun_type="PRO" source="NYT_ENG_20131210.0050" offset="716" length="3">
        <mention_text>his</mention_text>
      </entity_mention>
      <entity_mention id="m-237" noun_type="NAM" source="NYT_ENG_20131210.0050" offset="1027" length="10">
        <mention_text>Yanukovych</mention_text>
      </entity_mention>
      <entity_mention id="m-531" noun_type="NAM" source="NYT_ENG_20131210.0050" offset="2577" length="10">
        <mention_text>Yanukovych</mention_text>
      </entity_mention>
    </entity>
    <entity id="ent-39" type="GPE" specificity="specificIndividual">
      <entity_mention id="m-33" noun_type="NAM" source="NYT_ENG_20131210.0050" offset="345" length="8">
        <mention_text>New York</mention_text>
      </entity_mention>
    </entity>
    <entity id="ent-48" type="GPE" specificity="specificIndividual">
      <entity_mention id="m-42" noun_type="NAM" source="NYT_ENG_20131210.0050" offset="372" length="4">
        <mention_text>KIEV</mention_text>
      </entity_mention>
      <entity_mention id="m-99" noun_type="NOM" source="NYT_ENG_20131210.0050" offset="527" length="4">
        <mention_text>here</mention_text>
        <nom_head source="NYT_ENG_20131210.0050" offset="527" length="4">here</nom_head>
      </entity_mention>
      <entity_mention id="m-105" noun_type="NOM" source="NYT_ENG_20131210.0050" offset="535" length="11">
        <mention_text>the capital</mention_text>
        <nom_head source="NYT_ENG_20131210.0050" offset="539" length="7">capital</nom_head>
      </entity_mention>
      <entity_mention id="m-165" noun_type="NAM" source="NYT_ENG_20131210.0050" offset="776" length="4">
        <mention_text>Kiev</mention_text>
      </entity_mention>
      <entity_mention id="m-291" noun_type="NOM" source="NYT_ENG_20131210.0050" offset="1300" length="4">
        <mention_text>here</mention_text>
        <nom_head source="NYT_ENG_20131210.0050" offset="1300" length="4">here</nom_head>
      </entity_mention>
      <entity_mention id="m-360" noun_type="NAM" source="NYT_ENG_20131210.0050" offset="1502" length="4">
        <mention_text>Kiev</mention_text>
      </entity_mention>
      <entity_mention id="m-393" noun_type="NAM" source="NYT_ENG_20131210.0050" offset="1737" length="4">
        <mention_text>Kiev</mention_text>
      </entity_mention>
    </entity>
    <entity id="ent-87" type="PER" specificity="specificGroup">
      <entity_mention id="m-81" noun_type="NOM" source="NYT_ENG_20131210.0050" offset="496" length="50">
        <mention_text>protesters in a central square here in the capital</mention_text>
        <nom_head source="NYT_ENG_20131210.0050" offset="496" length="10">protesters</nom_head>
      </entity_mention>
    </entity>
    <entity id="ent-96" type="FAC" specificity="specificIndividual">
      <entity_mention id="m-90" noun_type="NOM" source="NYT_ENG_20131210.0050" offset="510" length="36">
        <mention_text>a central square here in the capital</mention_text>
        <nom_head source="NYT_ENG_20131210.0050" offset="520" length="6">square</nom_head>
      </entity_mention>
      <entity_mention id="m-171" noun_type="NOM" source="NYT_ENG_20131210.0050" offset="824" length="9">
        <mention_text>the plaza</mention_text>
        <nom_head source="NYT_ENG_20131210.0050" offset="828" length="5">plaza</nom_head>
      </entity_mention>
      <entity_mention id="m-177" noun_type="NAM" source="NYT_ENG_20131210.0050" offset="835" length="19">
        <mention_text>Independence Square</mention_text>
      </entity_mention>
    </entity>
    <entity id="ent-117" type="ORG" specificity="specificIndividual">
      <entity_mention id="m-111" noun_type="NOM" source="NYT_ENG_20131210.0050" offset="570" length="14">
        <mention_text>his government</mention_text>
        <nom_head source="NYT_ENG_20131210.0050" offset="574" length="10">government</nom_head>
      </entity_mention>
      <entity_mention id="m-231" noun_type="NOM" source="NYT_ENG_20131210.0050" offset="970" length="10">
        <mention_text>government</mention_text>
        <nom_head source="NYT_ENG_20131210.0050" offset="970" length="10">government</nom_head>
      </entity_mention>
      <entity_mention id="m-489" noun_type="NOM" source="NYT_ENG_20131210.0050" offset="2272" length="24">
        <mention_text>the Ukrainian government</mention_text>
        <nom_head source="NYT_ENG_20131210.0050" offset="2286" length="10">government</nom_head>
      </entity_mention>
      <entity_mention id="m-600" noun_type="NOM" source="NYT_ENG_20131210.0050" offset="2787" length="24">
        <mention_text>The Ukrainian government</mention_text>
        <nom_head source="NYT_ENG_20131210.0050" offset="2801" length="10">government</nom_head>
      </entity_mention>
    </entity>
    <entity id="ent-132" type="PER" specificity="specificGroup">
      <entity_mention id="m-126" noun_type="NOM" source="NYT_ENG_20131210.0050" offset="624" length="16">
        <mention_text>cultural figures</mention_text>
        <nom_head source="NYT_ENG_20131210.0050" offset="633" length="7">figures</nom_head>
      </entity_mention>
    </entity>
    <entity id="ent-141" type="PER" specificity="specificGroup">
      <entity_mention id="m-135" noun_type="NOM" source="NYT_ENG_20131210.0050" offset="645" length="18">
        <mention_text>former politicians</mention_text>
        <nom_head source="NYT_ENG_20131210.0050" offset="652" length="11">politicians</nom_head>
      </entity_mention>
      <entity_mention id="m-243" noun_type="NOM" source="NYT_ENG_20131210.0050" offset="1064" length="33">
        <mention_text>three former Ukrainian presidents</mention_text>
        <nom_head source="NYT_ENG_20131210.0050" offset="1087" length="10">presidents</nom_head>
      </entity_mention>
    </entity>
    <entity id="ent-162" type="PER" specificity="specificGroup">
      <entity_mention id="m-156" noun_type="NOM" source="NYT_ENG_20131210.0050" offset="757" length="6">
        <mention_text>police</mention_text>
        <nom_head source="NYT_ENG_20131210.0050" offset="757" length="6">police</nom_head>
      </entity_mention>
      <entity_mention id="m-183" noun_type="NOM" source="NYT_ENG_20131210.0050" offset="868" length="10">
        <mention_text>the police</mention_text>
        <nom_head source="NYT_ENG_20131210.0050" offset="872" length="6">police</nom_head>
      </entity_mention>
    </entity>
    <entity id="ent-195" type="PER" specificity="specificGroup">
      <entity_mention id="m-189" noun_type="NOM" source="NYT_ENG_20131210.0050" offset="889" length="10">
        <mention_text>protesters</mention_text>
        <nom_head source="NYT_ENG_20131210.0050" offset="889" length="10">protesters</nom_head>
      </entity_mention>
      <entity_mention id="m-207" noun_type="PRO" source="NYT_ENG_20131210.0050" offset="936" length="4">
        <mention_text>they</mention_text>
      </entity_mention>
    </entity>
    <entity id="ent-204" type="FAC" specificity="specificGroup">
      <entity_mention id="m-198" noun_type="NOM" source="NYT_ENG_20131210.0050" offset="905" length="85">
        <mention_text>several smaller outlying camps they had erected in a district of government buildings</mention_text>
        <nom_head source="NYT_ENG_20131210.0050" offset="930" length="5">camps</nom_head>
      </entity_mention>
    </entity>
    <entity id="ent-219" type="LOC" specificity="specificIndividual">
      <entity_mention id="m-213" noun_type="NOM" source="NYT_ENG_20131210.0050" offset="956" length="34">
        <mention_text>a district of government buildings</mention_text>
        <nom_head source="NYT_ENG_20131210.0050" offset="958" length="8">district</nom_head>
      </entity_mention>
    </entity>
    <entity id="ent-228" type="FAC" specificity="specificGroup">
      <entity_mention id="m-222" noun_type="NOM" source="NYT_ENG_20131210.0050" offset="970" length="20">
        <mention_text>government buildings</mention_text>
        <nom_head source="NYT_ENG_20131210.0050" offset="981" length="9">buildings</nom_head>
      </entity_mention>
    </entity>
    <entity id="ent-261" type="PER" specificity="specificIndividual">
      <entity_mention id="m-255" noun_type="NAM" source="NYT_ENG_20131210.0050" offset="1099" length="18">
        <mention_text>Leonid M. Kravchuk</mention_text>
      </entity_mention>
    </entity>
    <entity id="ent-270" type="PER" specificity="specificIndividual">
      <entity_mention id="m-264" noun_type="NAM" source="NYT_ENG_20131210.0050" offset="1119" length="16">
        <mention_text>Leonid D. Kuchma</mention_text>
      </entity_mention>
    </entity>
    <entity id="ent-279" type="PER" specificity="specificIndividual">
      <entity_mention id="m-273" noun_type="NAM" source="NYT_ENG_20131210.0050" offset="1140" length="20">
        <mention_text>Viktor A. Yushchenko</mention_text>
      </entity_mention>
    </entity>
    <entity id="ent-288" type="FAC" specificity="nonspecific">
      <entity_mention id="m-282" noun_type="NOM" source="NYT_ENG_20131210.0050" offset="1276" length="6">
        <mention_text>street</mention_text>
        <nom_head source="NYT_ENG_20131210.0050" offset="1276" length="6">street</nom_head>
      </entity_mention>
    </entity>
    <entity id="ent-303" type="PER" specificity="specificGroup">
      <entity_mention id="m-297" noun_type="NOM" source="NYT_ENG_20131210.0050" offset="1355" length="134">
        <mention_text>Senior envoys including the European foreign affairs chief, Catherine Ashton, and a U.S. assistant secretary of state, Victoria Nuland</mention_text>
        <nom_head source="NYT_ENG_20131210.0050" offset="1362" length="6">envoys</nom_head>
      </entity_mention>
      <entity_mention id="m-477" noun_type="NOM" source="NYT_ENG_20131210.0050" offset="2195" length="18">
        <mention_text>the Western envoys</mention_text>
        <nom_head source="NYT_ENG_20131210.0050" offset="2207" length="6">envoys</nom_head>
      </entity_mention>
    </entity>
    <entity id="ent-312" type="PER" specificity="specificIndividual">
      <entity_mention id="m-306" noun_type="NOM" source="NYT_ENG_20131210.0050" offset="1379" length="34">
        <mention_text>the European foreign affairs chief</mention_text>
        <nom_head source="NYT_ENG_20131210.0050" offset="1408" length="5">chief</nom_head>
      </entity_mention>
      <entity_mention id="m-324" noun_type="NAM" source="NYT_ENG_20131210.0050" offset="1415" length="16">
        <mention_text>Catherine Ashton</mention_text>
      </entity_mention>
    </entity>
    <entity id="ent-321" type="GPE" specificity="specificIndividual">
      <entity_mention id="m-315" noun_type="NAM" source="NYT_ENG_20131210.0050" offset="1383" length="8">
        <mention_text>European</mention_text>
      </entity_mention>
      <entity_mention id="m-462" noun_type="NAM" source="NYT_ENG_20131210.0050" offset="2011" length="8">
        <mention_text>European</mention_text>
      </entity_mention>
    </entity>
    <entity id="ent-336" type="PER" specificity="specificIndividual">
      <entity_mention id="m-330" noun_type="NOM" source="NYT_ENG_20131210.0050" offset="1437" length="35">
        <mention_text>a U.S. assistant secretary of state</mention_text>
        <nom_head source="NYT_ENG_20131210.0050" offset="1454" length="9">secretary</nom_head>
      </entity_mention>
      <entity_mention id="m-348" noun_type="NAM" source="NYT_ENG_20131210.0050" offset="1474" length="15">
        <mention_text>Victoria Nuland</mention_text>
      </entity_mention>
      <entity_mention id="m-429" noun_type="NAM" source="NYT_ENG_20131210.0050" offset="1918" length="6">
        <mention_text>Nuland</mention_text>
      </entity_mention>
    </entity>
    <entity id="ent-345" type="GPE" specificity="specificIndividual">
      <entity_mention id="m-339" noun_type="NAM" source="NYT_ENG_20131210.0050" offset="1439" length="4">
        <mention_text>U.S.</mention_text>
      </entity_mention>
      <entity_mention id="m-354" noun_type="NOM" source="NYT_ENG_20131210.0050" offset="1467" length="5">
        <mention_text>state</mention_text>
        <nom_head source="NYT_ENG_20131210.0050" offset="1467" length="5">state</nom_head>
      </entity_mention>
      <entity_mention id="m-444" noun_type="NAM" source="NYT_ENG_20131210.0050" offset="1963" length="4">
        <mention_text>U.S.</mention_text>
      </entity_mention>
      <entity_mention id="m-450" noun_type="NAM" source="NYT_ENG_20131210.0050" offset="1987" length="4">
        <mention_text>U.S.</mention_text>
      </entity_mention>
    </entity>
    <entity id="ent-372" type="ORG" specificity="specificGroup">
      <entity_mention id="m-366" noun_type="NOM" source="NYT_ENG_20131210.0050" offset="1534" length="19">
        <mention_text>Western governments</mention_text>
        <nom_head source="NYT_ENG_20131210.0050" offset="1542" length="11">governments</nom_head>
      </entity_mention>
    </entity>
    <entity id="ent-381" type="LOC" specificity="specificIndividual">
      <entity_mention id="m-375" noun_type="NAM" source="NYT_ENG_20131210.0050" offset="1534" length="7">
        <mention_text>Western</mention_text>
      </entity_mention>
      <entity_mention id="m-483" noun_type="NAM" source="NYT_ENG_20131210.0050" offset="2199" length="7">
        <mention_text>Western</mention_text>
      </entity_mention>
    </entity>
    <entity id="ent-390" type="PER" specificity="specificGroup">
      <entity_mention id="m-384" noun_type="NOM" source="NYT_ENG_20131210.0050" offset="1723" length="10">
        <mention_text>the police</mention_text>
        <nom_head source="NYT_ENG_20131210.0050" offset="1727" length="6">police</nom_head>
      </entity_mention>
    </entity>
    <entity id="ent-420" type="ORG" specificity="specificIndividual">
      <entity_mention id="m-414" noun_type="NAM" source="NYT_ENG_20131210.0050" offset="1863" length="16">
        <mention_text>State Department</mention_text>
      </entity_mention>
    </entity>
    <entity id="ent-441" type="GPE" specificity="specificIndividual">
      <entity_mention id="m-435" noun_type="NAM" source="NYT_ENG_20131210.0050" offset="1938" length="6">
        <mention_text>Moscow</mention_text>
      </entity_mention>
    </entity>
    <entity id="ent-474" type="ORG" specificity="specificIndividual">
      <entity_mention id="m-468" noun_type="NAM" source="NYT_ENG_20131210.0050" offset="2152" length="27">
        <mention_text>International Monetary Fund</mention_text>
      </entity_mention>
      <entity_mention id="m-519" noun_type="NAM" source="NYT_ENG_20131210.0050" offset="2386" length="3">
        <mention_text>IMF</mention_text>
      </entity_mention>
    </entity>
    <entity id="ent-507" type="GPE" specificity="specificIndividual">
      <entity_mention id="m-501" noun_type="NAM" source="NYT_ENG_20131210.0050" offset="2344" length="5">
        <mention_text>China</mention_text>
      </entity_mention>
      <entity_mention id="m-525" noun_type="NAM" source="NYT_ENG_20131210.0050" offset="2520" length="5">
        <mention_text>China</mention_text>
      </entity_mention>
      <entity_mention id="m-546" noun_type="NAM" source="NYT_ENG_20131210.0050" offset="2616" length="7">
        <mention_text>Chinese</mention_text>
      </entity_mention>
      <entity_mention id="m-612" noun_type="NAM" source="NYT_ENG_20131210.0050" offset="2886" length="7">
        <mention_text>Chinese</mention_text>
      </entity_mention>
      <entity_mention id="m-651" noun_type="NAM" source="NYT_ENG_20131210.0050" offset="2986" length="7">
        <mention_text>Chinese</mention_text>
      </entity_mention>
    </entity>
    <entity id="ent-516" type="GPE" specificity="specificIndividual">
      <entity_mention id="m-510" noun_type="NAM" source="NYT_ENG_20131210.0050" offset="2354" length="6">
        <mention_text>Russia</mention_text>
      </entity_mention>
      <entity_mention id="m-588" noun_type="NAM" source="NYT_ENG_20131210.0050" offset="2732" length="7">
        <mention_text>Russian</mention_text>
      </entity_mention>
    </entity>
    <entity id="ent-543" type="ORG" specificity="specificGroup">
      <entity_mention id="m-537" noun_type="NOM" source="NYT_ENG_20131210.0050" offset="2616" length="17">
        <mention_text>Chinese companies</mention_text>
        <nom_head source="NYT_ENG_20131210.0050" offset="2624" length="9">companies</nom_head>
      </entity_mention>
    </entity>
    <entity id="ent-558" type="FAC" specificity="nonspecific">
      <entity_mention id="m-552" noun_type="NOM" source="NYT_ENG_20131210.0050" offset="2677" length="49">
        <mention_text>a port on the Crimean Peninsula, on the Black Sea</mention_text>
        <nom_head source="NYT_ENG_20131210.0050" offset="2679" length="4">port</nom_head>
      </entity_mention>
    </entity>
    <entity id="ent-567" type="LOC" specificity="specificIndividual">
      <entity_mention id="m-561" noun_type="NAM" source="NYT_ENG_20131210.0050" offset="2691" length="17">
        <mention_text>Crimean Peninsula</mention_text>
      </entity_mention>
    </entity>
    <entity id="ent-576" type="LOC" specificity="specificIndividual">
      <entity_mention id="m-570" noun_type="NAM" source="NYT_ENG_20131210.0050" offset="2717" length="9">
        <mention_text>Black Sea</mention_text>
      </entity_mention>
    </entity>
    <entity id="ent-585" type="ORG" specificity="specificIndividual">
      <entity_mention id="m-579" noun_type="NOM" source="NYT_ENG_20131210.0050" offset="2728" length="21">
        <mention_text>the Russian news site</mention_text>
        <nom_head source="NYT_ENG_20131210.0050" offset="2745" length="4">site</nom_head>
      </entity_mention>
      <entity_mention id="m-594" noun_type="NAM" source="NYT_ENG_20131210.0050" offset="2750" length="9">
        <mention_text>Gazeta.ru</mention_text>
      </entity_mention>
    </entity>
    <entity id="ent-624" type="ORG" specificity="specificIndividual">
      <entity_mention id="m-618" noun_type="NOM" source="NYT_ENG_20131210.0050" offset="2908" length="16">
        <mention_text>a chemical plant</mention_text>
        <nom_head source="NYT_ENG_20131210.0050" offset="2919" length="5">plant</nom_head>
      </entity_mention>
    </entity>
    <entity id="ent-633" type="LOC" specificity="specificIndeterminate">
      <entity_mention id="m-627" noun_type="NOM" source="NYT_ENG_20131210.0050" offset="2964" length="18">
        <mention_text>Ukrainian farmland</mention_text>
        <nom_head source="NYT_ENG_20131210.0050" offset="2974" length="8">farmland</nom_head>
      </entity_mention>
    </entity>
    <entity id="ent-648" type="ORG" specificity="specificGroup">
      <entity_mention id="m-642" noun_type="NOM" source="NYT_ENG_20131210.0050" offset="2986" length="30">
        <mention_text>Chinese agribusiness companies</mention_text>
        <nom_head source="NYT_ENG_20131210.0050" offset="3007" length="9">companies</nom_head>
      </entity_mention>
    </entity>
  </entities>
  <fillers>
    <filler id="f-675" source="NYT_ENG_20131210.0050" offset="182" length="9" type="title">PRESIDENT</filler>
    <filler id="f-705" source="NYT_ENG_20131210.0050" offset="408" length="9" type="title">president</filler>
    <filler id="f-745" source="NYT_ENG_20131210.0050" offset="652" length="11" type="title">politicians</filler>
    <filler id="f-815" source="NYT_ENG_20131210.0050" offset="1087" length="10" type="title">presidents</filler>
    <filler id="f-845" source="NYT_ENG_20131210.0050" offset="1362" length="6" type="title">envoys</filler>
    <filler id="f-855" source="NYT_ENG_20131210.0050" offset="1392" length="21" type="title">foreign affairs chief</filler>
    <filler id="f-875" source="NYT_ENG_20131210.0050" offset="1444" length="28" type="title">assistant secretary of state</filler>
    <filler id="f-1154" source="NYT_ENG_20131210.0050" offset="557" length="7" type="time" nom_time="2013-12-10">Tuesday</filler>
    <filler id="f-1263" source="NYT_ENG_20131210.0050" offset="859" length="7" type="time" nom_time="2013-12-10">Tuesday</filler>
    <filler id="f-1298" source="NYT_ENG_20131210.0050" offset="859" length="7" type="time" nom_time="2013-12-10">Tuesday</filler>
    <filler id="f-1416" source="NYT_ENG_20131210.0050" offset="859" length="7" type="time" nom_time="2013-12-10">Tuesday</filler>
    <filler id="f-1481" source="NYT_ENG_20131210.0050" offset="1087" length="10" type="title">presidents</filler>
    <filler id="f-1574" source="NYT_ENG_20131210.0050" offset="1308" length="4" type="time" nom_time="2004-XX-XX">2004</filler>
    <filler id="f-1604" source="NYT_ENG_20131210.0050" offset="1308" length="4" type="time" nom_time="2004-XX-XX">2004</filler>
    <filler id="f-1814" source="NYT_ENG_20131210.0050" offset="1745" length="7" type="time" nom_time="2013-11-XX">Nov. 30</filler>
    <filler id="f-1851" source="NYT_ENG_20131210.0050" offset="1745" length="7" type="time" nom_time="2013-11-XX">Nov. 30</filler>
    <filler id="f-1902" source="NYT_ENG_20131210.0050" offset="1899" length="6" type="time" nom_time="2013-12-09">Monday</filler>
    <filler id="f-2124" source="NYT_ENG_20131210.0050" offset="2644" length="10" type="money">$7 billion</filler>
    <filler id="f-2184" source="NYT_ENG_20131210.0050" offset="2769" length="7" type="time" nom_time="2013-12-10">Tuesday</filler>
    <filler id="f-2258" source="NYT_ENG_20131210.0050" offset="2863" length="19" type="money">billions of dollars</filler>
  </fillers>
  <relations>
    <relation id="r-1880" type="orgaffiliation" subtype="leadership">
      <relation_mention id="relm-657" realis="true">
        <rel_arg1 entity_id="ent-30" entity_mention_id="m-24" role="leader">UKRAINE'S PRESIDENT</rel_arg1>
        <rel_arg2 entity_id="ent-8" entity_mention_id="m-18" role="entity">UKRAINE</rel_arg2>
        <trigger source="NYT_ENG_20131210.0050" offset="182" length="9">PRESIDENT</trigger>
      </relation_mention>
      <relation_mention id="relm-687" realis="true">
        <rel_arg1 entity_id="ent-30" entity_mention_id="m-63" role="leader">Ukraine’s embattled president</rel_arg1>
        <rel_arg2 entity_id="ent-8" entity_mention_id="m-57" role="entity">Ukraine</rel_arg2>
        <trigger source="NYT_ENG_20131210.0050" offset="408" length="9">president</trigger>
      </relation_mention>
    </relation>
    <relation id="r-1881" type="personalsocial" subtype="role">
      <relation_mention id="relm-667" realis="true">
        <rel_arg1 entity_id="ent-30" entity_mention_id="m-24" role="per">UKRAINE'S PRESIDENT</rel_arg1>
        <rel_arg2 filler_id="f-675" role="role">PRESIDENT</rel_arg2>
      </relation_mention>
      <relation_mention id="relm-697" realis="true">
        <rel_arg1 entity_id="ent-30" entity_mention_id="m-63" role="per">Ukraine’s embattled president</rel_arg1>
        <rel_arg2 filler_id="f-705" role="role">president</rel_arg2>
      </relation_mention>
    </relation>
    <relation id="r-1882" type="physical" subtype="locatednear">
      <relation_mention id="relm-677" realis="true">
        <rel_arg1 entity_id="ent-48" entity_mention_id="m-42" role="entity">KIEV</rel_arg1>
        <rel_arg2 entity_id="ent-8" entity_mention_id="m-51" role="loc">Ukraine</rel_arg2>
      </relation_mention>
    </relation>
    <relation id="r-1883" type="physical" subtype="locatednear">
      <relation_mention id="relm-707" realis="true">
        <rel_arg1 entity_id="ent-87" entity_mention_id="m-81" role="entity">protesters in a central square here in the capital</rel_arg1>
        <rel_arg2 entity_id="ent-96" entity_mention_id="m-90" role="loc">a central square here in the capital</rel_arg2>
        <trigger source="NYT_ENG_20131210.0050" offset="507" length="2">in</trigger>
      </relation_mention>
    </relation>
    <relation id="r-1884" type="physical" subtype="locatednear">
      <relation_mention id="relm-717" realis="true">
        <rel_arg1 entity_id="ent-96" entity_mention_id="m-90" role="entity">a central square here in the capital</rel_arg1>
        <rel_arg2 entity_id="ent-48" entity_mention_id="m-105" role="loc">the capital</rel_arg2>
        <trigger source="NYT_ENG_20131210.0050" offset="532" length="2">in</trigger>
      </relation_mention>
    </relation>
    <relation id="r-1885" type="orgaffiliation" subtype="leadership">
      <relation_mention id="relm-727" realis="true">
        <rel_arg1 entity_id="ent-30" entity_mention_id="m-120" role="leader">his</rel_arg1>
        <rel_arg2 entity_id="ent-117" entity_mention_id="m-111" role="entity">his government</rel_arg2>
        <trigger source="NYT_ENG_20131210.0050" offset="570" length="3">his</trigger>
      </relation_mention>
    </relation>
    <relation id="r-1886" type="personalsocial" subtype="role">
      <relation_mention id="relm-737" realis="true">
        <rel_arg1 entity_id="ent-141" entity_mention_id="m-135" role="per">former politicians</rel_arg1>
        <rel_arg2 filler_id="f-745" role="role">politicians</rel_arg2>
      </relation_mention>
      <relation_mention id="relm-807" realis="true">
        <rel_arg1 entity_id="ent-141" entity_mention_id="m-243" role="per">three former Ukrainian presidents</rel_arg1>
        <rel_arg2 filler_id="f-815" role="role">presidents</rel_arg2>
      </relation_mention>
    </relation>
    <relation id="r-1887" type="physical" subtype="locatednear">
      <relation_mention id="relm-747" realis="true">
        <rel_arg1 entity_id="ent-162" entity_mention_id="m-156" role="entity">police</rel_arg1>
        <rel_arg2 entity_id="ent-48" entity_mention_id="m-165" role="loc">Kiev</rel_arg2>
        <trigger source="NYT_ENG_20131210.0050" offset="773" length="2">in</trigger>
      </relation_mention>
    </relation>
    <relation id="r-1888" type="physical" subtype="locatednear">
      <relation_mention id="relm-757" realis="true">
        <rel_arg1 entity_id="ent-162" entity_mention_id="m-183" role="entity">the police</rel_arg1>
        <rel_arg2 entity_id="ent-204" entity_mention_id="m-198" role="loc">several smaller outlying camps they had erected in a district of government buildings</rel_arg2>
        <trigger source="NYT_ENG_20131210.0050" offset="900" length="4">from</trigger>
      </relation_mention>
    </relation>
    <relation id="r-1889" type="physical" subtype="locatednear">
      <relation_mention id="relm-767" realis="true">
        <rel_arg1 entity_id="ent-195" entity_mention_id="m-189" role="entity">protesters</rel_arg1>
        <rel_arg2 entity_id="ent-204" entity_mention_id="m-198" role="loc">several smaller outlying camps they had erected in a district of government buildings</rel_arg2>
        <trigger source="NYT_ENG_20131210.0050" offset="900" length="4">from</trigger>
      </relation_mention>
    </relation>
    <relation id="r-1890" type="physical" subtype="locatednear">
      <relation_mention id="relm-777" realis="true">
        <rel_arg1 entity_id="ent-204" entity_mention_id="m-198" role="entity">several smaller outlying camps they had erected in a district of government buildings</rel_arg1>
        <rel_arg2 entity_id="ent-219" entity_mention_id="m-213" role="loc">a district of government buildings</rel_arg2>
        <trigger source="NYT_ENG_20131210.0050" offset="953" length="2">in</trigger>
      </relation_mention>
    </relation>
    <relation id="r-1891" type="physical" subtype="locatednear">
      <relation_mention id="relm-787" realis="true">
        <rel_arg1 entity_id="ent-228" entity_mention_id="m-222" role="entity">government buildings</rel_arg1>
        <rel_arg2 entity_id="ent-219" entity_mention_id="m-213" role="loc">a district of government buildings</rel_arg2>
        <trigger source="NYT_ENG_20131210.0050" offset="967" length="2">of</trigger>
      </relation_mention>
    </relation>
    <relation id="r-1892" type="physical" subtype="orglocationorigin">
      <relation_mention id="relm-797" realis="true">
        <rel_arg1 entity_id="ent-117" entity_mention_id="m-231" role="org">government</rel_arg1>
        <rel_arg2 entity_id="ent-228" entity_mention_id="m-222" role="loc">government buildings</rel_arg2>
      </relation_mention>
    </relation>
    <relation id="r-1893" type="orgaffiliation" subtype="leadership">
      <relation_mention id="relm-817" realis="true">
        <rel_arg1 entity_id="ent-141" entity_mention_id="m-243" role="leader">three former Ukrainian presidents</rel_arg1>
        <rel_arg2 entity_id="ent-8" entity_mention_id="m-249" role="entity">Ukrainian</rel_arg2>
        <trigger source="NYT_ENG_20131210.0050" offset="1087" length="10">presidents</trigger>
      </relation_mention>
    </relation>
    <relation id="r-1894" type="physical" subtype="locatednear">
      <relation_mention id="relm-827" realis="true">
        <rel_arg1 entity_id="ent-288" entity_mention_id="m-282" role="entity">street</rel_arg1>
        <rel_arg2 entity_id="ent-48" entity_mention_id="m-291" role="loc">here</rel_arg2>
      </relation_mention>
    </relation>
    <relation id="r-1895" type="personalsocial" subtype="role">
      <relation_mention id="relm-837" realis="true">
        <rel_arg1 entity_id="ent-303" entity_mention_id="m-297" role="per">Senior envoys including the European foreign affairs chief, Catherine Ashton, and a U.S. assistant secretary of state, Victoria Nuland</rel_arg1>
        <rel_arg2 filler_id="f-845" role="role">envoys</rel_arg2>
      </relation_mention>
    </relation>
    <relation id="r-1896" type="personalsocial" subtype="role">
      <relation_mention id="relm-847" realis="true">
        <rel_arg1 entity_id="ent-312" entity_mention_id="m-306" role="per">the European foreign affairs chief</rel_arg1>
        <rel_arg2 filler_id="f-855" role="role">foreign affairs chief</rel_arg2>
      </relation_mention>
    </relation>
    <relation id="r-1897" type="orgaffiliation" subtype="employmentmembership">
      <relation_mention id="relm-857" realis="true">
        <rel_arg1 entity_id="ent-312" entity_mention_id="m-306" role="employeemember">the European foreign affairs chief</rel_arg1>
        <rel_arg2 entity_id="ent-321" entity_mention_id="m-315" role="org">European</rel_arg2>
        <trigger source="NYT_ENG_20131210.0050" offset="1383" length="8">European</trigger>
      </relation_mention>
    </relation>
    <relation id="r-1898" type="personalsocial" subtype="role">
      <relation_mention id="relm-867" realis="true">
        <rel_arg1 entity_id="ent-336" entity_mention_id="m-330" role="per">a U.S. assistant secretary of state</rel_arg1>
        <rel_arg2 filler_id="f-875" role="role">assistant secretary of state</rel_arg2>
      </relation_mention>
    </relation>
    <relation id="r-1899" type="orgaffiliation" subtype="employmentmembership">
      <relation_mention id="relm-877" realis="true">
        <rel_arg1 entity_id="ent-336" entity_mention_id="m-330" role="employeemember">a U.S. assistant secretary of state</rel_arg1>
        <rel_arg2 entity_id="ent-345" entity_mention_id="m-354" role="org">state</rel_arg2>
        <trigger source="NYT_ENG_20131210.0050" offset="1454" length="9">secretary</trigger>
      </relation_mention>
    </relation>
    <relation id="r-1900" type="physical" subtype="locatednear">
      <relation_mention id="relm-897" realis="true">
        <rel_arg1 entity_id="ent-303" entity_mention_id="m-297" role="entity">Senior envoys including the European foreign affairs chief, Catherine Ashton, and a U.S. assistant secretary of state, Victoria Nuland</rel_arg1>
        <rel_arg2 entity_id="ent-48" entity_mention_id="m-360" role="loc">Kiev</rel_arg2>
        <trigger source="NYT_ENG_20131210.0050" offset="1499" length="2">in</trigger>
      </relation_mention>
    </relation>
    <relation id="r-1901" type="physical" subtype="orglocationorigin">
      <relation_mention id="relm-907" realis="true">
        <rel_arg1 entity_id="ent-372" entity_mention_id="m-366" role="org">Western governments</rel_arg1>
        <rel_arg2 entity_id="ent-381" entity_mention_id="m-375" role="loc">Western</rel_arg2>
        <trigger source="NYT_ENG_20131210.0050" offset="1534" length="7">Western</trigger>
      </relation_mention>
    </relation>
    <relation id="r-1902" type="physical" subtype="locatednear">
      <relation_mention id="relm-917" realis="true">
        <rel_arg1 entity_id="ent-390" entity_mention_id="m-384" role="entity">the police</rel_arg1>
        <rel_arg2 entity_id="ent-48" entity_mention_id="m-393" role="loc">Kiev</rel_arg2>
        <trigger source="NYT_ENG_20131210.0050" offset="1734" length="2">in</trigger>
      </relation_mention>
    </relation>
    <relation id="r-1903" type="physical" subtype="locatednear">
      <relation_mention id="relm-947" realis="true">
        <rel_arg1 entity_id="ent-336" entity_mention_id="m-429" role="entity">Nuland</rel_arg1>
        <rel_arg2 entity_id="ent-441" entity_mention_id="m-435" role="loc">Moscow</rel_arg2>
        <trigger source="NYT_ENG_20131210.0050" offset="1935" length="2">in</trigger>
      </relation_mention>
    </relation>
    <relation id="r-1904" type="generalaffiliation" subtype="more">
      <relation_mention id="relm-957" realis="true">
        <rel_arg1 entity_id="ent-303" entity_mention_id="m-477" role="per">the Western envoys</rel_arg1>
        <rel_arg2 entity_id="ent-381" entity_mention_id="m-483" role="entity">Western</rel_arg2>
        <trigger source="NYT_ENG_20131210.0050" offset="2199" length="7">Western</trigger>
      </relation_mention>
    </relation>
    <relation id="r-1905" type="partwhole" subtype="subsidiary">
      <relation_mention id="relm-967" realis="true">
        <rel_arg1 entity_id="ent-117" entity_mention_id="m-489" role="suborg">the Ukrainian government</rel_arg1>
        <rel_arg2 entity_id="ent-8" entity_mention_id="m-495" role="parent">Ukrainian</rel_arg2>
        <trigger source="NYT_ENG_20131210.0050" offset="2276" length="9">Ukrainian</trigger>
      </relation_mention>
      <relation_mention id="relm-1027" realis="true">
        <rel_arg1 entity_id="ent-117" entity_mention_id="m-600" role="suborg">The Ukrainian government</rel_arg1>
        <rel_arg2 entity_id="ent-8" entity_mention_id="m-606" role="parent">Ukrainian</rel_arg2>
        <trigger source="NYT_ENG_20131210.0050" offset="2791" length="9">Ukrainian</trigger>
      </relation_mention>
    </relation>
    <relation id="r-1906" type="physical" subtype="locatednear">
      <relation_mention id="relm-977" realis="true">
        <rel_arg1 entity_id="ent-30" entity_mention_id="m-531" role="entity">Yanukovych</rel_arg1>
        <rel_arg2 entity_id="ent-507" entity_mention_id="m-525" role="loc">China</rel_arg2>
        <trigger source="NYT_ENG_20131210.0050" offset="2511" length="5">visit</trigger>
      </relation_mention>
    </relation>
    <relation id="r-1907" type="physical" subtype="orglocationorigin">
      <relation_mention id="relm-987" realis="true">
        <rel_arg1 entity_id="ent-543" entity_mention_id="m-537" role="org">Chinese companies</rel_arg1>
        <rel_arg2 entity_id="ent-507" entity_mention_id="m-546" role="loc">Chinese</rel_arg2>
        <trigger source="NYT_ENG_20131210.0050" offset="2616" length="7">Chinese</trigger>
      </relation_mention>
    </relation>
    <relation id="r-1908" type="physical" subtype="locatednear">
      <relation_mention id="relm-997" realis="false">
        <rel_arg1 entity_id="ent-558" entity_mention_id="m-552" role="entity">a port on the Crimean Peninsula, on the Black Sea</rel_arg1>
        <rel_arg2 entity_id="ent-567" entity_mention_id="m-561" role="loc">Crimean Peninsula</rel_arg2>
        <trigger source="NYT_ENG_20131210.0050" offset="2684" length="2">on</trigger>
      </relation_mention>
    </relation>
    <relation id="r-1909" type="physical" subtype="locatednear">
      <relation_mention id="relm-1007" realis="true">
        <rel_arg1 entity_id="ent-567" entity_mention_id="m-561" role="entity">Crimean Peninsula</rel_arg1>
        <rel_arg2 entity_id="ent-576" entity_mention_id="m-570" role="loc">Black Sea</rel_arg2>
        <trigger source="NYT_ENG_20131210.0050" offset="2710" length="2">on</trigger>
      </relation_mention>
    </relation>
    <relation id="r-1910" type="physical" subtype="orglocationorigin">
      <relation_mention id="relm-1017" realis="true">
        <rel_arg1 entity_id="ent-585" entity_mention_id="m-579" role="org">the Russian news site</rel_arg1>
        <rel_arg2 entity_id="ent-516" entity_mention_id="m-588" role="loc">Russian</rel_arg2>
        <trigger source="NYT_ENG_20131210.0050" offset="2732" length="7">Russian</trigger>
      </relation_mention>
    </relation>
    <relation id="r-1911" type="physical" subtype="locatednear">
      <relation_mention id="relm-1037" realis="true">
        <rel_arg1 entity_id="ent-633" entity_mention_id="m-627" role="entity">Ukrainian farmland</rel_arg1>
        <rel_arg2 entity_id="ent-8" entity_mention_id="m-636" role="loc">Ukrainian</rel_arg2>
        <trigger source="NYT_ENG_20131210.0050" offset="2964" length="9">Ukrainian</trigger>
      </relation_mention>
    </relation>
    <relation id="r-1912" type="physical" subtype="orglocationorigin">
      <relation_mention id="relm-1047" realis="true">
        <rel_arg1 entity_id="ent-648" entity_mention_id="m-642" role="org">Chinese agribusiness companies</rel_arg1>
        <rel_arg2 entity_id="ent-507" entity_mention_id="m-651" role="loc">Chinese</rel_arg2>
        <trigger source="NYT_ENG_20131210.0050" offset="2986" length="7">Chinese</trigger>
      </relation_mention>
    </relation>
  </relations>
  <hoppers>
    <hopper id="h-16">
      <event_mention id="em-1057" type="contact" subtype="meet" realis="actual" audience="twoway" formality="formal" medium="inperson" schedule="planned">
        <trigger source="NYT_ENG_20131210.0050" offset="202" length="11">ROUND TABLE</trigger>
        <em_arg entity_id="ent-30" entity_mention_id="m-24" role="entity" realis="true">UKRAINE'S PRESIDENT</em_arg>
      </event_mention>
      <event_mention id="em-1115" type="contact" subtype="meet" realis="actual" audience="twoway" formality="formal" medium="inperson" schedule="planned">
        <trigger source="NYT_ENG_20131210.0050" offset="610" length="10">discussion</trigger>
        <em_arg entity_id="ent-30" entity_mention_id="m-69" role="entity" realis="true">Viktor Yanukovych</em_arg>
        <em_arg entity_id="ent-132" entity_mention_id="m-126" role="entity" realis="true">cultural figures</em_arg>
        <em_arg entity_id="ent-141" entity_mention_id="m-135" role="entity" realis="true">former politicians</em_arg>
        <em_arg filler_id="f-1154" role="time" realis="true">Tuesday</em_arg>
      </event_mention>
      <event_mention id="em-1421" type="contact" subtype="meet" realis="other" audience="twoway" formality="formal" medium="inperson" schedule="planned">
        <trigger source="NYT_ENG_20131210.0050" offset="1054" length="4">meet</trigger>
        <em_arg entity_id="ent-30" entity_mention_id="m-237" role="entity" realis="true">Yanukovych</em_arg>
        <em_arg entity_id="ent-141" entity_mention_id="m-243" role="entity" realis="true">three former Ukrainian presidents</em_arg>
      </event_mention>
    </hopper>
    <hopper id="h-1113">
      <event_mention id="em-1085" type="conflict" subtype="demonstrate" realis="actual">
        <trigger source="NYT_ENG_20131210.0050" offset="496" length="10">protesters</trigger>
        <em_arg entity_id="ent-87" entity_mention_id="m-81" role="entity" realis="true">protesters in a central square here in the capital</em_arg>
        <em_arg entity_id="ent-96" entity_mention_id="m-90" role="place" realis="true">a central square here in the capital</em_arg>
      </event_mention>
      <event_mention id="em-1238" type="conflict" subtype="demonstrate" realis="actual">
        <trigger source="NYT_ENG_20131210.0050" offset="797" length="13">demonstration</trigger>
        <em_arg entity_id="ent-96" entity_mention_id="m-171" role="place" realis="true">the plaza</em_arg>
        <em_arg filler_id="f-1263" role="time" realis="true">Tuesday</em_arg>
      </event_mention>
    </hopper>
    <hopper id="h-1157">
      <event_mention id="em-1180" type="contact" subtype="contact" realis="other" audience="twoway" formality="formal" medium="canttell" schedule="canttell">
        <trigger source="NYT_ENG_20131210.0050" offset="720" length="11">negotiating</trigger>
        <em_arg entity_id="ent-30" entity_mention_id="m-150" role="entity" realis="true">his</em_arg>
      </event_mention>
    </hopper>
    <hopper id="h-1236">
      <event_mention id="em-1201" type="movement" subtype="transportperson" realis="actual">
        <trigger source="NYT_ENG_20131210.0050" offset="744" length="8">boosting</trigger>
        <em_arg entity_id="ent-30" entity_mention_id="m-150" role="agent" realis="true">his</em_arg>
        <em_arg entity_id="ent-162" entity_mention_id="m-156" role="person" realis="true">police</em_arg>
        <em_arg entity_id="ent-48" entity_mention_id="m-165" role="destination" realis="true">Kiev</em_arg>
      </event_mention>
    </hopper>
    <hopper id="h-1301">
      <event_mention id="em-1266" type="conflict" subtype="demonstrate" realis="actual">
        <trigger source="NYT_ENG_20131210.0050" offset="889" length="10">protesters</trigger>
        <em_arg entity_id="ent-195" entity_mention_id="m-189" role="entity" realis="true">protesters</em_arg>
        <em_arg entity_id="ent-204" entity_mention_id="m-198" role="place" realis="true">several smaller outlying camps they had erected in a district of government buildings</em_arg>
        <em_arg filler_id="f-1298" role="time" realis="true">Tuesday</em_arg>
      </event_mention>
    </hopper>
    <hopper id="h-1338">
      <event_mention id="em-1303" type="movement" subtype="transportperson" realis="actual">
        <trigger source="NYT_ENG_20131210.0050" offset="879" length="9">dislodged</trigger>
        <em_arg entity_id="ent-162" entity_mention_id="m-183" role="agent" realis="true">the police</em_arg>
        <em_arg entity_id="ent-195" entity_mention_id="m-189" role="person" realis="true">protesters</em_arg>
        <em_arg entity_id="ent-204" entity_mention_id="m-198" role="origin" realis="true">several smaller outlying camps they had erected in a district of government buildings</em_arg>
      </event_mention>
    </hopper>
    <hopper id="h-1375">
      <event_mention id="em-1340" type="manufacture" subtype="artifact" realis="actual">
        <trigger source="NYT_ENG_20131210.0050" offset="945" length="7">erected</trigger>
        <em_arg entity_id="ent-195" entity_mention_id="m-207" role="agent" realis="true">they</em_arg>
        <em_arg entity_id="ent-204" entity_mention_id="m-198" role="artifact" realis="true">several smaller outlying camps they had erected in a district of government buildings</em_arg>
        <em_arg entity_id="ent-219" entity_mention_id="m-213" role="place" realis="true">a district of government buildings</em_arg>
      </event_mention>
    </hopper>
    <hopper id="h-1419">
      <event_mention id="em-1377" type="conflict" subtype="attack" realis="actual">
        <trigger source="NYT_ENG_20131210.0050" offset="1008" length="8">violence</trigger>
        <em_arg entity_id="ent-162" entity_mention_id="m-183" role="attacker" realis="true">the police</em_arg>
        <em_arg entity_id="ent-195" entity_mention_id="m-189" role="target" realis="true">protesters</em_arg>
        <em_arg entity_id="ent-204" entity_mention_id="m-198" role="place" realis="true">several smaller outlying camps they had erected in a district of government buildings</em_arg>
        <em_arg filler_id="f-1416" role="time" realis="true">Tuesday</em_arg>
      </event_mention>
    </hopper>
    <hopper id="h-1484">
      <event_mention id="em-1449" type="personnel" subtype="endposition" realis="actual">
        <trigger source="NYT_ENG_20131210.0050" offset="1070" length="6">former</trigger>
        <em_arg entity_id="ent-8" entity_mention_id="m-249" role="entity" realis="true">Ukrainian</em_arg>
        <em_arg entity_id="ent-141" entity_mention_id="m-243" role="person" realis="true">three former Ukrainian presidents</em_arg>
        <em_arg filler_id="f-1481" role="position" realis="true">presidents</em_arg>
      </event_mention>
    </hopper>
    <hopper id="h-1577">
      <event_mention id="em-1549" type="contact" subtype="contact" realis="actual" audience="twoway" formality="formal" medium="canttell" schedule="planned">
        <trigger source="NYT_ENG_20131210.0050" offset="1246" length="12">negotiations</trigger>
        <em_arg filler_id="f-1574" role="time" realis="true">2004</em_arg>
      </event_mention>
    </hopper>
    <hopper id="h-1607">
      <event_mention id="em-1579" type="conflict" subtype="demonstrate" realis="actual">
        <trigger source="NYT_ENG_20131210.0050" offset="1283" length="7">protest</trigger>
        <em_arg entity_id="ent-288" entity_mention_id="m-282" role="place" realis="true">street</em_arg>
        <em_arg filler_id="f-1604" role="time" realis="true">2004</em_arg>
      </event_mention>
    </hopper>
    <hopper id="h-1658">
      <event_mention id="em-1630" type="movement" subtype="transportperson" realis="actual">
        <trigger source="NYT_ENG_20131210.0050" offset="1491" length="7">arrived</trigger>
        <em_arg entity_id="ent-303" entity_mention_id="m-297" role="agent" realis="true">Senior envoys including the European foreign affairs chief, Catherine Ashton, and a U.S. assistant secretary of state, Victoria Nuland</em_arg>
        <em_arg entity_id="ent-48" entity_mention_id="m-360" role="destination" realis="true">Kiev</em_arg>
      </event_mention>
    </hopper>
    <hopper id="h-1688">
      <event_mention id="em-1660" type="contact" subtype="contact" realis="other" audience="canttell" formality="formal" medium="inperson" schedule="planned">
        <trigger source="NYT_ENG_20131210.0050" offset="1510" length="6">convey</trigger>
        <em_arg entity_id="ent-303" entity_mention_id="m-297" role="entity" realis="true">Senior envoys including the European foreign affairs chief, Catherine Ashton, and a U.S. assistant secretary of state, Victoria Nuland</em_arg>
        <em_arg entity_id="ent-48" entity_mention_id="m-360" role="place" realis="true">Kiev</em_arg>
      </event_mention>
    </hopper>
    <hopper id="h-1711">
      <event_mention id="em-1690" type="contact" subtype="broadcast" realis="actual" audience="oneway" formality="formal" medium="notinperson" schedule="planned">
        <trigger source="NYT_ENG_20131210.0050" offset="1521" length="7">message</trigger>
        <em_arg entity_id="ent-372" entity_mention_id="m-366" role="entity" realis="true">Western governments</em_arg>
      </event_mention>
    </hopper>
    <hopper id="h-1734">
      <event_mention id="em-1856" type="conflict" subtype="demonstrate" realis="actual">
        <trigger source="NYT_ENG_20131210.0050" offset="1788" length="8">uprising</trigger>
        <em_arg entity_id="ent-8" entity_mention_id="m-399" role="place" realis="true">the nation</em_arg>
      </event_mention>
    </hopper>
    <hopper id="h-1817">
      <event_mention id="em-1782" type="life" subtype="injure" realis="actual">
        <trigger source="NYT_ENG_20131210.0050" offset="1691" length="9">bloodshed</trigger>
        <em_arg entity_id="ent-390" entity_mention_id="m-384" role="agent" realis="true">the police</em_arg>
        <em_arg entity_id="ent-48" entity_mention_id="m-393" role="place" realis="true">Kiev</em_arg>
        <em_arg filler_id="f-1814" role="time" realis="true">Nov. 30</em_arg>
      </event_mention>
    </hopper>
    <hopper id="h-1854">
      <event_mention id="em-1819" type="conflict" subtype="attack" realis="actual">
        <trigger source="NYT_ENG_20131210.0050" offset="1710" length="9">crackdown</trigger>
        <em_arg entity_id="ent-390" entity_mention_id="m-384" role="attacker" realis="true">the police</em_arg>
        <em_arg entity_id="ent-48" entity_mention_id="m-393" role="place" realis="true">Kiev</em_arg>
        <em_arg filler_id="f-1851" role="time" realis="true">Nov. 30</em_arg>
      </event_mention>
    </hopper>
    <hopper id="h-1912">
      <event_mention id="em-1877" type="contact" subtype="broadcast" realis="actual" audience="oneway" formality="formal" medium="notinperson" schedule="planned">
        <trigger source="NYT_ENG_20131210.0050" offset="1889" length="9">statement</trigger>
        <em_arg entity_id="ent-420" entity_mention_id="m-414" role="entity" realis="true">State Department</em_arg>
        <em_arg filler_id="f-1902" role="time" realis="true">Monday</em_arg>
      </event_mention>
    </hopper>
    <hopper id="h-1942">
      <event_mention id="em-1914" type="contact" subtype="meet" realis="actual" audience="twoway" formality="formal" medium="inperson" schedule="planned">
        <trigger source="NYT_ENG_20131210.0050" offset="1929" length="5">talks</trigger>
        <em_arg entity_id="ent-336" entity_mention_id="m-429" role="entity" realis="true">Nuland</em_arg>
        <em_arg entity_id="ent-441" entity_mention_id="m-435" role="place" realis="true">Moscow</em_arg>
      </event_mention>
    </hopper>
    <hopper id="h-1979">
      <event_mention id="em-1944" type="transaction" subtype="transfermoney" realis="other" ways="voluntary">
        <trigger source="NYT_ENG_20131210.0050" offset="2329" length="9">financing</trigger>
        <em_arg entity_id="ent-507" entity_mention_id="m-501" role="giver" realis="true">China</em_arg>
        <em_arg entity_id="ent-516" entity_mention_id="m-510" role="giver" realis="true">Russia</em_arg>
        <em_arg entity_id="ent-117" entity_mention_id="m-489" role="recipient" realis="true">the Ukrainian government</em_arg>
      </event_mention>
    </hopper>
    <hopper id="h-2009">
      <event_mention id="em-1981" type="transaction" subtype="transfermoney" realis="other" ways="voluntary">
        <trigger source="NYT_ENG_20131210.0050" offset="2373" length="3">aid</trigger>
        <em_arg entity_id="ent-474" entity_mention_id="m-519" role="giver" realis="true">IMF</em_arg>
        <em_arg entity_id="ent-117" entity_mention_id="m-489" role="recipient" realis="true">the Ukrainian government</em_arg>
      </event_mention>
    </hopper>
    <hopper id="h-2039">
      <event_mention id="em-2011" type="movement" subtype="transportperson" realis="actual">
        <trigger source="NYT_ENG_20131210.0050" offset="2511" length="5">visit</trigger>
        <em_arg entity_id="ent-30" entity_mention_id="m-531" role="agent" realis="true">Yanukovych</em_arg>
        <em_arg entity_id="ent-507" entity_mention_id="m-525" role="destination" realis="true">China</em_arg>
      </event_mention>
    </hopper>
    <hopper id="h-2097">
      <event_mention id="em-2062" type="contact" subtype="meet" realis="actual" audience="twoway" formality="formal" medium="inperson" schedule="planned">
        <trigger source="NYT_ENG_20131210.0050" offset="2588" length="10">negotiated</trigger>
        <em_arg entity_id="ent-30" entity_mention_id="m-531" role="entity" realis="true">Yanukovych</em_arg>
        <em_arg entity_id="ent-543" entity_mention_id="m-537" role="entity" realis="true">Chinese companies</em_arg>
        <em_arg entity_id="ent-507" entity_mention_id="m-525" role="place" realis="true">China</em_arg>
      </event_mention>
    </hopper>
    <hopper id="h-2127">
      <event_mention id="em-2099" type="transaction" subtype="transfermoney" realis="other" ways="voluntary">
        <trigger source="NYT_ENG_20131210.0050" offset="2637" length="6">invest</trigger>
        <em_arg entity_id="ent-543" entity_mention_id="m-537" role="giver" realis="true">Chinese companies</em_arg>
        <em_arg filler_id="f-2124" role="money" realis="true">$7 billion</em_arg>
      </event_mention>
    </hopper>
    <hopper id="h-2157">
      <event_mention id="em-2129" type="manufacture" subtype="artifact" realis="other">
        <trigger source="NYT_ENG_20131210.0050" offset="2662" length="11">development</trigger>
        <em_arg entity_id="ent-558" entity_mention_id="m-552" role="artifact" realis="true">a port on the Crimean Peninsula, on the Black Sea</em_arg>
        <em_arg entity_id="ent-567" entity_mention_id="m-561" role="place" realis="true">Crimean Peninsula</em_arg>
      </event_mention>
    </hopper>
    <hopper id="h-2194">
      <event_mention id="em-2159" type="contact" subtype="broadcast" realis="actual" audience="oneway" formality="formal" medium="notinperson" schedule="planned">
        <trigger source="NYT_ENG_20131210.0050" offset="2760" length="8">reported</trigger>
        <em_arg entity_id="ent-585" entity_mention_id="m-594" role="entity" realis="true">Gazeta.ru</em_arg>
        <em_arg filler_id="f-2184" role="time" realis="true">Tuesday</em_arg>
        <em_arg entity_id="ent-516" entity_mention_id="m-588" role="place" realis="true">Russian</em_arg>
      </event_mention>
    </hopper>
    <hopper id="h-2224">
      <event_mention id="em-2196" type="contact" subtype="broadcast" realis="actual" audience="oneway" formality="formal" medium="notinperson" schedule="planned">
        <trigger source="NYT_ENG_20131210.0050" offset="2834" length="7">claimed</trigger>
        <em_arg entity_id="ent-117" entity_mention_id="m-600" role="entity" realis="true">The Ukrainian government</em_arg>
        <em_arg entity_id="ent-8" entity_mention_id="m-606" role="place" realis="true">Ukrainian</em_arg>
      </event_mention>
    </hopper>
    <hopper id="h-2261">
      <event_mention id="em-2226" type="transaction" subtype="transfermoney" realis="other" ways="voluntary">
        <trigger source="NYT_ENG_20131210.0050" offset="2894" length="10">investment</trigger>
        <em_arg entity_id="ent-507" entity_mention_id="m-612" role="giver" realis="true">Chinese</em_arg>
        <em_arg entity_id="ent-624" entity_mention_id="m-618" role="recipient" realis="true">a chemical plant</em_arg>
        <em_arg filler_id="f-2258" role="money" realis="true">billions of dollars</em_arg>
      </event_mention>
    </hopper>
    <hopper id="h-2291">
      <event_mention id="em-2263" type="contact" subtype="contact" realis="actual" audience="twoway" formality="formal" medium="canttell" schedule="planned">
        <trigger source="NYT_ENG_20131210.0050" offset="2939" length="10">negotiated</trigger>
        <em_arg entity_id="ent-648" entity_mention_id="m-642" role="entity" realis="true">Chinese agribusiness companies</em_arg>
        <em_arg entity_id="ent-117" entity_mention_id="m-600" role="entity" realis="true">The Ukrainian government</em_arg>
      </event_mention>
    </hopper>
    <hopper id="h-2321">
      <event_mention id="em-2293" type="transaction" subtype="transfermoney" realis="other" ways="voluntary">
        <trigger source="NYT_ENG_20131210.0050" offset="2958" length="5">lease</trigger>
        <em_arg entity_id="ent-648" entity_mention_id="m-642" role="giver" realis="true">Chinese agribusiness companies</em_arg>
        <em_arg entity_id="ent-8" entity_mention_id="m-636" role="recipient" realis="true">Ukrainian</em_arg>
      </event_mention>
    </hopper>
    <hopper id="h-2358">
      <event_mention id="em-2323" type="transaction" subtype="transferownership" realis="other" ways="voluntary">
        <trigger source="NYT_ENG_20131210.0050" offset="2958" length="5">lease</trigger>
        <em_arg entity_id="ent-8" entity_mention_id="m-636" role="giver" realis="true">Ukrainian</em_arg>
        <em_arg entity_id="ent-648" entity_mention_id="m-642" role="recipient" realis="true">Chinese agribusiness companies</em_arg>
        <em_arg entity_id="ent-633" entity_mention_id="m-627" role="place" realis="true">Ukrainian farmland</em_arg>
      </event_mention>
    </hopper>
  </hoppers>
</deft_ere>
