<?xml version="1.0" encoding="UTF-8"?>
<deft_ere kit_id="5733b8b10000000000000065" doc_id="NYT_ENG_20130903.0080" source_type="newswire">
  <entities>
    <entity id="ent-8" type="ORG" specificity="specificIndividual">
      <entity_mention id="m-24" noun_type="NAM" source="NYT_ENG_20130903.0080" offset="176" length="9">
        <mention_text>MICROSOFT</mention_text>
      </entity_mention>
      <entity_mention id="m-69" noun_type="NAM" source="NYT_ENG_20130903.0080" offset="412" length="9">
        <mention_text>Microsoft</mention_text>
      </entity_mention>
      <entity_mention id="m-75" noun_type="PRO" source="NYT_ENG_20130903.0080" offset="444" length="3">
        <mention_text>its</mention_text>
      </entity_mention>
      <entity_mention id="m-81" noun_type="PRO" source="NYT_ENG_20130903.0080" offset="476" length="3">
        <mention_text>its</mention_text>
      </entity_mention>
      <entity_mention id="m-96" noun_type="NOM" source="NYT_ENG_20130903.0080" offset="596" length="20">
        <mention_text>the technology giant</mention_text>
        <nom_head source="NYT_ENG_20130903.0080" offset="611" length="5">giant</nom_head>
      </entity_mention>
      <entity_mention id="m-135" noun_type="NAM" source="NYT_ENG_20130903.0080" offset="794" length="9">
        <mention_text>Microsoft</mention_text>
      </entity_mention>
      <entity_mention id="m-189" noun_type="NOM" source="NYT_ENG_20130903.0080" offset="1009" length="20">
        <mention_text>the software company</mention_text>
        <nom_head source="NYT_ENG_20130903.0080" offset="1022" length="7">company</nom_head>
      </entity_mention>
      <entity_mention id="m-195" noun_type="PRO" source="NYT_ENG_20130903.0080" offset="1049" length="3">
        <mention_text>its</mention_text>
      </entity_mention>
      <entity_mention id="m-210" noun_type="NAM" source="NYT_ENG_20130903.0080" offset="1201" length="9">
        <mention_text>Microsoft</mention_text>
      </entity_mention>
    </entity>
    <entity id="ent-36" type="ORG" specificity="specificIndividual">
      <entity_mention id="m-30" noun_type="NAM" source="NYT_ENG_20130903.0080" offset="187" length="5">
        <mention_text>NOKIA</mention_text>
      </entity_mention>
      <entity_mention id="m-63" noun_type="NAM" source="NYT_ENG_20130903.0080" offset="386" length="5">
        <mention_text>Nokia</mention_text>
      </entity_mention>
      <entity_mention id="m-141" noun_type="NAM" source="NYT_ENG_20130903.0080" offset="840" length="5">
        <mention_text>Nokia</mention_text>
      </entity_mention>
      <entity_mention id="m-183" noun_type="NAM" source="NYT_ENG_20130903.0080" offset="986" length="5">
        <mention_text>Nokia</mention_text>
      </entity_mention>
      <entity_mention id="m-228" noun_type="NAM" source="NYT_ENG_20130903.0080" offset="1302" length="5">
        <mention_text>Nokia</mention_text>
      </entity_mention>
      <entity_mention id="m-255" noun_type="NOM" source="NYT_ENG_20130903.0080" offset="1388" length="19">
        <mention_text>the Finnish company</mention_text>
        <nom_head source="NYT_ENG_20130903.0080" offset="1400" length="7">company</nom_head>
      </entity_mention>
      <entity_mention id="m-270" noun_type="NAM" source="NYT_ENG_20130903.0080" offset="1479" length="5">
        <mention_text>Nokia</mention_text>
      </entity_mention>
      <entity_mention id="m-276" noun_type="PRO" source="NYT_ENG_20130903.0080" offset="1494" length="3">
        <mention_text>its</mention_text>
      </entity_mention>
      <entity_mention id="m-282" noun_type="NOM" source="NYT_ENG_20130903.0080" offset="1531" length="11">
        <mention_text>the company</mention_text>
        <nom_head source="NYT_ENG_20130903.0080" offset="1535" length="7">company</nom_head>
      </entity_mention>
      <entity_mention id="m-288" noun_type="NAM" source="NYT_ENG_20130903.0080" offset="1544" length="5">
        <mention_text>Nokia</mention_text>
      </entity_mention>
    </entity>
    <entity id="ent-60" type="GPE" specificity="specificIndividual">
      <entity_mention id="m-54" noun_type="NAM" source="NYT_ENG_20130903.0080" offset="349" length="8">
        <mention_text>New York</mention_text>
      </entity_mention>
    </entity>
    <entity id="ent-93" type="PER" specificity="nonspecific">
      <entity_mention id="m-87" noun_type="NOM" source="NYT_ENG_20130903.0080" offset="509" length="31">
        <mention_text>a potential new chief executive</mention_text>
        <nom_head source="NYT_ENG_20130903.0080" offset="531" length="9">executive</nom_head>
      </entity_mention>
    </entity>
    <entity id="ent-108" type="ORG" specificity="specificIndividual">
      <entity_mention id="m-102" noun_type="NAM" source="NYT_ENG_20130903.0080" offset="659" length="5">
        <mention_text>Skype</mention_text>
      </entity_mention>
    </entity>
    <entity id="ent-117" type="PER" specificity="specificGroup">
      <entity_mention id="m-111" noun_type="NOM" source="NYT_ENG_20130903.0080" offset="727" length="28">
        <mention_text>people briefed on the matter</mention_text>
        <nom_head source="NYT_ENG_20130903.0080" offset="727" length="6">people</nom_head>
      </entity_mention>
    </entity>
    <entity id="ent-126" type="PER" specificity="specificIndividual">
      <entity_mention id="m-120" noun_type="NAM" source="NYT_ENG_20130903.0080" offset="779" length="13">
        <mention_text>Steve Ballmer</mention_text>
      </entity_mention>
      <entity_mention id="m-129" noun_type="NOM" source="NYT_ENG_20130903.0080" offset="794" length="27">
        <mention_text>Microsoft’s chief executive</mention_text>
        <nom_head source="NYT_ENG_20130903.0080" offset="812" length="9">executive</nom_head>
      </entity_mention>
      <entity_mention id="m-156" noun_type="PRO" source="NYT_ENG_20130903.0080" offset="936" length="2">
        <mention_text>He</mention_text>
      </entity_mention>
      <entity_mention id="m-171" noun_type="PRO" source="NYT_ENG_20130903.0080" offset="967" length="3">
        <mention_text>his</mention_text>
      </entity_mention>
      <entity_mention id="m-333" noun_type="NAM" source="NYT_ENG_20130903.0080" offset="1775" length="7">
        <mention_text>Ballmer</mention_text>
      </entity_mention>
    </entity>
    <entity id="ent-153" type="GPE" specificity="specificIndividual">
      <entity_mention id="m-147" noun_type="NAM" source="NYT_ENG_20130903.0080" offset="915" length="9">
        <mention_text>Barcelona</mention_text>
      </entity_mention>
    </entity>
    <entity id="ent-168" type="PER" specificity="specificIndividual">
      <entity_mention id="m-162" noun_type="NAM" source="NYT_ENG_20130903.0080" offset="953" length="12">
        <mention_text>Stephen Elop</mention_text>
      </entity_mention>
      <entity_mention id="m-177" noun_type="NOM" source="NYT_ENG_20130903.0080" offset="967" length="35">
        <mention_text>his counterpart at Nokia since 2010</mention_text>
        <nom_head source="NYT_ENG_20130903.0080" offset="971" length="11">counterpart</nom_head>
      </entity_mention>
      <entity_mention id="m-216" noun_type="NAM" source="NYT_ENG_20130903.0080" offset="1238" length="4">
        <mention_text>Elop</mention_text>
      </entity_mention>
      <entity_mention id="m-222" noun_type="NOM" source="NYT_ENG_20130903.0080" offset="1244" length="18">
        <mention_text>a former executive</mention_text>
        <nom_head source="NYT_ENG_20130903.0080" offset="1253" length="9">executive</nom_head>
      </entity_mention>
      <entity_mention id="m-234" noun_type="NAM" source="NYT_ENG_20130903.0080" offset="1332" length="4">
        <mention_text>Elop</mention_text>
      </entity_mention>
    </entity>
    <entity id="ent-207" type="ORG" specificity="specificIndividual">
      <entity_mention id="m-201" noun_type="NAM" source="NYT_ENG_20130903.0080" offset="1163" length="5">
        <mention_text>Apple</mention_text>
      </entity_mention>
    </entity>
    <entity id="ent-246" type="PER" specificity="specificIndividual">
      <entity_mention id="m-240" noun_type="NAM" source="NYT_ENG_20130903.0080" offset="1370" length="16">
        <mention_text>Riisto Siilasmaa</mention_text>
      </entity_mention>
      <entity_mention id="m-249" noun_type="NOM" source="NYT_ENG_20130903.0080" offset="1388" length="30">
        <mention_text>the Finnish company’s chairman</mention_text>
        <nom_head source="NYT_ENG_20130903.0080" offset="1410" length="8">chairman</nom_head>
      </entity_mention>
      <entity_mention id="m-339" noun_type="NAM" source="NYT_ENG_20130903.0080" offset="1787" length="9">
        <mention_text>Siilasmaa</mention_text>
      </entity_mention>
    </entity>
    <entity id="ent-267" type="GPE" specificity="specificIndividual">
      <entity_mention id="m-261" noun_type="NAM" source="NYT_ENG_20130903.0080" offset="1392" length="7">
        <mention_text>Finnish</mention_text>
      </entity_mention>
    </entity>
    <entity id="ent-300" type="PER" specificity="specificGroup">
      <entity_mention id="m-294" noun_type="NOM" source="NYT_ENG_20130903.0080" offset="1544" length="17">
        <mention_text>Nokia’s directors</mention_text>
        <nom_head source="NYT_ENG_20130903.0080" offset="1552" length="9">directors</nom_head>
      </entity_mention>
    </entity>
    <entity id="ent-309" type="PER" specificity="specificGroup">
      <entity_mention id="m-303" noun_type="NOM" source="NYT_ENG_20130903.0080" offset="1680" length="33">
        <mention_text>the handset unit’s 32,000 workers</mention_text>
        <nom_head source="NYT_ENG_20130903.0080" offset="1706" length="7">workers</nom_head>
      </entity_mention>
    </entity>
    <entity id="ent-318" type="ORG" specificity="specificIndividual">
      <entity_mention id="m-312" noun_type="NOM" source="NYT_ENG_20130903.0080" offset="386" length="24">
        <mention_text>Nokia’s handset business</mention_text>
        <nom_head source="NYT_ENG_20130903.0080" offset="402" length="8">business</nom_head>
      </entity_mention>
      <entity_mention id="m-321" noun_type="NOM" source="NYT_ENG_20130903.0080" offset="1494" length="17">
        <mention_text>its core business</mention_text>
        <nom_head source="NYT_ENG_20130903.0080" offset="1503" length="8">business</nom_head>
      </entity_mention>
      <entity_mention id="m-327" noun_type="NOM" source="NYT_ENG_20130903.0080" offset="1680" length="16">
        <mention_text>the handset unit</mention_text>
        <nom_head source="NYT_ENG_20130903.0080" offset="1692" length="4">unit</nom_head>
      </entity_mention>
    </entity>
    <entity id="ent-351" type="PER" specificity="specificGroup">
      <entity_mention id="m-345" noun_type="PRO" source="NYT_ENG_20130903.0080" offset="1798" length="3">
        <mention_text>who</mention_text>
      </entity_mention>
    </entity>
    <entity id="ent-360" type="GPE" specificity="specificIndividual">
      <entity_mention id="m-354" noun_type="NAM" source="NYT_ENG_20130903.0080" offset="1820" length="8">
        <mention_text>Helsinki</mention_text>
      </entity_mention>
    </entity>
    <entity id="ent-369" type="GPE" specificity="specificIndividual">
      <entity_mention id="m-363" noun_type="NAM" source="NYT_ENG_20130903.0080" offset="1830" length="6">
        <mention_text>London</mention_text>
      </entity_mention>
    </entity>
    <entity id="ent-378" type="GPE" specificity="specificIndividual">
      <entity_mention id="m-372" noun_type="NAM" source="NYT_ENG_20130903.0080" offset="1838" length="8">
        <mention_text>New York</mention_text>
      </entity_mention>
    </entity>
    <entity id="ent-387" type="GPE" specificity="specificIndividual">
      <entity_mention id="m-381" noun_type="NAM" source="NYT_ENG_20130903.0080" offset="1851" length="7">
        <mention_text>Seattle</mention_text>
      </entity_mention>
    </entity>
    <entity id="ent-396" type="GPE" specificity="specificGroup">
      <entity_mention id="m-390" noun_type="NOM" source="NYT_ENG_20130903.0080" offset="1866" length="12">
        <mention_text>other cities</mention_text>
        <nom_head source="NYT_ENG_20130903.0080" offset="1872" length="6">cities</nom_head>
      </entity_mention>
    </entity>
    <entity id="ent-405" type="ORG" specificity="specificGroup">
      <entity_mention id="m-399" noun_type="NOM" source="NYT_ENG_20130903.0080" offset="1915" length="10">
        <mention_text>both sides</mention_text>
        <nom_head source="NYT_ENG_20130903.0080" offset="1920" length="5">sides</nom_head>
      </entity_mention>
      <entity_mention id="m-408" noun_type="NOM" source="NYT_ENG_20130903.0080" offset="2078" length="13">
        <mention_text>the two sides</mention_text>
        <nom_head source="NYT_ENG_20130903.0080" offset="2086" length="5">sides</nom_head>
      </entity_mention>
    </entity>
    <entity id="ent-969" type="LOC" specificity="specificIndividual">
      <entity_mention id="m-963" noun_type="NOM" source="NYT_ENG_20130903.0080" offset="877" length="5">
        <mention_text>World</mention_text>
        <nom_head source="NYT_ENG_20130903.0080" offset="877" length="5">World</nom_head>
      </entity_mention>
    </entity>
  </entities>
  <fillers>
    <filler id="f-903" source="NYT_ENG_20130903.0080" offset="806" length="15" type="title">chief executive</filler>
    <filler id="f-695" source="NYT_ENG_20130903.0080" offset="570" length="12" type="money">$7.2 billion</filler>
    <filler id="f-753" source="NYT_ENG_20130903.0080" offset="761" length="7" type="time" nom_time="2013-08-29">Tuesday</filler>
    <filler id="f-958" source="NYT_ENG_20130903.0080" offset="2051" length="11" type="time" nom_time="2013-XX-XX">This summer</filler>
    <filler id="f-989" source="NYT_ENG_20130903.0080" offset="2168" length="4" type="time" nom_time="2013-07-XX">July</filler>
  </fillers>
  <relations>
    <relation id="r-1662" type="partwhole" subtype="subsidiary">
      <relation_mention id="relm-424" realis="true">
        <rel_arg1 entity_id="ent-318" entity_mention_id="m-312" role="suborg">Nokia’s handset business</rel_arg1>
        <rel_arg2 entity_id="ent-36" entity_mention_id="m-63" role="parent">Nokia</rel_arg2>
        <trigger source="NYT_ENG_20130903.0080" offset="386" length="7">Nokia’s</trigger>
      </relation_mention>
      <relation_mention id="relm-504" realis="true">
        <rel_arg1 entity_id="ent-318" entity_mention_id="m-321" role="suborg">its core business</rel_arg1>
        <rel_arg2 entity_id="ent-36" entity_mention_id="m-276" role="parent">its</rel_arg2>
        <trigger source="NYT_ENG_20130903.0080" offset="1494" length="3">its</trigger>
      </relation_mention>
    </relation>
    <relation id="r-1663" type="orgaffiliation" subtype="leadership">
      <relation_mention id="relm-434" realis="false">
        <rel_arg1 entity_id="ent-93" entity_mention_id="m-87" role="leader">a potential new chief executive</rel_arg1>
        <rel_arg2 entity_id="ent-8" entity_mention_id="m-81" role="entity">its</rel_arg2>
        <trigger source="NYT_ENG_20130903.0080" offset="531" length="9">executive</trigger>
      </relation_mention>
    </relation>
    <relation id="r-1664" type="orgaffiliation" subtype="leadership">
      <relation_mention id="relm-444" realis="true">
        <rel_arg1 entity_id="ent-126" entity_mention_id="m-129" role="leader">Microsoft’s chief executive</rel_arg1>
        <rel_arg2 entity_id="ent-8" entity_mention_id="m-135" role="entity">Microsoft</rel_arg2>
        <trigger source="NYT_ENG_20130903.0080" offset="812" length="9">executive</trigger>
      </relation_mention>
    </relation>
    <relation id="r-1665" type="physical" subtype="locatednear">
      <relation_mention id="relm-454" realis="true">
        <rel_arg1 entity_id="ent-126" entity_mention_id="m-120" role="entity">Steve Ballmer</rel_arg1>
        <rel_arg2 entity_id="ent-153" entity_mention_id="m-147" role="loc">Barcelona</rel_arg2>
        <trigger source="NYT_ENG_20130903.0080" offset="912" length="2">in</trigger>
      </relation_mention>
    </relation>
    <relation id="r-1666" type="orgaffiliation" subtype="leadership">
      <relation_mention id="relm-464" realis="true">
        <rel_arg1 entity_id="ent-168" entity_mention_id="m-177" role="leader">his counterpart at Nokia since 2010</rel_arg1>
        <rel_arg2 entity_id="ent-36" entity_mention_id="m-183" role="entity">Nokia</rel_arg2>
        <trigger source="NYT_ENG_20130903.0080" offset="971" length="11">counterpart</trigger>
      </relation_mention>
    </relation>
    <relation id="r-1667" type="orgaffiliation" subtype="leadership">
      <relation_mention id="relm-484" realis="true">
        <rel_arg1 entity_id="ent-246" entity_mention_id="m-249" role="leader">the Finnish company’s chairman</rel_arg1>
        <rel_arg2 entity_id="ent-36" entity_mention_id="m-255" role="entity">the Finnish company</rel_arg2>
        <trigger source="NYT_ENG_20130903.0080" offset="1410" length="8">chairman</trigger>
      </relation_mention>
    </relation>
    <relation id="r-1668" type="physical" subtype="orglocationorigin">
      <relation_mention id="relm-494" realis="true">
        <rel_arg1 entity_id="ent-36" entity_mention_id="m-255" role="org">the Finnish company</rel_arg1>
        <rel_arg2 entity_id="ent-267" entity_mention_id="m-261" role="loc">Finnish</rel_arg2>
        <trigger source="NYT_ENG_20130903.0080" offset="1392" length="7">Finnish</trigger>
      </relation_mention>
    </relation>
    <relation id="r-1669" type="orgaffiliation" subtype="leadership">
      <relation_mention id="relm-514" realis="true">
        <rel_arg1 entity_id="ent-300" entity_mention_id="m-294" role="leader">Nokia’s directors</rel_arg1>
        <rel_arg2 entity_id="ent-36" entity_mention_id="m-288" role="entity">Nokia</rel_arg2>
        <trigger source="NYT_ENG_20130903.0080" offset="1552" length="9">directors</trigger>
      </relation_mention>
    </relation>
    <relation id="r-1670" type="orgaffiliation" subtype="employmentmembership">
      <relation_mention id="relm-524" realis="true">
        <rel_arg1 entity_id="ent-309" entity_mention_id="m-303" role="employeemember">the handset unit’s 32,000 workers</rel_arg1>
        <rel_arg2 entity_id="ent-318" entity_mention_id="m-327" role="org">the handset unit</rel_arg2>
        <trigger source="NYT_ENG_20130903.0080" offset="1706" length="7">workers</trigger>
      </relation_mention>
    </relation>
    <relation id="r-1671" type="physical" subtype="locatednear">
      <relation_mention id="relm-534" realis="true">
        <rel_arg1 entity_id="ent-351" entity_mention_id="m-345" role="entity">who</rel_arg1>
        <rel_arg2 entity_id="ent-360" entity_mention_id="m-354" role="loc">Helsinki</rel_arg2>
        <trigger source="NYT_ENG_20130903.0080" offset="1817" length="2">in</trigger>
      </relation_mention>
    </relation>
    <relation id="r-1672" type="physical" subtype="locatednear">
      <relation_mention id="relm-544" realis="true">
        <rel_arg1 entity_id="ent-351" entity_mention_id="m-345" role="entity">who</rel_arg1>
        <rel_arg2 entity_id="ent-369" entity_mention_id="m-363" role="loc">London</rel_arg2>
        <trigger source="NYT_ENG_20130903.0080" offset="1817" length="2">in</trigger>
      </relation_mention>
    </relation>
    <relation id="r-1673" type="physical" subtype="locatednear">
      <relation_mention id="relm-554" realis="true">
        <rel_arg1 entity_id="ent-351" entity_mention_id="m-345" role="entity">who</rel_arg1>
        <rel_arg2 entity_id="ent-378" entity_mention_id="m-372" role="loc">New York</rel_arg2>
        <trigger source="NYT_ENG_20130903.0080" offset="1817" length="2">in</trigger>
      </relation_mention>
    </relation>
    <relation id="r-1674" type="physical" subtype="locatednear">
      <relation_mention id="relm-564" realis="true">
        <rel_arg1 entity_id="ent-351" entity_mention_id="m-345" role="entity">who</rel_arg1>
        <rel_arg2 entity_id="ent-387" entity_mention_id="m-381" role="loc">Seattle</rel_arg2>
        <trigger source="NYT_ENG_20130903.0080" offset="1817" length="2">in</trigger>
      </relation_mention>
    </relation>
    <relation id="r-1675" type="physical" subtype="locatednear">
      <relation_mention id="relm-574" realis="true">
        <rel_arg1 entity_id="ent-351" entity_mention_id="m-345" role="entity">who</rel_arg1>
        <rel_arg2 entity_id="ent-396" entity_mention_id="m-390" role="loc">other cities</rel_arg2>
        <trigger source="NYT_ENG_20130903.0080" offset="1817" length="2">in</trigger>
      </relation_mention>
    </relation>
    <relation id="r-1676" type="personalsocial" subtype="role">
      <relation_mention id="relm-895" realis="true">
        <rel_arg1 entity_id="ent-126" entity_mention_id="m-129" role="per">Microsoft’s chief executive</rel_arg1>
        <rel_arg2 filler_id="f-903" role="role">chief executive</rel_arg2>
      </relation_mention>
    </relation>
  </relations>
  <hoppers>
    <hopper id="h-16">
      <event_mention id="em-584" type="transaction" subtype="transferownership" realis="actual" ways="voluntary">
        <trigger source="NYT_ENG_20130903.0080" offset="379" length="6">buying</trigger>
        <em_arg entity_id="ent-36" entity_mention_id="m-63" role="giver" realis="true">Nokia</em_arg>
        <em_arg entity_id="ent-8" entity_mention_id="m-69" role="recipient" realis="true">Microsoft</em_arg>
        <em_arg entity_id="ent-318" entity_mention_id="m-312" role="thing" realis="true">Nokia’s handset business</em_arg>
      </event_mention>
      <event_mention id="em-649" type="transaction" subtype="transferownership" realis="actual" ways="voluntary">
        <trigger source="NYT_ENG_20130903.0080" offset="583" length="11">transaction</trigger>
        <em_arg entity_id="ent-8" entity_mention_id="m-96" role="recipient" realis="true">the technology giant</em_arg>
      </event_mention>
      <event_mention id="em-758" type="transaction" subtype="transferownership" realis="other" ways="voluntary">
        <trigger source="NYT_ENG_20130903.0080" offset="1485" length="8">shedding</trigger>
        <em_arg entity_id="ent-36" entity_mention_id="m-270" role="giver" realis="true">Nokia</em_arg>
        <em_arg entity_id="ent-318" entity_mention_id="m-321" role="thing" realis="true">its core business</em_arg>
      </event_mention>
    </hopper>
    <hopper id="h-619">
      <event_mention id="em-621" type="transaction" subtype="transfermoney" realis="actual" ways="voluntary">
        <trigger source="NYT_ENG_20130903.0080" offset="379" length="6">buying</trigger>
        <em_arg entity_id="ent-8" entity_mention_id="m-69" role="giver" realis="true">Microsoft</em_arg>
        <em_arg entity_id="ent-36" entity_mention_id="m-63" role="recipient" realis="true">Nokia</em_arg>
      </event_mention>
      <event_mention id="em-670" type="transaction" subtype="transfermoney" realis="actual" ways="voluntary">
        <trigger source="NYT_ENG_20130903.0080" offset="583" length="11">transaction</trigger>
        <em_arg entity_id="ent-8" entity_mention_id="m-96" role="giver" realis="true">the technology giant</em_arg>
        <em_arg filler_id="f-695" role="money" realis="true">$7.2 billion</em_arg>
      </event_mention>
    </hopper>
    <hopper id="h-726">
      <event_mention id="em-698" type="transaction" subtype="transferownership" realis="actual" ways="voluntary">
        <trigger source="NYT_ENG_20130903.0080" offset="644" length="11">acquisition</trigger>
        <em_arg entity_id="ent-8" entity_mention_id="m-96" role="recipient" realis="true">the technology giant</em_arg>
        <em_arg entity_id="ent-108" entity_mention_id="m-102" role="thing" realis="true">Skype</em_arg>
      </event_mention>
    </hopper>
    <hopper id="h-756">
      <event_mention id="em-728" type="contact" subtype="contact" realis="actual" audience="canttell" formality="canttell" medium="canttell" schedule="canttell">
        <trigger source="NYT_ENG_20130903.0080" offset="756" length="4">said</trigger>
        <em_arg entity_id="ent-117" entity_mention_id="m-111" role="entity" realis="true">people briefed on the matter</em_arg>
        <em_arg filler_id="f-753" role="time" realis="true">Tuesday</em_arg>
      </event_mention>
    </hopper>
    <hopper id="h-807">
      <event_mention id="em-786" type="contact" subtype="meet" realis="actual" audience="twoway" formality="formal" medium="inperson" schedule="planned">
        <trigger source="NYT_ENG_20130903.0080" offset="1562" length="3">met</trigger>
        <em_arg entity_id="ent-300" entity_mention_id="m-294" role="entity" realis="true">Nokia’s directors</em_arg>
      </event_mention>
    </hopper>
    <hopper id="h-830">
      <event_mention id="em-809" type="contact" subtype="meet" realis="actual" audience="twoway" formality="canttell" medium="inperson" schedule="planned">
        <trigger source="NYT_ENG_20130903.0080" offset="1802" length="3">met</trigger>
        <em_arg entity_id="ent-351" entity_mention_id="m-345" role="entity" realis="true">who</em_arg>
      </event_mention>
    </hopper>
    <hopper id="h-961">
      <event_mention id="em-905" type="contact" subtype="meet" realis="actual" audience="twoway" formality="formal" medium="inperson" schedule="planned">
        <trigger source="NYT_ENG_20130903.0080" offset="1884" length="5">talks</trigger>
        <em_arg entity_id="ent-405" entity_mention_id="m-399" role="entity" realis="true">both sides</em_arg>
      </event_mention>
      <event_mention id="em-933" type="contact" subtype="meet" realis="actual" audience="twoway" formality="formal" medium="inperson" schedule="planned">
        <trigger source="NYT_ENG_20130903.0080" offset="2064" length="5">talks</trigger>
        <em_arg entity_id="ent-405" entity_mention_id="m-408" role="entity" realis="true">the two sides</em_arg>
        <em_arg filler_id="f-958" role="time" realis="true">This summer</em_arg>
      </event_mention>
      <event_mention id="em-972" type="contact" subtype="meet" realis="actual" audience="twoway" formality="formal" medium="inperson" schedule="planned">
        <trigger source="NYT_ENG_20130903.0080" offset="2152" length="4">They</trigger>
        <em_arg filler_id="f-989" role="time" realis="true">July</em_arg>
      </event_mention>
    </hopper>
  </hoppers>
</deft_ere>
