<?xml version="1.0" encoding="UTF-8"?>
<deft_ere kit_id="5733b8b10000000000000061" doc_id="NYT_ENG_20131212.0251" source_type="newswire">
  <entities>
    <entity id="ent-8" type="ORG" specificity="specificIndividual">
      <entity_mention id="m-18" noun_type="NOM" source="NYT_ENG_20131212.0251" offset="172" length="12">
        <mention_text>INDIAN COURT</mention_text>
        <nom_head source="NYT_ENG_20131212.0251" offset="179" length="5">COURT</nom_head>
      </entity_mention>
      <entity_mention id="m-105" noun_type="NAM" source="NYT_ENG_20131212.0251" offset="326" length="16">
        <mention_text>Delhi High Court</mention_text>
      </entity_mention>
      <entity_mention id="m-291" noun_type="NAM" source="NYT_ENG_20131212.0251" offset="1659" length="16">
        <mention_text>Delhi High Court</mention_text>
      </entity_mention>
      <entity_mention id="m-318" noun_type="NOM" source="NYT_ENG_20131212.0251" offset="1797" length="9">
        <mention_text>the court</mention_text>
        <nom_head source="NYT_ENG_20131212.0251" offset="1801" length="5">court</nom_head>
      </entity_mention>
      <entity_mention id="m-330" noun_type="NOM" source="NYT_ENG_20131212.0251" offset="1921" length="9">
        <mention_text>The court</mention_text>
        <nom_head source="NYT_ENG_20131212.0251" offset="1925" length="5">court</nom_head>
      </entity_mention>
      <entity_mention id="m-405" noun_type="NOM" source="NYT_ENG_20131212.0251" offset="2361" length="9">
        <mention_text>the court</mention_text>
        <nom_head source="NYT_ENG_20131212.0251" offset="2365" length="5">court</nom_head>
      </entity_mention>
      <entity_mention id="m-720" noun_type="NOM" source="NYT_ENG_20131212.0251" offset="531" length="9">
        <mention_text>the court</mention_text>
        <nom_head source="NYT_ENG_20131212.0251" offset="535" length="5">court</nom_head>
      </entity_mention>
    </entity>
    <entity id="ent-30" type="ORG" specificity="specificIndividual">
      <entity_mention id="m-24" noun_type="NAM" source="NYT_ENG_20131212.0251" offset="205" length="9">
        <mention_text>MICROSOFT</mention_text>
      </entity_mention>
      <entity_mention id="m-117" noun_type="NAM" source="NYT_ENG_20131212.0251" offset="417" length="9">
        <mention_text>Microsoft</mention_text>
      </entity_mention>
      <entity_mention id="m-129" noun_type="NAM" source="NYT_ENG_20131212.0251" offset="515" length="9">
        <mention_text>Microsoft</mention_text>
      </entity_mention>
      <entity_mention id="m-357" noun_type="NAM" source="NYT_ENG_20131212.0251" offset="2002" length="9">
        <mention_text>Microsoft</mention_text>
      </entity_mention>
      <entity_mention id="m-399" noun_type="NAM" source="NYT_ENG_20131212.0251" offset="2313" length="9">
        <mention_text>Microsoft</mention_text>
      </entity_mention>
    </entity>
    <entity id="ent-39" type="ORG" specificity="specificIndividual">
      <entity_mention id="m-33" noun_type="NAM" source="NYT_ENG_20131212.0251" offset="215" length="5">
        <mention_text>NOKIA</mention_text>
      </entity_mention>
      <entity_mention id="m-111" noun_type="NAM" source="NYT_ENG_20131212.0251" offset="363" length="5">
        <mention_text>Nokia</mention_text>
      </entity_mention>
      <entity_mention id="m-123" noun_type="NAM" source="NYT_ENG_20131212.0251" offset="457" length="5">
        <mention_text>Nokia</mention_text>
      </entity_mention>
      <entity_mention id="m-135" noun_type="NAM" source="NYT_ENG_20131212.0251" offset="549" length="5">
        <mention_text>Nokia</mention_text>
      </entity_mention>
      <entity_mention id="m-150" noun_type="NAM" source="NYT_ENG_20131212.0251" offset="677" length="5">
        <mention_text>Nokia</mention_text>
      </entity_mention>
      <entity_mention id="m-186" noun_type="NAM" source="NYT_ENG_20131212.0251" offset="868" length="5">
        <mention_text>Nokia</mention_text>
      </entity_mention>
      <entity_mention id="m-192" noun_type="NAM" source="NYT_ENG_20131212.0251" offset="944" length="5">
        <mention_text>Nokia</mention_text>
      </entity_mention>
      <entity_mention id="m-210" noun_type="NAM" source="NYT_ENG_20131212.0251" offset="1045" length="5">
        <mention_text>Nokia</mention_text>
      </entity_mention>
      <entity_mention id="m-216" noun_type="NAM" source="NYT_ENG_20131212.0251" offset="1168" length="5">
        <mention_text>Nokia</mention_text>
      </entity_mention>
      <entity_mention id="m-246" noun_type="NAM" source="NYT_ENG_20131212.0251" offset="1454" length="5">
        <mention_text>Nokia</mention_text>
      </entity_mention>
      <entity_mention id="m-285" noun_type="NAM" source="NYT_ENG_20131212.0251" offset="1643" length="5">
        <mention_text>Nokia</mention_text>
      </entity_mention>
      <entity_mention id="m-297" noun_type="NAM" source="NYT_ENG_20131212.0251" offset="1682" length="5">
        <mention_text>Nokia</mention_text>
      </entity_mention>
      <entity_mention id="m-336" noun_type="NAM" source="NYT_ENG_20131212.0251" offset="1951" length="5">
        <mention_text>Nokia</mention_text>
      </entity_mention>
      <entity_mention id="m-363" noun_type="NAM" source="NYT_ENG_20131212.0251" offset="2054" length="5">
        <mention_text>Nokia</mention_text>
      </entity_mention>
      <entity_mention id="m-369" noun_type="NAM" source="NYT_ENG_20131212.0251" offset="2107" length="5">
        <mention_text>Nokia</mention_text>
      </entity_mention>
      <entity_mention id="m-393" noun_type="NAM" source="NYT_ENG_20131212.0251" offset="2247" length="5">
        <mention_text>Nokia</mention_text>
      </entity_mention>
      <entity_mention id="m-417" noun_type="PRO" source="NYT_ENG_20131212.0251" offset="2480" length="2">
        <mention_text>we</mention_text>
      </entity_mention>
      <entity_mention id="m-432" noun_type="NAM" source="NYT_ENG_20131212.0251" offset="2547" length="5">
        <mention_text>Nokia</mention_text>
      </entity_mention>
      <entity_mention id="m-438" noun_type="PRO" source="NYT_ENG_20131212.0251" offset="2584" length="2">
        <mention_text>We</mention_text>
      </entity_mention>
      <entity_mention id="m-450" noun_type="PRO" source="NYT_ENG_20131212.0251" offset="2631" length="9">
        <mention_text>ourselves</mention_text>
      </entity_mention>
      <entity_mention id="m-660" noun_type="PRO" source="NYT_ENG_20131212.0251" offset="486" length="3">
        <mention_text>its</mention_text>
      </entity_mention>
      <entity_mention id="m-821" noun_type="PRO" source="NYT_ENG_20131212.0251" offset="1210" length="3">
        <mention_text>its</mention_text>
      </entity_mention>
      <entity_mention id="m-1082" noun_type="PRO" source="NYT_ENG_20131212.0251" offset="2131" length="3">
        <mention_text>its</mention_text>
      </entity_mention>
      <entity_mention id="m-1117" noun_type="PRO" source="NYT_ENG_20131212.0251" offset="2289" length="3">
        <mention_text>its</mention_text>
      </entity_mention>
      <entity_mention id="m-1427" noun_type="PRO" source="NYT_ENG_20131212.0251" offset="748" length="3">
        <mention_text>its</mention_text>
      </entity_mention>
      <entity_mention id="m-1503" noun_type="PRO" source="NYT_ENG_20131212.0251" offset="2254" length="5">
        <mention_text>which</mention_text>
      </entity_mention>
      <entity_mention id="m-1509" noun_type="PRO" source="NYT_ENG_20131212.0251" offset="2345" length="2">
        <mention_text>it</mention_text>
      </entity_mention>
    </entity>
    <entity id="ent-69" type="PER" specificity="specificIndividual">
      <entity_mention id="m-63" noun_type="NAM" source="NYT_ENG_20131212.0251" offset="251" length="10">
        <mention_text>Mark Scott</mention_text>
      </entity_mention>
    </entity>
    <entity id="ent-78" type="GPE" specificity="specificIndividual">
      <entity_mention id="m-72" noun_type="NAM" source="NYT_ENG_20131212.0251" offset="289" length="6">
        <mention_text>London</mention_text>
      </entity_mention>
    </entity>
    <entity id="ent-87" type="GPE" specificity="specificIndividual">
      <entity_mention id="m-81" noun_type="NAM" source="NYT_ENG_20131212.0251" offset="306" length="6">
        <mention_text>MUMBAI</mention_text>
      </entity_mention>
    </entity>
    <entity id="ent-96" type="GPE" specificity="specificIndividual">
      <entity_mention id="m-90" noun_type="NAM" source="NYT_ENG_20131212.0251" offset="314" length="5">
        <mention_text>India</mention_text>
      </entity_mention>
      <entity_mention id="m-99" noun_type="NAM" source="NYT_ENG_20131212.0251" offset="172" length="6">
        <mention_text>INDIAN</mention_text>
      </entity_mention>
      <entity_mention id="m-156" noun_type="NAM" source="NYT_ENG_20131212.0251" offset="758" length="6">
        <mention_text>Indian</mention_text>
      </entity_mention>
      <entity_mention id="m-162" noun_type="NAM" source="NYT_ENG_20131212.0251" offset="792" length="6">
        <mention_text>Indian</mention_text>
      </entity_mention>
      <entity_mention id="m-198" noun_type="NAM" source="NYT_ENG_20131212.0251" offset="968" length="5">
        <mention_text>India</mention_text>
      </entity_mention>
      <entity_mention id="m-312" noun_type="NAM" source="NYT_ENG_20131212.0251" offset="1729" length="5">
        <mention_text>India</mention_text>
      </entity_mention>
      <entity_mention id="m-522" noun_type="NAM" source="NYT_ENG_20131212.0251" offset="2957" length="5">
        <mention_text>India</mention_text>
      </entity_mention>
      <entity_mention id="m-537" noun_type="NAM" source="NYT_ENG_20131212.0251" offset="3035" length="6">
        <mention_text>Indian</mention_text>
      </entity_mention>
      <entity_mention id="m-558" noun_type="NAM" source="NYT_ENG_20131212.0251" offset="3148" length="5">
        <mention_text>India</mention_text>
      </entity_mention>
      <entity_mention id="m-789" noun_type="NAM" source="NYT_ENG_20131212.0251" offset="849" length="6">
        <mention_text>Indian</mention_text>
      </entity_mention>
      <entity_mention id="m-795" noun_type="NAM" source="NYT_ENG_20131212.0251" offset="999" length="6">
        <mention_text>Indian</mention_text>
      </entity_mention>
      <entity_mention id="m-868" noun_type="NAM" source="NYT_ENG_20131212.0251" offset="1344" length="6">
        <mention_text>Indian</mention_text>
      </entity_mention>
      <entity_mention id="m-1186" noun_type="NAM" source="NYT_ENG_20131212.0251" offset="2783" length="6">
        <mention_text>Indian</mention_text>
      </entity_mention>
      <entity_mention id="m-1192" noun_type="NAM" source="NYT_ENG_20131212.0251" offset="2434" length="6">
        <mention_text>Indian</mention_text>
      </entity_mention>
      <entity_mention id="m-1198" noun_type="NAM" source="NYT_ENG_20131212.0251" offset="2806" length="6">
        <mention_text>Indian</mention_text>
      </entity_mention>
      <entity_mention id="m-1223" noun_type="NAM" source="NYT_ENG_20131212.0251" offset="1283" length="5">
        <mention_text>India</mention_text>
      </entity_mention>
      <entity_mention id="m-1269" noun_type="NAM" source="NYT_ENG_20131212.0251" offset="2181" length="6">
        <mention_text>Indian</mention_text>
      </entity_mention>
    </entity>
    <entity id="ent-147" type="GPE" specificity="specificIndividual">
      <entity_mention id="m-141" noun_type="NAM" source="NYT_ENG_20131212.0251" offset="658" length="7">
        <mention_text>Chennai</mention_text>
      </entity_mention>
      <entity_mention id="m-342" noun_type="NAM" source="NYT_ENG_20131212.0251" offset="1983" length="7">
        <mention_text>Chennai</mention_text>
      </entity_mention>
      <entity_mention id="m-1386" noun_type="NOM" source="NYT_ENG_20131212.0251" offset="637" length="17">
        <mention_text>the southern city</mention_text>
        <nom_head source="NYT_ENG_20131212.0251" offset="650" length="4">city</nom_head>
      </entity_mention>
    </entity>
    <entity id="ent-174" type="PER" specificity="specificGroup">
      <entity_mention id="m-168" noun_type="NOM" source="NYT_ENG_20131212.0251" offset="788" length="26">
        <mention_text>the Indian tax authorities</mention_text>
        <nom_head source="NYT_ENG_20131212.0251" offset="803" length="11">authorities</nom_head>
      </entity_mention>
      <entity_mention id="m-426" noun_type="NOM" source="NYT_ENG_20131212.0251" offset="2525" length="19">
        <mention_text>the tax authorities</mention_text>
        <nom_head source="NYT_ENG_20131212.0251" offset="2533" length="11">authorities</nom_head>
      </entity_mention>
    </entity>
    <entity id="ent-183" type="ORG" specificity="specificIndividual">
      <entity_mention id="m-177" noun_type="NOM" source="NYT_ENG_20131212.0251" offset="845" length="21">
        <mention_text>the Indian government</mention_text>
        <nom_head source="NYT_ENG_20131212.0251" offset="856" length="10">government</nom_head>
      </entity_mention>
      <entity_mention id="m-204" noun_type="NOM" source="NYT_ENG_20131212.0251" offset="995" length="21">
        <mention_text>the Indian government</mention_text>
        <nom_head source="NYT_ENG_20131212.0251" offset="1006" length="10">government</nom_head>
      </entity_mention>
      <entity_mention id="m-411" noun_type="NOM" source="NYT_ENG_20131212.0251" offset="2430" length="21">
        <mention_text>the Indian government</mention_text>
        <nom_head source="NYT_ENG_20131212.0251" offset="2441" length="10">government</nom_head>
      </entity_mention>
      <entity_mention id="m-501" noun_type="NOM" source="NYT_ENG_20131212.0251" offset="2779" length="21">
        <mention_text>the Indian government</mention_text>
        <nom_head source="NYT_ENG_20131212.0251" offset="2790" length="10">government</nom_head>
      </entity_mention>
      <entity_mention id="m-507" noun_type="NOM" source="NYT_ENG_20131212.0251" offset="2802" length="21">
        <mention_text>The Indian government</mention_text>
        <nom_head source="NYT_ENG_20131212.0251" offset="2813" length="10">government</nom_head>
      </entity_mention>
    </entity>
    <entity id="ent-228" type="PER" specificity="specificIndividual">
      <entity_mention id="m-222" noun_type="NAM" source="NYT_ENG_20131212.0251" offset="1232" length="14">
        <mention_text>Dinesh Kanabar</mention_text>
      </entity_mention>
      <entity_mention id="m-240" noun_type="PRO" source="NYT_ENG_20131212.0251" offset="1420" length="2">
        <mention_text>He</mention_text>
      </entity_mention>
      <entity_mention id="m-270" noun_type="NAM" source="NYT_ENG_20131212.0251" offset="1581" length="7">
        <mention_text>Kanabar</mention_text>
      </entity_mention>
      <entity_mention id="m-552" noun_type="NAM" source="NYT_ENG_20131212.0251" offset="3128" length="7">
        <mention_text>Kanabar</mention_text>
      </entity_mention>
      <entity_mention id="m-1452" noun_type="PRO" source="NYT_ENG_20131212.0251" offset="1590" length="3">
        <mention_text>who</mention_text>
      </entity_mention>
    </entity>
    <entity id="ent-237" type="ORG" specificity="specificIndividual">
      <entity_mention id="m-231" noun_type="NAM" source="NYT_ENG_20131212.0251" offset="1278" length="10">
        <mention_text>KPMG India</mention_text>
      </entity_mention>
    </entity>
    <entity id="ent-258" type="ORG" specificity="specificGroup">
      <entity_mention id="m-252" noun_type="NOM" source="NYT_ENG_20131212.0251" offset="1553" length="17">
        <mention_text>the Indian courts</mention_text>
        <nom_head source="NYT_ENG_20131212.0251" offset="1564" length="6">courts</nom_head>
      </entity_mention>
    </entity>
    <entity id="ent-267" type="PER" specificity="specificGroup">
      <entity_mention id="m-261" noun_type="NOM" source="NYT_ENG_20131212.0251" offset="1535" length="13">
        <mention_text>tax tribunals</mention_text>
        <nom_head source="NYT_ENG_20131212.0251" offset="1539" length="9">tribunals</nom_head>
      </entity_mention>
    </entity>
    <entity id="ent-282" type="PER" specificity="specificIndividual">
      <entity_mention id="m-276" noun_type="NAM" source="NYT_ENG_20131212.0251" offset="1605" length="12">
        <mention_text>Harish Salve</mention_text>
      </entity_mention>
      <entity_mention id="m-1458" noun_type="NOM" source="NYT_ENG_20131212.0251" offset="1619" length="29">
        <mention_text>the lawyer representing Nokia</mention_text>
        <nom_head source="NYT_ENG_20131212.0251" offset="1623" length="6">lawyer</nom_head>
      </entity_mention>
    </entity>
    <entity id="ent-309" type="GPE" specificity="specificIndividual">
      <entity_mention id="m-303" noun_type="NAM" source="NYT_ENG_20131212.0251" offset="1688" length="7">
        <mention_text>Finland</mention_text>
      </entity_mention>
    </entity>
    <entity id="ent-354" type="FAC" specificity="specificIndividual">
      <entity_mention id="m-348" noun_type="NOM" source="NYT_ENG_20131212.0251" offset="1983" length="15">
        <mention_text>Chennai factory</mention_text>
        <nom_head source="NYT_ENG_20131212.0251" offset="1991" length="7">factory</nom_head>
      </entity_mention>
    </entity>
    <entity id="ent-381" type="PER" specificity="specificGroup">
      <entity_mention id="m-375" noun_type="NOM" source="NYT_ENG_20131212.0251" offset="2162" length="40">
        <mention_text>Officials from the Indian tax department</mention_text>
        <nom_head source="NYT_ENG_20131212.0251" offset="2162" length="9">Officials</nom_head>
      </entity_mention>
    </entity>
    <entity id="ent-390" type="ORG" specificity="specificIndividual">
      <entity_mention id="m-384" noun_type="NOM" source="NYT_ENG_20131212.0251" offset="2177" length="25">
        <mention_text>the Indian tax department</mention_text>
        <nom_head source="NYT_ENG_20131212.0251" offset="2192" length="10">department</nom_head>
      </entity_mention>
      <entity_mention id="m-963" noun_type="NOM" source="NYT_ENG_20131212.0251" offset="1729" length="22">
        <mention_text>India’s tax department</mention_text>
        <nom_head source="NYT_ENG_20131212.0251" offset="1741" length="10">department</nom_head>
      </entity_mention>
    </entity>
    <entity id="ent-462" type="FAC" specificity="nonspecific">
      <entity_mention id="m-456" noun_type="NOM" source="NYT_ENG_20131212.0251" offset="2655" length="5">
        <mention_text>court</mention_text>
        <nom_head source="NYT_ENG_20131212.0251" offset="2655" length="5">court</nom_head>
      </entity_mention>
    </entity>
    <entity id="ent-471" type="ORG" specificity="specificGroup">
      <entity_mention id="m-465" noun_type="NOM" source="NYT_ENG_20131212.0251" offset="2672" length="66">
        <mention_text>Several foreign companies like Vodafone, Royal Dutch Shell and IBM</mention_text>
        <nom_head source="NYT_ENG_20131212.0251" offset="2688" length="9">companies</nom_head>
      </entity_mention>
    </entity>
    <entity id="ent-480" type="ORG" specificity="specificIndividual">
      <entity_mention id="m-474" noun_type="NAM" source="NYT_ENG_20131212.0251" offset="2703" length="8">
        <mention_text>Vodafone</mention_text>
      </entity_mention>
    </entity>
    <entity id="ent-489" type="ORG" specificity="specificIndividual">
      <entity_mention id="m-483" noun_type="NAM" source="NYT_ENG_20131212.0251" offset="2713" length="17">
        <mention_text>Royal Dutch Shell</mention_text>
      </entity_mention>
    </entity>
    <entity id="ent-498" type="ORG" specificity="specificIndividual">
      <entity_mention id="m-492" noun_type="NAM" source="NYT_ENG_20131212.0251" offset="2735" length="3">
        <mention_text>IBM</mention_text>
      </entity_mention>
    </entity>
    <entity id="ent-534" type="ORG" specificity="specificGroup">
      <entity_mention id="m-513" noun_type="NOM" source="NYT_ENG_20131212.0251" offset="2906" length="17">
        <mention_text>foreign companies</mention_text>
        <nom_head source="NYT_ENG_20131212.0251" offset="2914" length="9">companies</nom_head>
      </entity_mention>
      <entity_mention id="m-528" noun_type="NOM" source="NYT_ENG_20131212.0251" offset="2974" length="17">
        <mention_text>Foreign investors</mention_text>
        <nom_head source="NYT_ENG_20131212.0251" offset="2982" length="9">investors</nom_head>
      </entity_mention>
    </entity>
    <entity id="ent-549" type="ORG" specificity="specificIndividual">
      <entity_mention id="m-543" noun_type="NOM" source="NYT_ENG_20131212.0251" offset="3100" length="25">
        <mention_text>the income tax department</mention_text>
        <nom_head source="NYT_ENG_20131212.0251" offset="3115" length="10">department</nom_head>
      </entity_mention>
    </entity>
    <entity id="ent-570" type="PER" specificity="specificIndividual">
      <entity_mention id="m-564" noun_type="NOM" source="NYT_ENG_20131212.0251" offset="3148" length="24">
        <mention_text>India’s finance minister</mention_text>
        <nom_head source="NYT_ENG_20131212.0251" offset="3164" length="8">minister</nom_head>
      </entity_mention>
    </entity>
    <entity id="ent-620" type="ORG" specificity="specificIndividual">
      <entity_mention id="m-614" noun_type="NOM" source="NYT_ENG_20131212.0251" offset="398" length="15">
        <mention_text>a phone factory</mention_text>
        <nom_head source="NYT_ENG_20131212.0251" offset="406" length="7">factory</nom_head>
      </entity_mention>
      <entity_mention id="m-726" noun_type="NOM" source="NYT_ENG_20131212.0251" offset="621" length="11">
        <mention_text>The factory</mention_text>
        <nom_head source="NYT_ENG_20131212.0251" offset="625" length="7">factory</nom_head>
      </entity_mention>
      <entity_mention id="m-1392" noun_type="NOM" source="NYT_ENG_20131212.0251" offset="670" length="51">
        <mention_text>one of Nokia’s largest handset manufacturing plants</mention_text>
        <nom_head source="NYT_ENG_20131212.0251" offset="670" length="3">one</nom_head>
      </entity_mention>
    </entity>
    <entity id="ent-672" type="ORG" specificity="specificIndividual">
      <entity_mention id="m-666" noun_type="NOM" source="NYT_ENG_20131212.0251" offset="486" length="25">
        <mention_text>its mobile phone business</mention_text>
        <nom_head source="NYT_ENG_20131212.0251" offset="503" length="8">business</nom_head>
      </entity_mention>
    </entity>
    <entity id="ent-880" type="ORG" specificity="specificIndividual">
      <entity_mention id="m-874" noun_type="NOM" source="NYT_ENG_20131212.0251" offset="1340" length="21">
        <mention_text>the Indian tax office</mention_text>
        <nom_head source="NYT_ENG_20131212.0251" offset="1355" length="6">office</nom_head>
      </entity_mention>
    </entity>
    <entity id="ent-1070" type="PER" specificity="nonspecific">
      <entity_mention id="m-1064" noun_type="NOM" source="NYT_ENG_20131212.0251" offset="2013" length="13">
        <mention_text>the new owner</mention_text>
        <nom_head source="NYT_ENG_20131212.0251" offset="2021" length="5">owner</nom_head>
      </entity_mention>
    </entity>
    <entity id="ent-1094" type="ORG" specificity="specificIndividual">
      <entity_mention id="m-1088" noun_type="NOM" source="NYT_ENG_20131212.0251" offset="2131" length="20">
        <mention_text>its handset business</mention_text>
        <nom_head source="NYT_ENG_20131212.0251" offset="2143" length="8">business</nom_head>
      </entity_mention>
      <entity_mention id="m-1123" noun_type="NOM" source="NYT_ENG_20131212.0251" offset="2289" length="20">
        <mention_text>its handset division</mention_text>
        <nom_head source="NYT_ENG_20131212.0251" offset="2301" length="8">division</nom_head>
      </entity_mention>
    </entity>
    <entity id="ent-1220" type="GPE" specificity="specificIndividual">
      <entity_mention id="m-1214" noun_type="NAM" source="NYT_ENG_20131212.0251" offset="2719" length="5">
        <mention_text>Dutch</mention_text>
      </entity_mention>
    </entity>
    <entity id="ent-1312" type="GPE" specificity="specificIndividual">
      <entity_mention id="m-1324" noun_type="NAM" source="NYT_ENG_20131212.0251" offset="326" length="5">
        <mention_text>Delhi</mention_text>
      </entity_mention>
      <entity_mention id="m-1330" noun_type="NAM" source="NYT_ENG_20131212.0251" offset="1659" length="5">
        <mention_text>Delhi</mention_text>
      </entity_mention>
    </entity>
    <entity id="ent-1404" type="ORG" specificity="specificGroup">
      <entity_mention id="m-1398" noun_type="NOM" source="NYT_ENG_20131212.0251" offset="677" length="44">
        <mention_text>Nokia’s largest handset manufacturing plants</mention_text>
        <nom_head source="NYT_ENG_20131212.0251" offset="715" length="6">plants</nom_head>
      </entity_mention>
    </entity>
    <entity id="ent-1439" type="ORG" specificity="specificIndividual">
      <entity_mention id="m-1433" noun_type="NOM" source="NYT_ENG_20131212.0251" offset="1027" length="23">
        <mention_text>the local unit of Nokia</mention_text>
        <nom_head source="NYT_ENG_20131212.0251" offset="1037" length="4">unit</nom_head>
      </entity_mention>
    </entity>
    <entity id="ent-1480" type="ORG" specificity="specificIndividual">
      <entity_mention id="m-324" noun_type="NOM" source="NYT_ENG_20131212.0251" offset="1846" length="11">
        <mention_text>the company</mention_text>
        <nom_head source="NYT_ENG_20131212.0251" offset="1850" length="7">company</nom_head>
      </entity_mention>
      <entity_mention id="m-1474" noun_type="NAM" source="NYT_ENG_20131212.0251" offset="1682" length="13">
        <mention_text>Nokia Finland</mention_text>
      </entity_mention>
    </entity>
    <entity id="ent-2360" type="FAC" specificity="nonspecific">
      <entity_mention id="m-2354" noun_type="NOM" source="NYT_ENG_20131212.0251" offset="3181" length="4">
        <mention_text>road</mention_text>
        <nom_head source="NYT_ENG_20131212.0251" offset="3181" length="4">road</nom_head>
      </entity_mention>
    </entity>
  </entities>
  <fillers>
    <filler id="f-856" source="NYT_ENG_20131212.0251" offset="1252" length="22" type="title">deputy chief executive</filler>
    <filler id="f-901" source="NYT_ENG_20131212.0251" offset="1623" length="6" type="title">lawyer</filler>
    <filler id="f-655" source="NYT_ENG_20131212.0251" offset="465" length="12" type="money">$7.4 billion</filler>
    <filler id="f-776" source="NYT_ENG_20131212.0251" offset="765" length="6" type="commodity">assets</filler>
    <filler id="f-994" source="NYT_ENG_20131212.0251" offset="1711" length="12" type="money">$365 million</filler>
    <filler id="f-2066" source="NYT_ENG_20131212.0251" offset="2323" length="15" type="time" nom_time="2014-XX-XX">early next year</filler>
    <filler id="f-1579" source="NYT_ENG_20131212.0251" offset="568" length="12" type="money">$365 million</filler>
    <filler id="f-1607" source="NYT_ENG_20131212.0251" offset="693" length="7" type="commodity">handset</filler>
    <filler id="f-1767" source="NYT_ENG_20131212.0251" offset="1066" length="55" type="money">about $340 million in back taxes over five fiscal years</filler>
    <filler id="f-1774" source="NYT_ENG_20131212.0251" offset="988" length="5" type="time" nom_time="2013-03-xx">March</filler>
    <filler id="f-2006" source="NYT_ENG_20131212.0251" offset="1210" length="9" type="commodity">its asset</filler>
    <filler id="f-2154" source="NYT_ENG_20131212.0251" offset="2466" length="13" type="time" nom_time="2013-XX-XX">recent months</filler>
    <filler id="f-2184" source="NYT_ENG_20131212.0251" offset="2573" length="8" type="time" nom_time="2013-12-12">Thursday</filler>
  </fillers>
  <relations>
    <relation id="r-1608" type="partwhole" subtype="subsidiary">
      <relation_mention id="relm-583" realis="true">
        <rel_arg1 entity_id="ent-8" entity_mention_id="m-18" role="suborg">INDIAN COURT</rel_arg1>
        <rel_arg2 entity_id="ent-96" entity_mention_id="m-99" role="parent">INDIAN</rel_arg2>
        <trigger source="NYT_ENG_20131212.0251" offset="172" length="6">INDIAN</trigger>
      </relation_mention>
    </relation>
    <relation id="r-1609" type="partwhole" subtype="subsidiary">
      <relation_mention id="relm-682" realis="true">
        <rel_arg1 entity_id="ent-672" entity_mention_id="m-666" role="suborg">its mobile phone business</rel_arg1>
        <rel_arg2 entity_id="ent-39" entity_mention_id="m-660" role="parent">its</rel_arg2>
      </relation_mention>
    </relation>
    <relation id="r-1610" type="physical" subtype="orglocationorigin">
      <relation_mention id="relm-732" realis="true">
        <rel_arg1 entity_id="ent-620" entity_mention_id="m-726" role="org">The factory</rel_arg1>
        <rel_arg2 entity_id="ent-147" entity_mention_id="m-1386" role="loc">the southern city</rel_arg2>
        <trigger source="NYT_ENG_20131212.0251" offset="634" length="2">in</trigger>
      </relation_mention>
    </relation>
    <relation id="r-1611" type="orgaffiliation" subtype="employmentmembership">
      <relation_mention id="relm-779" realis="true">
        <rel_arg1 entity_id="ent-174" entity_mention_id="m-168" role="employeemember">the Indian tax authorities</rel_arg1>
        <rel_arg2 entity_id="ent-96" entity_mention_id="m-162" role="org">Indian</rel_arg2>
        <trigger source="NYT_ENG_20131212.0251" offset="803" length="11">authorities</trigger>
      </relation_mention>
    </relation>
    <relation id="r-1612" type="partwhole" subtype="subsidiary">
      <relation_mention id="relm-801" realis="true">
        <rel_arg1 entity_id="ent-183" entity_mention_id="m-177" role="suborg">the Indian government</rel_arg1>
        <rel_arg2 entity_id="ent-96" entity_mention_id="m-789" role="parent">Indian</rel_arg2>
      </relation_mention>
      <relation_mention id="relm-811" realis="true">
        <rel_arg1 entity_id="ent-183" entity_mention_id="m-204" role="suborg">the Indian government</rel_arg1>
        <rel_arg2 entity_id="ent-96" entity_mention_id="m-795" role="parent">Indian</rel_arg2>
      </relation_mention>
      <relation_mention id="relm-1176" realis="true">
        <rel_arg1 entity_id="ent-183" entity_mention_id="m-501" role="suborg">the Indian government</rel_arg1>
        <rel_arg2 entity_id="ent-96" entity_mention_id="m-1186" role="parent">Indian</rel_arg2>
        <trigger source="NYT_ENG_20131212.0251" offset="2783" length="6">Indian</trigger>
      </relation_mention>
      <relation_mention id="relm-1204" realis="true">
        <rel_arg1 entity_id="ent-183" entity_mention_id="m-507" role="suborg">The Indian government</rel_arg1>
        <rel_arg2 entity_id="ent-96" entity_mention_id="m-1198" role="parent">Indian</rel_arg2>
        <trigger source="NYT_ENG_20131212.0251" offset="2806" length="6">Indian</trigger>
      </relation_mention>
    </relation>
    <relation id="r-1613" type="personalsocial" subtype="role">
      <relation_mention id="relm-848" realis="true">
        <rel_arg1 entity_id="ent-228" entity_mention_id="m-222" role="per">Dinesh Kanabar</rel_arg1>
        <rel_arg2 filler_id="f-856" role="role">deputy chief executive</rel_arg2>
      </relation_mention>
    </relation>
    <relation id="r-1614" type="orgaffiliation" subtype="employmentmembership">
      <relation_mention id="relm-858" realis="true">
        <rel_arg1 entity_id="ent-228" entity_mention_id="m-222" role="employeemember">Dinesh Kanabar</rel_arg1>
        <rel_arg2 entity_id="ent-237" entity_mention_id="m-231" role="org">KPMG India</rel_arg2>
      </relation_mention>
    </relation>
    <relation id="r-1615" type="partwhole" subtype="subsidiary">
      <relation_mention id="relm-883" realis="true">
        <rel_arg1 entity_id="ent-880" entity_mention_id="m-874" role="suborg">the Indian tax office</rel_arg1>
        <rel_arg2 entity_id="ent-96" entity_mention_id="m-868" role="parent">Indian</rel_arg2>
      </relation_mention>
    </relation>
    <relation id="r-1616" type="personalsocial" subtype="role">
      <relation_mention id="relm-893" realis="true">
        <rel_arg1 entity_id="ent-282" entity_mention_id="m-1458" role="per">the lawyer representing Nokia</rel_arg1>
        <rel_arg2 filler_id="f-901" role="role">lawyer</rel_arg2>
      </relation_mention>
    </relation>
    <relation id="r-1617" type="partwhole" subtype="subsidiary">
      <relation_mention id="relm-1097" realis="true">
        <rel_arg1 entity_id="ent-1094" entity_mention_id="m-1088" role="suborg">its handset business</rel_arg1>
        <rel_arg2 entity_id="ent-39" entity_mention_id="m-1082" role="parent">its</rel_arg2>
      </relation_mention>
      <relation_mention id="relm-1129" realis="true">
        <rel_arg1 entity_id="ent-1094" entity_mention_id="m-1123" role="suborg">its handset division</rel_arg1>
        <rel_arg2 entity_id="ent-39" entity_mention_id="m-1117" role="parent">its</rel_arg2>
      </relation_mention>
    </relation>
    <relation id="r-1618" type="orgaffiliation" subtype="employmentmembership">
      <relation_mention id="relm-1107" realis="true">
        <rel_arg1 entity_id="ent-381" entity_mention_id="m-375" role="employeemember">Officials from the Indian tax department</rel_arg1>
        <rel_arg2 entity_id="ent-390" entity_mention_id="m-384" role="org">the Indian tax department</rel_arg2>
        <trigger source="NYT_ENG_20131212.0251" offset="2172" length="4">from</trigger>
      </relation_mention>
    </relation>
    <relation id="r-1619" type="physical" subtype="orglocationorigin">
      <relation_mention id="relm-1229" realis="true">
        <rel_arg1 entity_id="ent-237" entity_mention_id="m-231" role="org">KPMG India</rel_arg1>
        <rel_arg2 entity_id="ent-96" entity_mention_id="m-1223" role="loc">India</rel_arg2>
      </relation_mention>
    </relation>
    <relation id="r-1620" type="physical" subtype="orglocationorigin">
      <relation_mention id="relm-1239" realis="true">
        <rel_arg1 entity_id="ent-489" entity_mention_id="m-483" role="org">Royal Dutch Shell</rel_arg1>
        <rel_arg2 entity_id="ent-1220" entity_mention_id="m-1214" role="loc">Dutch</rel_arg2>
      </relation_mention>
    </relation>
    <relation id="r-1621" type="partwhole" subtype="subsidiary">
      <relation_mention id="relm-1249" realis="true">
        <rel_arg1 entity_id="ent-390" entity_mention_id="m-963" role="suborg">India’s tax department</rel_arg1>
        <rel_arg2 entity_id="ent-96" entity_mention_id="m-312" role="parent">India</rel_arg2>
        <trigger source="NYT_ENG_20131212.0251" offset="1729" length="7">India’s</trigger>
      </relation_mention>
      <relation_mention id="relm-1275" realis="true">
        <rel_arg1 entity_id="ent-390" entity_mention_id="m-384" role="suborg">the Indian tax department</rel_arg1>
        <rel_arg2 entity_id="ent-96" entity_mention_id="m-1269" role="parent">Indian</rel_arg2>
      </relation_mention>
    </relation>
    <relation id="r-1622" type="physical" subtype="locatednear">
      <relation_mention id="relm-1259" realis="true">
        <rel_arg1 entity_id="ent-354" entity_mention_id="m-348" role="entity">Chennai factory</rel_arg1>
        <rel_arg2 entity_id="ent-147" entity_mention_id="m-342" role="loc">Chennai</rel_arg2>
      </relation_mention>
    </relation>
    <relation id="r-1623" type="partwhole" subtype="subsidiary">
      <relation_mention id="relm-1336" realis="true">
        <rel_arg1 entity_id="ent-8" entity_mention_id="m-105" role="suborg">Delhi High Court</rel_arg1>
        <rel_arg2 entity_id="ent-1312" entity_mention_id="m-1324" role="parent">Delhi</rel_arg2>
      </relation_mention>
      <relation_mention id="relm-1346" realis="true">
        <rel_arg1 entity_id="ent-8" entity_mention_id="m-291" role="suborg">Delhi High Court</rel_arg1>
        <rel_arg2 entity_id="ent-1312" entity_mention_id="m-1330" role="parent">Delhi</rel_arg2>
      </relation_mention>
    </relation>
    <relation id="r-1624" type="partwhole" subtype="subsidiary">
      <relation_mention id="relm-1407" realis="true">
        <rel_arg1 entity_id="ent-1404" entity_mention_id="m-1398" role="suborg">Nokia’s largest handset manufacturing plants</rel_arg1>
        <rel_arg2 entity_id="ent-39" entity_mention_id="m-150" role="parent">Nokia</rel_arg2>
        <trigger source="NYT_ENG_20131212.0251" offset="677" length="7">Nokia’s</trigger>
      </relation_mention>
    </relation>
    <relation id="r-1625" type="partwhole" subtype="subsidiary">
      <relation_mention id="relm-1417" realis="true">
        <rel_arg1 entity_id="ent-620" entity_mention_id="m-1392" role="suborg">one of Nokia’s largest handset manufacturing plants</rel_arg1>
        <rel_arg2 entity_id="ent-39" entity_mention_id="m-150" role="parent">Nokia</rel_arg2>
        <trigger source="NYT_ENG_20131212.0251" offset="677" length="7">Nokia’s</trigger>
      </relation_mention>
    </relation>
    <relation id="r-1626" type="partwhole" subtype="subsidiary">
      <relation_mention id="relm-1442" realis="true">
        <rel_arg1 entity_id="ent-1439" entity_mention_id="m-1433" role="suborg">the local unit of Nokia</rel_arg1>
        <rel_arg2 entity_id="ent-39" entity_mention_id="m-210" role="parent">Nokia</rel_arg2>
        <trigger source="NYT_ENG_20131212.0251" offset="1037" length="4">unit</trigger>
      </relation_mention>
    </relation>
    <relation id="r-1627" type="orgaffiliation" subtype="employmentmembership">
      <relation_mention id="relm-1464" realis="true">
        <rel_arg1 entity_id="ent-282" entity_mention_id="m-1458" role="employeemember">the lawyer representing Nokia</rel_arg1>
        <rel_arg2 entity_id="ent-39" entity_mention_id="m-285" role="org">Nokia</rel_arg2>
        <trigger source="NYT_ENG_20131212.0251" offset="1630" length="12">representing</trigger>
      </relation_mention>
    </relation>
    <relation id="r-1628" type="partwhole" subtype="subsidiary">
      <relation_mention id="relm-1483" realis="true">
        <rel_arg1 entity_id="ent-1480" entity_mention_id="m-1474" role="suborg">Nokia Finland</rel_arg1>
        <rel_arg2 entity_id="ent-39" entity_mention_id="m-297" role="parent">Nokia</rel_arg2>
      </relation_mention>
    </relation>
    <relation id="r-1629" type="physical" subtype="orglocationorigin">
      <relation_mention id="relm-1493" realis="true">
        <rel_arg1 entity_id="ent-1480" entity_mention_id="m-1474" role="org">Nokia Finland</rel_arg1>
        <rel_arg2 entity_id="ent-309" entity_mention_id="m-303" role="loc">Finland</rel_arg2>
      </relation_mention>
    </relation>
  </relations>
  <hoppers>
    <hopper id="h-16">
      <event_mention id="em-593" type="transaction" subtype="transferownership" realis="other" ways="voluntary">
        <trigger source="NYT_ENG_20131212.0251" offset="389" length="8">transfer</trigger>
        <em_arg entity_id="ent-39" entity_mention_id="m-111" role="giver" realis="true">Nokia</em_arg>
        <em_arg entity_id="ent-620" entity_mention_id="m-614" role="thing" realis="true">a phone factory</em_arg>
      </event_mention>
    </hopper>
    <hopper id="h-658">
      <event_mention id="em-630" type="transaction" subtype="transfermoney" realis="other" ways="voluntary">
        <trigger source="NYT_ENG_20131212.0251" offset="478" length="4">sale</trigger>
        <em_arg entity_id="ent-39" entity_mention_id="m-123" role="recipient" realis="true">Nokia</em_arg>
        <em_arg filler_id="f-655" role="money" realis="true">$7.4 billion</em_arg>
        <em_arg entity_id="ent-30" entity_mention_id="m-129" role="giver" realis="true">Microsoft</em_arg>
      </event_mention>
      <event_mention id="em-827" type="transaction" subtype="transfermoney" realis="other" ways="voluntary">
        <trigger source="NYT_ENG_20131212.0251" offset="1220" length="4">sale</trigger>
        <em_arg entity_id="ent-39" entity_mention_id="m-821" role="recipient" realis="true">its</em_arg>
      </event_mention>
      <event_mention id="em-1923" type="transaction" subtype="transfermoney" realis="other" ways="voluntary">
        <trigger source="NYT_ENG_20131212.0251" offset="2123" length="4">sale</trigger>
        <em_arg entity_id="ent-39" entity_mention_id="m-1082" role="recipient" realis="true">its</em_arg>
      </event_mention>
    </hopper>
    <hopper id="h-770">
      <event_mention id="em-742" type="transaction" subtype="transferownership" realis="actual" ways="canttell">
        <trigger source="NYT_ENG_20131212.0251" offset="730" length="6">seized</trigger>
        <em_arg entity_id="ent-174" entity_mention_id="m-168" role="recipient" realis="true">the Indian tax authorities</em_arg>
        <em_arg entity_id="ent-620" entity_mention_id="m-726" role="thing" realis="true">The factory</em_arg>
        <em_arg filler_id="f-776" role="thing" realis="true">assets</em_arg>
        <em_arg entity_id="ent-39" entity_mention_id="m-150" role="giver" realis="true">Nokia</em_arg>
      </event_mention>
    </hopper>
    <hopper id="h-931">
      <event_mention id="em-903" type="contact" subtype="contact" realis="actual" audience="twoway" formality="canttell" medium="canttell" schedule="canttell">
        <trigger source="NYT_ENG_20131212.0251" offset="1594" length="5">spoke</trigger>
        <em_arg entity_id="ent-228" entity_mention_id="m-270" role="entity" realis="true">Kanabar</em_arg>
        <em_arg entity_id="ent-282" entity_mention_id="m-276" role="entity" realis="true">Harish Salve</em_arg>
      </event_mention>
    </hopper>
    <hopper id="h-961">
      <event_mention id="em-933" type="contact" subtype="contact" realis="actual" audience="twoway" formality="canttell" medium="canttell" schedule="canttell">
        <trigger source="NYT_ENG_20131212.0251" offset="1676" length="5">asked</trigger>
        <em_arg entity_id="ent-8" entity_mention_id="m-291" role="entity" realis="true">Delhi High Court</em_arg>
        <em_arg entity_id="ent-39" entity_mention_id="m-297" role="entity" realis="true">Nokia</em_arg>
      </event_mention>
    </hopper>
    <hopper id="h-1080">
      <event_mention id="em-1043" type="transaction" subtype="transfermoney" realis="other" ways="voluntary">
        <trigger source="NYT_ENG_20131212.0251" offset="2050" length="3">pay</trigger>
        <em_arg entity_id="ent-1070" entity_mention_id="m-1064" role="giver" realis="true">the new owner</em_arg>
      </event_mention>
    </hopper>
    <hopper id="h-1322">
      <event_mention id="em-1285" type="movement" subtype="transportperson" realis="actual">
        <trigger source="NYT_ENG_20131212.0251" offset="3173" length="4">goes</trigger>
        <em_arg entity_id="ent-570" entity_mention_id="m-564" role="person" realis="true">India’s finance minister</em_arg>
        <em_arg entity_id="ent-2360" entity_mention_id="m-2354" role="destination" realis="true">road</em_arg>
      </event_mention>
    </hopper>
    <hopper id="h-1384">
      <event_mention id="em-1356" type="contact" subtype="broadcast" realis="actual" audience="oneway" formality="formal" medium="notinperson" schedule="planned">
        <trigger source="NYT_ENG_20131212.0251" offset="274" length="9">reporting</trigger>
        <em_arg entity_id="ent-69" entity_mention_id="m-63" role="entity" realis="true">Mark Scott</em_arg>
        <em_arg entity_id="ent-78" entity_mention_id="m-72" role="place" realis="true">London</em_arg>
      </event_mention>
    </hopper>
    <hopper id="h-1543">
      <event_mention id="em-1515" type="transaction" subtype="transfermoney" realis="other" ways="voluntary">
        <trigger source="NYT_ENG_20131212.0251" offset="595" length="3">tax</trigger>
        <em_arg entity_id="ent-39" entity_mention_id="m-135" role="giver" realis="true">Nokia</em_arg>
        <em_arg filler_id="f-1579" role="money" realis="true">$365 million</em_arg>
      </event_mention>
      <event_mention id="em-1735" type="transaction" subtype="transfermoney" realis="other" ways="voluntary">
        <trigger source="NYT_ENG_20131212.0251" offset="1093" length="5">taxes</trigger>
        <em_arg entity_id="ent-1439" entity_mention_id="m-1433" role="giver" realis="true">the local unit of Nokia</em_arg>
        <em_arg entity_id="ent-183" entity_mention_id="m-204" role="recipient" realis="true">the Indian government</em_arg>
        <em_arg filler_id="f-1767" role="money" realis="true">about $340 million in back taxes over five fiscal years</em_arg>
        <em_arg filler_id="f-1774" role="time" realis="true">March</em_arg>
      </event_mention>
    </hopper>
    <hopper id="h-1573">
      <event_mention id="em-1545" type="contact" subtype="broadcast" realis="actual" audience="oneway" formality="formal" medium="canttell" schedule="planned">
        <trigger source="NYT_ENG_20131212.0251" offset="541" length="7">ordered</trigger>
        <em_arg entity_id="ent-8" entity_mention_id="m-720" role="entity" realis="true">the court</em_arg>
        <em_arg entity_id="ent-39" entity_mention_id="m-135" role="audience" realis="true">Nokia</em_arg>
      </event_mention>
    </hopper>
    <hopper id="h-1617">
      <event_mention id="em-1582" type="manufacture" subtype="artifact" realis="actual">
        <trigger source="NYT_ENG_20131212.0251" offset="701" length="13">manufacturing</trigger>
        <em_arg entity_id="ent-620" entity_mention_id="m-1392" role="agent" realis="true">one of Nokia’s largest handset manufacturing plants</em_arg>
        <em_arg filler_id="f-1607" role="artifact" realis="true">handset</em_arg>
        <em_arg entity_id="ent-147" entity_mention_id="m-141" role="place" realis="true">Chennai</em_arg>
      </event_mention>
    </hopper>
    <hopper id="h-1647">
      <event_mention id="em-969" type="transaction" subtype="transfermoney" realis="other" ways="voluntary">
        <trigger source="NYT_ENG_20131212.0251" offset="1699" length="7">deposit</trigger>
        <em_arg entity_id="ent-39" entity_mention_id="m-297" role="giver" realis="true">Nokia</em_arg>
        <em_arg filler_id="f-994" role="money" realis="true">$365 million</em_arg>
        <em_arg entity_id="ent-390" entity_mention_id="m-963" role="recipient" realis="true">India’s tax department</em_arg>
      </event_mention>
      <event_mention id="em-1619" type="transaction" subtype="transfermoney" realis="other" ways="voluntary">
        <trigger source="NYT_ENG_20131212.0251" offset="828" length="3">tax</trigger>
        <em_arg entity_id="ent-183" entity_mention_id="m-177" role="recipient" realis="true">the Indian government</em_arg>
        <em_arg entity_id="ent-39" entity_mention_id="m-1427" role="giver" realis="true">its</em_arg>
      </event_mention>
      <event_mention id="em-1707" type="transaction" subtype="transfermoney" realis="other" ways="voluntary">
        <trigger source="NYT_ENG_20131212.0251" offset="952" length="3">tax</trigger>
        <em_arg entity_id="ent-39" entity_mention_id="m-192" role="giver" realis="true">Nokia</em_arg>
        <em_arg entity_id="ent-96" entity_mention_id="m-198" role="recipient" realis="true">India</em_arg>
      </event_mention>
      <event_mention id="em-1853" type="transaction" subtype="transfermoney" realis="other" ways="voluntary">
        <trigger source="NYT_ENG_20131212.0251" offset="1471" length="3">tax</trigger>
        <em_arg entity_id="ent-39" entity_mention_id="m-246" role="giver" realis="true">Nokia</em_arg>
      </event_mention>
      <event_mention id="em-1874" type="transaction" subtype="transfermoney" realis="other" ways="voluntary">
        <trigger source="NYT_ENG_20131212.0251" offset="1784" length="7">payment</trigger>
        <em_arg entity_id="ent-1480" entity_mention_id="m-324" role="giver" realis="true">the company</em_arg>
      </event_mention>
      <event_mention id="em-1902" type="transaction" subtype="transfermoney" realis="other" ways="voluntary">
        <trigger source="NYT_ENG_20131212.0251" offset="2062" length="3">tax</trigger>
        <em_arg entity_id="ent-39" entity_mention_id="m-363" role="giver" realis="true">Nokia</em_arg>
      </event_mention>
    </hopper>
    <hopper id="h-1670">
      <event_mention id="em-1649" type="contact" subtype="contact" realis="actual" audience="twoway" formality="formal" medium="canttell" schedule="planned">
        <trigger source="NYT_ENG_20131212.0251" offset="878" length="5">asked</trigger>
        <em_arg entity_id="ent-39" entity_mention_id="m-186" role="entity" realis="true">Nokia</em_arg>
      </event_mention>
    </hopper>
    <hopper id="h-1805">
      <event_mention id="em-1777" type="contact" subtype="broadcast" realis="other" audience="oneway" formality="formal" medium="canttell" schedule="planned">
        <trigger source="NYT_ENG_20131212.0251" offset="1328" length="6">demand</trigger>
        <em_arg entity_id="ent-880" entity_mention_id="m-874" role="entity" realis="true">the Indian tax office</em_arg>
        <em_arg entity_id="ent-96" entity_mention_id="m-868" role="place" realis="true">Indian</em_arg>
      </event_mention>
    </hopper>
    <hopper id="h-1851">
      <event_mention id="em-1830" type="contact" subtype="contact" realis="actual" audience="canttell" formality="formal" medium="canttell" schedule="canttell">
        <trigger source="NYT_ENG_20131212.0251" offset="1227" length="4">said</trigger>
        <em_arg entity_id="ent-228" entity_mention_id="m-222" role="entity" realis="true">Dinesh Kanabar</em_arg>
      </event_mention>
    </hopper>
    <hopper id="h-1979">
      <event_mention id="em-1139" type="transaction" subtype="transferownership" realis="other" ways="voluntary">
        <trigger source="NYT_ENG_20131212.0251" offset="2281" length="4">sale</trigger>
        <em_arg entity_id="ent-39" entity_mention_id="m-393" role="giver" realis="true">Nokia</em_arg>
        <em_arg entity_id="ent-1094" entity_mention_id="m-1123" role="thing" realis="true">its handset division</em_arg>
        <em_arg entity_id="ent-30" entity_mention_id="m-399" role="recipient" realis="true">Microsoft</em_arg>
        <em_arg filler_id="f-2066" role="time" realis="true">early next year</em_arg>
      </event_mention>
      <event_mention id="em-1944" type="transaction" subtype="transferownership" realis="other" ways="voluntary">
        <trigger source="NYT_ENG_20131212.0251" offset="478" length="4">sale</trigger>
        <em_arg entity_id="ent-39" entity_mention_id="m-123" role="giver" realis="true">Nokia</em_arg>
        <em_arg entity_id="ent-30" entity_mention_id="m-129" role="recipient" realis="true">Microsoft</em_arg>
        <em_arg entity_id="ent-672" entity_mention_id="m-666" role="thing" realis="true">its mobile phone business</em_arg>
      </event_mention>
      <event_mention id="em-1981" type="transaction" subtype="transferownership" realis="other" ways="voluntary">
        <trigger source="NYT_ENG_20131212.0251" offset="1220" length="4">sale</trigger>
        <em_arg entity_id="ent-39" entity_mention_id="m-821" role="giver" realis="true">its</em_arg>
        <em_arg filler_id="f-2006" role="thing" realis="true">its asset</em_arg>
      </event_mention>
      <event_mention id="em-2011" type="transaction" subtype="transferownership" realis="other" ways="voluntary">
        <trigger source="NYT_ENG_20131212.0251" offset="2123" length="4">sale</trigger>
        <em_arg entity_id="ent-39" entity_mention_id="m-369" role="giver" realis="true">Nokia</em_arg>
        <em_arg entity_id="ent-1094" entity_mention_id="m-1088" role="thing" realis="true">its handset business</em_arg>
      </event_mention>
    </hopper>
    <hopper id="h-2009">
      <event_mention id="em-1006" type="transaction" subtype="transferownership" realis="other" ways="voluntary">
        <trigger source="NYT_ENG_20131212.0251" offset="1971" length="4">sale</trigger>
        <em_arg entity_id="ent-39" entity_mention_id="m-336" role="giver" realis="true">Nokia</em_arg>
        <em_arg entity_id="ent-354" entity_mention_id="m-348" role="thing" realis="true">Chennai factory</em_arg>
        <em_arg entity_id="ent-30" entity_mention_id="m-357" role="recipient" realis="true">Microsoft</em_arg>
      </event_mention>
    </hopper>
    <hopper id="h-2060">
      <event_mention id="em-2039" type="contact" subtype="contact" realis="other" audience="canttell" formality="formal" medium="canttell" schedule="canttell">
        <trigger source="NYT_ENG_20131212.0251" offset="2215" length="7">comment</trigger>
        <em_arg entity_id="ent-381" entity_mention_id="m-375" role="entity" realis="true">Officials from the Indian tax department</em_arg>
      </event_mention>
    </hopper>
    <hopper id="h-2090">
      <event_mention id="em-2069" type="contact" subtype="broadcast" realis="actual" audience="oneway" formality="formal" medium="notinperson" schedule="planned">
        <trigger source="NYT_ENG_20131212.0251" offset="2340" length="4">said</trigger>
        <em_arg entity_id="ent-39" entity_mention_id="m-393" role="entity" realis="true">Nokia</em_arg>
      </event_mention>
      <event_mention id="em-2159" type="contact" subtype="broadcast" realis="actual" audience="oneway" formality="formal" medium="notinperson" schedule="planned">
        <trigger source="NYT_ENG_20131212.0251" offset="2563" length="9">statement</trigger>
        <em_arg entity_id="ent-39" entity_mention_id="m-432" role="entity" realis="true">Nokia</em_arg>
        <em_arg filler_id="f-2184" role="time" realis="true">Thursday</em_arg>
      </event_mention>
    </hopper>
    <hopper id="h-2120">
      <event_mention id="em-2092" type="transaction" subtype="transfermoney" realis="other" ways="voluntary">
        <trigger source="NYT_ENG_20131212.0251" offset="2419" length="7">payment</trigger>
        <em_arg entity_id="ent-39" entity_mention_id="m-1509" role="giver" realis="true">it</em_arg>
        <em_arg entity_id="ent-183" entity_mention_id="m-411" role="recipient" realis="true">the Indian government</em_arg>
      </event_mention>
    </hopper>
    <hopper id="h-2157">
      <event_mention id="em-2122" type="contact" subtype="broadcast" realis="actual" audience="oneway" formality="formal" medium="notinperson" schedule="canttell">
        <trigger source="NYT_ENG_20131212.0251" offset="2513" length="6">claims</trigger>
        <em_arg entity_id="ent-174" entity_mention_id="m-426" role="entity" realis="true">the tax authorities</em_arg>
        <em_arg entity_id="ent-39" entity_mention_id="m-417" role="audience" realis="true">we</em_arg>
        <em_arg filler_id="f-2154" role="time" realis="true">recent months</em_arg>
      </event_mention>
    </hopper>
    <hopper id="h-2257">
      <event_mention id="em-2208" type="transaction" subtype="transfermoney" realis="other" ways="voluntary">
        <trigger source="NYT_ENG_20131212.0251" offset="2761" length="3">tax</trigger>
        <em_arg entity_id="ent-471" entity_mention_id="m-465" role="giver" realis="true">Several foreign companies like Vodafone, Royal Dutch Shell and IBM</em_arg>
        <em_arg entity_id="ent-480" entity_mention_id="m-474" role="giver" realis="true">Vodafone</em_arg>
        <em_arg entity_id="ent-489" entity_mention_id="m-483" role="giver" realis="true">Royal Dutch Shell</em_arg>
        <em_arg entity_id="ent-498" entity_mention_id="m-492" role="giver" realis="true">IBM</em_arg>
        <em_arg entity_id="ent-183" entity_mention_id="m-501" role="recipient" realis="true">the Indian government</em_arg>
      </event_mention>
    </hopper>
    <hopper id="h-2287">
      <event_mention id="em-2259" type="transaction" subtype="transfermoney" realis="generic" ways="voluntary">
        <trigger source="NYT_ENG_20131212.0251" offset="2853" length="3">tax</trigger>
        <em_arg entity_id="ent-183" entity_mention_id="m-507" role="recipient" realis="true">The Indian government</em_arg>
        <em_arg entity_id="ent-96" entity_mention_id="m-1198" role="place" realis="true">Indian</em_arg>
      </event_mention>
      <event_mention id="em-2312" type="transaction" subtype="transfermoney" realis="generic" ways="voluntary">
        <trigger source="NYT_ENG_20131212.0251" offset="3042" length="3">tax</trigger>
        <em_arg entity_id="ent-96" entity_mention_id="m-537" role="place" realis="true">Indian</em_arg>
      </event_mention>
      <event_mention id="em-2333" type="transaction" subtype="transfermoney" realis="generic" ways="voluntary">
        <trigger source="NYT_ENG_20131212.0251" offset="3088" length="3">tax</trigger>
        <em_arg entity_id="ent-549" entity_mention_id="m-543" role="recipient" realis="true">the income tax department</em_arg>
      </event_mention>
    </hopper>
    <hopper id="h-2310">
      <event_mention id="em-2289" type="transaction" subtype="transfermoney" realis="other" ways="voluntary">
        <trigger source="NYT_ENG_20131212.0251" offset="2877" length="7">collect</trigger>
        <em_arg entity_id="ent-183" entity_mention_id="m-507" role="recipient" realis="true">The Indian government</em_arg>
      </event_mention>
    </hopper>
    <hopper id="h-2384">
      <event_mention id="em-2363" type="contact" subtype="contact" realis="generic" audience="canttell" formality="formal" medium="inperson" schedule="canttell">
        <trigger source="NYT_ENG_20131212.0251" offset="3225" length="6">voiced</trigger>
        <em_arg entity_id="ent-570" entity_mention_id="m-564" role="entity" realis="true">India’s finance minister</em_arg>
      </event_mention>
    </hopper>
  </hoppers>
</deft_ere>
