<?xml version="1.0" encoding="UTF-8"?>
<deft_ere kit_id="5733b8b10000000000000045" doc_id="NYT_ENG_20130630.0084" source_type="newswire">
  <entities>
    <entity id="ent-8" type="PER" specificity="specificIndividual">
      <entity_mention id="m-18" noun_type="NAM" source="NYT_ENG_20130630.0084" offset="172" length="7">
        <mention_text>SNOWDEN</mention_text>
      </entity_mention>
      <entity_mention id="m-87" noun_type="NAM" source="NYT_ENG_20130630.0084" offset="487" length="17">
        <mention_text>Edward J. Snowden</mention_text>
      </entity_mention>
      <entity_mention id="m-105" noun_type="PRO" source="NYT_ENG_20130630.0084" offset="601" length="2">
        <mention_text>he</mention_text>
      </entity_mention>
      <entity_mention id="m-111" noun_type="NOM" source="NYT_ENG_20130630.0084" offset="612" length="37">
        <mention_text>a National Security Agency contractor</mention_text>
        <nom_head source="NYT_ENG_20130630.0084" offset="639" length="10">contractor</nom_head>
      </entity_mention>
      <entity_mention id="m-135" noun_type="NAM" source="NYT_ENG_20130630.0084" offset="837" length="7">
        <mention_text>Snowden</mention_text>
      </entity_mention>
      <entity_mention id="m-147" noun_type="NAM" source="NYT_ENG_20130630.0084" offset="937" length="7">
        <mention_text>Snowden</mention_text>
      </entity_mention>
      <entity_mention id="m-291" noun_type="NAM" source="NYT_ENG_20130630.0084" offset="1302" length="7">
        <mention_text>Snowden</mention_text>
      </entity_mention>
      <entity_mention id="m-297" noun_type="PRO" source="NYT_ENG_20130630.0084" offset="1333" length="3">
        <mention_text>his</mention_text>
      </entity_mention>
      <entity_mention id="m-315" noun_type="NAM" source="NYT_ENG_20130630.0084" offset="1366" length="7">
        <mention_text>Snowden</mention_text>
      </entity_mention>
      <entity_mention id="m-372" noun_type="PRO" source="NYT_ENG_20130630.0084" offset="1508" length="2">
        <mention_text>He</mention_text>
      </entity_mention>
      <entity_mention id="m-378" noun_type="NOM" source="NYT_ENG_20130630.0084" offset="1514" length="6">
        <mention_text>a hero</mention_text>
        <nom_head source="NYT_ENG_20130630.0084" offset="1516" length="4">hero</nom_head>
      </entity_mention>
      <entity_mention id="m-390" noun_type="NAM" source="NYT_ENG_20130630.0084" offset="1539" length="7">
        <mention_text>Snowden</mention_text>
      </entity_mention>
      <entity_mention id="m-396" noun_type="PRO" source="NYT_ENG_20130630.0084" offset="1549" length="2">
        <mention_text>He</mention_text>
      </entity_mention>
      <entity_mention id="m-444" noun_type="NAM" source="NYT_ENG_20130630.0084" offset="1758" length="7">
        <mention_text>Snowden</mention_text>
      </entity_mention>
      <entity_mention id="m-450" noun_type="PRO" source="NYT_ENG_20130630.0084" offset="1811" length="3">
        <mention_text>him</mention_text>
      </entity_mention>
      <entity_mention id="m-462" noun_type="PRO" source="NYT_ENG_20130630.0084" offset="1842" length="3">
        <mention_text>his</mention_text>
      </entity_mention>
      <entity_mention id="m-525" noun_type="NAM" source="NYT_ENG_20130630.0084" offset="2123" length="7">
        <mention_text>Snowden</mention_text>
      </entity_mention>
      <entity_mention id="m-552" noun_type="NAM" source="NYT_ENG_20130630.0084" offset="2141" length="7">
        <mention_text>Snowden</mention_text>
      </entity_mention>
      <entity_mention id="m-582" noun_type="NOM" source="NYT_ENG_20130630.0084" offset="2247" length="7">
        <mention_text>his son</mention_text>
        <nom_head source="NYT_ENG_20130630.0084" offset="2251" length="3">son</nom_head>
      </entity_mention>
      <entity_mention id="m-630" noun_type="NOM" source="NYT_ENG_20130630.0084" offset="2435" length="7">
        <mention_text>his son</mention_text>
        <nom_head source="NYT_ENG_20130630.0084" offset="2439" length="3">son</nom_head>
      </entity_mention>
      <entity_mention id="m-648" noun_type="PRO" source="NYT_ENG_20130630.0084" offset="2509" length="3">
        <mention_text>him</mention_text>
      </entity_mention>
    </entity>
    <entity id="ent-30" type="PER" specificity="specificIndividual">
      <entity_mention id="m-24" noun_type="NAM" source="NYT_ENG_20130630.0084" offset="207" length="7">
        <mention_text>ASSANGE</mention_text>
      </entity_mention>
      <entity_mention id="m-69" noun_type="NAM" source="NYT_ENG_20130630.0084" offset="390" length="14">
        <mention_text>Julian Assange</mention_text>
      </entity_mention>
      <entity_mention id="m-75" noun_type="NOM" source="NYT_ENG_20130630.0084" offset="406" length="54">
        <mention_text>the founder of the anti-secrecy organization WikiLeaks</mention_text>
        <nom_head source="NYT_ENG_20130630.0084" offset="410" length="7">founder</nom_head>
      </entity_mention>
      <entity_mention id="m-123" noun_type="NAM" source="NYT_ENG_20130630.0084" offset="742" length="7">
        <mention_text>Assange</mention_text>
      </entity_mention>
      <entity_mention id="m-249" noun_type="NAM" source="NYT_ENG_20130630.0084" offset="1162" length="7">
        <mention_text>Assange</mention_text>
      </entity_mention>
      <entity_mention id="m-285" noun_type="PRO" source="NYT_ENG_20130630.0084" offset="1224" length="2">
        <mention_text>he</mention_text>
      </entity_mention>
      <entity_mention id="m-303" noun_type="PRO" source="NYT_ENG_20130630.0084" offset="1349" length="3">
        <mention_text>his</mention_text>
      </entity_mention>
      <entity_mention id="m-309" noun_type="PRO" source="NYT_ENG_20130630.0084" offset="1358" length="2">
        <mention_text>He</mention_text>
      </entity_mention>
      <entity_mention id="m-345" noun_type="NAM" source="NYT_ENG_20130630.0084" offset="1449" length="7">
        <mention_text>Assange</mention_text>
      </entity_mention>
      <entity_mention id="m-384" noun_type="NAM" source="NYT_ENG_20130630.0084" offset="1523" length="7">
        <mention_text>Assange</mention_text>
      </entity_mention>
      <entity_mention id="m-495" noun_type="NAM" source="NYT_ENG_20130630.0084" offset="1974" length="7">
        <mention_text>Assange</mention_text>
      </entity_mention>
      <entity_mention id="m-501" noun_type="PRO" source="NYT_ENG_20130630.0084" offset="1988" length="7">
        <mention_text>himself</mention_text>
      </entity_mention>
      <entity_mention id="m-705" noun_type="NAM" source="NYT_ENG_20130630.0084" offset="2765" length="7">
        <mention_text>Assange</mention_text>
      </entity_mention>
      <entity_mention id="m-711" noun_type="PRO" source="NYT_ENG_20130630.0084" offset="2790" length="2">
        <mention_text>he</mention_text>
      </entity_mention>
    </entity>
    <entity id="ent-39" type="GPE" specificity="specificIndividual">
      <entity_mention id="m-33" noun_type="NAM" source="NYT_ENG_20130630.0084" offset="377" length="10">
        <mention_text>WASHINGTON</mention_text>
      </entity_mention>
      <entity_mention id="m-225" noun_type="NAM" source="NYT_ENG_20130630.0084" offset="1093" length="10">
        <mention_text>Washington</mention_text>
      </entity_mention>
    </entity>
    <entity id="ent-42" type="ORG" specificity="specificIndividual">
      <entity_mention id="m-81" noun_type="NAM" source="NYT_ENG_20130630.0084" offset="451" length="9">
        <mention_text>WikiLeaks</mention_text>
      </entity_mention>
      <entity_mention id="m-438" noun_type="NAM" source="NYT_ENG_20130630.0084" offset="1730" length="9">
        <mention_text>WikiLeaks</mention_text>
      </entity_mention>
      <entity_mention id="m-456" noun_type="NOM" source="NYT_ENG_20130630.0084" offset="1816" length="16">
        <mention_text>the organization</mention_text>
        <nom_head source="NYT_ENG_20130630.0084" offset="1820" length="12">organization</nom_head>
      </entity_mention>
      <entity_mention id="m-468" noun_type="PRO" source="NYT_ENG_20130630.0084" offset="1860" length="3">
        <mention_text>its</mention_text>
      </entity_mention>
      <entity_mention id="m-519" noun_type="NAM" source="NYT_ENG_20130630.0084" offset="2096" length="9">
        <mention_text>WikiLeaks</mention_text>
      </entity_mention>
      <entity_mention id="m-660" noun_type="NAM" source="NYT_ENG_20130630.0084" offset="2542" length="9">
        <mention_text>WikiLeaks</mention_text>
      </entity_mention>
      <entity_mention id="m-666" noun_type="NAM" source="NYT_ENG_20130630.0084" offset="2562" length="9">
        <mention_text>WikiLeaks</mention_text>
      </entity_mention>
      <entity_mention id="m-672" noun_type="PRO" source="NYT_ENG_20130630.0084" offset="2607" length="5">
        <mention_text>their</mention_text>
      </entity_mention>
      <entity_mention id="m-723" noun_type="NAM" source="NYT_ENG_20130630.0084" offset="2842" length="9">
        <mention_text>WikiLeaks</mention_text>
      </entity_mention>
      <entity_mention id="m-760" noun_type="NOM" source="NYT_ENG_20130630.0084" offset="421" length="29">
        <mention_text>the anti-secrecy organization</mention_text>
        <nom_head source="NYT_ENG_20130630.0084" offset="438" length="12">organization</nom_head>
      </entity_mention>
    </entity>
    <entity id="ent-45" type="FAC" specificity="specificIndividual">
      <entity_mention id="m-93" noun_type="NOM" source="NYT_ENG_20130630.0084" offset="537" length="16">
        <mention_text>a Moscow airport</mention_text>
        <nom_head source="NYT_ENG_20130630.0084" offset="546" length="7">airport</nom_head>
      </entity_mention>
    </entity>
    <entity id="ent-48" type="GPE" specificity="specificIndividual">
      <entity_mention id="m-99" noun_type="NAM" source="NYT_ENG_20130630.0084" offset="539" length="6">
        <mention_text>Moscow</mention_text>
      </entity_mention>
    </entity>
    <entity id="ent-51" type="ORG" specificity="specificIndividual">
      <entity_mention id="m-117" noun_type="NAM" source="NYT_ENG_20130630.0084" offset="614" length="24">
        <mention_text>National Security Agency</mention_text>
      </entity_mention>
    </entity>
    <entity id="ent-54" type="ORG" specificity="specificIndividual">
      <entity_mention id="m-129" noun_type="NAM" source="NYT_ENG_20130630.0084" offset="762" length="3">
        <mention_text>ABC</mention_text>
      </entity_mention>
    </entity>
    <entity id="ent-57" type="GPE" specificity="nonspecific">
      <entity_mention id="m-141" noun_type="NOM" source="NYT_ENG_20130630.0084" offset="867" length="9">
        <mention_text>any state</mention_text>
        <nom_head source="NYT_ENG_20130630.0084" offset="871" length="5">state</nom_head>
      </entity_mention>
    </entity>
    <entity id="ent-60" type="ORG" specificity="specificIndividual">
      <entity_mention id="m-153" noun_type="NOM" source="NYT_ENG_20130630.0084" offset="983" length="19">
        <mention_text>the German magazine</mention_text>
        <nom_head source="NYT_ENG_20130630.0084" offset="994" length="8">magazine</nom_head>
      </entity_mention>
      <entity_mention id="m-165" noun_type="NAM" source="NYT_ENG_20130630.0084" offset="1003" length="11">
        <mention_text>Der Spiegel</mention_text>
      </entity_mention>
    </entity>
    <entity id="ent-63" type="GPE" specificity="specificIndividual">
      <entity_mention id="m-159" noun_type="NAM" source="NYT_ENG_20130630.0084" offset="987" length="6">
        <mention_text>German</mention_text>
      </entity_mention>
    </entity>
    <entity id="ent-66" type="LOC" specificity="specificIndividual">
      <entity_mention id="m-192" noun_type="NAM" source="NYT_ENG_20130630.0084" offset="1067" length="8">
        <mention_text>European</mention_text>
      </entity_mention>
    </entity>
    <entity id="ent-177" type="GPE" specificity="specificIndividual">
      <entity_mention id="m-186" noun_type="NAM" source="NYT_ENG_20130630.0084" offset="1033" length="13">
        <mention_text>United States</mention_text>
      </entity_mention>
      <entity_mention id="m-420" noun_type="NAM" source="NYT_ENG_20130630.0084" offset="1593" length="13">
        <mention_text>United States</mention_text>
      </entity_mention>
      <entity_mention id="m-594" noun_type="NAM" source="NYT_ENG_20130630.0084" offset="2284" length="13">
        <mention_text>United States</mention_text>
      </entity_mention>
      <entity_mention id="m-693" noun_type="NAM" source="NYT_ENG_20130630.0084" offset="2661" length="13">
        <mention_text>United States</mention_text>
      </entity_mention>
    </entity>
    <entity id="ent-180" type="GPE" specificity="specificIndividual">
      <entity_mention id="m-198" noun_type="NAM" source="NYT_ENG_20130630.0084" offset="1067" length="14">
        <mention_text>European Union</mention_text>
      </entity_mention>
    </entity>
    <entity id="ent-183" type="FAC" specificity="specificGroup">
      <entity_mention id="m-204" noun_type="NOM" source="NYT_ENG_20130630.0084" offset="1067" length="84">
        <mention_text>European Union offices in Washington, Brussels and at the United Nations in New York</mention_text>
        <nom_head source="NYT_ENG_20130630.0084" offset="1082" length="7">offices</nom_head>
      </entity_mention>
    </entity>
    <entity id="ent-210" type="GPE" specificity="specificIndividual">
      <entity_mention id="m-231" noun_type="NAM" source="NYT_ENG_20130630.0084" offset="1105" length="8">
        <mention_text>Brussels</mention_text>
      </entity_mention>
    </entity>
    <entity id="ent-213" type="ORG" specificity="specificIndividual">
      <entity_mention id="m-237" noun_type="NAM" source="NYT_ENG_20130630.0084" offset="1125" length="14">
        <mention_text>United Nations</mention_text>
      </entity_mention>
    </entity>
    <entity id="ent-216" type="GPE" specificity="specificIndividual">
      <entity_mention id="m-243" noun_type="NAM" source="NYT_ENG_20130630.0084" offset="1143" length="8">
        <mention_text>New York</mention_text>
      </entity_mention>
      <entity_mention id="m-1669" noun_type="NAM" source="NYT_ENG_20130630.0084" offset="350" length="8">
        <mention_text>New York</mention_text>
      </entity_mention>
    </entity>
    <entity id="ent-219" type="GPE" specificity="specificIndividual">
      <entity_mention id="m-255" noun_type="NAM" source="NYT_ENG_20130630.0084" offset="1189" length="10">
        <mention_text>Ecuadorean</mention_text>
      </entity_mention>
      <entity_mention id="m-507" noun_type="NAM" source="NYT_ENG_20130630.0084" offset="2034" length="7">
        <mention_text>Ecuador</mention_text>
      </entity_mention>
    </entity>
    <entity id="ent-222" type="FAC" specificity="specificIndividual">
      <entity_mention id="m-261" noun_type="NAM" source="NYT_ENG_20130630.0084" offset="1189" length="18">
        <mention_text>Ecuadorean Embassy</mention_text>
      </entity_mention>
      <entity_mention id="m-279" noun_type="PRO" source="NYT_ENG_20130630.0084" offset="1218" length="5">
        <mention_text>where</mention_text>
      </entity_mention>
    </entity>
    <entity id="ent-267" type="GPE" specificity="specificIndividual">
      <entity_mention id="m-273" noun_type="NAM" source="NYT_ENG_20130630.0084" offset="1211" length="6">
        <mention_text>London</mention_text>
      </entity_mention>
    </entity>
    <entity id="ent-270" type="PER" specificity="specificGroup">
      <entity_mention id="m-321" noun_type="NOM" source="NYT_ENG_20130630.0084" offset="1403" length="39">
        <mention_text>a federal grand jury in Alexandria, Va.</mention_text>
        <nom_head source="NYT_ENG_20130630.0084" offset="1419" length="4">jury</nom_head>
      </entity_mention>
      <entity_mention id="m-1684" noun_type="PRO" source="NYT_ENG_20130630.0084" offset="1444" length="4">
        <mention_text>that</mention_text>
      </entity_mention>
    </entity>
    <entity id="ent-327" type="GPE" specificity="specificIndividual">
      <entity_mention id="m-333" noun_type="NAM" source="NYT_ENG_20130630.0084" offset="1427" length="10">
        <mention_text>Alexandria</mention_text>
      </entity_mention>
    </entity>
    <entity id="ent-330" type="GPE" specificity="specificIndividual">
      <entity_mention id="m-339" noun_type="NAM" source="NYT_ENG_20130630.0084" offset="1439" length="3">
        <mention_text>Va.</mention_text>
      </entity_mention>
    </entity>
    <entity id="ent-357" type="ORG" specificity="specificIndividual">
      <entity_mention id="m-351" noun_type="NAM" source="NYT_ENG_20130630.0084" offset="1482" length="3">
        <mention_text>CIA</mention_text>
      </entity_mention>
    </entity>
    <entity id="ent-360" type="ORG" specificity="specificIndividual">
      <entity_mention id="m-366" noun_type="NAM" source="NYT_ENG_20130630.0084" offset="1487" length="8">
        <mention_text>Pentagon</mention_text>
      </entity_mention>
    </entity>
    <entity id="ent-363" type="PER" specificity="specificGroup">
      <entity_mention id="m-402" noun_type="NOM" source="NYT_ENG_20130630.0084" offset="1561" length="45">
        <mention_text>the people of the world and the United States</mention_text>
        <nom_head source="NYT_ENG_20130630.0084" offset="1565" length="6">people</nom_head>
      </entity_mention>
      <entity_mention id="m-426" noun_type="PRO" source="NYT_ENG_20130630.0084" offset="1651" length="5">
        <mention_text>their</mention_text>
      </entity_mention>
    </entity>
    <entity id="ent-408" type="LOC" specificity="specificIndividual">
      <entity_mention id="m-414" noun_type="NOM" source="NYT_ENG_20130630.0084" offset="1575" length="9">
        <mention_text>the world</mention_text>
        <nom_head source="NYT_ENG_20130630.0084" offset="1579" length="5">world</nom_head>
      </entity_mention>
    </entity>
    <entity id="ent-411" type="PER" specificity="specificIndividual">
      <entity_mention id="m-432" noun_type="NAM" source="NYT_ENG_20130630.0084" offset="1713" length="5">
        <mention_text>Nixon</mention_text>
      </entity_mention>
    </entity>
    <entity id="ent-480" type="PER" specificity="specificIndividual">
      <entity_mention id="m-474" noun_type="NAM" source="NYT_ENG_20130630.0084" offset="1926" length="21">
        <mention_text>George Stephanopoulos</mention_text>
      </entity_mention>
      <entity_mention id="m-489" noun_type="NOM" source="NYT_ENG_20130630.0084" offset="1949" length="22">
        <mention_text>the host of “This Week</mention_text>
        <nom_head source="NYT_ENG_20130630.0084" offset="1953" length="4">host</nom_head>
      </entity_mention>
    </entity>
    <entity id="ent-483" type="PER" specificity="nonspecific">
      <entity_mention id="m-513" noun_type="NOM" source="NYT_ENG_20130630.0084" offset="2044" length="5">
        <mention_text>human</mention_text>
        <nom_head source="NYT_ENG_20130630.0084" offset="2044" length="5">human</nom_head>
      </entity_mention>
    </entity>
    <entity id="ent-486" type="ORG" specificity="specificIndividual">
      <entity_mention id="m-531" noun_type="NAM" source="NYT_ENG_20130630.0084" offset="2163" length="3">
        <mention_text>NBC</mention_text>
      </entity_mention>
    </entity>
    <entity id="ent-543" type="ORG" specificity="specificIndividual">
      <entity_mention id="m-537" noun_type="NAM" source="NYT_ENG_20130630.0084" offset="2163" length="8">
        <mention_text>NBC News</mention_text>
      </entity_mention>
    </entity>
    <entity id="ent-546" type="PER" specificity="specificIndividual">
      <entity_mention id="m-558" noun_type="NOM" source="NYT_ENG_20130630.0084" offset="2141" length="16">
        <mention_text>Snowden’s father</mention_text>
        <nom_head source="NYT_ENG_20130630.0084" offset="2151" length="6">father</nom_head>
      </entity_mention>
      <entity_mention id="m-576" noun_type="PRO" source="NYT_ENG_20130630.0084" offset="2239" length="2">
        <mention_text>he</mention_text>
      </entity_mention>
      <entity_mention id="m-588" noun_type="PRO" source="NYT_ENG_20130630.0084" offset="2247" length="3">
        <mention_text>his</mention_text>
      </entity_mention>
      <entity_mention id="m-600" noun_type="NOM" source="NYT_ENG_20130630.0084" offset="2375" length="10">
        <mention_text>The father</mention_text>
        <nom_head source="NYT_ENG_20130630.0084" offset="2379" length="6">father</nom_head>
      </entity_mention>
      <entity_mention id="m-606" noun_type="NAM" source="NYT_ENG_20130630.0084" offset="2387" length="14">
        <mention_text>Lonnie Snowden</mention_text>
      </entity_mention>
      <entity_mention id="m-612" noun_type="PRO" source="NYT_ENG_20130630.0084" offset="2403" length="3">
        <mention_text>who</mention_text>
      </entity_mention>
      <entity_mention id="m-618" noun_type="PRO" source="NYT_ENG_20130630.0084" offset="2412" length="2">
        <mention_text>he</mention_text>
      </entity_mention>
      <entity_mention id="m-624" noun_type="PRO" source="NYT_ENG_20130630.0084" offset="2435" length="3">
        <mention_text>his</mention_text>
      </entity_mention>
      <entity_mention id="m-636" noun_type="PRO" source="NYT_ENG_20130630.0084" offset="2466" length="2">
        <mention_text>he</mention_text>
      </entity_mention>
      <entity_mention id="m-678" noun_type="PRO" source="NYT_ENG_20130630.0084" offset="2554" length="1">
        <mention_text>I</mention_text>
      </entity_mention>
      <entity_mention id="m-699" noun_type="NAM" source="NYT_ENG_20130630.0084" offset="2677" length="14">
        <mention_text>Lonnie Snowden</mention_text>
      </entity_mention>
      <entity_mention id="m-717" noun_type="NOM" source="NYT_ENG_20130630.0084" offset="2810" length="17">
        <mention_text>the elder Snowden</mention_text>
        <nom_head source="NYT_ENG_20130630.0084" offset="2820" length="7">Snowden</nom_head>
      </entity_mention>
      <entity_mention id="m-738" noun_type="NAM" source="NYT_ENG_20130630.0084" offset="2866" length="14">
        <mention_text>Lonnie Snowden</mention_text>
      </entity_mention>
      <entity_mention id="m-744" noun_type="PRO" source="NYT_ENG_20130630.0084" offset="2906" length="3">
        <mention_text>his</mention_text>
      </entity_mention>
    </entity>
    <entity id="ent-549" type="PER" specificity="specificIndividual">
      <entity_mention id="m-564" noun_type="NAM" source="NYT_ENG_20130630.0084" offset="2219" length="18">
        <mention_text>Eric H. Holder Jr.</mention_text>
      </entity_mention>
    </entity>
    <entity id="ent-570" type="PER" specificity="specificGroup">
      <entity_mention id="m-642" noun_type="NOM" source="NYT_ENG_20130630.0084" offset="2490" length="22">
        <mention_text>those who surround him</mention_text>
        <nom_head source="NYT_ENG_20130630.0084" offset="2490" length="5">those</nom_head>
      </entity_mention>
    </entity>
    <entity id="ent-573" type="PER" specificity="specificGroup">
      <entity_mention id="m-654" noun_type="NOM" source="NYT_ENG_20130630.0084" offset="2528" length="23">
        <mention_text>advisers from WikiLeaks</mention_text>
        <nom_head source="NYT_ENG_20130630.0084" offset="2528" length="8">advisers</nom_head>
      </entity_mention>
    </entity>
    <entity id="ent-690" type="PER" specificity="nonspecific">
      <entity_mention id="m-684" noun_type="PRO" source="NYT_ENG_20130630.0084" offset="2576" length="3">
        <mention_text>you</mention_text>
      </entity_mention>
    </entity>
    <entity id="ent-735" type="PER" specificity="specificIndividual">
      <entity_mention id="m-729" noun_type="NOM" source="NYT_ENG_20130630.0084" offset="2866" length="23">
        <mention_text>Lonnie Snowden’s lawyer</mention_text>
        <nom_head source="NYT_ENG_20130630.0084" offset="2883" length="6">lawyer</nom_head>
      </entity_mention>
    </entity>
    <entity id="ent-1284" type="FAC" specificity="specificIndividual">
      <entity_mention id="m-1278" noun_type="NOM" source="NYT_ENG_20130630.0084" offset="1121" length="30">
        <mention_text>the United Nations in New York</mention_text>
        <nom_head source="NYT_ENG_20130630.0084" offset="1125" length="14">United Nations</nom_head>
      </entity_mention>
    </entity>
    <entity id="ent-1681" type="ORG" specificity="specificIndividual">
      <entity_mention id="m-1675" noun_type="NAM" source="NYT_ENG_20130630.0084" offset="762" length="8">
        <mention_text>ABC News</mention_text>
      </entity_mention>
    </entity>
  </entities>
  <fillers>
    <filler id="f-804" source="NYT_ENG_20130630.0084" offset="639" length="10" type="title">contractor</filler>
    <filler id="f-894" source="NYT_ENG_20130630.0084" offset="1953" length="4" type="title">host</filler>
    <filler id="f-924" source="NYT_ENG_20130630.0084" offset="2202" length="16" type="title">Attorney General</filler>
    <filler id="f-1032" source="NYT_ENG_20130630.0084" offset="467" length="6" type="time" nom_time="2013-06-30">Sunday</filler>
    <filler id="f-1110" source="NYT_ENG_20130630.0084" offset="576" length="24" type="commodity">the classified documents</filler>
    <filler id="f-1786" source="NYT_ENG_20130630.0084" offset="967" length="12" type="time" nom_time="2013-06-XX">this weekend</filler>
    <filler id="f-1814" source="NYT_ENG_20130630.0084" offset="2172" length="9" type="time" nom_time="2013-06-XX">this week</filler>
    <filler id="f-1603" source="NYT_ENG_20130630.0084" offset="2449" length="5" type="time" nom_time="2013-04-xx">April</filler>
  </fillers>
  <relations>
    <relation id="r-1237" type="orgaffiliation" subtype="founder">
      <relation_mention id="relm-750" realis="true">
        <rel_arg1 entity_id="ent-30" entity_mention_id="m-75" role="founder">the founder of the anti-secrecy organization WikiLeaks</rel_arg1>
        <rel_arg2 entity_id="ent-42" entity_mention_id="m-760" role="org">the anti-secrecy organization</rel_arg2>
        <trigger source="NYT_ENG_20130630.0084" offset="410" length="7">founder</trigger>
      </relation_mention>
    </relation>
    <relation id="r-1238" type="physical" subtype="locatednear">
      <relation_mention id="relm-766" realis="true">
        <rel_arg1 entity_id="ent-8" entity_mention_id="m-87" role="entity">Edward J. Snowden</rel_arg1>
        <rel_arg2 entity_id="ent-45" entity_mention_id="m-93" role="loc">a Moscow airport</rel_arg2>
        <trigger source="NYT_ENG_20130630.0084" offset="534" length="2">at</trigger>
      </relation_mention>
    </relation>
    <relation id="r-1239" type="physical" subtype="locatednear">
      <relation_mention id="relm-776" realis="true">
        <rel_arg1 entity_id="ent-45" entity_mention_id="m-93" role="entity">a Moscow airport</rel_arg1>
        <rel_arg2 entity_id="ent-48" entity_mention_id="m-99" role="loc">Moscow</rel_arg2>
      </relation_mention>
    </relation>
    <relation id="r-1240" type="orgaffiliation" subtype="employmentmembership">
      <relation_mention id="relm-786" realis="true">
        <rel_arg1 entity_id="ent-8" entity_mention_id="m-111" role="employeemember">a National Security Agency contractor</rel_arg1>
        <rel_arg2 entity_id="ent-51" entity_mention_id="m-117" role="org">National Security Agency</rel_arg2>
        <trigger source="NYT_ENG_20130630.0084" offset="639" length="10">contractor</trigger>
      </relation_mention>
    </relation>
    <relation id="r-1241" type="personalsocial" subtype="role">
      <relation_mention id="relm-796" realis="true">
        <rel_arg1 entity_id="ent-8" entity_mention_id="m-111" role="per">a National Security Agency contractor</rel_arg1>
        <rel_arg2 filler_id="f-804" role="role">contractor</rel_arg2>
      </relation_mention>
    </relation>
    <relation id="r-1242" type="physical" subtype="orglocationorigin">
      <relation_mention id="relm-806" realis="true">
        <rel_arg1 entity_id="ent-60" entity_mention_id="m-153" role="org">the German magazine</rel_arg1>
        <rel_arg2 entity_id="ent-63" entity_mention_id="m-159" role="loc">German</rel_arg2>
        <trigger source="NYT_ENG_20130630.0084" offset="987" length="6">German</trigger>
      </relation_mention>
    </relation>
    <relation id="r-1243" type="physical" subtype="orglocationorigin">
      <relation_mention id="relm-836" realis="true">
        <rel_arg1 entity_id="ent-213" entity_mention_id="m-237" role="org">United Nations</rel_arg1>
        <rel_arg2 entity_id="ent-216" entity_mention_id="m-243" role="loc">New York</rel_arg2>
        <trigger source="NYT_ENG_20130630.0084" offset="1140" length="2">in</trigger>
      </relation_mention>
    </relation>
    <relation id="r-1244" type="physical" subtype="locatednear">
      <relation_mention id="relm-846" realis="true">
        <rel_arg1 entity_id="ent-222" entity_mention_id="m-261" role="entity">Ecuadorean Embassy</rel_arg1>
        <rel_arg2 entity_id="ent-267" entity_mention_id="m-273" role="loc">London</rel_arg2>
        <trigger source="NYT_ENG_20130630.0084" offset="1208" length="2">in</trigger>
      </relation_mention>
    </relation>
    <relation id="r-1245" type="physical" subtype="locatednear">
      <relation_mention id="relm-856" realis="true">
        <rel_arg1 entity_id="ent-30" entity_mention_id="m-285" role="entity">he</rel_arg1>
        <rel_arg2 entity_id="ent-222" entity_mention_id="m-279" role="loc">where</rel_arg2>
        <trigger source="NYT_ENG_20130630.0084" offset="1236" length="9">ensconced</trigger>
      </relation_mention>
    </relation>
    <relation id="r-1246" type="physical" subtype="locatednear">
      <relation_mention id="relm-866" realis="false">
        <rel_arg1 entity_id="ent-270" entity_mention_id="m-321" role="entity">a federal grand jury in Alexandria, Va.</rel_arg1>
        <rel_arg2 entity_id="ent-327" entity_mention_id="m-333" role="loc">Alexandria</rel_arg2>
        <trigger source="NYT_ENG_20130630.0084" offset="1424" length="2">in</trigger>
      </relation_mention>
    </relation>
    <relation id="r-1247" type="physical" subtype="locatednear">
      <relation_mention id="relm-876" realis="true">
        <rel_arg1 entity_id="ent-327" entity_mention_id="m-333" role="entity">Alexandria</rel_arg1>
        <rel_arg2 entity_id="ent-330" entity_mention_id="m-339" role="loc">Va.</rel_arg2>
      </relation_mention>
    </relation>
    <relation id="r-1248" type="personalsocial" subtype="role">
      <relation_mention id="relm-886" realis="true">
        <rel_arg1 entity_id="ent-480" entity_mention_id="m-489" role="per">the host of “This Week</rel_arg1>
        <rel_arg2 filler_id="f-894" role="role">host</rel_arg2>
      </relation_mention>
    </relation>
    <relation id="r-1249" type="personalsocial" subtype="family">
      <relation_mention id="relm-896" realis="true">
        <rel_arg1 entity_id="ent-546" entity_mention_id="m-558" role="per">Snowden’s father</rel_arg1>
        <rel_arg2 entity_id="ent-8" entity_mention_id="m-552" role="per">Snowden</rel_arg2>
        <trigger source="NYT_ENG_20130630.0084" offset="2151" length="6">father</trigger>
      </relation_mention>
      <relation_mention id="relm-936" realis="true">
        <rel_arg1 entity_id="ent-8" entity_mention_id="m-582" role="per">his son</rel_arg1>
        <rel_arg2 entity_id="ent-546" entity_mention_id="m-588" role="per">his</rel_arg2>
        <trigger source="NYT_ENG_20130630.0084" offset="2251" length="3">son</trigger>
      </relation_mention>
      <relation_mention id="relm-956" realis="true">
        <rel_arg1 entity_id="ent-8" entity_mention_id="m-630" role="per">his son</rel_arg1>
        <rel_arg2 entity_id="ent-546" entity_mention_id="m-624" role="per">his</rel_arg2>
        <trigger source="NYT_ENG_20130630.0084" offset="2439" length="3">son</trigger>
      </relation_mention>
    </relation>
    <relation id="r-1250" type="partwhole" subtype="subsidiary">
      <relation_mention id="relm-906" realis="true">
        <rel_arg1 entity_id="ent-543" entity_mention_id="m-537" role="suborg">NBC News</rel_arg1>
        <rel_arg2 entity_id="ent-486" entity_mention_id="m-531" role="parent">NBC</rel_arg2>
      </relation_mention>
    </relation>
    <relation id="r-1251" type="personalsocial" subtype="role">
      <relation_mention id="relm-916" realis="true">
        <rel_arg1 entity_id="ent-549" entity_mention_id="m-564" role="per">Eric H. Holder Jr.</rel_arg1>
        <rel_arg2 filler_id="f-924" role="role">Attorney General</rel_arg2>
      </relation_mention>
    </relation>
    <relation id="r-1252" type="physical" subtype="locatednear">
      <relation_mention id="relm-946" realis="false">
        <rel_arg1 entity_id="ent-8" entity_mention_id="m-582" role="entity">his son</rel_arg1>
        <rel_arg2 entity_id="ent-177" entity_mention_id="m-594" role="loc">United States</rel_arg2>
        <trigger source="NYT_ENG_20130630.0084" offset="2270" length="6">return</trigger>
      </relation_mention>
    </relation>
    <relation id="r-1253" type="orgaffiliation" subtype="employmentmembership">
      <relation_mention id="relm-966" realis="true">
        <rel_arg1 entity_id="ent-573" entity_mention_id="m-654" role="employeemember">advisers from WikiLeaks</rel_arg1>
        <rel_arg2 entity_id="ent-42" entity_mention_id="m-660" role="org">WikiLeaks</rel_arg2>
        <trigger source="NYT_ENG_20130630.0084" offset="2537" length="4">from</trigger>
      </relation_mention>
    </relation>
    <relation id="r-1254" type="personalsocial" subtype="business">
      <relation_mention id="relm-976" realis="true">
        <rel_arg1 entity_id="ent-735" entity_mention_id="m-729" role="per">Lonnie Snowden’s lawyer</rel_arg1>
        <rel_arg2 entity_id="ent-546" entity_mention_id="m-738" role="per">Lonnie Snowden</rel_arg2>
        <trigger source="NYT_ENG_20130630.0084" offset="2883" length="6">lawyer</trigger>
      </relation_mention>
    </relation>
    <relation id="r-1255" type="physical" subtype="locatednear">
      <relation_mention id="relm-1659" realis="true">
        <rel_arg1 entity_id="ent-180" entity_mention_id="m-198" role="entity">European Union</rel_arg1>
        <rel_arg2 entity_id="ent-66" entity_mention_id="m-192" role="loc">European</rel_arg2>
        <trigger source="NYT_ENG_20130630.0084" offset="1067" length="8">European</trigger>
      </relation_mention>
    </relation>
    <relation id="r-1256" type="partwhole" subtype="subsidiary">
      <relation_mention id="relm-1690" realis="true">
        <rel_arg1 entity_id="ent-1681" entity_mention_id="m-1675" role="suborg">ABC News</rel_arg1>
        <rel_arg2 entity_id="ent-54" entity_mention_id="m-129" role="parent">ABC</rel_arg2>
      </relation_mention>
    </relation>
    <relation id="r-1257" type="physical" subtype="locatednear">
      <relation_mention id="relm-1710" realis="true">
        <rel_arg1 entity_id="ent-1284" entity_mention_id="m-1278" role="entity">the United Nations in New York</rel_arg1>
        <rel_arg2 entity_id="ent-216" entity_mention_id="m-243" role="loc">New York</rel_arg2>
        <trigger source="NYT_ENG_20130630.0084" offset="1140" length="2">in</trigger>
      </relation_mention>
    </relation>
    <relation id="r-1258" type="personalsocial" subtype="business">
      <relation_mention id="relm-1730" realis="true">
        <rel_arg1 entity_id="ent-8" entity_mention_id="m-648" role="per">him</rel_arg1>
        <rel_arg2 entity_id="ent-573" entity_mention_id="m-654" role="per">advisers from WikiLeaks</rel_arg2>
        <trigger source="NYT_ENG_20130630.0084" offset="2528" length="8">advisers</trigger>
      </relation_mention>
    </relation>
  </relations>
  <hoppers>
    <hopper id="h-16">
      <event_mention id="em-986" type="contact" subtype="broadcast" realis="actual" audience="oneway" formality="formal" medium="notinperson" schedule="planned">
        <trigger source="NYT_ENG_20130630.0084" offset="215" length="4">SAYS</trigger>
        <em_arg entity_id="ent-30" entity_mention_id="m-24" role="entity" realis="true">ASSANGE</em_arg>
      </event_mention>
      <event_mention id="em-1007" type="contact" subtype="broadcast" realis="actual" audience="oneway" formality="formal" medium="notinperson" schedule="planned">
        <trigger source="NYT_ENG_20130630.0084" offset="462" length="4">said</trigger>
        <em_arg entity_id="ent-30" entity_mention_id="m-75" role="entity" realis="true">the founder of the anti-secrecy organization WikiLeaks</em_arg>
        <em_arg filler_id="f-1032" role="time" realis="true">Sunday</em_arg>
      </event_mention>
      <event_mention id="em-1134" type="contact" subtype="broadcast" realis="actual" audience="oneway" formality="formal" medium="notinperson" schedule="planned">
        <trigger source="NYT_ENG_20130630.0084" offset="750" length="4">said</trigger>
        <em_arg entity_id="ent-30" entity_mention_id="m-123" role="entity" realis="true">Assange</em_arg>
        <em_arg entity_id="ent-1681" entity_mention_id="m-1675" role="audience" realis="true">ABC News</em_arg>
      </event_mention>
      <event_mention id="em-1287" type="contact" subtype="broadcast" realis="actual" audience="oneway" formality="formal" medium="notinperson" schedule="planned">
        <trigger source="NYT_ENG_20130630.0084" offset="1171" length="8">speaking</trigger>
        <em_arg entity_id="ent-30" entity_mention_id="m-249" role="entity" realis="true">Assange</em_arg>
        <em_arg entity_id="ent-222" entity_mention_id="m-261" role="place" realis="true">Ecuadorean Embassy</em_arg>
      </event_mention>
    </hopper>
    <hopper id="h-1065">
      <event_mention id="em-1071" type="transaction" subtype="transferownership" realis="actual" ways="canttell">
        <trigger source="NYT_ENG_20130630.0084" offset="604" length="4">took</trigger>
        <em_arg entity_id="ent-51" entity_mention_id="m-117" role="giver" realis="true">National Security Agency</em_arg>
        <em_arg entity_id="ent-8" entity_mention_id="m-111" role="recipient" realis="true">a National Security Agency contractor</em_arg>
        <em_arg filler_id="f-1110" role="thing" realis="true">the classified documents</em_arg>
      </event_mention>
    </hopper>
    <hopper id="h-1069">
      <event_mention id="em-1162" type="contact" subtype="broadcast" realis="actual" audience="oneway" formality="formal" medium="notinperson" schedule="planned">
        <trigger source="NYT_ENG_20130630.0084" offset="889" length="11">publication</trigger>
        <em_arg entity_id="ent-8" entity_mention_id="m-135" role="entity" realis="true">Snowden</em_arg>
      </event_mention>
      <event_mention id="em-1183" type="contact" subtype="broadcast" realis="actual" audience="oneway" formality="formal" medium="notinperson" schedule="planned">
        <trigger source="NYT_ENG_20130630.0084" offset="947" length="11">revelations</trigger>
        <em_arg entity_id="ent-8" entity_mention_id="m-147" role="entity" realis="true">Snowden</em_arg>
      </event_mention>
      <event_mention id="em-1315" type="contact" subtype="broadcast" realis="actual" audience="oneway" formality="formal" medium="notinperson" schedule="planned">
        <trigger source="NYT_ENG_20130630.0084" offset="1556" length="4">told</trigger>
        <em_arg entity_id="ent-8" entity_mention_id="m-396" role="entity" realis="true">He</em_arg>
        <em_arg entity_id="ent-363" entity_mention_id="m-402" role="audience" realis="true">the people of the world and the United States</em_arg>
      </event_mention>
      <event_mention id="em-1370" type="contact" subtype="broadcast" realis="actual" audience="oneway" formality="formal" medium="notinperson" schedule="planned">
        <trigger source="NYT_ENG_20130630.0084" offset="1768" length="11">disclosures</trigger>
        <em_arg entity_id="ent-8" entity_mention_id="m-444" role="entity" realis="true">Snowden</em_arg>
      </event_mention>
      <event_mention id="em-1740" type="contact" subtype="broadcast" realis="actual" audience="oneway" formality="formal" medium="notinperson" schedule="planned">
        <trigger source="NYT_ENG_20130630.0084" offset="180" length="11">REVELATIONS</trigger>
        <em_arg entity_id="ent-8" entity_mention_id="m-18" role="entity" realis="true">SNOWDEN</em_arg>
      </event_mention>
      <event_mention id="em-1761" type="contact" subtype="broadcast" realis="actual" audience="oneway" formality="formal" medium="notinperson" schedule="planned">
        <trigger source="NYT_ENG_20130630.0084" offset="559" length="11">disclosures</trigger>
        <em_arg entity_id="ent-8" entity_mention_id="m-87" role="entity" realis="true">Edward J. Snowden</em_arg>
      </event_mention>
    </hopper>
    <hopper id="h-1204">
      <event_mention id="em-1208" type="contact" subtype="broadcast" realis="actual" audience="oneway" formality="formal" medium="notinperson" schedule="planned">
        <trigger source="NYT_ENG_20130630.0084" offset="1015" length="8">reported</trigger>
        <em_arg entity_id="ent-60" entity_mention_id="m-165" role="entity" realis="true">Der Spiegel</em_arg>
        <em_arg entity_id="ent-63" entity_mention_id="m-159" role="place" realis="true">German</em_arg>
        <em_arg filler_id="f-1786" role="time" realis="true">this weekend</em_arg>
      </event_mention>
    </hopper>
    <hopper id="h-1345">
      <event_mention id="em-1349" type="contact" subtype="contact" realis="generic" audience="canttell" formality="canttell" medium="canttell" schedule="canttell">
        <trigger source="NYT_ENG_20130630.0084" offset="1657" length="14">communications</trigger>
        <em_arg entity_id="ent-363" entity_mention_id="m-426" role="entity" realis="true">their</em_arg>
      </event_mention>
    </hopper>
    <hopper id="h-1347">
      <event_mention id="em-1391" type="contact" subtype="correspondence" realis="actual" audience="twoway" formality="formal" medium="notinperson" schedule="planned">
        <trigger source="NYT_ENG_20130630.0084" offset="1911" length="9">exchanges</trigger>
        <em_arg entity_id="ent-480" entity_mention_id="m-474" role="entity" realis="true">George Stephanopoulos</em_arg>
        <em_arg entity_id="ent-30" entity_mention_id="m-495" role="entity" realis="true">Assange</em_arg>
      </event_mention>
    </hopper>
    <hopper id="h-1449">
      <event_mention id="em-1455" type="contact" subtype="broadcast" realis="actual" audience="oneway" formality="formal" medium="canttell" schedule="planned">
        <trigger source="NYT_ENG_20130630.0084" offset="2158" length="4">told</trigger>
        <em_arg entity_id="ent-546" entity_mention_id="m-558" role="entity" realis="true">Snowden’s father</em_arg>
        <em_arg entity_id="ent-543" entity_mention_id="m-537" role="audience" realis="true">NBC News</em_arg>
        <em_arg filler_id="f-1814" role="time" realis="true">this week</em_arg>
      </event_mention>
    </hopper>
    <hopper id="h-1451">
      <event_mention id="em-1483" type="contact" subtype="correspondence" realis="actual" audience="twoway" formality="formal" medium="notinperson" schedule="planned">
        <trigger source="NYT_ENG_20130630.0084" offset="2192" length="6">letter</trigger>
        <em_arg entity_id="ent-546" entity_mention_id="m-558" role="entity" realis="true">Snowden’s father</em_arg>
        <em_arg entity_id="ent-549" entity_mention_id="m-564" role="entity" realis="true">Eric H. Holder Jr.</em_arg>
      </event_mention>
    </hopper>
    <hopper id="h-1453">
      <event_mention id="em-1511" type="movement" subtype="transportperson" realis="other">
        <trigger source="NYT_ENG_20130630.0084" offset="2270" length="6">return</trigger>
        <em_arg entity_id="ent-8" entity_mention_id="m-582" role="agent" realis="true">his son</em_arg>
        <em_arg entity_id="ent-177" entity_mention_id="m-594" role="destination" realis="true">United States</em_arg>
      </event_mention>
    </hopper>
    <hopper id="h-1567">
      <event_mention id="em-1539" type="contact" subtype="contact" realis="other" audience="twoway" formality="canttell" medium="canttell" schedule="canttell">
        <trigger source="NYT_ENG_20130630.0084" offset="2423" length="6">spoken</trigger>
        <em_arg entity_id="ent-8" entity_mention_id="m-630" role="entity" realis="true">his son</em_arg>
        <em_arg entity_id="ent-546" entity_mention_id="m-624" role="entity" realis="true">his</em_arg>
      </event_mention>
    </hopper>
    <hopper id="h-1569">
      <event_mention id="em-1571" type="contact" subtype="contact" realis="actual" audience="twoway" formality="canttell" medium="canttell" schedule="canttell">
        <trigger source="NYT_ENG_20130630.0084" offset="2423" length="6">spoken</trigger>
        <em_arg entity_id="ent-546" entity_mention_id="m-624" role="entity" realis="true">his</em_arg>
        <em_arg entity_id="ent-8" entity_mention_id="m-630" role="entity" realis="true">his son</em_arg>
        <em_arg filler_id="f-1603" role="time" realis="true">April</em_arg>
      </event_mention>
    </hopper>
    <hopper id="h-1627">
      <event_mention id="em-1606" type="contact" subtype="broadcast" realis="generic" audience="oneway" formality="formal" medium="canttell" schedule="planned">
        <trigger source="NYT_ENG_20130630.0084" offset="2714" length="7">release</trigger>
        <em_arg entity_id="ent-42" entity_mention_id="m-672" role="entity" realis="true">their</em_arg>
      </event_mention>
    </hopper>
    <hopper id="h-1657">
      <event_mention id="em-1629" type="contact" subtype="contact" realis="actual" audience="twoway" formality="formal" medium="canttell" schedule="planned">
        <trigger source="NYT_ENG_20130630.0084" offset="2856" length="9">contacted</trigger>
        <em_arg entity_id="ent-42" entity_mention_id="m-723" role="entity" realis="true">WikiLeaks</em_arg>
        <em_arg entity_id="ent-735" entity_mention_id="m-729" role="entity" realis="true">Lonnie Snowden’s lawyer</em_arg>
      </event_mention>
    </hopper>
  </hoppers>
</deft_ere>
