<?xml version="1.0" encoding="UTF-8"?>
<deft_ere kit_id="5733b8b10000000000000082" doc_id="NYT_ENG_20131216.0129" source_type="newswire">
  <entities>
    <entity id="ent-8" type="PER" specificity="specificGroup">
      <entity_mention id="m-18" noun_type="NOM" source="NYT_ENG_20131216.0129" offset="172" length="10">
        <mention_text>UKRAINIANS</mention_text>
        <nom_head source="NYT_ENG_20131216.0129" offset="172" length="10">UKRAINIANS</nom_head>
      </entity_mention>
      <entity_mention id="m-57" noun_type="NOM" source="NYT_ENG_20131216.0129" offset="326" length="19">
        <mention_text>her fellow citizens</mention_text>
        <nom_head source="NYT_ENG_20131216.0129" offset="337" length="8">citizens</nom_head>
      </entity_mention>
      <entity_mention id="m-939" noun_type="PRO" source="NYT_ENG_20131216.0129" offset="3523" length="2">
        <mention_text>we</mention_text>
      </entity_mention>
      <entity_mention id="m-1113" noun_type="PRO" source="NYT_ENG_20131216.0129" offset="4132" length="2">
        <mention_text>us</mention_text>
      </entity_mention>
    </entity>
    <entity id="ent-30" type="GPE" specificity="specificIndividual">
      <entity_mention id="m-24" noun_type="NAM" source="NYT_ENG_20131216.0129" offset="254" length="7">
        <mention_text>UKRAINE</mention_text>
      </entity_mention>
      <entity_mention id="m-42" noun_type="NAM" source="NYT_ENG_20131216.0129" offset="286" length="7">
        <mention_text>Ukraine</mention_text>
      </entity_mention>
      <entity_mention id="m-87" noun_type="NAM" source="NYT_ENG_20131216.0129" offset="430" length="7">
        <mention_text>Ukraine</mention_text>
      </entity_mention>
      <entity_mention id="m-135" noun_type="NOM" source="NYT_ENG_20131216.0129" offset="587" length="9">
        <mention_text>Ukrainian</mention_text>
        <nom_head source="NYT_ENG_20131216.0129" offset="587" length="9">Ukrainian</nom_head>
      </entity_mention>
      <entity_mention id="m-213" noun_type="NAM" source="NYT_ENG_20131216.0129" offset="862" length="9">
        <mention_text>Ukrainian</mention_text>
      </entity_mention>
      <entity_mention id="m-993" noun_type="NAM" source="NYT_ENG_20131216.0129" offset="3657" length="7">
        <mention_text>Ukraine</mention_text>
      </entity_mention>
    </entity>
    <entity id="ent-39" type="GPE" specificity="specificIndividual">
      <entity_mention id="m-33" noun_type="NAM" source="NYT_ENG_20131216.0129" offset="280" length="4">
        <mention_text>KIEV</mention_text>
      </entity_mention>
      <entity_mention id="m-207" noun_type="NOM" source="NYT_ENG_20131216.0129" offset="858" length="21">
        <mention_text>the Ukrainian capital</mention_text>
        <nom_head source="NYT_ENG_20131216.0129" offset="872" length="7">capital</nom_head>
      </entity_mention>
      <entity_mention id="m-219" noun_type="NOM" source="NYT_ENG_20131216.0129" offset="953" length="8">
        <mention_text>the city</mention_text>
        <nom_head source="NYT_ENG_20131216.0129" offset="957" length="4">city</nom_head>
      </entity_mention>
      <entity_mention id="m-573" noun_type="NAM" source="NYT_ENG_20131216.0129" offset="2183" length="4">
        <mention_text>Kiev</mention_text>
      </entity_mention>
      <entity_mention id="m-1080" noun_type="NAM" source="NYT_ENG_20131216.0129" offset="3957" length="4">
        <mention_text>Kiev</mention_text>
      </entity_mention>
      <entity_mention id="m-1095" noun_type="NOM" source="NYT_ENG_20131216.0129" offset="4040" length="11">
        <mention_text>the capital</mention_text>
        <nom_head source="NYT_ENG_20131216.0129" offset="4044" length="7">capital</nom_head>
      </entity_mention>
    </entity>
    <entity id="ent-54" type="PER" specificity="specificGroup">
      <entity_mention id="m-48" noun_type="NOM" source="NYT_ENG_20131216.0129" offset="301" length="44">
        <mention_text>hundreds of thousands of her fellow citizens</mention_text>
        <nom_head source="NYT_ENG_20131216.0129" offset="313" length="9">thousands</nom_head>
      </entity_mention>
      <entity_mention id="m-225" noun_type="NOM" source="NYT_ENG_20131216.0129" offset="984" length="10">
        <mention_text>the crowds</mention_text>
        <nom_head source="NYT_ENG_20131216.0129" offset="988" length="6">crowds</nom_head>
      </entity_mention>
      <entity_mention id="m-303" noun_type="NOM" source="NYT_ENG_20131216.0129" offset="1222" length="17">
        <mention_text>the protest crowd</mention_text>
        <nom_head source="NYT_ENG_20131216.0129" offset="1234" length="5">crowd</nom_head>
      </entity_mention>
      <entity_mention id="m-681" noun_type="NOM" source="NYT_ENG_20131216.0129" offset="2505" length="23">
        <mention_text>the teeming crowd below</mention_text>
        <nom_head source="NYT_ENG_20131216.0129" offset="2517" length="5">crowd</nom_head>
      </entity_mention>
    </entity>
    <entity id="ent-69" type="PER" specificity="specificIndividual">
      <entity_mention id="m-63" noun_type="PRO" source="NYT_ENG_20131216.0129" offset="326" length="3">
        <mention_text>her</mention_text>
      </entity_mention>
      <entity_mention id="m-72" noun_type="NAM" source="NYT_ENG_20131216.0129" offset="347" length="10">
        <mention_text>Olga Begun</mention_text>
      </entity_mention>
      <entity_mention id="m-120" noun_type="PRO" source="NYT_ENG_20131216.0129" offset="541" length="3">
        <mention_text>she</mention_text>
      </entity_mention>
      <entity_mention id="m-141" noun_type="PRO" source="NYT_ENG_20131216.0129" offset="602" length="3">
        <mention_text>she</mention_text>
      </entity_mention>
      <entity_mention id="m-147" noun_type="NAM" source="NYT_ENG_20131216.0129" offset="651" length="5">
        <mention_text>Begun</mention_text>
      </entity_mention>
      <entity_mention id="m-153" noun_type="NOM" source="NYT_ENG_20131216.0129" offset="658" length="8">
        <mention_text>a lawyer</mention_text>
        <nom_head source="NYT_ENG_20131216.0129" offset="660" length="6">lawyer</nom_head>
      </entity_mention>
      <entity_mention id="m-267" noun_type="NAM" source="NYT_ENG_20131216.0129" offset="1106" length="5">
        <mention_text>Begun</mention_text>
      </entity_mention>
      <entity_mention id="m-291" noun_type="NOM" source="NYT_ENG_20131216.0129" offset="1162" length="8">
        <mention_text>his wife</mention_text>
        <nom_head source="NYT_ENG_20131216.0129" offset="1166" length="4">wife</nom_head>
      </entity_mention>
    </entity>
    <entity id="ent-84" type="FAC" specificity="specificIndividual">
      <entity_mention id="m-78" noun_type="NAM" source="NYT_ENG_20131216.0129" offset="370" length="19">
        <mention_text>Independence Square</mention_text>
      </entity_mention>
      <entity_mention id="m-201" noun_type="NOM" source="NYT_ENG_20131216.0129" offset="761" length="89">
        <mention_text>the occupied square that has been gripped by political protests for more than three weeks</mention_text>
        <nom_head source="NYT_ENG_20131216.0129" offset="774" length="6">square</nom_head>
      </entity_mention>
      <entity_mention id="m-504" noun_type="NAM" source="NYT_ENG_20131216.0129" offset="1922" length="6">
        <mention_text>Maidan</mention_text>
      </entity_mention>
      <entity_mention id="m-516" noun_type="NAM" source="NYT_ENG_20131216.0129" offset="1954" length="19">
        <mention_text>Independence Square</mention_text>
      </entity_mention>
      <entity_mention id="m-531" noun_type="NAM" source="NYT_ENG_20131216.0129" offset="2052" length="19">
        <mention_text>Independence Square</mention_text>
      </entity_mention>
      <entity_mention id="m-870" noun_type="NOM" source="NYT_ENG_20131216.0129" offset="3215" length="4">
        <mention_text>here</mention_text>
        <nom_head source="NYT_ENG_20131216.0129" offset="3215" length="4">here</nom_head>
      </entity_mention>
      <entity_mention id="m-921" noun_type="NOM" source="NYT_ENG_20131216.0129" offset="3451" length="16">
        <mention_text>the protest site</mention_text>
        <nom_head source="NYT_ENG_20131216.0129" offset="3463" length="4">site</nom_head>
      </entity_mention>
    </entity>
    <entity id="ent-99" type="LOC" specificity="specificIndividual">
      <entity_mention id="m-93" noun_type="NAM" source="NYT_ENG_20131216.0129" offset="479" length="6">
        <mention_text>Europe</mention_text>
      </entity_mention>
    </entity>
    <entity id="ent-108" type="GPE" specificity="specificIndividual">
      <entity_mention id="m-102" noun_type="NAM" source="NYT_ENG_20131216.0129" offset="490" length="6">
        <mention_text>Russia</mention_text>
      </entity_mention>
    </entity>
    <entity id="ent-117" type="ORG" specificity="specificIndividual">
      <entity_mention id="m-111" noun_type="NOM" source="NYT_ENG_20131216.0129" offset="504" length="14">
        <mention_text>the government</mention_text>
        <nom_head source="NYT_ENG_20131216.0129" offset="508" length="10">government</nom_head>
      </entity_mention>
      <entity_mention id="m-552" noun_type="NOM" source="NYT_ENG_20131216.0129" offset="2123" length="10">
        <mention_text>government</mention_text>
        <nom_head source="NYT_ENG_20131216.0129" offset="2123" length="10">government</nom_head>
      </entity_mention>
      <entity_mention id="m-927" noun_type="NOM" source="NYT_ENG_20131216.0129" offset="3492" length="10">
        <mention_text>government</mention_text>
        <nom_head source="NYT_ENG_20131216.0129" offset="3492" length="10">government</nom_head>
      </entity_mention>
    </entity>
    <entity id="ent-165" type="FAC" specificity="specificIndividual">
      <entity_mention id="m-159" noun_type="NOM" source="NYT_ENG_20131216.0129" offset="684" length="47">
        <mention_text>the Mothercare store on the top level of Globus</mention_text>
        <nom_head source="NYT_ENG_20131216.0129" offset="699" length="5">store</nom_head>
      </entity_mention>
      <entity_mention id="m-378" noun_type="NOM" source="NYT_ENG_20131216.0129" offset="1548" length="9">
        <mention_text>the store</mention_text>
        <nom_head source="NYT_ENG_20131216.0129" offset="1552" length="5">store</nom_head>
      </entity_mention>
      <entity_mention id="m-384" noun_type="NOM" source="NYT_ENG_20131216.0129" offset="1584" length="9">
        <mention_text>this shop</mention_text>
        <nom_head source="NYT_ENG_20131216.0129" offset="1589" length="4">shop</nom_head>
      </entity_mention>
      <entity_mention id="m-423" noun_type="NOM" source="NYT_ENG_20131216.0129" offset="1727" length="4">
        <mention_text>here</mention_text>
        <nom_head source="NYT_ENG_20131216.0129" offset="1727" length="4">here</nom_head>
      </entity_mention>
    </entity>
    <entity id="ent-174" type="ORG" specificity="specificIndividual">
      <entity_mention id="m-168" noun_type="NAM" source="NYT_ENG_20131216.0129" offset="688" length="10">
        <mention_text>Mothercare</mention_text>
      </entity_mention>
    </entity>
    <entity id="ent-183" type="FAC" specificity="specificIndividual">
      <entity_mention id="m-177" noun_type="NOM" source="NYT_ENG_20131216.0129" offset="712" length="19">
        <mention_text>top level of Globus</mention_text>
        <nom_head source="NYT_ENG_20131216.0129" offset="716" length="5">level</nom_head>
      </entity_mention>
    </entity>
    <entity id="ent-192" type="FAC" specificity="specificIndividual">
      <entity_mention id="m-186" noun_type="NAM" source="NYT_ENG_20131216.0129" offset="725" length="6">
        <mention_text>Globus</mention_text>
      </entity_mention>
      <entity_mention id="m-195" noun_type="NOM" source="NYT_ENG_20131216.0129" offset="733" length="117">
        <mention_text>a shopping mall overlooking the occupied square that has been gripped by political protests for more than three weeks</mention_text>
        <nom_head source="NYT_ENG_20131216.0129" offset="744" length="4">mall</nom_head>
      </entity_mention>
      <entity_mention id="m-633" noun_type="NOM" source="NYT_ENG_20131216.0129" offset="2379" length="15">
        <mention_text>the Globus mall</mention_text>
        <nom_head source="NYT_ENG_20131216.0129" offset="2390" length="4">mall</nom_head>
      </entity_mention>
      <entity_mention id="m-639" noun_type="NAM" source="NYT_ENG_20131216.0129" offset="2383" length="6">
        <mention_text>Globus</mention_text>
      </entity_mention>
      <entity_mention id="m-1005" noun_type="NOM" source="NYT_ENG_20131216.0129" offset="3710" length="8">
        <mention_text>the mall</mention_text>
        <nom_head source="NYT_ENG_20131216.0129" offset="3714" length="4">mall</nom_head>
      </entity_mention>
    </entity>
    <entity id="ent-237" type="PER" specificity="specificIndividual">
      <entity_mention id="m-231" noun_type="PRO" source="NYT_ENG_20131216.0129" offset="1020" length="3">
        <mention_text>You</mention_text>
      </entity_mention>
    </entity>
    <entity id="ent-246" type="FAC" specificity="nonspecific">
      <entity_mention id="m-240" noun_type="NOM" source="NYT_ENG_20131216.0129" offset="1029" length="10">
        <mention_text>everything</mention_text>
        <nom_head source="NYT_ENG_20131216.0129" offset="1029" length="10">everything</nom_head>
      </entity_mention>
    </entity>
    <entity id="ent-255" type="PER" specificity="nonspecific">
      <entity_mention id="m-249" noun_type="NOM" source="NYT_ENG_20131216.0129" offset="1049" length="6">
        <mention_text>people</mention_text>
        <nom_head source="NYT_ENG_20131216.0129" offset="1049" length="6">people</nom_head>
      </entity_mention>
    </entity>
    <entity id="ent-264" type="PER" specificity="specificIndividual">
      <entity_mention id="m-258" noun_type="NOM" source="NYT_ENG_20131216.0129" offset="1106" length="15">
        <mention_text>Begun’s husband</mention_text>
        <nom_head source="NYT_ENG_20131216.0129" offset="1114" length="7">husband</nom_head>
      </entity_mention>
      <entity_mention id="m-273" noun_type="NAM" source="NYT_ENG_20131216.0129" offset="1123" length="13">
        <mention_text>Yuri Popovich</mention_text>
      </entity_mention>
      <entity_mention id="m-279" noun_type="NAM" source="NYT_ENG_20131216.0129" offset="1142" length="8">
        <mention_text>Popovich</mention_text>
      </entity_mention>
      <entity_mention id="m-285" noun_type="PRO" source="NYT_ENG_20131216.0129" offset="1162" length="3">
        <mention_text>his</mention_text>
      </entity_mention>
      <entity_mention id="m-318" noun_type="PRO" source="NYT_ENG_20131216.0129" offset="1297" length="2">
        <mention_text>he</mention_text>
      </entity_mention>
    </entity>
    <entity id="ent-315" type="PER" specificity="specificGroup">
      <entity_mention id="m-309" noun_type="PRO" source="NYT_ENG_20131216.0129" offset="1250" length="2">
        <mention_text>We</mention_text>
      </entity_mention>
      <entity_mention id="m-339" noun_type="PRO" source="NYT_ENG_20131216.0129" offset="1364" length="3">
        <mention_text>our</mention_text>
      </entity_mention>
    </entity>
    <entity id="ent-330" type="PER" specificity="specificIndividual">
      <entity_mention id="m-324" noun_type="NAM" source="NYT_ENG_20131216.0129" offset="1347" length="10">
        <mention_text>Yanukovych</mention_text>
      </entity_mention>
    </entity>
    <entity id="ent-351" type="PER" specificity="specificIndividual">
      <entity_mention id="m-345" noun_type="NAM" source="NYT_ENG_20131216.0129" offset="1415" length="17">
        <mention_text>Tatyana Gorodnaya</mention_text>
      </entity_mention>
      <entity_mention id="m-372" noun_type="PRO" source="NYT_ENG_20131216.0129" offset="1519" length="3">
        <mention_text>she</mention_text>
      </entity_mention>
      <entity_mention id="m-390" noun_type="PRO" source="NYT_ENG_20131216.0129" offset="1595" length="1">
        <mention_text>I</mention_text>
      </entity_mention>
      <entity_mention id="m-396" noun_type="NAM" source="NYT_ENG_20131216.0129" offset="1627" length="9">
        <mention_text>Gorodnaya</mention_text>
      </entity_mention>
      <entity_mention id="m-411" noun_type="PRO" source="NYT_ENG_20131216.0129" offset="1674" length="3">
        <mention_text>her</mention_text>
      </entity_mention>
      <entity_mention id="m-417" noun_type="PRO" source="NYT_ENG_20131216.0129" offset="1702" length="1">
        <mention_text>I</mention_text>
      </entity_mention>
      <entity_mention id="m-456" noun_type="NAM" source="NYT_ENG_20131216.0129" offset="1814" length="9">
        <mention_text>Gorodnaya</mention_text>
      </entity_mention>
      <entity_mention id="m-462" noun_type="PRO" source="NYT_ENG_20131216.0129" offset="1834" length="3">
        <mention_text>she</mention_text>
      </entity_mention>
      <entity_mention id="m-468" noun_type="PRO" source="NYT_ENG_20131216.0129" offset="1846" length="3">
        <mention_text>her</mention_text>
      </entity_mention>
      <entity_mention id="m-483" noun_type="PRO" source="NYT_ENG_20131216.0129" offset="1897" length="1">
        <mention_text>I</mention_text>
      </entity_mention>
      <entity_mention id="m-498" noun_type="PRO" source="NYT_ENG_20131216.0129" offset="1908" length="1">
        <mention_text>I</mention_text>
      </entity_mention>
      <entity_mention id="m-510" noun_type="PRO" source="NYT_ENG_20131216.0129" offset="1931" length="3">
        <mention_text>she</mention_text>
      </entity_mention>
    </entity>
    <entity id="ent-360" type="PER" specificity="specificIndividual">
      <entity_mention id="m-354" noun_type="NOM" source="NYT_ENG_20131216.0129" offset="1477" length="31">
        <mention_text>a friend’s 2-month-old daughter</mention_text>
        <nom_head source="NYT_ENG_20131216.0129" offset="1500" length="8">daughter</nom_head>
      </entity_mention>
    </entity>
    <entity id="ent-369" type="PER" specificity="specificIndividual">
      <entity_mention id="m-363" noun_type="NOM" source="NYT_ENG_20131216.0129" offset="1477" length="8">
        <mention_text>a friend</mention_text>
        <nom_head source="NYT_ENG_20131216.0129" offset="1479" length="6">friend</nom_head>
      </entity_mention>
    </entity>
    <entity id="ent-408" type="PER" specificity="specificGroup">
      <entity_mention id="m-402" noun_type="NOM" source="NYT_ENG_20131216.0129" offset="1655" length="10">
        <mention_text>the police</mention_text>
        <nom_head source="NYT_ENG_20131216.0129" offset="1659" length="6">police</nom_head>
      </entity_mention>
    </entity>
    <entity id="ent-435" type="PER" specificity="specificGroup">
      <entity_mention id="m-429" noun_type="NOM" source="NYT_ENG_20131216.0129" offset="1749" length="23">
        <mention_text>thousands of protesters</mention_text>
        <nom_head source="NYT_ENG_20131216.0129" offset="1749" length="9">thousands</nom_head>
      </entity_mention>
    </entity>
    <entity id="ent-444" type="PER" specificity="nonspecific">
      <entity_mention id="m-438" noun_type="NOM" source="NYT_ENG_20131216.0129" offset="1762" length="10">
        <mention_text>protesters</mention_text>
        <nom_head source="NYT_ENG_20131216.0129" offset="1762" length="10">protesters</nom_head>
      </entity_mention>
    </entity>
    <entity id="ent-453" type="FAC" specificity="specificGroup">
      <entity_mention id="m-447" noun_type="NOM" source="NYT_ENG_20131216.0129" offset="1784" length="11">
        <mention_text>the streets</mention_text>
        <nom_head source="NYT_ENG_20131216.0129" offset="1788" length="7">streets</nom_head>
      </entity_mention>
    </entity>
    <entity id="ent-480" type="PER" specificity="nonspecific">
      <entity_mention id="m-474" noun_type="NOM" source="NYT_ENG_20131216.0129" offset="1857" length="5">
        <mention_text>human</mention_text>
        <nom_head source="NYT_ENG_20131216.0129" offset="1857" length="5">human</nom_head>
      </entity_mention>
    </entity>
    <entity id="ent-495" type="FAC" specificity="specificIndividual">
      <entity_mention id="m-489" noun_type="NOM" source="NYT_ENG_20131216.0129" offset="1902" length="4">
        <mention_text>home</mention_text>
        <nom_head source="NYT_ENG_20131216.0129" offset="1902" length="4">home</nom_head>
      </entity_mention>
    </entity>
    <entity id="ent-528" type="LOC" specificity="specificIndividual">
      <entity_mention id="m-522" noun_type="NOM" source="NYT_ENG_20131216.0129" offset="2024" length="47">
        <mention_text>the area immediately around Independence Square</mention_text>
        <nom_head source="NYT_ENG_20131216.0129" offset="2028" length="4">area</nom_head>
      </entity_mention>
      <entity_mention id="m-537" noun_type="PRO" source="NYT_ENG_20131216.0129" offset="2073" length="5">
        <mention_text>which</mention_text>
      </entity_mention>
    </entity>
    <entity id="ent-549" type="LOC" specificity="specificIndividual">
      <entity_mention id="m-543" noun_type="NOM" source="NYT_ENG_20131216.0129" offset="2119" length="22">
        <mention_text>the government quarter</mention_text>
        <nom_head source="NYT_ENG_20131216.0129" offset="2134" length="7">quarter</nom_head>
      </entity_mention>
    </entity>
    <entity id="ent-570" type="PER" specificity="specificGroup">
      <entity_mention id="m-564" noun_type="NOM" source="NYT_ENG_20131216.0129" offset="2149" length="6">
        <mention_text>police</mention_text>
        <nom_head source="NYT_ENG_20131216.0129" offset="2149" length="6">police</nom_head>
      </entity_mention>
    </entity>
    <entity id="ent-585" type="FAC" specificity="specificGroup">
      <entity_mention id="m-579" noun_type="NOM" source="NYT_ENG_20131216.0129" offset="2213" length="7">
        <mention_text>Schools</mention_text>
        <nom_head source="NYT_ENG_20131216.0129" offset="2213" length="7">Schools</nom_head>
      </entity_mention>
    </entity>
    <entity id="ent-594" type="FAC" specificity="specificGroup">
      <entity_mention id="m-588" noun_type="NOM" source="NYT_ENG_20131216.0129" offset="2222" length="10">
        <mention_text>businesses</mention_text>
        <nom_head source="NYT_ENG_20131216.0129" offset="2222" length="10">businesses</nom_head>
      </entity_mention>
    </entity>
    <entity id="ent-603" type="FAC" specificity="specificGroup">
      <entity_mention id="m-597" noun_type="NOM" source="NYT_ENG_20131216.0129" offset="2237" length="5">
        <mention_text>shops</mention_text>
        <nom_head source="NYT_ENG_20131216.0129" offset="2237" length="5">shops</nom_head>
      </entity_mention>
    </entity>
    <entity id="ent-612" type="FAC" specificity="specificIndeterminate">
      <entity_mention id="m-606" noun_type="NOM" source="NYT_ENG_20131216.0129" offset="2257" length="6">
        <mention_text>subway</mention_text>
        <nom_head source="NYT_ENG_20131216.0129" offset="2257" length="6">subway</nom_head>
      </entity_mention>
    </entity>
    <entity id="ent-621" type="FAC" specificity="specificGroup">
      <entity_mention id="m-615" noun_type="NOM" source="NYT_ENG_20131216.0129" offset="2290" length="14">
        <mention_text>three stations</mention_text>
        <nom_head source="NYT_ENG_20131216.0129" offset="2296" length="8">stations</nom_head>
      </entity_mention>
    </entity>
    <entity id="ent-630" type="PER" specificity="specificGroup">
      <entity_mention id="m-624" noun_type="NOM" source="NYT_ENG_20131216.0129" offset="2350" length="6">
        <mention_text>police</mention_text>
        <nom_head source="NYT_ENG_20131216.0129" offset="2350" length="6">police</nom_head>
      </entity_mention>
    </entity>
    <entity id="ent-651" type="ORG" specificity="specificGroup">
      <entity_mention id="m-645" noun_type="NOM" source="NYT_ENG_20131216.0129" offset="2396" length="41">
        <mention_text>adjacent Italian and Japanese restaurants</mention_text>
        <nom_head source="NYT_ENG_20131216.0129" offset="2426" length="11">restaurants</nom_head>
      </entity_mention>
    </entity>
    <entity id="ent-660" type="GPE" specificity="specificIndividual">
      <entity_mention id="m-654" noun_type="NAM" source="NYT_ENG_20131216.0129" offset="2405" length="7">
        <mention_text>Italian</mention_text>
      </entity_mention>
    </entity>
    <entity id="ent-669" type="GPE" specificity="specificIndividual">
      <entity_mention id="m-663" noun_type="NAM" source="NYT_ENG_20131216.0129" offset="2417" length="8">
        <mention_text>Japanese</mention_text>
      </entity_mention>
    </entity>
    <entity id="ent-678" type="PER" specificity="specificGroup">
      <entity_mention id="m-672" noun_type="NOM" source="NYT_ENG_20131216.0129" offset="2464" length="64">
        <mention_text>diners who could look out the windows at the teeming crowd below</mention_text>
        <nom_head source="NYT_ENG_20131216.0129" offset="2464" length="6">diners</nom_head>
      </entity_mention>
    </entity>
    <entity id="ent-693" type="PER" specificity="specificGroup">
      <entity_mention id="m-687" noun_type="NOM" source="NYT_ENG_20131216.0129" offset="2530" length="15">
        <mention_text>Many protesters</mention_text>
        <nom_head source="NYT_ENG_20131216.0129" offset="2535" length="10">protesters</nom_head>
      </entity_mention>
    </entity>
    <entity id="ent-702" type="FAC" specificity="specificIndividual">
      <entity_mention id="m-696" noun_type="NOM" source="NYT_ENG_20131216.0129" offset="2614" length="16">
        <mention_text>the ground floor</mention_text>
        <nom_head source="NYT_ENG_20131216.0129" offset="2625" length="5">floor</nom_head>
      </entity_mention>
      <entity_mention id="m-999" noun_type="NOM" source="NYT_ENG_20131216.0129" offset="3690" length="28">
        <mention_text>the ground floor of the mall</mention_text>
        <nom_head source="NYT_ENG_20131216.0129" offset="3701" length="5">floor</nom_head>
      </entity_mention>
    </entity>
    <entity id="ent-711" type="ORG" specificity="specificIndividual">
      <entity_mention id="m-705" noun_type="NAM" source="NYT_ENG_20131216.0129" offset="2632" length="12">
        <mention_text>Coffee House</mention_text>
      </entity_mention>
    </entity>
    <entity id="ent-720" type="PER" specificity="specificGroup">
      <entity_mention id="m-714" noun_type="NOM" source="NYT_ENG_20131216.0129" offset="2667" length="8">
        <mention_text>Shoppers</mention_text>
        <nom_head source="NYT_ENG_20131216.0129" offset="2667" length="8">Shoppers</nom_head>
      </entity_mention>
    </entity>
    <entity id="ent-729" type="FAC" specificity="specificIndividual">
      <entity_mention id="m-723" noun_type="NOM" source="NYT_ENG_20131216.0129" offset="2717" length="12">
        <mention_text>a shoe store</mention_text>
        <nom_head source="NYT_ENG_20131216.0129" offset="2724" length="5">store</nom_head>
      </entity_mention>
      <entity_mention id="m-801" noun_type="NOM" source="NYT_ENG_20131216.0129" offset="2969" length="9">
        <mention_text>the store</mention_text>
        <nom_head source="NYT_ENG_20131216.0129" offset="2973" length="5">store</nom_head>
      </entity_mention>
    </entity>
    <entity id="ent-738" type="PER" specificity="specificIndividual">
      <entity_mention id="m-732" noun_type="NAM" source="NYT_ENG_20131216.0129" offset="2731" length="17">
        <mention_text>Lyubov Stanachich</mention_text>
      </entity_mention>
      <entity_mention id="m-741" noun_type="NOM" source="NYT_ENG_20131216.0129" offset="2754" length="40">
        <mention_text>the literary editor of a local newspaper</mention_text>
        <nom_head source="NYT_ENG_20131216.0129" offset="2767" length="6">editor</nom_head>
      </entity_mention>
      <entity_mention id="m-765" noun_type="PRO" source="NYT_ENG_20131216.0129" offset="2800" length="3">
        <mention_text>her</mention_text>
      </entity_mention>
      <entity_mention id="m-786" noun_type="NAM" source="NYT_ENG_20131216.0129" offset="2916" length="10">
        <mention_text>Stanachich</mention_text>
      </entity_mention>
    </entity>
    <entity id="ent-753" type="ORG" specificity="specificIndividual">
      <entity_mention id="m-747" noun_type="NOM" source="NYT_ENG_20131216.0129" offset="2777" length="17">
        <mention_text>a local newspaper</mention_text>
        <nom_head source="NYT_ENG_20131216.0129" offset="2785" length="9">newspaper</nom_head>
      </entity_mention>
    </entity>
    <entity id="ent-762" type="PER" specificity="specificIndividual">
      <entity_mention id="m-756" noun_type="NOM" source="NYT_ENG_20131216.0129" offset="2800" length="10">
        <mention_text>her friend</mention_text>
        <nom_head source="NYT_ENG_20131216.0129" offset="2804" length="6">friend</nom_head>
      </entity_mention>
      <entity_mention id="m-771" noun_type="NAM" source="NYT_ENG_20131216.0129" offset="2812" length="11">
        <mention_text>Raisa James</mention_text>
      </entity_mention>
    </entity>
    <entity id="ent-783" type="PER" specificity="specificIndividual">
      <entity_mention id="m-777" noun_type="PRO" source="NYT_ENG_20131216.0129" offset="2829" length="4">
        <mention_text>each</mention_text>
      </entity_mention>
    </entity>
    <entity id="ent-798" type="PER" specificity="specificGroup">
      <entity_mention id="m-792" noun_type="PRO" source="NYT_ENG_20131216.0129" offset="2934" length="2">
        <mention_text>We</mention_text>
      </entity_mention>
    </entity>
    <entity id="ent-813" type="PER" specificity="specificIndividual">
      <entity_mention id="m-807" noun_type="NAM" source="NYT_ENG_20131216.0129" offset="2980" length="17">
        <mention_text>Oksana Maksimenko</mention_text>
      </entity_mention>
      <entity_mention id="m-816" noun_type="PRO" source="NYT_ENG_20131216.0129" offset="3003" length="3">
        <mention_text>who</mention_text>
      </entity_mention>
      <entity_mention id="m-822" noun_type="PRO" source="NYT_ENG_20131216.0129" offset="3037" length="3">
        <mention_text>her</mention_text>
      </entity_mention>
      <entity_mention id="m-882" noun_type="NAM" source="NYT_ENG_20131216.0129" offset="3310" length="10">
        <mention_text>Maksimenko</mention_text>
      </entity_mention>
      <entity_mention id="m-894" noun_type="PRO" source="NYT_ENG_20131216.0129" offset="3371" length="3">
        <mention_text>She</mention_text>
      </entity_mention>
      <entity_mention id="m-900" noun_type="PRO" source="NYT_ENG_20131216.0129" offset="3380" length="3">
        <mention_text>her</mention_text>
      </entity_mention>
      <entity_mention id="m-933" noun_type="PRO" source="NYT_ENG_20131216.0129" offset="3513" length="1">
        <mention_text>I</mention_text>
      </entity_mention>
      <entity_mention id="m-954" noun_type="PRO" source="NYT_ENG_20131216.0129" offset="3566" length="3">
        <mention_text>she</mention_text>
      </entity_mention>
    </entity>
    <entity id="ent-834" type="PER" specificity="specificIndividual">
      <entity_mention id="m-828" noun_type="NOM" source="NYT_ENG_20131216.0129" offset="3037" length="7">
        <mention_text>her son</mention_text>
        <nom_head source="NYT_ENG_20131216.0129" offset="3041" length="3">son</nom_head>
      </entity_mention>
      <entity_mention id="m-837" noun_type="NAM" source="NYT_ENG_20131216.0129" offset="3046" length="6">
        <mention_text>Maksim</mention_text>
      </entity_mention>
      <entity_mention id="m-843" noun_type="NOM" source="NYT_ENG_20131216.0129" offset="3058" length="8">
        <mention_text>a lawyer</mention_text>
        <nom_head source="NYT_ENG_20131216.0129" offset="3060" length="6">lawyer</nom_head>
      </entity_mention>
    </entity>
    <entity id="ent-855" type="PER" specificity="specificGroup">
      <entity_mention id="m-849" noun_type="PRO" source="NYT_ENG_20131216.0129" offset="3082" length="4">
        <mention_text>They</mention_text>
      </entity_mention>
      <entity_mention id="m-858" noun_type="PRO" source="NYT_ENG_20131216.0129" offset="3133" length="4">
        <mention_text>they</mention_text>
      </entity_mention>
      <entity_mention id="m-864" noun_type="PRO" source="NYT_ENG_20131216.0129" offset="3207" length="2">
        <mention_text>We</mention_text>
      </entity_mention>
      <entity_mention id="m-876" noun_type="PRO" source="NYT_ENG_20131216.0129" offset="3263" length="2">
        <mention_text>we</mention_text>
      </entity_mention>
      <entity_mention id="m-888" noun_type="PRO" source="NYT_ENG_20131216.0129" offset="3339" length="2">
        <mention_text>we</mention_text>
      </entity_mention>
    </entity>
    <entity id="ent-912" type="PER" specificity="specificGroup">
      <entity_mention id="m-906" noun_type="NOM" source="NYT_ENG_20131216.0129" offset="3380" length="10">
        <mention_text>her family</mention_text>
        <nom_head source="NYT_ENG_20131216.0129" offset="3384" length="6">family</nom_head>
      </entity_mention>
      <entity_mention id="m-915" noun_type="PRO" source="NYT_ENG_20131216.0129" offset="3392" length="5">
        <mention_text>which</mention_text>
      </entity_mention>
    </entity>
    <entity id="ent-951" type="PER" specificity="nonspecific">
      <entity_mention id="m-945" noun_type="NOM" source="NYT_ENG_20131216.0129" offset="3538" length="25">
        <mention_text>a more democratic society</mention_text>
        <nom_head source="NYT_ENG_20131216.0129" offset="3556" length="7">society</nom_head>
      </entity_mention>
    </entity>
    <entity id="ent-966" type="PER" specificity="specificIndividual">
      <entity_mention id="m-960" noun_type="NAM" source="NYT_ENG_20131216.0129" offset="3585" length="16">
        <mention_text>Roman Romanyshyn</mention_text>
      </entity_mention>
      <entity_mention id="m-969" noun_type="NOM" source="NYT_ENG_20131216.0129" offset="3607" length="57">
        <mention_text>a furniture maker from Ivano-Frankivsk in western Ukraine</mention_text>
        <nom_head source="NYT_ENG_20131216.0129" offset="3619" length="5">maker</nom_head>
      </entity_mention>
      <entity_mention id="m-1020" noun_type="PRO" source="NYT_ENG_20131216.0129" offset="3782" length="3">
        <mention_text>his</mention_text>
      </entity_mention>
      <entity_mention id="m-1053" noun_type="NAM" source="NYT_ENG_20131216.0129" offset="3879" length="10">
        <mention_text>Romanyshyn</mention_text>
      </entity_mention>
      <entity_mention id="m-1068" noun_type="PRO" source="NYT_ENG_20131216.0129" offset="3934" length="2">
        <mention_text>He</mention_text>
      </entity_mention>
      <entity_mention id="m-1074" noun_type="PRO" source="NYT_ENG_20131216.0129" offset="3942" length="2">
        <mention_text>he</mention_text>
      </entity_mention>
      <entity_mention id="m-1107" noun_type="PRO" source="NYT_ENG_20131216.0129" offset="4100" length="2">
        <mention_text>he</mention_text>
      </entity_mention>
    </entity>
    <entity id="ent-981" type="GPE" specificity="specificIndividual">
      <entity_mention id="m-975" noun_type="NAM" source="NYT_ENG_20131216.0129" offset="3630" length="15">
        <mention_text>Ivano-Frankivsk</mention_text>
      </entity_mention>
    </entity>
    <entity id="ent-990" type="LOC" specificity="specificIndividual">
      <entity_mention id="m-984" noun_type="NOM" source="NYT_ENG_20131216.0129" offset="3649" length="15">
        <mention_text>western Ukraine</mention_text>
        <nom_head source="NYT_ENG_20131216.0129" offset="3657" length="7">Ukraine</nom_head>
      </entity_mention>
    </entity>
    <entity id="ent-1017" type="PER" specificity="specificGroup">
      <entity_mention id="m-1011" noun_type="NOM" source="NYT_ENG_20131216.0129" offset="3782" length="12">
        <mention_text>his children</mention_text>
        <nom_head source="NYT_ENG_20131216.0129" offset="3786" length="8">children</nom_head>
      </entity_mention>
    </entity>
    <entity id="ent-1032" type="PER" specificity="specificIndividual">
      <entity_mention id="m-1026" noun_type="NOM" source="NYT_ENG_20131216.0129" offset="3796" length="5">
        <mention_text>a son</mention_text>
        <nom_head source="NYT_ENG_20131216.0129" offset="3798" length="3">son</nom_head>
      </entity_mention>
    </entity>
    <entity id="ent-1041" type="PER" specificity="specificIndividual">
      <entity_mention id="m-1035" noun_type="NOM" source="NYT_ENG_20131216.0129" offset="3810" length="8">
        <mention_text>daughter</mention_text>
        <nom_head source="NYT_ENG_20131216.0129" offset="3810" length="8">daughter</nom_head>
      </entity_mention>
    </entity>
    <entity id="ent-1050" type="PER" specificity="specificIndividual">
      <entity_mention id="m-1044" noun_type="NAM" source="NYT_ENG_20131216.0129" offset="3839" length="8">
        <mention_text>Nicholas</mention_text>
      </entity_mention>
    </entity>
    <entity id="ent-1065" type="PER" specificity="nonspecific">
      <entity_mention id="m-1059" noun_type="NOM" source="NYT_ENG_20131216.0129" offset="3897" length="8">
        <mention_text>Children</mention_text>
        <nom_head source="NYT_ENG_20131216.0129" offset="3897" length="8">Children</nom_head>
      </entity_mention>
      <entity_mention id="m-1101" noun_type="NOM" source="NYT_ENG_20131216.0129" offset="4089" length="8">
        <mention_text>children</mention_text>
        <nom_head source="NYT_ENG_20131216.0129" offset="4089" length="8">children</nom_head>
      </entity_mention>
    </entity>
    <entity id="ent-1092" type="FAC" specificity="specificIndividual">
      <entity_mention id="m-1086" noun_type="NOM" source="NYT_ENG_20131216.0129" offset="4020" length="4">
        <mention_text>home</mention_text>
        <nom_head source="NYT_ENG_20131216.0129" offset="4020" length="4">home</nom_head>
      </entity_mention>
    </entity>
    <entity id="ent-1465" type="LOC" specificity="specificGroup">
      <entity_mention id="m-558" noun_type="PRO" source="NYT_ENG_20131216.0129" offset="2143" length="5">
        <mention_text>where</mention_text>
      </entity_mention>
      <entity_mention id="m-1459" noun_type="NOM" source="NYT_ENG_20131216.0129" offset="2105" length="36">
        <mention_text>some parts of the government quarter</mention_text>
        <nom_head source="NYT_ENG_20131216.0129" offset="2110" length="5">parts</nom_head>
      </entity_mention>
    </entity>
    <entity id="ent-3654" type="PER" specificity="nonspecific">
      <entity_mention id="m-297" noun_type="NOM" source="NYT_ENG_20131216.0129" offset="1173" length="4">
        <mention_text>baby</mention_text>
        <nom_head source="NYT_ENG_20131216.0129" offset="1173" length="4">baby</nom_head>
      </entity_mention>
    </entity>
  </entities>
  <fillers>
    <filler id="f-1217" source="NYT_ENG_20131216.0129" offset="660" length="6" type="title">lawyer</filler>
    <filler id="f-1227" source="NYT_ENG_20131216.0129" offset="359" length="2" type="age">29</filler>
    <filler id="f-1317" source="NYT_ENG_20131216.0129" offset="1138" length="2" type="age">41</filler>
    <filler id="f-1357" source="NYT_ENG_20131216.0129" offset="1434" length="2" type="age">37</filler>
    <filler id="f-1387" source="NYT_ENG_20131216.0129" offset="1488" length="11" type="age">2-month-old</filler>
    <filler id="f-1586" source="NYT_ENG_20131216.0129" offset="2750" length="2" type="age">58</filler>
    <filler id="f-1606" source="NYT_ENG_20131216.0129" offset="2758" length="15" type="title">literary editor</filler>
    <filler id="f-1646" source="NYT_ENG_20131216.0129" offset="2999" length="2" type="age">48</filler>
    <filler id="f-1676" source="NYT_ENG_20131216.0129" offset="3054" length="2" type="age">26</filler>
    <filler id="f-1686" source="NYT_ENG_20131216.0129" offset="3060" length="6" type="title">lawyer</filler>
    <filler id="f-1736" source="NYT_ENG_20131216.0129" offset="3603" length="2" type="age">35</filler>
    <filler id="f-1746" source="NYT_ENG_20131216.0129" offset="3609" length="15" type="title">furniture maker</filler>
    <filler id="f-1826" source="NYT_ENG_20131216.0129" offset="3803" length="1" type="age">9</filler>
    <filler id="f-1846" source="NYT_ENG_20131216.0129" offset="3820" length="9" type="age">18 months</filler>
    <filler id="f-1906" source="NYT_ENG_20131216.0129" offset="3835" length="3" type="title">St.</filler>
    <filler id="f-1998" source="NYT_ENG_20131216.0129" offset="829" length="21" type="time" nom_time="2013-1X-XX">more than three weeks</filler>
    <filler id="f-2026" source="NYT_ENG_20131216.0129" offset="829" length="21" type="time" nom_time="2013-1X-XX">more than three weeks</filler>
    <filler id="f-2144" source="NYT_ENG_20131216.0129" offset="1093" length="5" type="commodity">stuff</filler>
    <filler id="f-2181" source="NYT_ENG_20131216.0129" offset="393" length="6" type="time" nom_time="2013-12-15">Sunday</filler>
    <filler id="f-2239" source="NYT_ENG_20131216.0129" offset="1454" length="10" type="commodity">a snowsuit</filler>
    <filler id="f-2371" source="NYT_ENG_20131216.0129" offset="393" length="6" type="time" nom_time="2013-12-15">Sunday</filler>
    <filler id="f-2436" source="NYT_ENG_20131216.0129" offset="393" length="6" type="time" nom_time="2013-12-15">Sunday</filler>
    <filler id="f-2616" source="NYT_ENG_20131216.0129" offset="2445" length="5" type="commodity">pizza</filler>
    <filler id="f-2623" source="NYT_ENG_20131216.0129" offset="2455" length="5" type="commodity">sushi</filler>
    <filler id="f-2861" source="NYT_ENG_20131216.0129" offset="2846" length="13" type="commodity">a new sweater</filler>
    <filler id="f-2868" source="NYT_ENG_20131216.0129" offset="393" length="6" type="time" nom_time="2013-12-15">Sunday</filler>
    <filler id="f-2919" source="NYT_ENG_20131216.0129" offset="393" length="6" type="time" nom_time="2013-12-15">Sunday</filler>
    <filler id="f-2979" source="NYT_ENG_20131216.0129" offset="393" length="6" type="time" nom_time="2013-12-15">Sunday</filler>
    <filler id="f-3088" source="NYT_ENG_20131216.0129" offset="3220" length="22" type="time" nom_time="2013-12-08">one week ago on Sunday</filler>
    <filler id="f-3118" source="NYT_ENG_20131216.0129" offset="3220" length="22" type="time" nom_time="2013-12-08">one week ago on Sunday</filler>
    <filler id="f-3146" source="NYT_ENG_20131216.0129" offset="3177" length="12" type="commodity">proper shoes</filler>
    <filler id="f-3220" source="NYT_ENG_20131216.0129" offset="3297" length="10" type="commodity">warm shoes</filler>
    <filler id="f-3227" source="NYT_ENG_20131216.0129" offset="3220" length="22" type="time" nom_time="2013-12-08">one week ago on Sunday</filler>
    <filler id="f-3264" source="NYT_ENG_20131216.0129" offset="3220" length="22" type="time" nom_time="2013-12-08">one week ago on Sunday</filler>
    <filler id="f-3301" source="NYT_ENG_20131216.0129" offset="393" length="6" type="time" nom_time="2013-12-15">Sunday</filler>
    <filler id="f-3331" source="NYT_ENG_20131216.0129" offset="3353" length="9" type="commodity">the shoes</filler>
    <filler id="f-3408" source="NYT_ENG_20131216.0129" offset="3609" length="9" type="commodity">furniture</filler>
    <filler id="f-3452" source="NYT_ENG_20131216.0129" offset="3835" length="17" type="time" nom_time="2013-12-19">St. Nicholas’ Day</filler>
    <filler id="f-3489" source="NYT_ENG_20131216.0129" offset="393" length="6" type="time" nom_time="2013-12-15">Sunday</filler>
  </fillers>
  <relations>
    <relation id="r-2117" type="physical" subtype="locatednear">
      <relation_mention id="relm-1119" realis="true">
        <rel_arg1 entity_id="ent-39" entity_mention_id="m-33" role="entity">KIEV</rel_arg1>
        <rel_arg2 entity_id="ent-30" entity_mention_id="m-42" role="loc">Ukraine</rel_arg2>
      </relation_mention>
      <relation_mention id="relm-1279" realis="true">
        <rel_arg1 entity_id="ent-39" entity_mention_id="m-207" role="entity">the Ukrainian capital</rel_arg1>
        <rel_arg2 entity_id="ent-30" entity_mention_id="m-213" role="loc">Ukrainian</rel_arg2>
        <trigger source="NYT_ENG_20131216.0129" offset="862" length="9">Ukrainian</trigger>
      </relation_mention>
    </relation>
    <relation id="r-2118" type="physical" subtype="resident">
      <relation_mention id="relm-1129" realis="true">
        <rel_arg1 entity_id="ent-54" entity_mention_id="m-48" role="per">hundreds of thousands of her fellow citizens</rel_arg1>
        <rel_arg2 entity_id="ent-30" entity_mention_id="m-87" role="loc">Ukraine</rel_arg2>
        <trigger source="NYT_ENG_20131216.0129" offset="337" length="8">citizens</trigger>
      </relation_mention>
    </relation>
    <relation id="r-2119" type="physical" subtype="resident">
      <relation_mention id="relm-1139" realis="true">
        <rel_arg1 entity_id="ent-8" entity_mention_id="m-57" role="per">her fellow citizens</rel_arg1>
        <rel_arg2 entity_id="ent-30" entity_mention_id="m-87" role="loc">Ukraine</rel_arg2>
        <trigger source="NYT_ENG_20131216.0129" offset="337" length="8">citizens</trigger>
      </relation_mention>
    </relation>
    <relation id="r-2120" type="physical" subtype="resident">
      <relation_mention id="relm-1149" realis="true">
        <rel_arg1 entity_id="ent-69" entity_mention_id="m-63" role="per">her</rel_arg1>
        <rel_arg2 entity_id="ent-30" entity_mention_id="m-87" role="loc">Ukraine</rel_arg2>
        <trigger source="NYT_ENG_20131216.0129" offset="337" length="8">citizens</trigger>
      </relation_mention>
    </relation>
    <relation id="r-2121" type="physical" subtype="locatednear">
      <relation_mention id="relm-1159" realis="true">
        <rel_arg1 entity_id="ent-54" entity_mention_id="m-48" role="entity">hundreds of thousands of her fellow citizens</rel_arg1>
        <rel_arg2 entity_id="ent-84" entity_mention_id="m-78" role="loc">Independence Square</rel_arg2>
        <trigger source="NYT_ENG_20131216.0129" offset="367" length="2">in</trigger>
      </relation_mention>
    </relation>
    <relation id="r-2122" type="physical" subtype="locatednear">
      <relation_mention id="relm-1169" realis="true">
        <rel_arg1 entity_id="ent-69" entity_mention_id="m-72" role="entity">Olga Begun</rel_arg1>
        <rel_arg2 entity_id="ent-84" entity_mention_id="m-78" role="loc">Independence Square</rel_arg2>
        <trigger source="NYT_ENG_20131216.0129" offset="367" length="2">in</trigger>
      </relation_mention>
    </relation>
    <relation id="r-2123" type="partwhole" subtype="subsidiary">
      <relation_mention id="relm-1179" realis="true">
        <rel_arg1 entity_id="ent-117" entity_mention_id="m-111" role="suborg">the government</rel_arg1>
        <rel_arg2 entity_id="ent-30" entity_mention_id="m-87" role="parent">Ukraine</rel_arg2>
      </relation_mention>
    </relation>
    <relation id="r-2124" type="personalsocial" subtype="role">
      <relation_mention id="relm-1209" realis="true">
        <rel_arg1 entity_id="ent-69" entity_mention_id="m-153" role="per">a lawyer</rel_arg1>
        <rel_arg2 filler_id="f-1217" role="role">lawyer</rel_arg2>
      </relation_mention>
    </relation>
    <relation id="r-2125" type="generalaffiliation" subtype="personage">
      <relation_mention id="relm-1219" realis="true">
        <rel_arg1 entity_id="ent-69" entity_mention_id="m-72" role="per">Olga Begun</rel_arg1>
        <rel_arg2 filler_id="f-1227" role="age">29</rel_arg2>
      </relation_mention>
    </relation>
    <relation id="r-2126" type="physical" subtype="locatednear">
      <relation_mention id="relm-1229" realis="true">
        <rel_arg1 entity_id="ent-69" entity_mention_id="m-153" role="entity">a lawyer</rel_arg1>
        <rel_arg2 entity_id="ent-165" entity_mention_id="m-159" role="loc">the Mothercare store on the top level of Globus</rel_arg2>
        <trigger source="NYT_ENG_20131216.0129" offset="681" length="2">in</trigger>
      </relation_mention>
    </relation>
    <relation id="r-2127" type="physical" subtype="orglocationorigin">
      <relation_mention id="relm-1239" realis="true">
        <rel_arg1 entity_id="ent-174" entity_mention_id="m-168" role="org">Mothercare</rel_arg1>
        <rel_arg2 entity_id="ent-165" entity_mention_id="m-159" role="loc">the Mothercare store on the top level of Globus</rel_arg2>
      </relation_mention>
    </relation>
    <relation id="r-2128" type="physical" subtype="locatednear">
      <relation_mention id="relm-1249" realis="true">
        <rel_arg1 entity_id="ent-165" entity_mention_id="m-159" role="entity">the Mothercare store on the top level of Globus</rel_arg1>
        <rel_arg2 entity_id="ent-183" entity_mention_id="m-177" role="loc">top level of Globus</rel_arg2>
        <trigger source="NYT_ENG_20131216.0129" offset="705" length="2">on</trigger>
      </relation_mention>
    </relation>
    <relation id="r-2129" type="physical" subtype="locatednear">
      <relation_mention id="relm-1259" realis="true">
        <rel_arg1 entity_id="ent-183" entity_mention_id="m-177" role="entity">top level of Globus</rel_arg1>
        <rel_arg2 entity_id="ent-192" entity_mention_id="m-186" role="loc">Globus</rel_arg2>
        <trigger source="NYT_ENG_20131216.0129" offset="722" length="2">of</trigger>
      </relation_mention>
    </relation>
    <relation id="r-2130" type="physical" subtype="locatednear">
      <relation_mention id="relm-1269" realis="true">
        <rel_arg1 entity_id="ent-192" entity_mention_id="m-195" role="entity">a shopping mall overlooking the occupied square that has been gripped by political protests for more than three weeks</rel_arg1>
        <rel_arg2 entity_id="ent-84" entity_mention_id="m-201" role="loc">the occupied square that has been gripped by political protests for more than three weeks</rel_arg2>
        <trigger source="NYT_ENG_20131216.0129" offset="749" length="11">overlooking</trigger>
      </relation_mention>
    </relation>
    <relation id="r-2131" type="physical" subtype="locatednear">
      <relation_mention id="relm-1289" realis="true">
        <rel_arg1 entity_id="ent-54" entity_mention_id="m-225" role="entity">the crowds</rel_arg1>
        <rel_arg2 entity_id="ent-39" entity_mention_id="m-219" role="loc">the city</rel_arg2>
      </relation_mention>
    </relation>
    <relation id="r-2132" type="personalsocial" subtype="family">
      <relation_mention id="relm-1299" realis="true">
        <rel_arg1 entity_id="ent-69" entity_mention_id="m-267" role="per">Begun</rel_arg1>
        <rel_arg2 entity_id="ent-264" entity_mention_id="m-258" role="per">Begun’s husband</rel_arg2>
        <trigger source="NYT_ENG_20131216.0129" offset="1114" length="7">husband</trigger>
      </relation_mention>
      <relation_mention id="relm-1319" realis="true">
        <rel_arg1 entity_id="ent-264" entity_mention_id="m-285" role="per">his</rel_arg1>
        <rel_arg2 entity_id="ent-69" entity_mention_id="m-291" role="per">his wife</rel_arg2>
        <trigger source="NYT_ENG_20131216.0129" offset="1166" length="4">wife</trigger>
      </relation_mention>
    </relation>
    <relation id="r-2133" type="generalaffiliation" subtype="personage">
      <relation_mention id="relm-1309" realis="true">
        <rel_arg1 entity_id="ent-264" entity_mention_id="m-273" role="per">Yuri Popovich</rel_arg1>
        <rel_arg2 filler_id="f-1317" role="age">41</rel_arg2>
      </relation_mention>
    </relation>
    <relation id="r-2134" type="generalaffiliation" subtype="personage">
      <relation_mention id="relm-1349" realis="true">
        <rel_arg1 entity_id="ent-351" entity_mention_id="m-345" role="per">Tatyana Gorodnaya</rel_arg1>
        <rel_arg2 filler_id="f-1357" role="age">37</rel_arg2>
      </relation_mention>
    </relation>
    <relation id="r-2135" type="personalsocial" subtype="unspecified">
      <relation_mention id="relm-1359" realis="true">
        <rel_arg1 entity_id="ent-351" entity_mention_id="m-345" role="per">Tatyana Gorodnaya</rel_arg1>
        <rel_arg2 entity_id="ent-369" entity_mention_id="m-363" role="per">a friend</rel_arg2>
        <trigger source="NYT_ENG_20131216.0129" offset="1479" length="6">friend</trigger>
      </relation_mention>
    </relation>
    <relation id="r-2136" type="personalsocial" subtype="family">
      <relation_mention id="relm-1369" realis="true">
        <rel_arg1 entity_id="ent-369" entity_mention_id="m-363" role="per">a friend</rel_arg1>
        <rel_arg2 entity_id="ent-360" entity_mention_id="m-354" role="per">a friend’s 2-month-old daughter</rel_arg2>
        <trigger source="NYT_ENG_20131216.0129" offset="1500" length="8">daughter</trigger>
      </relation_mention>
    </relation>
    <relation id="r-2137" type="generalaffiliation" subtype="personage">
      <relation_mention id="relm-1379" realis="true">
        <rel_arg1 entity_id="ent-360" entity_mention_id="m-354" role="per">a friend’s 2-month-old daughter</rel_arg1>
        <rel_arg2 filler_id="f-1387" role="age">2-month-old</rel_arg2>
      </relation_mention>
    </relation>
    <relation id="r-2138" type="physical" subtype="locatednear">
      <relation_mention id="relm-1389" realis="true">
        <rel_arg1 entity_id="ent-351" entity_mention_id="m-372" role="entity">she</rel_arg1>
        <rel_arg2 entity_id="ent-165" entity_mention_id="m-378" role="loc">the store</rel_arg2>
        <trigger source="NYT_ENG_20131216.0129" offset="1545" length="2">to</trigger>
      </relation_mention>
      <relation_mention id="relm-1399" realis="true">
        <rel_arg1 entity_id="ent-351" entity_mention_id="m-390" role="entity">I</rel_arg1>
        <rel_arg2 entity_id="ent-165" entity_mention_id="m-384" role="loc">this shop</rel_arg2>
        <trigger source="NYT_ENG_20131216.0129" offset="1581" length="2">to</trigger>
      </relation_mention>
      <relation_mention id="relm-1409" realis="true">
        <rel_arg1 entity_id="ent-351" entity_mention_id="m-417" role="entity">I</rel_arg1>
        <rel_arg2 entity_id="ent-165" entity_mention_id="m-423" role="loc">here</rel_arg2>
        <trigger source="NYT_ENG_20131216.0129" offset="1723" length="3">get</trigger>
      </relation_mention>
    </relation>
    <relation id="r-2139" type="physical" subtype="locatednear">
      <relation_mention id="relm-1419" realis="true">
        <rel_arg1 entity_id="ent-435" entity_mention_id="m-429" role="entity">thousands of protesters</rel_arg1>
        <rel_arg2 entity_id="ent-453" entity_mention_id="m-447" role="loc">the streets</rel_arg2>
        <trigger source="NYT_ENG_20131216.0129" offset="1781" length="2">on</trigger>
      </relation_mention>
    </relation>
    <relation id="r-2140" type="physical" subtype="resident">
      <relation_mention id="relm-1429" realis="true">
        <rel_arg1 entity_id="ent-351" entity_mention_id="m-483" role="per">I</rel_arg1>
        <rel_arg2 entity_id="ent-495" entity_mention_id="m-489" role="loc">home</rel_arg2>
        <trigger source="NYT_ENG_20131216.0129" offset="1902" length="4">home</trigger>
      </relation_mention>
    </relation>
    <relation id="r-2141" type="physical" subtype="locatednear">
      <relation_mention id="relm-1439" realis="true">
        <rel_arg1 entity_id="ent-528" entity_mention_id="m-522" role="entity">the area immediately around Independence Square</rel_arg1>
        <rel_arg2 entity_id="ent-84" entity_mention_id="m-531" role="loc">Independence Square</rel_arg2>
        <trigger source="NYT_ENG_20131216.0129" offset="2045" length="6">around</trigger>
      </relation_mention>
    </relation>
    <relation id="r-2142" type="physical" subtype="orglocationorigin">
      <relation_mention id="relm-1449" realis="true">
        <rel_arg1 entity_id="ent-117" entity_mention_id="m-552" role="org">government</rel_arg1>
        <rel_arg2 entity_id="ent-549" entity_mention_id="m-543" role="loc">the government quarter</rel_arg2>
      </relation_mention>
    </relation>
    <relation id="r-2143" type="physical" subtype="locatednear">
      <relation_mention id="relm-1468" realis="true">
        <rel_arg1 entity_id="ent-1465" entity_mention_id="m-1459" role="entity">some parts of the government quarter</rel_arg1>
        <rel_arg2 entity_id="ent-549" entity_mention_id="m-543" role="loc">the government quarter</rel_arg2>
        <trigger source="NYT_ENG_20131216.0129" offset="2116" length="2">of</trigger>
      </relation_mention>
    </relation>
    <relation id="r-2144" type="physical" subtype="locatednear">
      <relation_mention id="relm-1478" realis="true">
        <rel_arg1 entity_id="ent-570" entity_mention_id="m-564" role="entity">police</rel_arg1>
        <rel_arg2 entity_id="ent-1465" entity_mention_id="m-558" role="loc">where</rel_arg2>
        <trigger source="NYT_ENG_20131216.0129" offset="2173" length="8">presence</trigger>
      </relation_mention>
    </relation>
    <relation id="r-2145" type="physical" subtype="locatednear">
      <relation_mention id="relm-1488" realis="true">
        <rel_arg1 entity_id="ent-528" entity_mention_id="m-537" role="entity">which</rel_arg1>
        <rel_arg2 entity_id="ent-39" entity_mention_id="m-573" role="loc">Kiev</rel_arg2>
      </relation_mention>
    </relation>
    <relation id="r-2146" type="physical" subtype="locatednear">
      <relation_mention id="relm-1498" realis="true">
        <rel_arg1 entity_id="ent-1465" entity_mention_id="m-558" role="entity">where</rel_arg1>
        <rel_arg2 entity_id="ent-39" entity_mention_id="m-573" role="loc">Kiev</rel_arg2>
      </relation_mention>
    </relation>
    <relation id="r-2147" type="physical" subtype="locatednear">
      <relation_mention id="relm-1508" realis="true">
        <rel_arg1 entity_id="ent-621" entity_mention_id="m-615" role="entity">three stations</rel_arg1>
        <rel_arg2 entity_id="ent-612" entity_mention_id="m-606" role="loc">subway</rel_arg2>
      </relation_mention>
    </relation>
    <relation id="r-2148" type="physical" subtype="locatednear">
      <relation_mention id="relm-1518" realis="true">
        <rel_arg1 entity_id="ent-630" entity_mention_id="m-624" role="entity">police</rel_arg1>
        <rel_arg2 entity_id="ent-621" entity_mention_id="m-615" role="loc">three stations</rel_arg2>
      </relation_mention>
    </relation>
    <relation id="r-2149" type="physical" subtype="orglocationorigin">
      <relation_mention id="relm-1528" realis="true">
        <rel_arg1 entity_id="ent-651" entity_mention_id="m-645" role="org">adjacent Italian and Japanese restaurants</rel_arg1>
        <rel_arg2 entity_id="ent-192" entity_mention_id="m-633" role="loc">the Globus mall</rel_arg2>
        <trigger source="NYT_ENG_20131216.0129" offset="2376" length="2">In</trigger>
      </relation_mention>
    </relation>
    <relation id="r-2150" type="physical" subtype="locatednear">
      <relation_mention id="relm-1538" realis="true">
        <rel_arg1 entity_id="ent-54" entity_mention_id="m-681" role="entity">the teeming crowd below</rel_arg1>
        <rel_arg2 entity_id="ent-192" entity_mention_id="m-633" role="loc">the Globus mall</rel_arg2>
        <trigger source="NYT_ENG_20131216.0129" offset="2523" length="5">below</trigger>
      </relation_mention>
    </relation>
    <relation id="r-2151" type="physical" subtype="locatednear">
      <relation_mention id="relm-1548" realis="true">
        <rel_arg1 entity_id="ent-678" entity_mention_id="m-672" role="entity">diners who could look out the windows at the teeming crowd below</rel_arg1>
        <rel_arg2 entity_id="ent-192" entity_mention_id="m-633" role="loc">the Globus mall</rel_arg2>
        <trigger source="NYT_ENG_20131216.0129" offset="2376" length="2">In</trigger>
      </relation_mention>
    </relation>
    <relation id="r-2152" type="physical" subtype="orglocationorigin">
      <relation_mention id="relm-1558" realis="true">
        <rel_arg1 entity_id="ent-711" entity_mention_id="m-705" role="org">Coffee House</rel_arg1>
        <rel_arg2 entity_id="ent-702" entity_mention_id="m-696" role="loc">the ground floor</rel_arg2>
        <trigger source="NYT_ENG_20131216.0129" offset="2611" length="2">On</trigger>
      </relation_mention>
    </relation>
    <relation id="r-2153" type="physical" subtype="locatednear">
      <relation_mention id="relm-1568" realis="true">
        <rel_arg1 entity_id="ent-738" entity_mention_id="m-732" role="entity">Lyubov Stanachich</rel_arg1>
        <rel_arg2 entity_id="ent-729" entity_mention_id="m-723" role="loc">a shoe store</rel_arg2>
        <trigger source="NYT_ENG_20131216.0129" offset="2709" length="7">Outside</trigger>
      </relation_mention>
    </relation>
    <relation id="r-2154" type="generalaffiliation" subtype="personage">
      <relation_mention id="relm-1578" realis="true">
        <rel_arg1 entity_id="ent-738" entity_mention_id="m-732" role="per">Lyubov Stanachich</rel_arg1>
        <rel_arg2 filler_id="f-1586" role="age">58</rel_arg2>
      </relation_mention>
    </relation>
    <relation id="r-2155" type="orgaffiliation" subtype="employmentmembership">
      <relation_mention id="relm-1588" realis="true">
        <rel_arg1 entity_id="ent-738" entity_mention_id="m-741" role="employeemember">the literary editor of a local newspaper</rel_arg1>
        <rel_arg2 entity_id="ent-753" entity_mention_id="m-747" role="org">a local newspaper</rel_arg2>
        <trigger source="NYT_ENG_20131216.0129" offset="2774" length="2">of</trigger>
      </relation_mention>
    </relation>
    <relation id="r-2156" type="personalsocial" subtype="role">
      <relation_mention id="relm-1598" realis="true">
        <rel_arg1 entity_id="ent-738" entity_mention_id="m-741" role="per">the literary editor of a local newspaper</rel_arg1>
        <rel_arg2 filler_id="f-1606" role="role">literary editor</rel_arg2>
      </relation_mention>
    </relation>
    <relation id="r-2157" type="personalsocial" subtype="unspecified">
      <relation_mention id="relm-1608" realis="true">
        <rel_arg1 entity_id="ent-738" entity_mention_id="m-765" role="per">her</rel_arg1>
        <rel_arg2 entity_id="ent-762" entity_mention_id="m-756" role="per">her friend</rel_arg2>
        <trigger source="NYT_ENG_20131216.0129" offset="2804" length="6">friend</trigger>
      </relation_mention>
    </relation>
    <relation id="r-2158" type="physical" subtype="locatednear">
      <relation_mention id="relm-1618" realis="true">
        <rel_arg1 entity_id="ent-762" entity_mention_id="m-756" role="entity">her friend</rel_arg1>
        <rel_arg2 entity_id="ent-729" entity_mention_id="m-723" role="loc">a shoe store</rel_arg2>
        <trigger source="NYT_ENG_20131216.0129" offset="2709" length="7">Outside</trigger>
      </relation_mention>
    </relation>
    <relation id="r-2159" type="physical" subtype="locatednear">
      <relation_mention id="relm-1628" realis="true">
        <rel_arg1 entity_id="ent-813" entity_mention_id="m-807" role="entity">Oksana Maksimenko</rel_arg1>
        <rel_arg2 entity_id="ent-729" entity_mention_id="m-801" role="loc">the store</rel_arg2>
        <trigger source="NYT_ENG_20131216.0129" offset="2962" length="6">Inside</trigger>
      </relation_mention>
    </relation>
    <relation id="r-2160" type="generalaffiliation" subtype="personage">
      <relation_mention id="relm-1638" realis="true">
        <rel_arg1 entity_id="ent-813" entity_mention_id="m-807" role="per">Oksana Maksimenko</rel_arg1>
        <rel_arg2 filler_id="f-1646" role="age">48</rel_arg2>
      </relation_mention>
    </relation>
    <relation id="r-2161" type="personalsocial" subtype="family">
      <relation_mention id="relm-1648" realis="true">
        <rel_arg1 entity_id="ent-813" entity_mention_id="m-822" role="per">her</rel_arg1>
        <rel_arg2 entity_id="ent-834" entity_mention_id="m-828" role="per">her son</rel_arg2>
        <trigger source="NYT_ENG_20131216.0129" offset="3041" length="3">son</trigger>
      </relation_mention>
    </relation>
    <relation id="r-2162" type="physical" subtype="locatednear">
      <relation_mention id="relm-1658" realis="true">
        <rel_arg1 entity_id="ent-834" entity_mention_id="m-828" role="entity">her son</rel_arg1>
        <rel_arg2 entity_id="ent-729" entity_mention_id="m-801" role="loc">the store</rel_arg2>
        <trigger source="NYT_ENG_20131216.0129" offset="2962" length="6">Inside</trigger>
      </relation_mention>
    </relation>
    <relation id="r-2163" type="generalaffiliation" subtype="personage">
      <relation_mention id="relm-1668" realis="true">
        <rel_arg1 entity_id="ent-834" entity_mention_id="m-837" role="per">Maksim</rel_arg1>
        <rel_arg2 filler_id="f-1676" role="age">26</rel_arg2>
      </relation_mention>
    </relation>
    <relation id="r-2164" type="personalsocial" subtype="role">
      <relation_mention id="relm-1678" realis="true">
        <rel_arg1 entity_id="ent-834" entity_mention_id="m-843" role="per">a lawyer</rel_arg1>
        <rel_arg2 filler_id="f-1686" role="role">lawyer</rel_arg2>
      </relation_mention>
    </relation>
    <relation id="r-2165" type="physical" subtype="locatednear">
      <relation_mention id="relm-1688" realis="true">
        <rel_arg1 entity_id="ent-855" entity_mention_id="m-864" role="entity">We</rel_arg1>
        <rel_arg2 entity_id="ent-84" entity_mention_id="m-870" role="loc">here</rel_arg2>
        <trigger source="NYT_ENG_20131216.0129" offset="3210" length="4">were</trigger>
      </relation_mention>
    </relation>
    <relation id="r-2166" type="personalsocial" subtype="family">
      <relation_mention id="relm-1698" realis="true">
        <rel_arg1 entity_id="ent-813" entity_mention_id="m-900" role="per">her</rel_arg1>
        <rel_arg2 entity_id="ent-912" entity_mention_id="m-906" role="per">her family</rel_arg2>
        <trigger source="NYT_ENG_20131216.0129" offset="3384" length="6">family</trigger>
      </relation_mention>
    </relation>
    <relation id="r-2167" type="physical" subtype="locatednear">
      <relation_mention id="relm-1708" realis="true">
        <rel_arg1 entity_id="ent-912" entity_mention_id="m-915" role="entity">which</rel_arg1>
        <rel_arg2 entity_id="ent-84" entity_mention_id="m-921" role="loc">the protest site</rel_arg2>
        <trigger source="NYT_ENG_20131216.0129" offset="3448" length="2">at</trigger>
      </relation_mention>
    </relation>
    <relation id="r-2168" type="generalaffiliation" subtype="personage">
      <relation_mention id="relm-1728" realis="true">
        <rel_arg1 entity_id="ent-966" entity_mention_id="m-960" role="per">Roman Romanyshyn</rel_arg1>
        <rel_arg2 filler_id="f-1736" role="age">35</rel_arg2>
      </relation_mention>
    </relation>
    <relation id="r-2169" type="personalsocial" subtype="role">
      <relation_mention id="relm-1738" realis="true">
        <rel_arg1 entity_id="ent-966" entity_mention_id="m-969" role="per">a furniture maker from Ivano-Frankivsk in western Ukraine</rel_arg1>
        <rel_arg2 filler_id="f-1746" role="role">furniture maker</rel_arg2>
      </relation_mention>
    </relation>
    <relation id="r-2170" type="physical" subtype="resident">
      <relation_mention id="relm-1748" realis="true">
        <rel_arg1 entity_id="ent-966" entity_mention_id="m-969" role="per">a furniture maker from Ivano-Frankivsk in western Ukraine</rel_arg1>
        <rel_arg2 entity_id="ent-981" entity_mention_id="m-975" role="loc">Ivano-Frankivsk</rel_arg2>
        <trigger source="NYT_ENG_20131216.0129" offset="3625" length="4">from</trigger>
      </relation_mention>
    </relation>
    <relation id="r-2171" type="physical" subtype="locatednear">
      <relation_mention id="relm-1758" realis="true">
        <rel_arg1 entity_id="ent-981" entity_mention_id="m-975" role="entity">Ivano-Frankivsk</rel_arg1>
        <rel_arg2 entity_id="ent-990" entity_mention_id="m-984" role="loc">western Ukraine</rel_arg2>
        <trigger source="NYT_ENG_20131216.0129" offset="3646" length="2">in</trigger>
      </relation_mention>
    </relation>
    <relation id="r-2172" type="physical" subtype="locatednear">
      <relation_mention id="relm-1768" realis="true">
        <rel_arg1 entity_id="ent-990" entity_mention_id="m-984" role="entity">western Ukraine</rel_arg1>
        <rel_arg2 entity_id="ent-30" entity_mention_id="m-993" role="loc">Ukraine</rel_arg2>
        <trigger source="NYT_ENG_20131216.0129" offset="3649" length="7">western</trigger>
      </relation_mention>
    </relation>
    <relation id="r-2173" type="physical" subtype="locatednear">
      <relation_mention id="relm-1778" realis="true">
        <rel_arg1 entity_id="ent-966" entity_mention_id="m-969" role="entity">a furniture maker from Ivano-Frankivsk in western Ukraine</rel_arg1>
        <rel_arg2 entity_id="ent-702" entity_mention_id="m-999" role="loc">the ground floor of the mall</rel_arg2>
        <trigger source="NYT_ENG_20131216.0129" offset="3687" length="2">on</trigger>
      </relation_mention>
    </relation>
    <relation id="r-2174" type="physical" subtype="locatednear">
      <relation_mention id="relm-1788" realis="true">
        <rel_arg1 entity_id="ent-702" entity_mention_id="m-999" role="entity">the ground floor of the mall</rel_arg1>
        <rel_arg2 entity_id="ent-192" entity_mention_id="m-1005" role="loc">the mall</rel_arg2>
        <trigger source="NYT_ENG_20131216.0129" offset="3707" length="2">of</trigger>
      </relation_mention>
    </relation>
    <relation id="r-2175" type="personalsocial" subtype="family">
      <relation_mention id="relm-1798" realis="true">
        <rel_arg1 entity_id="ent-966" entity_mention_id="m-1020" role="per">his</rel_arg1>
        <rel_arg2 entity_id="ent-1017" entity_mention_id="m-1011" role="per">his children</rel_arg2>
        <trigger source="NYT_ENG_20131216.0129" offset="3786" length="8">children</trigger>
      </relation_mention>
    </relation>
    <relation id="r-2176" type="personalsocial" subtype="family">
      <relation_mention id="relm-1808" realis="true">
        <rel_arg1 entity_id="ent-1032" entity_mention_id="m-1026" role="per">a son</rel_arg1>
        <rel_arg2 entity_id="ent-966" entity_mention_id="m-1020" role="per">his</rel_arg2>
        <trigger source="NYT_ENG_20131216.0129" offset="3798" length="3">son</trigger>
      </relation_mention>
    </relation>
    <relation id="r-2177" type="generalaffiliation" subtype="personage">
      <relation_mention id="relm-1818" realis="true">
        <rel_arg1 entity_id="ent-1032" entity_mention_id="m-1026" role="per">a son</rel_arg1>
        <rel_arg2 filler_id="f-1826" role="age">9</rel_arg2>
      </relation_mention>
    </relation>
    <relation id="r-2178" type="personalsocial" subtype="family">
      <relation_mention id="relm-1828" realis="true">
        <rel_arg1 entity_id="ent-1041" entity_mention_id="m-1035" role="per">daughter</rel_arg1>
        <rel_arg2 entity_id="ent-966" entity_mention_id="m-1020" role="per">his</rel_arg2>
        <trigger source="NYT_ENG_20131216.0129" offset="3810" length="8">daughter</trigger>
      </relation_mention>
    </relation>
    <relation id="r-2179" type="generalaffiliation" subtype="personage">
      <relation_mention id="relm-1838" realis="true">
        <rel_arg1 entity_id="ent-1041" entity_mention_id="m-1035" role="per">daughter</rel_arg1>
        <rel_arg2 filler_id="f-1846" role="age">18 months</rel_arg2>
      </relation_mention>
    </relation>
    <relation id="r-2180" type="physical" subtype="locatednear">
      <relation_mention id="relm-1848" realis="true">
        <rel_arg1 entity_id="ent-966" entity_mention_id="m-1074" role="entity">he</rel_arg1>
        <rel_arg2 entity_id="ent-39" entity_mention_id="m-1080" role="loc">Kiev</rel_arg2>
        <trigger source="NYT_ENG_20131216.0129" offset="3954" length="2">to</trigger>
      </relation_mention>
    </relation>
    <relation id="r-2181" type="physical" subtype="resident">
      <relation_mention id="relm-1868" realis="true">
        <rel_arg1 entity_id="ent-966" entity_mention_id="m-1074" role="per">he</rel_arg1>
        <rel_arg2 entity_id="ent-1092" entity_mention_id="m-1086" role="loc">home</rel_arg2>
        <trigger source="NYT_ENG_20131216.0129" offset="4020" length="4">home</trigger>
      </relation_mention>
    </relation>
    <relation id="r-2182" type="physical" subtype="locatednear">
      <relation_mention id="relm-1878" realis="false">
        <rel_arg1 entity_id="ent-966" entity_mention_id="m-1074" role="entity">he</rel_arg1>
        <rel_arg2 entity_id="ent-39" entity_mention_id="m-1095" role="loc">the capital</rel_arg2>
        <trigger source="NYT_ENG_20131216.0129" offset="4037" length="2">to</trigger>
      </relation_mention>
    </relation>
    <relation id="r-2183" type="personalsocial" subtype="role">
      <relation_mention id="relm-1898" realis="true">
        <rel_arg1 entity_id="ent-1050" entity_mention_id="m-1044" role="per">Nicholas</rel_arg1>
        <rel_arg2 filler_id="f-1906" role="role">St.</rel_arg2>
      </relation_mention>
    </relation>
  </relations>
  <hoppers>
    <hopper id="h-16">
      <event_mention id="em-1929" type="conflict" subtype="demonstrate" realis="actual">
        <trigger source="NYT_ENG_20131216.0129" offset="262" length="6">UNREST</trigger>
        <em_arg entity_id="ent-30" entity_mention_id="m-24" role="place" realis="true">UKRAINE</em_arg>
      </event_mention>
      <event_mention id="em-1973" type="conflict" subtype="demonstrate" realis="actual">
        <trigger source="NYT_ENG_20131216.0129" offset="816" length="8">protests</trigger>
        <em_arg entity_id="ent-84" entity_mention_id="m-201" role="place" realis="true">the occupied square that has been gripped by political protests for more than three weeks</em_arg>
        <em_arg filler_id="f-1998" role="time" realis="true">more than three weeks</em_arg>
      </event_mention>
      <event_mention id="em-2031" type="conflict" subtype="demonstrate" realis="actual">
        <trigger source="NYT_ENG_20131216.0129" offset="900" length="6">events</trigger>
        <em_arg entity_id="ent-39" entity_mention_id="m-207" role="place" realis="true">the Ukrainian capital</em_arg>
      </event_mention>
      <event_mention id="em-2186" type="conflict" subtype="demonstrate" realis="actual">
        <trigger source="NYT_ENG_20131216.0129" offset="1226" length="7">protest</trigger>
        <em_arg entity_id="ent-54" entity_mention_id="m-303" role="entity" realis="true">the protest crowd</em_arg>
      </event_mention>
      <event_mention id="em-2635" type="conflict" subtype="demonstrate" realis="actual">
        <trigger source="NYT_ENG_20131216.0129" offset="2535" length="10">protesters</trigger>
        <em_arg entity_id="ent-693" entity_mention_id="m-687" role="entity" realis="true">Many protesters</em_arg>
      </event_mention>
      <event_mention id="em-3028" type="conflict" subtype="demonstrate" realis="actual">
        <trigger source="NYT_ENG_20131216.0129" offset="3123" length="5">rally</trigger>
        <em_arg entity_id="ent-855" entity_mention_id="m-849" role="entity" realis="false">They</em_arg>
      </event_mention>
      <event_mention id="em-3093" type="conflict" subtype="demonstrate" realis="actual">
        <trigger source="NYT_ENG_20131216.0129" offset="3123" length="5">rally</trigger>
        <em_arg entity_id="ent-855" entity_mention_id="m-858" role="entity" realis="true">they</em_arg>
        <em_arg filler_id="f-3118" role="time" realis="true">one week ago on Sunday</em_arg>
      </event_mention>
      <event_mention id="em-3355" type="conflict" subtype="demonstrate" realis="actual">
        <trigger source="NYT_ENG_20131216.0129" offset="3455" length="7">protest</trigger>
        <em_arg entity_id="ent-912" entity_mention_id="m-906" role="entity" realis="true">her family</em_arg>
        <em_arg entity_id="ent-84" entity_mention_id="m-921" role="place" realis="true">the protest site</em_arg>
      </event_mention>
      <event_mention id="em-3531" type="conflict" subtype="demonstrate" realis="actual">
        <trigger source="NYT_ENG_20131216.0129" offset="3974" length="8">protests</trigger>
        <em_arg entity_id="ent-966" entity_mention_id="m-1074" role="entity" realis="true">he</em_arg>
        <em_arg entity_id="ent-39" entity_mention_id="m-1080" role="place" realis="true">Kiev</em_arg>
      </event_mention>
    </hopper>
    <hopper id="h-1971">
      <event_mention id="em-1950" type="personnel" subtype="endposition" realis="other">
        <trigger source="NYT_ENG_20131216.0129" offset="524" length="6">resign</trigger>
        <em_arg entity_id="ent-117" entity_mention_id="m-111" role="entity" realis="true">the government</em_arg>
      </event_mention>
    </hopper>
    <hopper id="h-2029">
      <event_mention id="em-2001" type="movement" subtype="transportperson" realis="actual">
        <trigger source="NYT_ENG_20131216.0129" offset="765" length="8">occupied</trigger>
        <em_arg entity_id="ent-84" entity_mention_id="m-201" role="destination" realis="true">the occupied square that has been gripped by political protests for more than three weeks</em_arg>
        <em_arg filler_id="f-2026" role="time" realis="true">more than three weeks</em_arg>
      </event_mention>
    </hopper>
    <hopper id="h-2080">
      <event_mention id="em-2052" type="transaction" subtype="transfermoney" realis="generic" ways="voluntary">
        <trigger source="NYT_ENG_20131216.0129" offset="1060" length="7">earning</trigger>
        <em_arg entity_id="ent-255" entity_mention_id="m-249" role="recipient" realis="true">people</em_arg>
        <em_arg entity_id="ent-39" entity_mention_id="m-219" role="place" realis="true">the city</em_arg>
      </event_mention>
    </hopper>
    <hopper id="h-2110">
      <event_mention id="em-2082" type="transaction" subtype="transfermoney" realis="generic" ways="voluntary">
        <trigger source="NYT_ENG_20131216.0129" offset="1085" length="7">selling</trigger>
        <em_arg entity_id="ent-255" entity_mention_id="m-249" role="giver" realis="true">people</em_arg>
        <em_arg entity_id="ent-39" entity_mention_id="m-219" role="place" realis="true">the city</em_arg>
      </event_mention>
    </hopper>
    <hopper id="h-2147">
      <event_mention id="em-2119" type="transaction" subtype="transferownership" realis="generic" ways="voluntary">
        <trigger source="NYT_ENG_20131216.0129" offset="1085" length="7">selling</trigger>
        <em_arg entity_id="ent-255" entity_mention_id="m-249" role="giver" realis="true">people</em_arg>
        <em_arg filler_id="f-2144" role="thing" realis="true">stuff</em_arg>
      </event_mention>
    </hopper>
    <hopper id="h-2184">
      <event_mention id="em-2149" type="contact" subtype="contact" realis="actual" audience="canttell" formality="formal" medium="inperson" schedule="canttell">
        <trigger source="NYT_ENG_20131216.0129" offset="1101" length="4">said</trigger>
        <em_arg entity_id="ent-264" entity_mention_id="m-258" role="entity" realis="true">Begun’s husband</em_arg>
        <em_arg entity_id="ent-165" entity_mention_id="m-159" role="place" realis="true">the Mothercare store on the top level of Globus</em_arg>
        <em_arg filler_id="f-2181" role="time" realis="true">Sunday</em_arg>
      </event_mention>
    </hopper>
    <hopper id="h-2242">
      <event_mention id="em-2207" type="transaction" subtype="transferownership" realis="other" ways="voluntary">
        <trigger source="NYT_ENG_20131216.0129" offset="1468" length="4">gift</trigger>
        <em_arg entity_id="ent-351" entity_mention_id="m-345" role="giver" realis="true">Tatyana Gorodnaya</em_arg>
        <em_arg entity_id="ent-360" entity_mention_id="m-354" role="recipient" realis="true">a friend’s 2-month-old daughter</em_arg>
        <em_arg filler_id="f-2239" role="thing" realis="true">a snowsuit</em_arg>
      </event_mention>
    </hopper>
    <hopper id="h-2374">
      <event_mention id="em-2339" type="movement" subtype="transportperson" realis="actual">
        <trigger source="NYT_ENG_20131216.0129" offset="1537" length="7">getting</trigger>
        <em_arg entity_id="ent-351" entity_mention_id="m-372" role="agent" realis="true">she</em_arg>
        <em_arg entity_id="ent-165" entity_mention_id="m-378" role="destination" realis="true">the store</em_arg>
        <em_arg filler_id="f-2371" role="time" realis="true">Sunday</em_arg>
      </event_mention>
      <event_mention id="em-2376" type="movement" subtype="transportperson" realis="actual">
        <trigger source="NYT_ENG_20131216.0129" offset="1577" length="3">get</trigger>
        <em_arg entity_id="ent-351" entity_mention_id="m-390" role="agent" realis="true">I</em_arg>
        <em_arg entity_id="ent-165" entity_mention_id="m-384" role="destination" realis="true">this shop</em_arg>
      </event_mention>
    </hopper>
    <hopper id="h-2439">
      <event_mention id="em-2404" type="contact" subtype="contact" realis="actual" audience="canttell" formality="formal" medium="inperson" schedule="canttell">
        <trigger source="NYT_ENG_20131216.0129" offset="1637" length="4">said</trigger>
        <em_arg entity_id="ent-351" entity_mention_id="m-396" role="entity" realis="true">Gorodnaya</em_arg>
        <em_arg entity_id="ent-165" entity_mention_id="m-384" role="place" realis="true">this shop</em_arg>
        <em_arg filler_id="f-2436" role="time" realis="true">Sunday</em_arg>
      </event_mention>
    </hopper>
    <hopper id="h-2499">
      <event_mention id="em-2471" type="conflict" subtype="demonstrate" realis="actual">
        <trigger source="NYT_ENG_20131216.0129" offset="1762" length="10">protesters</trigger>
        <em_arg entity_id="ent-435" entity_mention_id="m-429" role="entity" realis="true">thousands of protesters</em_arg>
        <em_arg entity_id="ent-453" entity_mention_id="m-447" role="place" realis="true">the streets</em_arg>
      </event_mention>
    </hopper>
    <hopper id="h-2522">
      <event_mention id="em-2501" type="movement" subtype="transportperson" realis="actual">
        <trigger source="NYT_ENG_20131216.0129" offset="1838" length="4">goes</trigger>
        <em_arg entity_id="ent-351" entity_mention_id="m-462" role="agent" realis="true">she</em_arg>
      </event_mention>
    </hopper>
    <hopper id="h-2552">
      <event_mention id="em-2524" type="movement" subtype="transportperson" realis="actual">
        <trigger source="NYT_ENG_20131216.0129" offset="1899" length="2">go</trigger>
        <em_arg entity_id="ent-351" entity_mention_id="m-483" role="agent" realis="true">I</em_arg>
        <em_arg entity_id="ent-495" entity_mention_id="m-489" role="destination" realis="true">home</em_arg>
      </event_mention>
    </hopper>
    <hopper id="h-2582">
      <event_mention id="em-2554" type="movement" subtype="transportperson" realis="other">
        <trigger source="NYT_ENG_20131216.0129" offset="1916" length="2">go</trigger>
        <em_arg entity_id="ent-351" entity_mention_id="m-498" role="agent" realis="true">I</em_arg>
        <em_arg entity_id="ent-84" entity_mention_id="m-504" role="destination" realis="true">Maidan</em_arg>
      </event_mention>
    </hopper>
    <hopper id="h-2633">
      <event_mention id="em-2584" type="transaction" subtype="transferownership" realis="actual" ways="voluntary">
        <trigger source="NYT_ENG_20131216.0129" offset="2438" length="6">served</trigger>
        <em_arg entity_id="ent-651" entity_mention_id="m-645" role="giver" realis="true">adjacent Italian and Japanese restaurants</em_arg>
        <em_arg entity_id="ent-678" entity_mention_id="m-672" role="recipient" realis="true">diners who could look out the windows at the teeming crowd below</em_arg>
        <em_arg filler_id="f-2616" role="thing" realis="true">pizza</em_arg>
        <em_arg filler_id="f-2623" role="thing" realis="true">sushi</em_arg>
        <em_arg entity_id="ent-192" entity_mention_id="m-633" role="place" realis="true">the Globus mall</em_arg>
      </event_mention>
    </hopper>
    <hopper id="h-2691">
      <event_mention id="em-2656" type="movement" subtype="transportperson" realis="actual">
        <trigger source="NYT_ENG_20131216.0129" offset="2546" length="10">stopped in</trigger>
        <em_arg entity_id="ent-693" entity_mention_id="m-687" role="agent" realis="true">Many protesters</em_arg>
        <em_arg entity_id="ent-192" entity_mention_id="m-633" role="destination" realis="true">the Globus mall</em_arg>
      </event_mention>
    </hopper>
    <hopper id="h-2721">
      <event_mention id="em-2693" type="transaction" subtype="transfermoney" realis="actual" ways="voluntary">
        <trigger source="NYT_ENG_20131216.0129" offset="2601" length="8">purchase</trigger>
        <em_arg entity_id="ent-693" entity_mention_id="m-687" role="giver" realis="true">Many protesters</em_arg>
        <em_arg entity_id="ent-192" entity_mention_id="m-633" role="place" realis="true">the Globus mall</em_arg>
      </event_mention>
    </hopper>
    <hopper id="h-2751">
      <event_mention id="em-2723" type="transaction" subtype="transferownership" realis="actual" ways="voluntary">
        <trigger source="NYT_ENG_20131216.0129" offset="2601" length="8">purchase</trigger>
        <em_arg entity_id="ent-693" entity_mention_id="m-687" role="recipient" realis="true">Many protesters</em_arg>
        <em_arg entity_id="ent-192" entity_mention_id="m-633" role="place" realis="true">the Globus mall</em_arg>
      </event_mention>
    </hopper>
    <hopper id="h-2781">
      <event_mention id="em-2753" type="transaction" subtype="transferownership" realis="actual" ways="voluntary">
        <trigger source="NYT_ENG_20131216.0129" offset="2657" length="8">business</trigger>
        <em_arg entity_id="ent-711" entity_mention_id="m-705" role="giver" realis="true">Coffee House</em_arg>
        <em_arg entity_id="ent-702" entity_mention_id="m-696" role="place" realis="true">the ground floor</em_arg>
      </event_mention>
    </hopper>
    <hopper id="h-2811">
      <event_mention id="em-2783" type="transaction" subtype="transfermoney" realis="actual" ways="voluntary">
        <trigger source="NYT_ENG_20131216.0129" offset="2657" length="8">business</trigger>
        <em_arg entity_id="ent-711" entity_mention_id="m-705" role="recipient" realis="true">Coffee House</em_arg>
        <em_arg entity_id="ent-702" entity_mention_id="m-696" role="place" realis="true">the ground floor</em_arg>
      </event_mention>
    </hopper>
    <hopper id="h-2834">
      <event_mention id="em-2813" type="movement" subtype="transportperson" realis="actual">
        <trigger source="NYT_ENG_20131216.0129" offset="2676" length="7">crowded</trigger>
        <em_arg entity_id="ent-720" entity_mention_id="m-714" role="agent" realis="true">Shoppers</em_arg>
      </event_mention>
    </hopper>
    <hopper id="h-2871">
      <event_mention id="em-2836" type="transaction" subtype="transferownership" realis="actual" ways="voluntary">
        <trigger source="NYT_ENG_20131216.0129" offset="2839" length="6">bought</trigger>
        <em_arg entity_id="ent-783" entity_mention_id="m-777" role="recipient" realis="true">each</em_arg>
        <em_arg filler_id="f-2861" role="thing" realis="true">a new sweater</em_arg>
        <em_arg filler_id="f-2868" role="time" realis="true">Sunday</em_arg>
      </event_mention>
    </hopper>
    <hopper id="h-2922">
      <event_mention id="em-2894" type="transaction" subtype="transfermoney" realis="actual" ways="voluntary">
        <trigger source="NYT_ENG_20131216.0129" offset="2839" length="6">bought</trigger>
        <em_arg entity_id="ent-783" entity_mention_id="m-777" role="giver" realis="true">each</em_arg>
        <em_arg filler_id="f-2919" role="time" realis="true">Sunday</em_arg>
      </event_mention>
    </hopper>
    <hopper id="h-2982">
      <event_mention id="em-2947" type="contact" subtype="contact" realis="actual" audience="canttell" formality="formal" medium="inperson" schedule="canttell">
        <trigger source="NYT_ENG_20131216.0129" offset="2927" length="4">said</trigger>
        <em_arg entity_id="ent-738" entity_mention_id="m-786" role="entity" realis="true">Stanachich</em_arg>
        <em_arg entity_id="ent-729" entity_mention_id="m-723" role="place" realis="true">a shoe store</em_arg>
        <em_arg filler_id="f-2979" role="time" realis="true">Sunday</em_arg>
      </event_mention>
    </hopper>
    <hopper id="h-3026">
      <event_mention id="em-3005" type="movement" subtype="transportperson" realis="other">
        <trigger source="NYT_ENG_20131216.0129" offset="3102" length="6">attend</trigger>
        <em_arg entity_id="ent-855" entity_mention_id="m-849" role="agent" realis="true">They</em_arg>
      </event_mention>
    </hopper>
    <hopper id="h-3091">
      <event_mention id="em-3056" type="movement" subtype="transportperson" realis="actual">
        <trigger source="NYT_ENG_20131216.0129" offset="3102" length="6">attend</trigger>
        <em_arg entity_id="ent-855" entity_mention_id="m-858" role="agent" realis="true">they</em_arg>
        <em_arg entity_id="ent-84" entity_mention_id="m-870" role="destination" realis="true">here</em_arg>
        <em_arg filler_id="f-3088" role="time" realis="true">one week ago on Sunday</em_arg>
      </event_mention>
    </hopper>
    <hopper id="h-3149">
      <event_mention id="em-3121" type="transaction" subtype="transferownership" realis="other" ways="voluntary">
        <trigger source="NYT_ENG_20131216.0129" offset="3173" length="3">get</trigger>
        <em_arg entity_id="ent-855" entity_mention_id="m-858" role="recipient" realis="true">they</em_arg>
        <em_arg filler_id="f-3146" role="thing" realis="true">proper shoes</em_arg>
        <em_arg entity_id="ent-729" entity_mention_id="m-801" role="place" realis="true">the store</em_arg>
      </event_mention>
      <event_mention id="em-3306" type="transaction" subtype="transferownership" realis="other" ways="voluntary">
        <trigger source="NYT_ENG_20131216.0129" offset="3346" length="6">buying</trigger>
        <em_arg entity_id="ent-855" entity_mention_id="m-888" role="recipient" realis="true">we</em_arg>
        <em_arg filler_id="f-3331" role="thing" realis="true">the shoes</em_arg>
      </event_mention>
    </hopper>
    <hopper id="h-3186">
      <event_mention id="em-3158" type="transaction" subtype="transfermoney" realis="other" ways="voluntary">
        <trigger source="NYT_ENG_20131216.0129" offset="3173" length="3">get</trigger>
        <em_arg entity_id="ent-855" entity_mention_id="m-858" role="giver" realis="true">they</em_arg>
        <em_arg entity_id="ent-729" entity_mention_id="m-801" role="place" realis="true">the store</em_arg>
      </event_mention>
      <event_mention id="em-3334" type="transaction" subtype="transfermoney" realis="other" ways="voluntary">
        <trigger source="NYT_ENG_20131216.0129" offset="3346" length="6">buying</trigger>
        <em_arg entity_id="ent-855" entity_mention_id="m-888" role="giver" realis="true">we</em_arg>
      </event_mention>
    </hopper>
    <hopper id="h-3230">
      <event_mention id="em-3188" type="transaction" subtype="transferownership" realis="other" ways="voluntary">
        <trigger source="NYT_ENG_20131216.0129" offset="3293" length="3">buy</trigger>
        <em_arg entity_id="ent-855" entity_mention_id="m-876" role="recipient" realis="true">we</em_arg>
        <em_arg entity_id="ent-84" entity_mention_id="m-870" role="place" realis="true">here</em_arg>
        <em_arg filler_id="f-3220" role="thing" realis="true">warm shoes</em_arg>
        <em_arg filler_id="f-3227" role="time" realis="true">one week ago on Sunday</em_arg>
      </event_mention>
    </hopper>
    <hopper id="h-3267">
      <event_mention id="em-3232" type="transaction" subtype="transfermoney" realis="other" ways="voluntary">
        <trigger source="NYT_ENG_20131216.0129" offset="3293" length="3">buy</trigger>
        <em_arg entity_id="ent-855" entity_mention_id="m-876" role="giver" realis="true">we</em_arg>
        <em_arg entity_id="ent-84" entity_mention_id="m-870" role="place" realis="true">here</em_arg>
        <em_arg filler_id="f-3264" role="time" realis="true">one week ago on Sunday</em_arg>
      </event_mention>
    </hopper>
    <hopper id="h-3304">
      <event_mention id="em-3269" type="contact" subtype="contact" realis="actual" audience="canttell" formality="formal" medium="inperson" schedule="canttell">
        <trigger source="NYT_ENG_20131216.0129" offset="3321" length="4">said</trigger>
        <em_arg entity_id="ent-813" entity_mention_id="m-882" role="entity" realis="true">Maksimenko</em_arg>
        <em_arg entity_id="ent-729" entity_mention_id="m-801" role="place" realis="true">the store</em_arg>
        <em_arg filler_id="f-3301" role="time" realis="true">Sunday</em_arg>
      </event_mention>
    </hopper>
    <hopper id="h-3418">
      <event_mention id="em-3383" type="manufacture" subtype="artifact" realis="generic">
        <trigger source="NYT_ENG_20131216.0129" offset="3619" length="5">maker</trigger>
        <em_arg entity_id="ent-966" entity_mention_id="m-969" role="agent" realis="true">a furniture maker from Ivano-Frankivsk in western Ukraine</em_arg>
        <em_arg filler_id="f-3408" role="artifact" realis="true">furniture</em_arg>
        <em_arg entity_id="ent-981" entity_mention_id="m-975" role="place" realis="true">Ivano-Frankivsk</em_arg>
      </event_mention>
    </hopper>
    <hopper id="h-3455">
      <event_mention id="em-3420" type="transaction" subtype="transferownership" realis="other" ways="voluntary">
        <trigger source="NYT_ENG_20131216.0129" offset="3772" length="5">gifts</trigger>
        <em_arg entity_id="ent-966" entity_mention_id="m-1020" role="giver" realis="true">his</em_arg>
        <em_arg entity_id="ent-1017" entity_mention_id="m-1011" role="recipient" realis="true">his children</em_arg>
        <em_arg filler_id="f-3452" role="time" realis="true">St. Nicholas’ Day</em_arg>
      </event_mention>
    </hopper>
    <hopper id="h-3492">
      <event_mention id="em-3457" type="contact" subtype="contact" realis="actual" audience="canttell" formality="formal" medium="inperson" schedule="canttell">
        <trigger source="NYT_ENG_20131216.0129" offset="3890" length="4">said</trigger>
        <em_arg entity_id="ent-966" entity_mention_id="m-1053" role="entity" realis="true">Romanyshyn</em_arg>
        <em_arg entity_id="ent-702" entity_mention_id="m-999" role="place" realis="true">the ground floor of the mall</em_arg>
        <em_arg filler_id="f-3489" role="time" realis="true">Sunday</em_arg>
      </event_mention>
    </hopper>
    <hopper id="h-3529">
      <event_mention id="em-3494" type="movement" subtype="transportperson" realis="actual">
        <trigger source="NYT_ENG_20131216.0129" offset="3949" length="4">come</trigger>
        <em_arg entity_id="ent-966" entity_mention_id="m-1074" role="agent" realis="true">he</em_arg>
        <em_arg entity_id="ent-39" entity_mention_id="m-1080" role="destination" realis="true">Kiev</em_arg>
        <em_arg entity_id="ent-981" entity_mention_id="m-975" role="origin" realis="true">Ivano-Frankivsk</em_arg>
      </event_mention>
    </hopper>
    <hopper id="h-3594">
      <event_mention id="em-3559" type="movement" subtype="transportperson" realis="other">
        <trigger source="NYT_ENG_20131216.0129" offset="4015" length="4">head</trigger>
        <em_arg entity_id="ent-1092" entity_mention_id="m-1086" role="destination" realis="true">home</em_arg>
        <em_arg entity_id="ent-39" entity_mention_id="m-1080" role="origin" realis="true">Kiev</em_arg>
        <em_arg entity_id="ent-966" entity_mention_id="m-1074" role="agent" realis="true">he</em_arg>
      </event_mention>
    </hopper>
    <hopper id="h-3631">
      <event_mention id="em-3596" type="movement" subtype="transportperson" realis="other">
        <trigger source="NYT_ENG_20131216.0129" offset="4030" length="6">return</trigger>
        <em_arg entity_id="ent-966" entity_mention_id="m-1074" role="agent" realis="true">he</em_arg>
        <em_arg entity_id="ent-39" entity_mention_id="m-1095" role="destination" realis="true">the capital</em_arg>
        <em_arg entity_id="ent-1092" entity_mention_id="m-1086" role="origin" realis="true">home</em_arg>
      </event_mention>
    </hopper>
  </hoppers>
</deft_ere>
