<?xml version="1.0" encoding="UTF-8"?>
<deft_ere kit_id="5733b8b10000000000000049" doc_id="NYT_ENG_20130701.0012" source_type="newswire">
  <entities>
    <entity id="ent-8" type="PER" specificity="specificIndividual">
      <entity_mention id="m-18" noun_type="NAM" source="NYT_ENG_20130701.0012" offset="172" length="7">
        <mention_text>SNOWDEN</mention_text>
      </entity_mention>
      <entity_mention id="m-66" noun_type="NAM" source="NYT_ENG_20130701.0012" offset="307" length="17">
        <mention_text>Edward J. Snowden</mention_text>
      </entity_mention>
      <entity_mention id="m-78" noun_type="PRO" source="NYT_ENG_20130701.0012" offset="437" length="2">
        <mention_text>he</mention_text>
      </entity_mention>
      <entity_mention id="m-108" noun_type="NAM" source="NYT_ENG_20130701.0012" offset="627" length="7">
        <mention_text>Snowden</mention_text>
      </entity_mention>
      <entity_mention id="m-114" noun_type="NAM" source="NYT_ENG_20130701.0012" offset="653" length="7">
        <mention_text>Snowden</mention_text>
      </entity_mention>
      <entity_mention id="m-144" noun_type="NAM" source="NYT_ENG_20130701.0012" offset="1153" length="7">
        <mention_text>Snowden</mention_text>
      </entity_mention>
      <entity_mention id="m-168" noun_type="NAM" source="NYT_ENG_20130701.0012" offset="1310" length="7">
        <mention_text>Snowden</mention_text>
      </entity_mention>
      <entity_mention id="m-183" noun_type="NAM" source="NYT_ENG_20130701.0012" offset="1428" length="7">
        <mention_text>Snowden</mention_text>
      </entity_mention>
      <entity_mention id="m-204" noun_type="NAM" source="NYT_ENG_20130701.0012" offset="1588" length="7">
        <mention_text>Snowden</mention_text>
      </entity_mention>
      <entity_mention id="m-216" noun_type="NAM" source="NYT_ENG_20130701.0012" offset="1767" length="7">
        <mention_text>Snowden</mention_text>
      </entity_mention>
      <entity_mention id="m-240" noun_type="NAM" source="NYT_ENG_20130701.0012" offset="2392" length="7">
        <mention_text>Snowden</mention_text>
      </entity_mention>
      <entity_mention id="m-258" noun_type="NAM" source="NYT_ENG_20130701.0012" offset="2558" length="7">
        <mention_text>Snowden</mention_text>
      </entity_mention>
      <entity_mention id="m-273" noun_type="NAM" source="NYT_ENG_20130701.0012" offset="2765" length="7">
        <mention_text>Snowden</mention_text>
      </entity_mention>
      <entity_mention id="m-294" noun_type="NAM" source="NYT_ENG_20130701.0012" offset="2901" length="7">
        <mention_text>Snowden</mention_text>
      </entity_mention>
      <entity_mention id="m-324" noun_type="NAM" source="NYT_ENG_20130701.0012" offset="3288" length="7">
        <mention_text>Snowden</mention_text>
      </entity_mention>
      <entity_mention id="m-339" noun_type="NAM" source="NYT_ENG_20130701.0012" offset="3494" length="7">
        <mention_text>Snowden</mention_text>
      </entity_mention>
      <entity_mention id="m-384" noun_type="NAM" source="NYT_ENG_20130701.0012" offset="4140" length="7">
        <mention_text>Snowden</mention_text>
      </entity_mention>
      <entity_mention id="m-396" noun_type="NAM" source="NYT_ENG_20130701.0012" offset="3647" length="7">
        <mention_text>Snowden</mention_text>
      </entity_mention>
      <entity_mention id="m-450" noun_type="NAM" source="NYT_ENG_20130701.0012" offset="3752" length="7">
        <mention_text>Snowden</mention_text>
      </entity_mention>
      <entity_mention id="m-541" noun_type="PRO" source="NYT_ENG_20130701.0012" offset="718" length="3">
        <mention_text>his</mention_text>
      </entity_mention>
      <entity_mention id="m-571" noun_type="PRO" source="NYT_ENG_20130701.0012" offset="872" length="2">
        <mention_text>he</mention_text>
      </entity_mention>
      <entity_mention id="m-577" noun_type="PRO" source="NYT_ENG_20130701.0012" offset="913" length="3">
        <mention_text>him</mention_text>
      </entity_mention>
      <entity_mention id="m-589" noun_type="PRO" source="NYT_ENG_20130701.0012" offset="942" length="2">
        <mention_text>he</mention_text>
      </entity_mention>
      <entity_mention id="m-601" noun_type="PRO" source="NYT_ENG_20130701.0012" offset="988" length="2">
        <mention_text>He</mention_text>
      </entity_mention>
      <entity_mention id="m-607" noun_type="PRO" source="NYT_ENG_20130701.0012" offset="1002" length="3">
        <mention_text>his</mention_text>
      </entity_mention>
      <entity_mention id="m-647" noun_type="PRO" source="NYT_ENG_20130701.0012" offset="1381" length="3">
        <mention_text>him</mention_text>
      </entity_mention>
      <entity_mention id="m-653" noun_type="PRO" source="NYT_ENG_20130701.0012" offset="1473" length="2">
        <mention_text>he</mention_text>
      </entity_mention>
      <entity_mention id="m-659" noun_type="PRO" source="NYT_ENG_20130701.0012" offset="1542" length="3">
        <mention_text>his</mention_text>
      </entity_mention>
      <entity_mention id="m-665" noun_type="PRO" source="NYT_ENG_20130701.0012" offset="1633" length="3">
        <mention_text>his</mention_text>
      </entity_mention>
      <entity_mention id="m-677" noun_type="NAM" source="NYT_ENG_20130701.0012" offset="3959" length="7">
        <mention_text>Snowden</mention_text>
      </entity_mention>
      <entity_mention id="m-891" noun_type="PRO" source="NYT_ENG_20130701.0012" offset="1883" length="2">
        <mention_text>he</mention_text>
      </entity_mention>
      <entity_mention id="m-897" noun_type="PRO" source="NYT_ENG_20130701.0012" offset="1891" length="7">
        <mention_text>himself</mention_text>
      </entity_mention>
      <entity_mention id="m-912" noun_type="PRO" source="NYT_ENG_20130701.0012" offset="1980" length="2">
        <mention_text>he</mention_text>
      </entity_mention>
      <entity_mention id="m-924" noun_type="PRO" source="NYT_ENG_20130701.0012" offset="2034" length="2">
        <mention_text>he</mention_text>
      </entity_mention>
      <entity_mention id="m-930" noun_type="PRO" source="NYT_ENG_20130701.0012" offset="2053" length="7">
        <mention_text>himself</mention_text>
      </entity_mention>
      <entity_mention id="m-983" noun_type="NAM" source="NYT_ENG_20130701.0012" offset="2161" length="7">
        <mention_text>Snowden</mention_text>
      </entity_mention>
      <entity_mention id="m-1207" noun_type="PRO" source="NYT_ENG_20130701.0012" offset="2849" length="2">
        <mention_text>he</mention_text>
      </entity_mention>
      <entity_mention id="m-1490" noun_type="NAM" source="NYT_ENG_20130701.0012" offset="4295" length="7">
        <mention_text>Snowden</mention_text>
      </entity_mention>
      <entity_mention id="m-1523" noun_type="PRO" source="NYT_ENG_20130701.0012" offset="4471" length="3">
        <mention_text>him</mention_text>
      </entity_mention>
      <entity_mention id="m-1539" noun_type="NAM" source="NYT_ENG_20130701.0012" offset="4596" length="7">
        <mention_text>Snowden</mention_text>
      </entity_mention>
      <entity_mention id="m-1545" noun_type="NOM" source="NYT_ENG_20130701.0012" offset="4630" length="11">
        <mention_text>This person</mention_text>
        <nom_head source="NYT_ENG_20130701.0012" offset="4635" length="6">person</nom_head>
      </entity_mention>
      <entity_mention id="m-1551" noun_type="NOM" source="NYT_ENG_20130701.0012" offset="326" length="57">
        <mention_text>the former national security staffer accused of espionage</mention_text>
        <nom_head source="NYT_ENG_20130701.0012" offset="355" length="7">staffer</nom_head>
      </entity_mention>
      <entity_mention id="m-1602" noun_type="NOM" source="NYT_ENG_20130701.0012" offset="1902" length="23">
        <mention_text>a human rights activist</mention_text>
        <nom_head source="NYT_ENG_20130701.0012" offset="1917" length="8">activist</nom_head>
      </entity_mention>
      <entity_mention id="m-1608" noun_type="NOM" source="NYT_ENG_20130701.0012" offset="1930" length="37">
        <mention_text>a freedom fighter for people’s rights</mention_text>
        <nom_head source="NYT_ENG_20130701.0012" offset="1940" length="7">fighter</nom_head>
      </entity_mention>
      <entity_mention id="m-1653" noun_type="NOM" source="NYT_ENG_20130701.0012" offset="3310" length="109">
        <mention_text>the source of disclosures about the government’s widespread collection of private Internet and telephone data</mention_text>
        <nom_head source="NYT_ENG_20130701.0012" offset="3314" length="6">source</nom_head>
      </entity_mention>
      <entity_mention id="m-1713" noun_type="NOM" source="NYT_ENG_20130701.0012" offset="4607" length="21">
        <mention_text>the greatest pacifist</mention_text>
        <nom_head source="NYT_ENG_20130701.0012" offset="4620" length="8">pacifist</nom_head>
      </entity_mention>
    </entity>
    <entity id="ent-30" type="GPE" specificity="specificIndividual">
      <entity_mention id="m-24" noun_type="NAM" source="NYT_ENG_20130701.0012" offset="198" length="4">
        <mention_text>U.S.</mention_text>
      </entity_mention>
      <entity_mention id="m-84" noun_type="NAM" source="NYT_ENG_20130701.0012" offset="488" length="4">
        <mention_text>U.S.</mention_text>
      </entity_mention>
      <entity_mention id="m-96" noun_type="NAM" source="NYT_ENG_20130701.0012" offset="566" length="4">
        <mention_text>U.S.</mention_text>
      </entity_mention>
      <entity_mention id="m-189" noun_type="NAM" source="NYT_ENG_20130701.0012" offset="1438" length="4">
        <mention_text>U.S.</mention_text>
      </entity_mention>
      <entity_mention id="m-222" noun_type="NAM" source="NYT_ENG_20130701.0012" offset="1850" length="13">
        <mention_text>United States</mention_text>
      </entity_mention>
      <entity_mention id="m-456" noun_type="NAM" source="NYT_ENG_20130701.0012" offset="3873" length="13">
        <mention_text>United States</mention_text>
      </entity_mention>
      <entity_mention id="m-619" noun_type="NAM" source="NYT_ENG_20130701.0012" offset="1045" length="8">
        <mention_text>American</mention_text>
      </entity_mention>
    </entity>
    <entity id="ent-39" type="GPE" specificity="specificIndividual">
      <entity_mention id="m-33" noun_type="NAM" source="NYT_ENG_20130701.0012" offset="214" length="6">
        <mention_text>RUSSIA</mention_text>
      </entity_mention>
      <entity_mention id="m-72" noun_type="NAM" source="NYT_ENG_20130701.0012" offset="423" length="6">
        <mention_text>Russia</mention_text>
      </entity_mention>
      <entity_mention id="m-102" noun_type="NAM" source="NYT_ENG_20130701.0012" offset="595" length="7">
        <mention_text>Russian</mention_text>
      </entity_mention>
      <entity_mention id="m-120" noun_type="NAM" source="NYT_ENG_20130701.0012" offset="744" length="6">
        <mention_text>Russia</mention_text>
      </entity_mention>
      <entity_mention id="m-126" noun_type="NAM" source="NYT_ENG_20130701.0012" offset="772" length="6">
        <mention_text>Russia</mention_text>
      </entity_mention>
      <entity_mention id="m-228" noun_type="NAM" source="NYT_ENG_20130701.0012" offset="2205" length="6">
        <mention_text>Russia</mention_text>
      </entity_mention>
      <entity_mention id="m-234" noun_type="NAM" source="NYT_ENG_20130701.0012" offset="2215" length="7">
        <mention_text>Russian</mention_text>
      </entity_mention>
      <entity_mention id="m-246" noun_type="NAM" source="NYT_ENG_20130701.0012" offset="2419" length="7">
        <mention_text>Russian</mention_text>
      </entity_mention>
      <entity_mention id="m-252" noun_type="NAM" source="NYT_ENG_20130701.0012" offset="2623" length="7">
        <mention_text>Russian</mention_text>
      </entity_mention>
      <entity_mention id="m-300" noun_type="NAM" source="NYT_ENG_20130701.0012" offset="2987" length="7">
        <mention_text>Russian</mention_text>
      </entity_mention>
      <entity_mention id="m-306" noun_type="NAM" source="NYT_ENG_20130701.0012" offset="2947" length="6">
        <mention_text>Russia</mention_text>
      </entity_mention>
      <entity_mention id="m-312" noun_type="NAM" source="NYT_ENG_20130701.0012" offset="3155" length="7">
        <mention_text>Russian</mention_text>
      </entity_mention>
      <entity_mention id="m-318" noun_type="NAM" source="NYT_ENG_20130701.0012" offset="3194" length="6">
        <mention_text>Russia</mention_text>
      </entity_mention>
      <entity_mention id="m-363" noun_type="NAM" source="NYT_ENG_20130701.0012" offset="4561" length="6">
        <mention_text>Russia</mention_text>
      </entity_mention>
      <entity_mention id="m-378" noun_type="NAM" source="NYT_ENG_20130701.0012" offset="4237" length="6">
        <mention_text>Russia</mention_text>
      </entity_mention>
      <entity_mention id="m-462" noun_type="NAM" source="NYT_ENG_20130701.0012" offset="4071" length="7">
        <mention_text>Russian</mention_text>
      </entity_mention>
      <entity_mention id="m-595" noun_type="NOM" source="NYT_ENG_20130701.0012" offset="958" length="4">
        <mention_text>here</mention_text>
        <nom_head source="NYT_ENG_20130701.0012" offset="958" length="4">here</nom_head>
      </entity_mention>
      <entity_mention id="m-613" noun_type="PRO" source="NYT_ENG_20130701.0012" offset="1041" length="3">
        <mention_text>our</mention_text>
      </entity_mention>
      <entity_mention id="m-1400" noun_type="PRO" source="NYT_ENG_20130701.0012" offset="3564" length="2">
        <mention_text>we</mention_text>
      </entity_mention>
      <entity_mention id="m-1429" noun_type="NAM" source="NYT_ENG_20130701.0012" offset="3694" length="7">
        <mention_text>Russian</mention_text>
      </entity_mention>
      <entity_mention id="m-1441" noun_type="PRO" source="NYT_ENG_20130701.0012" offset="3845" length="5">
        <mention_text>their</mention_text>
      </entity_mention>
      <entity_mention id="m-1456" noun_type="PRO" source="NYT_ENG_20130701.0012" offset="3947" length="4">
        <mention_text>them</mention_text>
      </entity_mention>
      <entity_mention id="m-1514" noun_type="PRO" source="NYT_ENG_20130701.0012" offset="4452" length="2">
        <mention_text>we</mention_text>
      </entity_mention>
    </entity>
    <entity id="ent-48" type="PER" specificity="specificIndividual">
      <entity_mention id="m-42" noun_type="NAM" source="NYT_ENG_20130701.0012" offset="222" length="5">
        <mention_text>PUTIN</mention_text>
      </entity_mention>
      <entity_mention id="m-60" noun_type="NAM" source="NYT_ENG_20130701.0012" offset="275" length="14">
        <mention_text>Vladimir Putin</mention_text>
      </entity_mention>
      <entity_mention id="m-90" noun_type="NAM" source="NYT_ENG_20130701.0012" offset="540" length="5">
        <mention_text>Putin</mention_text>
      </entity_mention>
      <entity_mention id="m-132" noun_type="NAM" source="NYT_ENG_20130701.0012" offset="837" length="5">
        <mention_text>Putin</mention_text>
      </entity_mention>
      <entity_mention id="m-138" noun_type="NAM" source="NYT_ENG_20130701.0012" offset="1115" length="5">
        <mention_text>Putin</mention_text>
      </entity_mention>
      <entity_mention id="m-210" noun_type="NAM" source="NYT_ENG_20130701.0012" offset="1712" length="5">
        <mention_text>Putin</mention_text>
      </entity_mention>
      <entity_mention id="m-426" noun_type="NAM" source="NYT_ENG_20130701.0012" offset="3421" length="5">
        <mention_text>Putin</mention_text>
      </entity_mention>
      <entity_mention id="m-535" noun_type="PRO" source="NYT_ENG_20130701.0012" offset="640" length="2">
        <mention_text>he</mention_text>
      </entity_mention>
      <entity_mention id="m-565" noun_type="PRO" source="NYT_ENG_20130701.0012" offset="858" length="2">
        <mention_text>He</mention_text>
      </entity_mention>
      <entity_mention id="m-583" noun_type="PRO" source="NYT_ENG_20130701.0012" offset="929" length="2">
        <mention_text>my</mention_text>
      </entity_mention>
      <entity_mention id="m-631" noun_type="PRO" source="NYT_ENG_20130701.0012" offset="1096" length="2">
        <mention_text>my</mention_text>
      </entity_mention>
      <entity_mention id="m-918" noun_type="PRO" source="NYT_ENG_20130701.0012" offset="2021" length="2">
        <mention_text>he</mention_text>
      </entity_mention>
      <entity_mention id="m-977" noun_type="PRO" source="NYT_ENG_20130701.0012" offset="2123" length="1">
        <mention_text>I</mention_text>
      </entity_mention>
    </entity>
    <entity id="ent-57" type="GPE" specificity="specificIndividual">
      <entity_mention id="m-51" noun_type="NAM" source="NYT_ENG_20130701.0012" offset="256" length="6">
        <mention_text>MOSCOW</mention_text>
      </entity_mention>
      <entity_mention id="m-497" noun_type="NOM" source="NYT_ENG_20130701.0012" offset="534" length="4">
        <mention_text>here</mention_text>
        <nom_head source="NYT_ENG_20130701.0012" offset="534" length="4">here</nom_head>
      </entity_mention>
      <entity_mention id="m-1587" noun_type="NOM" source="NYT_ENG_20130701.0012" offset="1670" length="4">
        <mention_text>here</mention_text>
        <nom_head source="NYT_ENG_20130701.0012" offset="1670" length="4">here</nom_head>
      </entity_mention>
    </entity>
    <entity id="ent-156" type="GPE" specificity="specificIndividual">
      <entity_mention id="m-150" noun_type="NAM" source="NYT_ENG_20130701.0012" offset="1196" length="9">
        <mention_text>Hong Kong</mention_text>
      </entity_mention>
    </entity>
    <entity id="ent-165" type="LOC" specificity="specificIndividual">
      <entity_mention id="m-159" noun_type="NAM" source="NYT_ENG_20130701.0012" offset="1268" length="13">
        <mention_text>Latin America</mention_text>
      </entity_mention>
    </entity>
    <entity id="ent-180" type="PER" specificity="specificIndividual">
      <entity_mention id="m-174" noun_type="NAM" source="NYT_ENG_20130701.0012" offset="1322" length="14">
        <mention_text>Sarah Harrison</mention_text>
      </entity_mention>
      <entity_mention id="m-1010" noun_type="NAM" source="NYT_ENG_20130701.0012" offset="2368" length="8">
        <mention_text>Harrison</mention_text>
      </entity_mention>
      <entity_mention id="m-1569" noun_type="NOM" source="NYT_ENG_20130701.0012" offset="1338" length="46">
        <mention_text>a WikiLeaks activist who is traveling with him</mention_text>
        <nom_head source="NYT_ENG_20130701.0012" offset="1350" length="8">activist</nom_head>
      </entity_mention>
    </entity>
    <entity id="ent-201" type="GPE" specificity="specificIndividual">
      <entity_mention id="m-195" noun_type="NAM" source="NYT_ENG_20130701.0012" offset="1533" length="7">
        <mention_text>Ecuador</mention_text>
      </entity_mention>
      <entity_mention id="m-288" noun_type="NAM" source="NYT_ENG_20130701.0012" offset="2822" length="10">
        <mention_text>Ecuadorean</mention_text>
      </entity_mention>
      <entity_mention id="m-1201" noun_type="NAM" source="NYT_ENG_20130701.0012" offset="2787" length="10">
        <mention_text>Ecuadorean</mention_text>
      </entity_mention>
      <entity_mention id="m-1581" noun_type="NOM" source="NYT_ENG_20130701.0012" offset="1542" length="24">
        <mention_text>his original destination</mention_text>
        <nom_head source="NYT_ENG_20130701.0012" offset="1555" length="11">destination</nom_head>
      </entity_mention>
    </entity>
    <entity id="ent-270" type="GPE" specificity="specificGroup">
      <entity_mention id="m-264" noun_type="NOM" source="NYT_ENG_20130701.0012" offset="2581" length="12">
        <mention_text>15 countries</mention_text>
        <nom_head source="NYT_ENG_20130701.0012" offset="2584" length="9">countries</nom_head>
      </entity_mention>
    </entity>
    <entity id="ent-285" type="PER" specificity="specificGroup">
      <entity_mention id="m-279" noun_type="NOM" source="NYT_ENG_20130701.0012" offset="2787" length="20">
        <mention_text>Ecuadorean officials</mention_text>
        <nom_head source="NYT_ENG_20130701.0012" offset="2798" length="9">officials</nom_head>
      </entity_mention>
    </entity>
    <entity id="ent-336" type="PER" specificity="specificIndividual">
      <entity_mention id="m-330" noun_type="NAM" source="NYT_ENG_20130701.0012" offset="3446" length="16">
        <mention_text>Dmitri S. Peskov</mention_text>
      </entity_mention>
      <entity_mention id="m-390" noun_type="NAM" source="NYT_ENG_20130701.0012" offset="4128" length="6">
        <mention_text>Peskov</mention_text>
      </entity_mention>
      <entity_mention id="m-1659" noun_type="NOM" source="NYT_ENG_20130701.0012" offset="3421" length="23">
        <mention_text>Putin’s press secretary</mention_text>
        <nom_head source="NYT_ENG_20130701.0012" offset="3435" length="9">secretary</nom_head>
      </entity_mention>
    </entity>
    <entity id="ent-351" type="PER" specificity="specificIndividual">
      <entity_mention id="m-345" noun_type="NAM" source="NYT_ENG_20130701.0012" offset="4499" length="18">
        <mention_text>Alexander Sidyakin</mention_text>
      </entity_mention>
      <entity_mention id="m-1695" noun_type="PRO" source="NYT_ENG_20130701.0012" offset="4437" length="1">
        <mention_text>I</mention_text>
      </entity_mention>
      <entity_mention id="m-1701" noun_type="NOM" source="NYT_ENG_20130701.0012" offset="4519" length="54">
        <mention_text>a prominent member of the majority United Russia Party</mention_text>
        <nom_head source="NYT_ENG_20130701.0012" offset="4531" length="6">member</nom_head>
      </entity_mention>
      <entity_mention id="m-1707" noun_type="PRO" source="NYT_ENG_20130701.0012" offset="4588" length="2">
        <mention_text>me</mention_text>
      </entity_mention>
    </entity>
    <entity id="ent-360" type="ORG" specificity="specificIndividual">
      <entity_mention id="m-354" noun_type="NAM" source="NYT_ENG_20130701.0012" offset="4554" length="13">
        <mention_text>United Russia</mention_text>
      </entity_mention>
    </entity>
    <entity id="ent-375" type="PER" specificity="specificIndividual">
      <entity_mention id="m-369" noun_type="NAM" source="NYT_ENG_20130701.0012" offset="4693" length="12">
        <mention_text>Barack Obama</mention_text>
      </entity_mention>
    </entity>
    <entity id="ent-408" type="PER" specificity="specificIndividual">
      <entity_mention id="m-402" noun_type="NAM" source="NYT_ENG_20130701.0012" offset="3175" length="17">
        <mention_text>Vladimir P. Lukin</mention_text>
      </entity_mention>
      <entity_mention id="m-1647" noun_type="NOM" source="NYT_ENG_20130701.0012" offset="3194" length="34">
        <mention_text>Russia’s human rights commissioner</mention_text>
        <nom_head source="NYT_ENG_20130701.0012" offset="3216" length="12">commissioner</nom_head>
      </entity_mention>
    </entity>
    <entity id="ent-417" type="PER" specificity="specificGroup">
      <entity_mention id="m-411" noun_type="NOM" source="NYT_ENG_20130701.0012" offset="2987" length="41">
        <mention_text>Russian officials in the Foreign Ministry</mention_text>
        <nom_head source="NYT_ENG_20130701.0012" offset="2995" length="9">officials</nom_head>
      </entity_mention>
    </entity>
    <entity id="ent-438" type="ORG" specificity="specificIndividual">
      <entity_mention id="m-432" noun_type="NAM" source="NYT_ENG_20130701.0012" offset="3544" length="10">
        <mention_text>Kommersant</mention_text>
      </entity_mention>
    </entity>
    <entity id="ent-447" type="FAC" specificity="specificIndividual">
      <entity_mention id="m-441" noun_type="NAM" source="NYT_ENG_20130701.0012" offset="3668" length="20">
        <mention_text>Sheremetyevo airport</mention_text>
      </entity_mention>
      <entity_mention id="m-671" noun_type="NAM" source="NYT_ENG_20130701.0012" offset="1649" length="20">
        <mention_text>Sheremetyevo Airport</mention_text>
      </entity_mention>
      <entity_mention id="m-1064" noun_type="NOM" source="NYT_ENG_20130701.0012" offset="2454" length="11">
        <mention_text>the airport</mention_text>
        <nom_head source="NYT_ENG_20130701.0012" offset="2458" length="7">airport</nom_head>
      </entity_mention>
      <entity_mention id="m-1671" noun_type="NOM" source="NYT_ENG_20130701.0012" offset="4035" length="11">
        <mention_text>the airport</mention_text>
        <nom_head source="NYT_ENG_20130701.0012" offset="4039" length="7">airport</nom_head>
      </entity_mention>
    </entity>
    <entity id="ent-474" type="PER" specificity="specificIndividual">
      <entity_mention id="m-1719" noun_type="NAM" source="NYT_ENG_20130701.0012" offset="4670" length="5">
        <mention_text>Nobel</mention_text>
      </entity_mention>
    </entity>
    <entity id="ent-503" type="GPE" specificity="nonspecific">
      <entity_mention id="m-740" noun_type="PRO" source="NYT_ENG_20130701.0012" offset="901" length="4">
        <mention_text>they</mention_text>
      </entity_mention>
      <entity_mention id="m-1557" noun_type="NOM" source="NYT_ENG_20130701.0012" offset="887" length="9">
        <mention_text>somewhere</mention_text>
        <nom_head source="NYT_ENG_20130701.0012" offset="887" length="9">somewhere</nom_head>
      </entity_mention>
      <entity_mention id="m-1563" noun_type="NOM" source="NYT_ENG_20130701.0012" offset="929" length="8">
        <mention_text>my guest</mention_text>
        <nom_head source="NYT_ENG_20130701.0012" offset="932" length="5">guest</nom_head>
      </entity_mention>
    </entity>
    <entity id="ent-522" type="ORG" specificity="specificIndividual">
      <entity_mention id="m-468" noun_type="NAM" source="NYT_ENG_20130701.0012" offset="4404" length="7">
        <mention_text>Kremlin</mention_text>
      </entity_mention>
      <entity_mention id="m-516" noun_type="NOM" source="NYT_ENG_20130701.0012" offset="591" length="22">
        <mention_text>the Russian government</mention_text>
        <nom_head source="NYT_ENG_20130701.0012" offset="603" length="10">government</nom_head>
      </entity_mention>
      <entity_mention id="m-683" noun_type="NAM" source="NYT_ENG_20130701.0012" offset="4179" length="7">
        <mention_text>Kremlin</mention_text>
      </entity_mention>
      <entity_mention id="m-1284" noun_type="NOM" source="NYT_ENG_20130701.0012" offset="3151" length="22">
        <mention_text>the Russian government</mention_text>
        <nom_head source="NYT_ENG_20130701.0012" offset="3163" length="10">government</nom_head>
      </entity_mention>
    </entity>
    <entity id="ent-553" type="PER" specificity="nonspecific">
      <entity_mention id="m-547" noun_type="PRO" source="NYT_ENG_20130701.0012" offset="794" length="6">
        <mention_text>anyone</mention_text>
      </entity_mention>
      <entity_mention id="m-556" noun_type="PRO" source="NYT_ENG_20130701.0012" offset="804" length="7">
        <mention_text>anybody</mention_text>
      </entity_mention>
    </entity>
    <entity id="ent-562" type="PER" specificity="specificGroup">
      <entity_mention id="m-625" noun_type="NOM" source="NYT_ENG_20130701.0012" offset="1041" length="21">
        <mention_text>our American partners</mention_text>
        <nom_head source="NYT_ENG_20130701.0012" offset="1054" length="8">partners</nom_head>
      </entity_mention>
    </entity>
    <entity id="ent-746" type="LOC" specificity="specificIndeterminate">
      <entity_mention id="m-1575" noun_type="NOM" source="NYT_ENG_20130701.0012" offset="1501" length="16">
        <mention_text>the transit zone</mention_text>
        <nom_head source="NYT_ENG_20130701.0012" offset="1513" length="4">zone</nom_head>
      </entity_mention>
    </entity>
    <entity id="ent-909" type="PER" specificity="nonspecific">
      <entity_mention id="m-903" noun_type="NOM" source="NYT_ENG_20130701.0012" offset="1952" length="6">
        <mention_text>people</mention_text>
        <nom_head source="NYT_ENG_20130701.0012" offset="1952" length="6">people</nom_head>
      </entity_mention>
    </entity>
    <entity id="ent-942" type="GPE" specificity="nonspecific">
      <entity_mention id="m-936" noun_type="NOM" source="NYT_ENG_20130701.0012" offset="2061" length="18">
        <mention_text>a country to go to</mention_text>
        <nom_head source="NYT_ENG_20130701.0012" offset="2063" length="7">country</nom_head>
      </entity_mention>
    </entity>
    <entity id="ent-995" type="PER" specificity="specificIndividual">
      <entity_mention id="m-989" noun_type="NOM" source="NYT_ENG_20130701.0012" offset="2213" length="30">
        <mention_text>a Russian immigration official</mention_text>
        <nom_head source="NYT_ENG_20130701.0012" offset="2235" length="8">official</nom_head>
      </entity_mention>
      <entity_mention id="m-998" noun_type="NOM" source="NYT_ENG_20130701.0012" offset="2279" length="12">
        <mention_text>the official</mention_text>
        <nom_head source="NYT_ENG_20130701.0012" offset="2283" length="8">official</nom_head>
      </entity_mention>
      <entity_mention id="m-1004" noun_type="PRO" source="NYT_ENG_20130701.0012" offset="2325" length="2">
        <mention_text>he</mention_text>
      </entity_mention>
      <entity_mention id="m-1620" noun_type="PRO" source="NYT_ENG_20130701.0012" offset="2293" length="3">
        <mention_text>who</mention_text>
      </entity_mention>
    </entity>
    <entity id="ent-1043" type="ORG" specificity="specificIndividual">
      <entity_mention id="m-1037" noun_type="NOM" source="NYT_ENG_20130701.0012" offset="2417" length="48">
        <mention_text>a Russian consulate in Terminal F of the airport</mention_text>
        <nom_head source="NYT_ENG_20130701.0012" offset="2427" length="9">consulate</nom_head>
      </entity_mention>
    </entity>
    <entity id="ent-1061" type="FAC" specificity="specificIndividual">
      <entity_mention id="m-1055" noun_type="NAM" source="NYT_ENG_20130701.0012" offset="2440" length="10">
        <mention_text>Terminal F</mention_text>
      </entity_mention>
    </entity>
    <entity id="ent-1100" type="PER" specificity="specificIndividual">
      <entity_mention id="m-1094" noun_type="NOM" source="NYT_ENG_20130701.0012" offset="2488" length="27">
        <mention_text>A Foreign Ministry official</mention_text>
        <nom_head source="NYT_ENG_20130701.0012" offset="2507" length="8">official</nom_head>
      </entity_mention>
      <entity_mention id="m-1213" noun_type="NOM" source="NYT_ENG_20130701.0012" offset="2883" length="12">
        <mention_text>The official</mention_text>
        <nom_head source="NYT_ENG_20130701.0012" offset="2887" length="8">official</nom_head>
      </entity_mention>
      <entity_mention id="m-1635" noun_type="NOM" source="NYT_ENG_20130701.0012" offset="2693" length="12">
        <mention_text>The official</mention_text>
        <nom_head source="NYT_ENG_20130701.0012" offset="2697" length="8">official</nom_head>
      </entity_mention>
    </entity>
    <entity id="ent-1109" type="ORG" specificity="specificIndividual">
      <entity_mention id="m-1103" noun_type="NAM" source="NYT_ENG_20130701.0012" offset="2525" length="17">
        <mention_text>Los Angeles Times</mention_text>
      </entity_mention>
    </entity>
    <entity id="ent-1118" type="PER" specificity="specificGroup">
      <entity_mention id="m-1112" noun_type="NOM" source="NYT_ENG_20130701.0012" offset="2623" length="28">
        <mention_text>Russian diplomatic officials</mention_text>
        <nom_head source="NYT_ENG_20130701.0012" offset="2642" length="9">officials</nom_head>
      </entity_mention>
    </entity>
    <entity id="ent-1219" type="ORG" specificity="specificIndividual">
      <entity_mention id="m-1333" noun_type="NOM" source="NYT_ENG_20130701.0012" offset="3342" length="14">
        <mention_text>the government</mention_text>
        <nom_head source="NYT_ENG_20130701.0012" offset="3346" length="10">government</nom_head>
      </entity_mention>
    </entity>
    <entity id="ent-1281" type="ORG" specificity="specificIndividual">
      <entity_mention id="m-1275" noun_type="NOM" source="NYT_ENG_20130701.0012" offset="3008" length="20">
        <mention_text>the Foreign Ministry</mention_text>
        <nom_head source="NYT_ENG_20130701.0012" offset="3020" length="8">Ministry</nom_head>
      </entity_mention>
    </entity>
    <entity id="ent-1355" type="PER" specificity="specificIndividual">
      <entity_mention id="m-1349" noun_type="NOM" source="NYT_ENG_20130701.0012" offset="3528" length="26">
        <mention_text>a reporter from Kommersant</mention_text>
        <nom_head source="NYT_ENG_20130701.0012" offset="3530" length="8">reporter</nom_head>
      </entity_mention>
    </entity>
    <entity id="ent-1406" type="FAC" specificity="specificIndividual">
      <entity_mention id="m-1665" noun_type="NOM" source="NYT_ENG_20130701.0012" offset="4025" length="63">
        <mention_text>a part of the airport that is technically not Russian territory</mention_text>
        <nom_head source="NYT_ENG_20130701.0012" offset="4027" length="4">part</nom_head>
      </entity_mention>
    </entity>
    <entity id="ent-1453" type="PER" specificity="specificGroup">
      <entity_mention id="m-420" noun_type="NOM" source="NYT_ENG_20130701.0012" offset="3690" length="21">
        <mention_text>top Russian officials</mention_text>
        <nom_head source="NYT_ENG_20130701.0012" offset="3702" length="9">officials</nom_head>
      </entity_mention>
      <entity_mention id="m-1435" noun_type="PRO" source="NYT_ENG_20130701.0012" offset="3802" length="4">
        <mention_text>they</mention_text>
      </entity_mention>
      <entity_mention id="m-1447" noun_type="NOM" source="NYT_ENG_20130701.0012" offset="3888" length="13">
        <mention_text>Top officials</mention_text>
        <nom_head source="NYT_ENG_20130701.0012" offset="3892" length="9">officials</nom_head>
      </entity_mention>
    </entity>
    <entity id="ent-1502" type="ORG" specificity="specificIndividual">
      <entity_mention id="m-1496" noun_type="NOM" source="NYT_ENG_20130701.0012" offset="4382" length="18">
        <mention_text>the Public Chamber</mention_text>
        <nom_head source="NYT_ENG_20130701.0012" offset="4393" length="7">Chamber</nom_head>
      </entity_mention>
      <entity_mention id="m-1505" noun_type="NOM" source="NYT_ENG_20130701.0012" offset="4402" length="23">
        <mention_text>a Kremlin advisory body</mention_text>
        <nom_head source="NYT_ENG_20130701.0012" offset="4421" length="4">body</nom_head>
      </entity_mention>
    </entity>
    <entity id="ent-1511" type="ORG" specificity="specificIndividual">
      <entity_mention id="m-1805" noun_type="NAM" source="NYT_ENG_20130701.0012" offset="1340" length="9">
        <mention_text>WikiLeaks</mention_text>
      </entity_mention>
    </entity>
    <entity id="ent-1520" type="LOC" specificity="nonspecific">
      <entity_mention id="m-1614" noun_type="PRO" source="NYT_ENG_20130701.0012" offset="2085" length="5">
        <mention_text>where</mention_text>
      </entity_mention>
    </entity>
    <entity id="ent-1599" type="PER" specificity="nonspecific">
      <entity_mention id="m-1593" noun_type="NOM" source="NYT_ENG_20130701.0012" offset="1904" length="5">
        <mention_text>human</mention_text>
        <nom_head source="NYT_ENG_20130701.0012" offset="1904" length="5">human</nom_head>
      </entity_mention>
    </entity>
    <entity id="ent-1632" type="GPE" specificity="specificIndividual">
      <entity_mention id="m-1626" noun_type="NAM" source="NYT_ENG_20130701.0012" offset="2525" length="11">
        <mention_text>Los Angeles</mention_text>
      </entity_mention>
    </entity>
    <entity id="ent-1683" type="LOC" specificity="nonspecific">
      <entity_mention id="m-1677" noun_type="NOM" source="NYT_ENG_20130701.0012" offset="4071" length="17">
        <mention_text>Russian territory</mention_text>
        <nom_head source="NYT_ENG_20130701.0012" offset="4071" length="7">Russian</nom_head>
      </entity_mention>
    </entity>
    <entity id="ent-1692" type="PER" specificity="specificGroup">
      <entity_mention id="m-1686" noun_type="NOM" source="NYT_ENG_20130701.0012" offset="4207" length="36">
        <mention_text>A series of public figures in Russia</mention_text>
        <nom_head source="NYT_ENG_20130701.0012" offset="4226" length="7">figures</nom_head>
      </entity_mention>
    </entity>
    <entity id="ent-2436" type="ORG" specificity="specificIndividual">
      <entity_mention id="m-2430" noun_type="NAM" source="NYT_ENG_20130701.0012" offset="1175" length="8">
        <mention_text>Aeroflot</mention_text>
      </entity_mention>
    </entity>
  </entities>
  <fillers>
    <filler id="f-485" source="NYT_ENG_20130701.0012" offset="265" length="9" type="title">President</filler>
    <filler id="f-495" source="NYT_ENG_20130701.0012" offset="337" length="25" type="title">national security staffer</filler>
    <filler id="f-645" source="NYT_ENG_20130701.0012" offset="1350" length="8" type="title">activist</filler>
    <filler id="f-1308" source="NYT_ENG_20130701.0012" offset="3203" length="25" type="title">human rights commissioner</filler>
    <filler id="f-1347" source="NYT_ENG_20130701.0012" offset="3429" length="15" type="title">press secretary</filler>
    <filler id="f-2427" source="NYT_ENG_20130701.0012" offset="1175" length="15" type="vehicle">Aeroflot flight</filler>
    <filler id="f-1165" source="NYT_ENG_20130701.0012" offset="2546" length="6" type="time" nom_time="2013-07-01">Monday</filler>
    <filler id="f-2628" source="NYT_ENG_20130701.0012" offset="2669" length="6" type="time" nom_time="2013-07-01">Monday</filler>
    <filler id="f-2718" source="NYT_ENG_20130701.0012" offset="3264" length="8" type="time" nom_time="2013-06-xx">mid-June</filler>
    <filler id="f-1487" source="NYT_ENG_20130701.0012" offset="4120" length="6" type="time" nom_time="2013-06-30">Sunday</filler>
    <filler id="f-2209" source="NYT_ENG_20130701.0012" offset="295" length="6" type="time" nom_time="2013-07-01">Monday</filler>
    <filler id="f-2265" source="NYT_ENG_20130701.0012" offset="337" length="25" type="title">national security staffer</filler>
    <filler id="f-2587" source="NYT_ENG_20130701.0012" offset="2249" length="6" type="time" nom_time="2013-07-01">Monday</filler>
    <filler id="f-2805" source="NYT_ENG_20130701.0012" offset="4325" length="6" type="time" nom_time="2013-07-01">Monday</filler>
  </fillers>
  <relations>
    <relation id="r-1324" type="personalsocial" subtype="role">
      <relation_mention id="relm-477" realis="true">
        <rel_arg1 entity_id="ent-48" entity_mention_id="m-60" role="per">Vladimir Putin</rel_arg1>
        <rel_arg2 filler_id="f-485" role="role">President</rel_arg2>
      </relation_mention>
    </relation>
    <relation id="r-1325" type="personalsocial" subtype="role">
      <relation_mention id="relm-487" realis="true">
        <rel_arg1 entity_id="ent-8" entity_mention_id="m-1551" role="per">the former national security staffer accused of espionage</rel_arg1>
        <rel_arg2 filler_id="f-495" role="role">national security staffer</rel_arg2>
      </relation_mention>
    </relation>
    <relation id="r-1326" type="physical" subtype="locatednear">
      <relation_mention id="relm-506" realis="true">
        <rel_arg1 entity_id="ent-48" entity_mention_id="m-90" role="entity">Putin</rel_arg1>
        <rel_arg2 entity_id="ent-57" entity_mention_id="m-497" role="loc">here</rel_arg2>
        <trigger source="NYT_ENG_20130701.0012" offset="513" length="2">At</trigger>
      </relation_mention>
    </relation>
    <relation id="r-1327" type="personalsocial" subtype="role">
      <relation_mention id="relm-637" realis="true">
        <rel_arg1 entity_id="ent-180" entity_mention_id="m-1569" role="per">a WikiLeaks activist who is traveling with him</rel_arg1>
        <rel_arg2 filler_id="f-645" role="role">activist</rel_arg2>
      </relation_mention>
    </relation>
    <relation id="r-1328" type="physical" subtype="locatednear">
      <relation_mention id="relm-689" realis="true">
        <rel_arg1 entity_id="ent-8" entity_mention_id="m-18" role="entity">SNOWDEN</rel_arg1>
        <rel_arg2 entity_id="ent-39" entity_mention_id="m-33" role="loc">RUSSIA</rel_arg2>
        <trigger source="NYT_ENG_20130701.0012" offset="211" length="2">IN</trigger>
      </relation_mention>
      <relation_mention id="relm-730" realis="true">
        <rel_arg1 entity_id="ent-8" entity_mention_id="m-541" role="entity">his</rel_arg1>
        <rel_arg2 entity_id="ent-39" entity_mention_id="m-120" role="loc">Russia</rel_arg2>
        <trigger source="NYT_ENG_20130701.0012" offset="741" length="2">in</trigger>
      </relation_mention>
      <relation_mention id="relm-749" realis="true">
        <rel_arg1 entity_id="ent-8" entity_mention_id="m-589" role="entity">he</rel_arg1>
        <rel_arg2 entity_id="ent-39" entity_mention_id="m-595" role="loc">here</rel_arg2>
        <trigger source="NYT_ENG_20130701.0012" offset="954" length="3">say</trigger>
      </relation_mention>
    </relation>
    <relation id="r-1329" type="generalaffiliation" subtype="more">
      <relation_mention id="relm-850" realis="true">
        <rel_arg1 entity_id="ent-8" entity_mention_id="m-183" role="per">Snowden</rel_arg1>
        <rel_arg2 entity_id="ent-30" entity_mention_id="m-189" role="entity">U.S.</rel_arg2>
      </relation_mention>
    </relation>
    <relation id="r-1330" type="physical" subtype="locatednear">
      <relation_mention id="relm-881" realis="true">
        <rel_arg1 entity_id="ent-8" entity_mention_id="m-665" role="entity">his</rel_arg1>
        <rel_arg2 entity_id="ent-447" entity_mention_id="m-671" role="loc">Sheremetyevo Airport</rel_arg2>
        <trigger source="NYT_ENG_20130701.0012" offset="1646" length="2">at</trigger>
      </relation_mention>
      <relation_mention id="relm-1409" realis="true">
        <rel_arg1 entity_id="ent-8" entity_mention_id="m-396" role="entity">Snowden</rel_arg1>
        <rel_arg2 entity_id="ent-447" entity_mention_id="m-441" role="loc">Sheremetyevo airport</rel_arg2>
        <trigger source="NYT_ENG_20130701.0012" offset="3665" length="2">at</trigger>
      </relation_mention>
    </relation>
    <relation id="r-1331" type="physical" subtype="orglocationorigin">
      <relation_mention id="relm-1084" realis="true">
        <rel_arg1 entity_id="ent-1043" entity_mention_id="m-1037" role="org">a Russian consulate in Terminal F of the airport</rel_arg1>
        <rel_arg2 entity_id="ent-1061" entity_mention_id="m-1055" role="loc">Terminal F</rel_arg2>
        <trigger source="NYT_ENG_20130701.0012" offset="2437" length="2">in</trigger>
      </relation_mention>
    </relation>
    <relation id="r-1332" type="partwhole" subtype="subsidiary">
      <relation_mention id="relm-1290" realis="true">
        <rel_arg1 entity_id="ent-522" entity_mention_id="m-1284" role="suborg">the Russian government</rel_arg1>
        <rel_arg2 entity_id="ent-39" entity_mention_id="m-312" role="parent">Russian</rel_arg2>
        <trigger source="NYT_ENG_20130701.0012" offset="3155" length="7">Russian</trigger>
      </relation_mention>
      <relation_mention id="relm-1725" realis="true">
        <rel_arg1 entity_id="ent-522" entity_mention_id="m-516" role="suborg">the Russian government</rel_arg1>
        <rel_arg2 entity_id="ent-39" entity_mention_id="m-102" role="parent">Russian</rel_arg2>
        <trigger source="NYT_ENG_20130701.0012" offset="595" length="7">Russian</trigger>
      </relation_mention>
    </relation>
    <relation id="r-1333" type="personalsocial" subtype="role">
      <relation_mention id="relm-1300" realis="true">
        <rel_arg1 entity_id="ent-408" entity_mention_id="m-1647" role="per">Russia’s human rights commissioner</rel_arg1>
        <rel_arg2 filler_id="f-1308" role="role">human rights commissioner</rel_arg2>
      </relation_mention>
    </relation>
    <relation id="r-1334" type="personalsocial" subtype="role">
      <relation_mention id="relm-1339" realis="true">
        <rel_arg1 entity_id="ent-336" entity_mention_id="m-1659" role="per">Putin’s press secretary</rel_arg1>
        <rel_arg2 filler_id="f-1347" role="role">press secretary</rel_arg2>
      </relation_mention>
    </relation>
    <relation id="r-1335" type="orgaffiliation" subtype="employmentmembership">
      <relation_mention id="relm-1390" realis="true">
        <rel_arg1 entity_id="ent-1355" entity_mention_id="m-1349" role="employeemember">a reporter from Kommersant</rel_arg1>
        <rel_arg2 entity_id="ent-438" entity_mention_id="m-432" role="org">Kommersant</rel_arg2>
        <trigger source="NYT_ENG_20130701.0012" offset="3539" length="4">from</trigger>
      </relation_mention>
    </relation>
    <relation id="r-1336" type="orgaffiliation" subtype="employmentmembership">
      <relation_mention id="relm-1529" realis="true">
        <rel_arg1 entity_id="ent-351" entity_mention_id="m-1701" role="employeemember">a prominent member of the majority United Russia Party</rel_arg1>
        <rel_arg2 entity_id="ent-360" entity_mention_id="m-354" role="org">United Russia</rel_arg2>
        <trigger source="NYT_ENG_20130701.0012" offset="4531" length="6">member</trigger>
      </relation_mention>
    </relation>
    <relation id="r-1337" type="physical" subtype="locatednear">
      <relation_mention id="relm-1735" realis="false">
        <rel_arg1 entity_id="ent-8" entity_mention_id="m-108" role="entity">Snowden</rel_arg1>
        <rel_arg2 entity_id="ent-30" entity_mention_id="m-96" role="loc">U.S.</rel_arg2>
        <trigger source="NYT_ENG_20130701.0012" offset="617" length="9">extradite</trigger>
      </relation_mention>
    </relation>
    <relation id="r-1338" type="physical" subtype="locatednear">
      <relation_mention id="relm-1745" realis="false">
        <rel_arg1 entity_id="ent-8" entity_mention_id="m-571" role="entity">he</rel_arg1>
        <rel_arg2 entity_id="ent-503" entity_mention_id="m-1557" role="loc">somewhere</rel_arg2>
        <trigger source="NYT_ENG_20130701.0012" offset="884" length="2">go</trigger>
      </relation_mention>
    </relation>
    <relation id="r-1339" type="generalaffiliation" subtype="more">
      <relation_mention id="relm-1755" realis="true">
        <rel_arg1 entity_id="ent-562" entity_mention_id="m-625" role="per">our American partners</rel_arg1>
        <rel_arg2 entity_id="ent-30" entity_mention_id="m-619" role="entity">American</rel_arg2>
        <trigger source="NYT_ENG_20130701.0012" offset="1045" length="8">American</trigger>
      </relation_mention>
    </relation>
    <relation id="r-1340" type="physical" subtype="locatednear">
      <relation_mention id="relm-1765" realis="true">
        <rel_arg1 entity_id="ent-8" entity_mention_id="m-144" role="entity">Snowden</rel_arg1>
        <rel_arg2 entity_id="ent-156" entity_mention_id="m-150" role="loc">Hong Kong</rel_arg2>
        <trigger source="NYT_ENG_20130701.0012" offset="1191" length="4">from</trigger>
      </relation_mention>
    </relation>
    <relation id="r-1341" type="physical" subtype="locatednear">
      <relation_mention id="relm-1775" realis="false">
        <rel_arg1 entity_id="ent-8" entity_mention_id="m-144" role="entity">Snowden</rel_arg1>
        <rel_arg2 entity_id="ent-165" entity_mention_id="m-159" role="loc">Latin America</rel_arg2>
        <trigger source="NYT_ENG_20130701.0012" offset="1257" length="6">headed</trigger>
      </relation_mention>
    </relation>
    <relation id="r-1342" type="personalsocial" subtype="unspecified">
      <relation_mention id="relm-1785" realis="true">
        <rel_arg1 entity_id="ent-8" entity_mention_id="m-168" role="per">Snowden</rel_arg1>
        <rel_arg2 entity_id="ent-180" entity_mention_id="m-174" role="per">Sarah Harrison</rel_arg2>
      </relation_mention>
    </relation>
    <relation id="r-1343" type="orgaffiliation" subtype="employmentmembership">
      <relation_mention id="relm-1795" realis="true">
        <rel_arg1 entity_id="ent-180" entity_mention_id="m-1569" role="employeemember">a WikiLeaks activist who is traveling with him</rel_arg1>
        <rel_arg2 entity_id="ent-1511" entity_mention_id="m-1805" role="org">WikiLeaks</rel_arg2>
      </relation_mention>
    </relation>
    <relation id="r-1344" type="physical" subtype="locatednear">
      <relation_mention id="relm-1811" realis="false">
        <rel_arg1 entity_id="ent-8" entity_mention_id="m-659" role="entity">his</rel_arg1>
        <rel_arg2 entity_id="ent-201" entity_mention_id="m-1581" role="loc">his original destination</rel_arg2>
        <trigger source="NYT_ENG_20130701.0012" offset="1555" length="11">destination</trigger>
      </relation_mention>
    </relation>
    <relation id="r-1345" type="physical" subtype="locatednear">
      <relation_mention id="relm-1821" realis="true">
        <rel_arg1 entity_id="ent-447" entity_mention_id="m-671" role="entity">Sheremetyevo Airport</rel_arg1>
        <rel_arg2 entity_id="ent-57" entity_mention_id="m-1587" role="loc">here</rel_arg2>
      </relation_mention>
    </relation>
    <relation id="r-1346" type="physical" subtype="locatednear">
      <relation_mention id="relm-1831" realis="true">
        <rel_arg1 entity_id="ent-8" entity_mention_id="m-930" role="entity">himself</rel_arg1>
        <rel_arg2 entity_id="ent-942" entity_mention_id="m-936" role="loc">a country to go to</rel_arg2>
        <trigger source="NYT_ENG_20130701.0012" offset="2074" length="2">go</trigger>
      </relation_mention>
    </relation>
    <relation id="r-1347" type="physical" subtype="resident">
      <relation_mention id="relm-1841" realis="false">
        <rel_arg1 entity_id="ent-8" entity_mention_id="m-930" role="per">himself</rel_arg1>
        <rel_arg2 entity_id="ent-1520" entity_mention_id="m-1614" role="loc">where</rel_arg2>
        <trigger source="NYT_ENG_20130701.0012" offset="2094" length="4">move</trigger>
      </relation_mention>
    </relation>
    <relation id="r-1348" type="orgaffiliation" subtype="employmentmembership">
      <relation_mention id="relm-1851" realis="true">
        <rel_arg1 entity_id="ent-995" entity_mention_id="m-989" role="employeemember">a Russian immigration official</rel_arg1>
        <rel_arg2 entity_id="ent-39" entity_mention_id="m-234" role="org">Russian</rel_arg2>
        <trigger source="NYT_ENG_20130701.0012" offset="2215" length="7">Russian</trigger>
      </relation_mention>
    </relation>
    <relation id="r-1349" type="partwhole" subtype="subsidiary">
      <relation_mention id="relm-1881" realis="true">
        <rel_arg1 entity_id="ent-1043" entity_mention_id="m-1037" role="suborg">a Russian consulate in Terminal F of the airport</rel_arg1>
        <rel_arg2 entity_id="ent-39" entity_mention_id="m-246" role="parent">Russian</rel_arg2>
        <trigger source="NYT_ENG_20130701.0012" offset="2419" length="7">Russian</trigger>
      </relation_mention>
    </relation>
    <relation id="r-1350" type="physical" subtype="locatednear">
      <relation_mention id="relm-1891" realis="true">
        <rel_arg1 entity_id="ent-1061" entity_mention_id="m-1055" role="entity">Terminal F</rel_arg1>
        <rel_arg2 entity_id="ent-447" entity_mention_id="m-1064" role="loc">the airport</rel_arg2>
        <trigger source="NYT_ENG_20130701.0012" offset="2451" length="2">of</trigger>
      </relation_mention>
    </relation>
    <relation id="r-1351" type="physical" subtype="orglocationorigin">
      <relation_mention id="relm-1911" realis="true">
        <rel_arg1 entity_id="ent-1109" entity_mention_id="m-1103" role="org">Los Angeles Times</rel_arg1>
        <rel_arg2 entity_id="ent-1632" entity_mention_id="m-1626" role="loc">Los Angeles</rel_arg2>
      </relation_mention>
    </relation>
    <relation id="r-1352" type="orgaffiliation" subtype="employmentmembership">
      <relation_mention id="relm-1921" realis="true">
        <rel_arg1 entity_id="ent-1118" entity_mention_id="m-1112" role="employeemember">Russian diplomatic officials</rel_arg1>
        <rel_arg2 entity_id="ent-39" entity_mention_id="m-252" role="org">Russian</rel_arg2>
        <trigger source="NYT_ENG_20130701.0012" offset="2623" length="7">Russian</trigger>
      </relation_mention>
    </relation>
    <relation id="r-1353" type="orgaffiliation" subtype="employmentmembership">
      <relation_mention id="relm-1951" realis="true">
        <rel_arg1 entity_id="ent-285" entity_mention_id="m-279" role="employeemember">Ecuadorean officials</rel_arg1>
        <rel_arg2 entity_id="ent-201" entity_mention_id="m-1201" role="org">Ecuadorean</rel_arg2>
        <trigger source="NYT_ENG_20130701.0012" offset="2787" length="10">Ecuadorean</trigger>
      </relation_mention>
    </relation>
    <relation id="r-1354" type="partwhole" subtype="subsidiary">
      <relation_mention id="relm-1981" realis="true">
        <rel_arg1 entity_id="ent-1281" entity_mention_id="m-1275" role="suborg">the Foreign Ministry</rel_arg1>
        <rel_arg2 entity_id="ent-39" entity_mention_id="m-300" role="parent">Russian</rel_arg2>
        <trigger source="NYT_ENG_20130701.0012" offset="2987" length="7">Russian</trigger>
      </relation_mention>
    </relation>
    <relation id="r-1355" type="orgaffiliation" subtype="employmentmembership">
      <relation_mention id="relm-1991" realis="true">
        <rel_arg1 entity_id="ent-417" entity_mention_id="m-411" role="employeemember">Russian officials in the Foreign Ministry</rel_arg1>
        <rel_arg2 entity_id="ent-1281" entity_mention_id="m-1275" role="org">the Foreign Ministry</rel_arg2>
        <trigger source="NYT_ENG_20130701.0012" offset="3005" length="2">in</trigger>
      </relation_mention>
    </relation>
    <relation id="r-1356" type="orgaffiliation" subtype="employmentmembership">
      <relation_mention id="relm-2051" realis="true">
        <rel_arg1 entity_id="ent-408" entity_mention_id="m-1647" role="employeemember">Russia’s human rights commissioner</rel_arg1>
        <rel_arg2 entity_id="ent-39" entity_mention_id="m-318" role="org">Russia</rel_arg2>
        <trigger source="NYT_ENG_20130701.0012" offset="3194" length="8">Russia’s</trigger>
      </relation_mention>
    </relation>
    <relation id="r-1357" type="personalsocial" subtype="business">
      <relation_mention id="relm-2061" realis="true">
        <rel_arg1 entity_id="ent-336" entity_mention_id="m-1659" role="per">Putin’s press secretary</rel_arg1>
        <rel_arg2 entity_id="ent-48" entity_mention_id="m-426" role="per">Putin</rel_arg2>
        <trigger source="NYT_ENG_20130701.0012" offset="3421" length="7">Putin’s</trigger>
      </relation_mention>
    </relation>
    <relation id="r-1358" type="orgaffiliation" subtype="employmentmembership">
      <relation_mention id="relm-2071" realis="true">
        <rel_arg1 entity_id="ent-1453" entity_mention_id="m-420" role="employeemember">top Russian officials</rel_arg1>
        <rel_arg2 entity_id="ent-39" entity_mention_id="m-1429" role="org">Russian</rel_arg2>
        <trigger source="NYT_ENG_20130701.0012" offset="3694" length="7">Russian</trigger>
      </relation_mention>
    </relation>
    <relation id="r-1359" type="physical" subtype="locatednear">
      <relation_mention id="relm-2101" realis="true">
        <rel_arg1 entity_id="ent-8" entity_mention_id="m-677" role="entity">Snowden</rel_arg1>
        <rel_arg2 entity_id="ent-1406" entity_mention_id="m-1665" role="loc">a part of the airport that is technically not Russian territory</rel_arg2>
        <trigger source="NYT_ENG_20130701.0012" offset="4022" length="2">in</trigger>
      </relation_mention>
    </relation>
    <relation id="r-1360" type="physical" subtype="locatednear">
      <relation_mention id="relm-2111" realis="true">
        <rel_arg1 entity_id="ent-1406" entity_mention_id="m-1665" role="entity">a part of the airport that is technically not Russian territory</rel_arg1>
        <rel_arg2 entity_id="ent-447" entity_mention_id="m-1671" role="loc">the airport</rel_arg2>
        <trigger source="NYT_ENG_20130701.0012" offset="4032" length="2">of</trigger>
      </relation_mention>
    </relation>
    <relation id="r-1361" type="physical" subtype="locatednear">
      <relation_mention id="relm-2121" realis="true">
        <rel_arg1 entity_id="ent-1683" entity_mention_id="m-1677" role="entity">Russian territory</rel_arg1>
        <rel_arg2 entity_id="ent-39" entity_mention_id="m-462" role="loc">Russian</rel_arg2>
        <trigger source="NYT_ENG_20130701.0012" offset="4071" length="7">Russian</trigger>
      </relation_mention>
    </relation>
    <relation id="r-1362" type="physical" subtype="locatednear">
      <relation_mention id="relm-2131" realis="true">
        <rel_arg1 entity_id="ent-1692" entity_mention_id="m-1686" role="entity">A series of public figures in Russia</rel_arg1>
        <rel_arg2 entity_id="ent-39" entity_mention_id="m-378" role="loc">Russia</rel_arg2>
        <trigger source="NYT_ENG_20130701.0012" offset="4234" length="2">in</trigger>
      </relation_mention>
    </relation>
    <relation id="r-1363" type="partwhole" subtype="subsidiary">
      <relation_mention id="relm-2141" realis="true">
        <rel_arg1 entity_id="ent-1502" entity_mention_id="m-1505" role="suborg">a Kremlin advisory body</rel_arg1>
        <rel_arg2 entity_id="ent-522" entity_mention_id="m-468" role="parent">Kremlin</rel_arg2>
      </relation_mention>
    </relation>
    <relation id="r-1364" type="physical" subtype="orglocationorigin">
      <relation_mention id="relm-2151" realis="true">
        <rel_arg1 entity_id="ent-360" entity_mention_id="m-354" role="org">United Russia</rel_arg1>
        <rel_arg2 entity_id="ent-39" entity_mention_id="m-363" role="loc">Russia</rel_arg2>
      </relation_mention>
    </relation>
  </relations>
  <hoppers>
    <hopper id="h-16">
      <event_mention id="em-769" type="movement" subtype="transportperson" realis="actual">
        <trigger source="NYT_ENG_20130701.0012" offset="1161" length="7">arrived</trigger>
        <em_arg entity_id="ent-8" entity_mention_id="m-144" role="person" realis="true">Snowden</em_arg>
        <em_arg entity_id="ent-156" entity_mention_id="m-150" role="origin" realis="true">Hong Kong</em_arg>
        <em_arg filler_id="f-2427" role="instrument" realis="true">Aeroflot flight</em_arg>
      </event_mention>
      <event_mention id="em-2483" type="movement" subtype="transportperson" realis="actual">
        <trigger source="NYT_ENG_20130701.0012" offset="1637" length="8">stopover</trigger>
        <em_arg entity_id="ent-8" entity_mention_id="m-665" role="person" realis="true">his</em_arg>
        <em_arg entity_id="ent-447" entity_mention_id="m-671" role="destination" realis="true">Sheremetyevo Airport</em_arg>
      </event_mention>
    </hopper>
    <hopper id="h-825">
      <event_mention id="em-797" type="movement" subtype="transportperson" realis="other">
        <trigger source="NYT_ENG_20130701.0012" offset="1250" length="6">flight</trigger>
        <em_arg entity_id="ent-8" entity_mention_id="m-144" role="person" realis="true">Snowden</em_arg>
        <em_arg entity_id="ent-165" entity_mention_id="m-159" role="destination" realis="true">Latin America</em_arg>
      </event_mention>
    </hopper>
    <hopper id="h-848">
      <event_mention id="em-827" type="movement" subtype="transportperson" realis="actual">
        <trigger source="NYT_ENG_20130701.0012" offset="1366" length="9">traveling</trigger>
        <em_arg entity_id="ent-180" entity_mention_id="m-174" role="person" realis="true">Sarah Harrison</em_arg>
      </event_mention>
    </hopper>
    <hopper id="h-945">
      <event_mention id="em-860" type="movement" subtype="transportperson" realis="other">
        <trigger source="NYT_ENG_20130701.0012" offset="1495" length="5">leave</trigger>
        <em_arg entity_id="ent-8" entity_mention_id="m-653" role="person" realis="true">he</em_arg>
        <em_arg entity_id="ent-746" entity_mention_id="m-1575" role="origin" realis="true">the transit zone</em_arg>
      </event_mention>
    </hopper>
    <hopper id="h-947">
      <event_mention id="em-949" type="movement" subtype="transportperson" realis="other">
        <trigger source="NYT_ENG_20130701.0012" offset="2074" length="2">go</trigger>
        <em_arg entity_id="ent-8" entity_mention_id="m-930" role="person" realis="true">himself</em_arg>
        <em_arg entity_id="ent-942" entity_mention_id="m-936" role="destination" realis="true">a country to go to</em_arg>
      </event_mention>
    </hopper>
    <hopper id="h-1189">
      <event_mention id="em-1168" type="contact" subtype="meet" realis="actual" audience="twoway" formality="formal" medium="inperson" schedule="planned">
        <trigger source="NYT_ENG_20130701.0012" offset="2684" length="7">meeting</trigger>
        <em_arg entity_id="ent-1118" entity_mention_id="m-1112" role="entity" realis="true">Russian diplomatic officials</em_arg>
        <em_arg filler_id="f-2628" role="time" realis="true">Monday</em_arg>
      </event_mention>
    </hopper>
    <hopper id="h-1250">
      <event_mention id="em-1222" type="movement" subtype="transportperson" realis="other">
        <trigger source="NYT_ENG_20130701.0012" offset="884" length="2">go</trigger>
        <em_arg entity_id="ent-8" entity_mention_id="m-571" role="person" realis="true">he</em_arg>
        <em_arg entity_id="ent-503" entity_mention_id="m-1557" role="destination" realis="false">somewhere</em_arg>
      </event_mention>
    </hopper>
    <hopper id="h-1273">
      <event_mention id="em-1252" type="contact" subtype="correspondence" realis="other" audience="twoway" formality="formal" medium="notinperson" schedule="planned">
        <trigger source="NYT_ENG_20130701.0012" offset="2973" length="8">response</trigger>
        <em_arg entity_id="ent-417" entity_mention_id="m-411" role="entity" realis="true">Russian officials in the Foreign Ministry</em_arg>
        <em_arg entity_id="ent-8" entity_mention_id="m-294" role="entity" realis="true">Snowden</em_arg>
      </event_mention>
      <event_mention id="em-2721" type="contact" subtype="correspondence" realis="other" audience="twoway" formality="formal" medium="notinperson" schedule="planned">
        <trigger source="NYT_ENG_20130701.0012" offset="3582" length="7">request</trigger>
        <em_arg entity_id="ent-39" entity_mention_id="m-1400" role="entity" realis="true">we</em_arg>
      </event_mention>
    </hopper>
    <hopper id="h-1331">
      <event_mention id="em-1310" type="contact" subtype="broadcast" realis="actual" audience="oneway" formality="formal" medium="canttell" schedule="planned">
        <trigger source="NYT_ENG_20130701.0012" offset="3241" length="9">interview</trigger>
        <em_arg entity_id="ent-408" entity_mention_id="m-402" role="entity" realis="true">Vladimir P. Lukin</em_arg>
      </event_mention>
    </hopper>
    <hopper id="h-1386">
      <event_mention id="em-1358" type="contact" subtype="broadcast" realis="actual" audience="oneway" formality="formal" medium="canttell" schedule="canttell">
        <trigger source="NYT_ENG_20130701.0012" offset="3520" length="7">telling</trigger>
        <em_arg entity_id="ent-336" entity_mention_id="m-330" role="entity" realis="true">Dmitri S. Peskov</em_arg>
        <em_arg entity_id="ent-1355" entity_mention_id="m-1349" role="entity" realis="true">a reporter from Kommersant</em_arg>
        <em_arg filler_id="f-2718" role="time" realis="true">mid-June</em_arg>
      </event_mention>
    </hopper>
    <hopper id="h-1388">
      <event_mention id="em-1462" type="contact" subtype="broadcast" realis="actual" audience="oneway" formality="formal" medium="notinperson" schedule="planned">
        <trigger source="NYT_ENG_20130701.0012" offset="4110" length="9">interview</trigger>
        <em_arg entity_id="ent-336" entity_mention_id="m-390" role="entity" realis="true">Peskov</em_arg>
        <em_arg filler_id="f-1487" role="time" realis="true">Sunday</em_arg>
      </event_mention>
    </hopper>
    <hopper id="h-2182">
      <event_mention id="em-2161" type="contact" subtype="broadcast" realis="actual" audience="oneway" formality="formal" medium="inperson" schedule="planned">
        <trigger source="NYT_ENG_20130701.0012" offset="228" length="4">SAYS</trigger>
        <em_arg entity_id="ent-48" entity_mention_id="m-42" role="entity" realis="true">PUTIN</em_arg>
      </event_mention>
      <event_mention id="em-2184" type="contact" subtype="broadcast" realis="actual" audience="oneway" formality="formal" medium="inperson" schedule="planned">
        <trigger source="NYT_ENG_20130701.0012" offset="290" length="4">said</trigger>
        <em_arg entity_id="ent-48" entity_mention_id="m-60" role="entity" realis="true">Vladimir Putin</em_arg>
        <em_arg filler_id="f-2209" role="time" realis="true">Monday</em_arg>
      </event_mention>
      <event_mention id="em-2293" type="contact" subtype="broadcast" realis="actual" audience="oneway" formality="formal" medium="inperson" schedule="planned">
        <trigger source="NYT_ENG_20130701.0012" offset="523" length="10">conference</trigger>
        <em_arg entity_id="ent-48" entity_mention_id="m-90" role="entity" realis="true">Putin</em_arg>
        <em_arg entity_id="ent-57" entity_mention_id="m-497" role="place" realis="true">here</em_arg>
      </event_mention>
    </hopper>
    <hopper id="h-2268">
      <event_mention id="em-2240" type="personnel" subtype="endposition" realis="actual">
        <trigger source="NYT_ENG_20130701.0012" offset="330" length="6">former</trigger>
        <em_arg entity_id="ent-8" entity_mention_id="m-1551" role="person" realis="true">the former national security staffer accused of espionage</em_arg>
        <em_arg filler_id="f-2265" role="position" realis="true">national security staffer</em_arg>
      </event_mention>
    </hopper>
    <hopper id="h-2270">
      <event_mention id="em-2272" type="contact" subtype="broadcast" realis="other" audience="oneway" formality="canttell" medium="notinperson" schedule="planned">
        <trigger source="NYT_ENG_20130701.0012" offset="446" length="10">publishing</trigger>
        <em_arg entity_id="ent-8" entity_mention_id="m-78" role="entity" realis="true">he</em_arg>
      </event_mention>
      <event_mention id="em-2365" type="contact" subtype="broadcast" realis="other" audience="oneway" formality="canttell" medium="notinperson" schedule="planned">
        <trigger source="NYT_ENG_20130701.0012" offset="684" length="10">publishing</trigger>
        <em_arg entity_id="ent-8" entity_mention_id="m-114" role="entity" realis="true">Snowden</em_arg>
      </event_mention>
      <event_mention id="em-2511" type="contact" subtype="broadcast" realis="other" audience="oneway" formality="canttell" medium="notinperson" schedule="planned">
        <trigger source="NYT_ENG_20130701.0012" offset="1802" length="10">publishing</trigger>
        <em_arg entity_id="ent-8" entity_mention_id="m-216" role="entity" realis="true">Snowden</em_arg>
      </event_mention>
    </hopper>
    <hopper id="h-2363">
      <event_mention id="em-2321" type="movement" subtype="transportperson" realis="other">
        <trigger source="NYT_ENG_20130701.0012" offset="617" length="9">extradite</trigger>
        <em_arg entity_id="ent-522" entity_mention_id="m-516" role="agent" realis="true">the Russian government</em_arg>
        <em_arg entity_id="ent-8" entity_mention_id="m-108" role="person" realis="true">Snowden</em_arg>
        <em_arg entity_id="ent-39" entity_mention_id="m-102" role="origin" realis="true">Russian</em_arg>
        <em_arg entity_id="ent-30" entity_mention_id="m-96" role="destination" realis="true">U.S.</em_arg>
      </event_mention>
    </hopper>
    <hopper id="h-2414">
      <event_mention id="em-2386" type="movement" subtype="transportperson" realis="other">
        <trigger source="NYT_ENG_20130701.0012" offset="785" length="5">gives</trigger>
        <em_arg entity_id="ent-39" entity_mention_id="m-126" role="agent" realis="true">Russia</em_arg>
        <em_arg entity_id="ent-553" entity_mention_id="m-547" role="person" realis="true">anyone</em_arg>
      </event_mention>
    </hopper>
    <hopper id="h-2481">
      <event_mention id="em-2453" type="movement" subtype="transportperson" realis="other">
        <trigger source="NYT_ENG_20130701.0012" offset="1555" length="11">destination</trigger>
        <em_arg entity_id="ent-8" entity_mention_id="m-204" role="person" realis="true">Snowden</em_arg>
        <em_arg entity_id="ent-201" entity_mention_id="m-1581" role="destination" realis="false">his original destination</em_arg>
      </event_mention>
    </hopper>
    <hopper id="h-2532">
      <event_mention id="em-2534" type="movement" subtype="transportperson" realis="other">
        <trigger source="NYT_ENG_20130701.0012" offset="2094" length="4">move</trigger>
        <em_arg entity_id="ent-8" entity_mention_id="m-930" role="agent" realis="true">himself</em_arg>
        <em_arg entity_id="ent-1520" entity_mention_id="m-1614" role="destination" realis="true">where</em_arg>
      </event_mention>
    </hopper>
    <hopper id="h-2590">
      <event_mention id="em-2562" type="contact" subtype="contact" realis="actual" audience="canttell" formality="formal" medium="canttell" schedule="planned">
        <trigger source="NYT_ENG_20130701.0012" offset="2244" length="4">said</trigger>
        <em_arg entity_id="ent-995" entity_mention_id="m-989" role="entity" realis="true">a Russian immigration official</em_arg>
        <em_arg filler_id="f-2587" role="time" realis="false">Monday</em_arg>
      </event_mention>
    </hopper>
    <hopper id="h-2592">
      <event_mention id="em-1131" type="contact" subtype="broadcast" realis="actual" audience="oneway" formality="formal" medium="canttell" schedule="planned">
        <trigger source="NYT_ENG_20130701.0012" offset="2516" length="4">told</trigger>
        <em_arg entity_id="ent-1100" entity_mention_id="m-1094" role="entity" realis="true">A Foreign Ministry official</em_arg>
        <em_arg entity_id="ent-1109" entity_mention_id="m-1103" role="entity" realis="true"> Los Angeles Times</em_arg>
        <em_arg filler_id="f-1165" role="time" realis="true">Monday</em_arg>
      </event_mention>
    </hopper>
    <hopper id="h-2594">
      <event_mention id="em-2596" type="contact" subtype="correspondence" realis="actual" audience="twoway" formality="formal" medium="notinperson" schedule="planned">
        <trigger source="NYT_ENG_20130701.0012" offset="2570" length="7">applied</trigger>
        <em_arg entity_id="ent-8" entity_mention_id="m-258" role="entity" realis="true">Snowden</em_arg>
        <em_arg entity_id="ent-270" entity_mention_id="m-264" role="entity" realis="true">15 countries</em_arg>
      </event_mention>
    </hopper>
    <hopper id="h-2652">
      <event_mention id="em-2631" type="contact" subtype="contact" realis="actual" audience="canttell" formality="formal" medium="canttell" schedule="planned">
        <trigger source="NYT_ENG_20130701.0012" offset="2808" length="4">said</trigger>
        <em_arg entity_id="ent-285" entity_mention_id="m-279" role="entity" realis="true">Ecuadorean officials</em_arg>
      </event_mention>
    </hopper>
    <hopper id="h-2689">
      <event_mention id="em-2661" type="contact" subtype="correspondence" realis="generic" audience="twoway" formality="formal" medium="notinperson" schedule="planned">
        <trigger source="NYT_ENG_20130701.0012" offset="3139" length="6">answer</trigger>
        <em_arg entity_id="ent-522" entity_mention_id="m-1284" role="entity" realis="true">the Russian government</em_arg>
        <em_arg entity_id="ent-39" entity_mention_id="m-312" role="place" realis="true">Russian</em_arg>
      </event_mention>
    </hopper>
    <hopper id="h-2712">
      <event_mention id="em-2691" type="contact" subtype="broadcast" realis="actual" audience="oneway" formality="canttell" medium="notinperson" schedule="planned">
        <trigger source="NYT_ENG_20130701.0012" offset="3324" length="11">disclosures</trigger>
        <em_arg entity_id="ent-8" entity_mention_id="m-1653" role="entity" realis="true">the source of disclosures about the government’s widespread collection of private Internet and telephone data</em_arg>
      </event_mention>
    </hopper>
    <hopper id="h-2763">
      <event_mention id="em-2742" type="contact" subtype="contact" realis="actual" audience="canttell" formality="formal" medium="canttell" schedule="canttell">
        <trigger source="NYT_ENG_20130701.0012" offset="3907" length="4">said</trigger>
        <em_arg entity_id="ent-1453" entity_mention_id="m-1447" role="entity" realis="true">Top officials</em_arg>
      </event_mention>
    </hopper>
    <hopper id="h-2786">
      <event_mention id="em-2765" type="movement" subtype="transportperson" realis="other">
        <trigger source="NYT_ENG_20130701.0012" offset="3975" length="6">passed</trigger>
        <em_arg entity_id="ent-8" entity_mention_id="m-677" role="agent" realis="true">Snowden</em_arg>
      </event_mention>
    </hopper>
    <hopper id="h-2816">
      <event_mention id="em-2788" type="contact" subtype="meet" realis="actual" audience="twoway" formality="formal" medium="inperson" schedule="planned">
        <trigger source="NYT_ENG_20130701.0012" offset="4367" length="11">round table</trigger>
        <em_arg filler_id="f-2805" role="time" realis="true">Monday</em_arg>
        <em_arg entity_id="ent-1502" entity_mention_id="m-1496" role="entity" realis="true">the Public Chamber</em_arg>
      </event_mention>
    </hopper>
    <hopper id="h-2839">
      <event_mention id="em-2818" type="contact" subtype="contact" realis="actual" audience="canttell" formality="formal" medium="canttell" schedule="canttell">
        <trigger source="NYT_ENG_20130701.0012" offset="4494" length="4">said</trigger>
        <em_arg entity_id="ent-351" entity_mention_id="m-345" role="entity" realis="true">Alexander Sidyakin</em_arg>
      </event_mention>
    </hopper>
  </hoppers>
</deft_ere>
