<?xml version="1.0" encoding="UTF-8"?>
<deft_ere kit_id="5733b8b10000000000000057" doc_id="NYT_ENG_20130615.0198" source_type="newswire">
  <entities>
    <entity id="ent-8" type="GPE" specificity="specificIndividual">
      <entity_mention id="m-28" noun_type="NAM" source="NYT_ENG_20130615.0198" offset="172" length="5">
        <mention_text>CHINA</mention_text>
      </entity_mention>
      <entity_mention id="m-43" noun_type="NAM" source="NYT_ENG_20130615.0198" offset="259" length="5">
        <mention_text>China</mention_text>
      </entity_mention>
      <entity_mention id="m-49" noun_type="NAM" source="NYT_ENG_20130615.0198" offset="433" length="7">
        <mention_text>Chinese</mention_text>
      </entity_mention>
      <entity_mention id="m-156" noun_type="NOM" source="NYT_ENG_20130615.0198" offset="1142" length="11">
        <mention_text>the country</mention_text>
        <nom_head source="NYT_ENG_20130615.0198" offset="1146" length="7">country</nom_head>
      </entity_mention>
      <entity_mention id="m-178" noun_type="NAM" source="NYT_ENG_20130615.0198" offset="1302" length="5">
        <mention_text>China</mention_text>
      </entity_mention>
      <entity_mention id="m-268" noun_type="NAM" source="NYT_ENG_20130615.0198" offset="1898" length="5">
        <mention_text>China</mention_text>
      </entity_mention>
      <entity_mention id="m-444" noun_type="NAM" source="NYT_ENG_20130615.0198" offset="2248" length="5">
        <mention_text>China</mention_text>
      </entity_mention>
      <entity_mention id="m-663" noun_type="NAM" source="NYT_ENG_20130615.0198" offset="3632" length="7">
        <mention_text>Chinese</mention_text>
      </entity_mention>
      <entity_mention id="m-669" noun_type="NAM" source="NYT_ENG_20130615.0198" offset="3847" length="5">
        <mention_text>China</mention_text>
      </entity_mention>
      <entity_mention id="m-749" noun_type="NAM" source="NYT_ENG_20130615.0198" offset="4033" length="5">
        <mention_text>China</mention_text>
      </entity_mention>
      <entity_mention id="m-998" noun_type="NOM" source="NYT_ENG_20130615.0198" offset="734" length="5">
        <mention_text>state</mention_text>
        <nom_head source="NYT_ENG_20130615.0198" offset="734" length="5">state</nom_head>
      </entity_mention>
      <entity_mention id="m-1025" noun_type="PRO" source="NYT_ENG_20130615.0198" offset="1202" length="3">
        <mention_text>its</mention_text>
      </entity_mention>
      <entity_mention id="m-1082" noun_type="NAM" source="NYT_ENG_20130615.0198" offset="2430" length="5">
        <mention_text>China</mention_text>
      </entity_mention>
    </entity>
    <entity id="ent-40" type="GPE" specificity="specificIndividual">
      <entity_mention id="m-34" noun_type="NAM" source="NYT_ENG_20130615.0198" offset="247" length="9">
        <mention_text>HONG KONG</mention_text>
      </entity_mention>
      <entity_mention id="m-743" noun_type="NAM" source="NYT_ENG_20130615.0198" offset="3967" length="9">
        <mention_text>Hong Kong</mention_text>
      </entity_mention>
    </entity>
    <entity id="ent-61" type="GPE" specificity="specificGroup">
      <entity_mention id="m-55" noun_type="NOM" source="NYT_ENG_20130615.0198" offset="421" length="26">
        <mention_text>other major Chinese cities</mention_text>
        <nom_head source="NYT_ENG_20130615.0198" offset="441" length="6">cities</nom_head>
      </entity_mention>
    </entity>
    <entity id="ent-70" type="GPE" specificity="specificGroup">
      <entity_mention id="m-64" noun_type="NOM" source="NYT_ENG_20130615.0198" offset="526" length="11">
        <mention_text>some cities</mention_text>
        <nom_head source="NYT_ENG_20130615.0198" offset="531" length="6">cities</nom_head>
      </entity_mention>
    </entity>
    <entity id="ent-79" type="ORG" specificity="nonspecific">
      <entity_mention id="m-73" noun_type="NOM" source="NYT_ENG_20130615.0198" offset="828" length="63">
        <mention_text>heavy polluters like coal-fired power plants and metal smelters</mention_text>
        <nom_head source="NYT_ENG_20130615.0198" offset="834" length="9">polluters</nom_head>
      </entity_mention>
      <entity_mention id="m-253" noun_type="NOM" source="NYT_ENG_20130615.0198" offset="1670" length="15">
        <mention_text>heavy polluters</mention_text>
        <nom_head source="NYT_ENG_20130615.0198" offset="1676" length="9">polluters</nom_head>
      </entity_mention>
      <entity_mention id="m-262" noun_type="PRO" source="NYT_ENG_20130615.0198" offset="1693" length="5">
        <mention_text>their</mention_text>
      </entity_mention>
      <entity_mention id="m-621" noun_type="NOM" source="NYT_ENG_20130615.0198" offset="3303" length="9">
        <mention_text>polluters</mention_text>
        <nom_head source="NYT_ENG_20130615.0198" offset="3303" length="9">polluters</nom_head>
      </entity_mention>
    </entity>
    <entity id="ent-88" type="ORG" specificity="nonspecific">
      <entity_mention id="m-82" noun_type="NOM" source="NYT_ENG_20130615.0198" offset="849" length="23">
        <mention_text>coal-fired power plants</mention_text>
        <nom_head source="NYT_ENG_20130615.0198" offset="866" length="6">plants</nom_head>
      </entity_mention>
      <entity_mention id="m-438" noun_type="NOM" source="NYT_ENG_20130615.0198" offset="2194" length="23">
        <mention_text>Coal-fired power plants</mention_text>
        <nom_head source="NYT_ENG_20130615.0198" offset="2211" length="6">plants</nom_head>
      </entity_mention>
    </entity>
    <entity id="ent-97" type="ORG" specificity="nonspecific">
      <entity_mention id="m-91" noun_type="NOM" source="NYT_ENG_20130615.0198" offset="877" length="14">
        <mention_text>metal smelters</mention_text>
        <nom_head source="NYT_ENG_20130615.0198" offset="883" length="8">smelters</nom_head>
      </entity_mention>
    </entity>
    <entity id="ent-106" type="PER" specificity="specificIndividual">
      <entity_mention id="m-100" noun_type="NAM" source="NYT_ENG_20130615.0198" offset="972" length="6">
        <mention_text>Ma Jun</mention_text>
      </entity_mention>
      <entity_mention id="m-202" noun_type="PRO" source="NYT_ENG_20130615.0198" offset="1372" length="2">
        <mention_text>he</mention_text>
      </entity_mention>
      <entity_mention id="m-223" noun_type="PRO" source="NYT_ENG_20130615.0198" offset="1478" length="2">
        <mention_text>he</mention_text>
      </entity_mention>
      <entity_mention id="m-1010" noun_type="NOM" source="NYT_ENG_20130615.0198" offset="980" length="65">
        <mention_text>the director of the Institute of Public and Environmental Affairs</mention_text>
        <nom_head source="NYT_ENG_20130615.0198" offset="984" length="8">director</nom_head>
      </entity_mention>
    </entity>
    <entity id="ent-115" type="ORG" specificity="specificIndividual">
      <entity_mention id="m-109" noun_type="NAM" source="NYT_ENG_20130615.0198" offset="1000" length="45">
        <mention_text>Institute of Public and Environmental Affairs</mention_text>
      </entity_mention>
      <entity_mention id="m-208" noun_type="PRO" source="NYT_ENG_20130615.0198" offset="1385" length="2">
        <mention_text>we</mention_text>
      </entity_mention>
      <entity_mention id="m-891" noun_type="NOM" source="NYT_ENG_20130615.0198" offset="1047" length="74">
        <mention_text>one of the best-known independent environmental activist groups in Beijing</mention_text>
        <nom_head source="NYT_ENG_20130615.0198" offset="1047" length="3">one</nom_head>
      </entity_mention>
    </entity>
    <entity id="ent-144" type="GPE" specificity="specificIndividual">
      <entity_mention id="m-138" noun_type="NAM" source="NYT_ENG_20130615.0198" offset="1114" length="7">
        <mention_text>Beijing</mention_text>
      </entity_mention>
      <entity_mention id="m-543" noun_type="NAM" source="NYT_ENG_20130615.0198" offset="2541" length="7">
        <mention_text>Beijing</mention_text>
      </entity_mention>
      <entity_mention id="m-582" noun_type="NAM" source="NYT_ENG_20130615.0198" offset="2880" length="7">
        <mention_text>Beijing</mention_text>
      </entity_mention>
      <entity_mention id="m-814" noun_type="NAM" source="NYT_ENG_20130615.0198" offset="409" length="7">
        <mention_text>Beijing</mention_text>
      </entity_mention>
      <entity_mention id="m-1088" noun_type="PRO" source="NYT_ENG_20130615.0198" offset="2569" length="3">
        <mention_text>its</mention_text>
      </entity_mention>
    </entity>
    <entity id="ent-153" type="FAC" specificity="specificGroup">
      <entity_mention id="m-147" noun_type="NOM" source="NYT_ENG_20130615.0198" offset="1133" length="40">
        <mention_text>5,000 of the country’s biggest factories</mention_text>
        <nom_head source="NYT_ENG_20130615.0198" offset="1133" length="5">5,000</nom_head>
      </entity_mention>
      <entity_mention id="m-172" noun_type="PRO" source="NYT_ENG_20130615.0198" offset="1272" length="5">
        <mention_text>their</mention_text>
      </entity_mention>
    </entity>
    <entity id="ent-190" type="ORG" specificity="nonspecific">
      <entity_mention id="m-184" noun_type="NOM" source="NYT_ENG_20130615.0198" offset="1309" length="13">
        <mention_text>the factories</mention_text>
        <nom_head source="NYT_ENG_20130615.0198" offset="1313" length="9">factories</nom_head>
      </entity_mention>
      <entity_mention id="m-217" noun_type="PRO" source="NYT_ENG_20130615.0198" offset="1398" length="4">
        <mention_text>them</mention_text>
      </entity_mention>
    </entity>
    <entity id="ent-199" type="PER" specificity="nonspecific">
      <entity_mention id="m-193" noun_type="NOM" source="NYT_ENG_20130615.0198" offset="1358" length="6">
        <mention_text>people</mention_text>
        <nom_head source="NYT_ENG_20130615.0198" offset="1358" length="6">people</nom_head>
      </entity_mention>
      <entity_mention id="m-1004" noun_type="NOM" source="NYT_ENG_20130615.0198" offset="943" length="18">
        <mention_text>the general public</mention_text>
        <nom_head source="NYT_ENG_20130615.0198" offset="955" length="6">public</nom_head>
      </entity_mention>
      <entity_mention id="m-1031" noun_type="NOM" source="NYT_ENG_20130615.0198" offset="1237" length="10">
        <mention_text>the public</mention_text>
        <nom_head source="NYT_ENG_20130615.0198" offset="1241" length="6">public</nom_head>
      </entity_mention>
      <entity_mention id="m-1154" noun_type="NOM" source="NYT_ENG_20130615.0198" offset="3628" length="18">
        <mention_text>the Chinese public</mention_text>
        <nom_head source="NYT_ENG_20130615.0198" offset="3640" length="6">public</nom_head>
      </entity_mention>
    </entity>
    <entity id="ent-214" type="FAC" specificity="nonspecific">
      <entity_mention id="m-1142" noun_type="NOM" source="NYT_ENG_20130615.0198" offset="3391" length="6">
        <mention_text>street</mention_text>
        <nom_head source="NYT_ENG_20130615.0198" offset="3391" length="6">street</nom_head>
      </entity_mention>
    </entity>
    <entity id="ent-235" type="PER" specificity="specificGroup">
      <entity_mention id="m-229" noun_type="NOM" source="NYT_ENG_20130615.0198" offset="1502" length="16">
        <mention_text>national leaders</mention_text>
        <nom_head source="NYT_ENG_20130615.0198" offset="1511" length="7">leaders</nom_head>
      </entity_mention>
    </entity>
    <entity id="ent-244" type="ORG" specificity="specificIndividual">
      <entity_mention id="m-238" noun_type="NAM" source="NYT_ENG_20130615.0198" offset="662" length="13">
        <mention_text>State Council</mention_text>
      </entity_mention>
      <entity_mention id="m-247" noun_type="NOM" source="NYT_ENG_20130615.0198" offset="1640" length="11">
        <mention_text>The Cabinet</mention_text>
        <nom_head source="NYT_ENG_20130615.0198" offset="1644" length="7">Cabinet</nom_head>
      </entity_mention>
      <entity_mention id="m-567" noun_type="NOM" source="NYT_ENG_20130615.0198" offset="2781" length="11">
        <mention_text>The Cabinet</mention_text>
        <nom_head source="NYT_ENG_20130615.0198" offset="2785" length="7">Cabinet</nom_head>
      </entity_mention>
      <entity_mention id="m-606" noun_type="NAM" source="NYT_ENG_20130615.0198" offset="3098" length="13">
        <mention_text>State Council</mention_text>
      </entity_mention>
      <entity_mention id="m-648" noun_type="NOM" source="NYT_ENG_20130615.0198" offset="3451" length="11">
        <mention_text>the Cabinet</mention_text>
        <nom_head source="NYT_ENG_20130615.0198" offset="3455" length="7">Cabinet</nom_head>
      </entity_mention>
      <entity_mention id="m-830" noun_type="NOM" source="NYT_ENG_20130615.0198" offset="259" length="15">
        <mention_text>China’s Cabinet</mention_text>
        <nom_head source="NYT_ENG_20130615.0198" offset="267" length="7">Cabinet</nom_head>
      </entity_mention>
      <entity_mention id="m-846" noun_type="NOM" source="NYT_ENG_20130615.0198" offset="627" length="11">
        <mention_text>the cabinet</mention_text>
        <nom_head source="NYT_ENG_20130615.0198" offset="631" length="7">cabinet</nom_head>
      </entity_mention>
      <entity_mention id="m-992" noun_type="PRO" source="NYT_ENG_20130615.0198" offset="640" length="5">
        <mention_text>which</mention_text>
      </entity_mention>
      <entity_mention id="m-1136" noun_type="PRO" source="NYT_ENG_20130615.0198" offset="3269" length="2">
        <mention_text>It</mention_text>
      </entity_mention>
      <entity_mention id="m-1148" noun_type="PRO" source="NYT_ENG_20130615.0198" offset="3494" length="2">
        <mention_text>it</mention_text>
      </entity_mention>
    </entity>
    <entity id="ent-259" type="PER" specificity="specificGroup">
      <entity_mention id="m-1061" noun_type="NOM" source="NYT_ENG_20130615.0198" offset="2292" length="18">
        <mention_text>rock-throwing mobs</mention_text>
        <nom_head source="NYT_ENG_20130615.0198" offset="2306" length="4">mobs</nom_head>
      </entity_mention>
    </entity>
    <entity id="ent-311" type="GPE" specificity="specificIndividual">
      <entity_mention id="m-1863" noun_type="NAM" source="NYT_ENG_20130615.0198" offset="2270" length="6">
        <mention_text>Hainan</mention_text>
      </entity_mention>
    </entity>
    <entity id="ent-320" type="FAC" specificity="specificGroup">
      <entity_mention id="m-314" noun_type="NOM" source="NYT_ENG_20130615.0198" offset="2041" length="66">
        <mention_text>the streets in coastal cities including Dalian, Tianjin and Xiamen</mention_text>
        <nom_head source="NYT_ENG_20130615.0198" offset="2045" length="7">streets</nom_head>
      </entity_mention>
    </entity>
    <entity id="ent-329" type="GPE" specificity="specificGroup">
      <entity_mention id="m-323" noun_type="NOM" source="NYT_ENG_20130615.0198" offset="2056" length="51">
        <mention_text>coastal cities including Dalian, Tianjin and Xiamen</mention_text>
        <nom_head source="NYT_ENG_20130615.0198" offset="2064" length="6">cities</nom_head>
      </entity_mention>
    </entity>
    <entity id="ent-338" type="GPE" specificity="specificIndividual">
      <entity_mention id="m-332" noun_type="NAM" source="NYT_ENG_20130615.0198" offset="2081" length="6">
        <mention_text>Dalian</mention_text>
      </entity_mention>
    </entity>
    <entity id="ent-387" type="GPE" specificity="specificIndividual">
      <entity_mention id="m-381" noun_type="NAM" source="NYT_ENG_20130615.0198" offset="2089" length="7">
        <mention_text>Tianjin</mention_text>
      </entity_mention>
    </entity>
    <entity id="ent-396" type="GPE" specificity="specificIndividual">
      <entity_mention id="m-390" noun_type="NAM" source="NYT_ENG_20130615.0198" offset="2101" length="6">
        <mention_text>Xiamen</mention_text>
      </entity_mention>
    </entity>
    <entity id="ent-433" type="FAC" specificity="nonspecific">
      <entity_mention id="m-427" noun_type="NOM" source="NYT_ENG_20130615.0198" offset="2162" length="21">
        <mention_text>large chemical plants</mention_text>
        <nom_head source="NYT_ENG_20130615.0198" offset="2177" length="6">plants</nom_head>
      </entity_mention>
    </entity>
    <entity id="ent-456" type="LOC" specificity="specificIndividual">
      <entity_mention id="m-450" noun_type="NOM" source="NYT_ENG_20130615.0198" offset="2239" length="14">
        <mention_text>southern China</mention_text>
        <nom_head source="NYT_ENG_20130615.0198" offset="2248" length="5">China</nom_head>
      </entity_mention>
    </entity>
    <entity id="ent-465" type="GPE" specificity="specificGroup">
      <entity_mention id="m-459" noun_type="NOM" source="NYT_ENG_20130615.0198" offset="2239" length="47">
        <mention_text>southern China’s Guangdong and Hainan provinces</mention_text>
        <nom_head source="NYT_ENG_20130615.0198" offset="2277" length="9">provinces</nom_head>
      </entity_mention>
    </entity>
    <entity id="ent-483" type="GPE" specificity="specificIndividual">
      <entity_mention id="m-477" noun_type="NAM" source="NYT_ENG_20130615.0198" offset="2369" length="7">
        <mention_text>Shifang</mention_text>
      </entity_mention>
      <entity_mention id="m-1076" noun_type="NOM" source="NYT_ENG_20130615.0198" offset="2378" length="39">
        <mention_text>a town near Chengdu in Sichuan province</mention_text>
        <nom_head source="NYT_ENG_20130615.0198" offset="2380" length="4">town</nom_head>
      </entity_mention>
    </entity>
    <entity id="ent-492" type="GPE" specificity="specificIndividual">
      <entity_mention id="m-486" noun_type="NAM" source="NYT_ENG_20130615.0198" offset="2390" length="7">
        <mention_text>Chengdu</mention_text>
      </entity_mention>
    </entity>
    <entity id="ent-495" type="GPE" specificity="specificIndividual">
      <entity_mention id="m-518" noun_type="NAM" source="NYT_ENG_20130615.0198" offset="2401" length="16">
        <mention_text>Sichuan province</mention_text>
      </entity_mention>
    </entity>
    <entity id="ent-530" type="LOC" specificity="specificIndividual">
      <entity_mention id="m-524" noun_type="NOM" source="NYT_ENG_20130615.0198" offset="2422" length="13">
        <mention_text>western China</mention_text>
        <nom_head source="NYT_ENG_20130615.0198" offset="2430" length="5">China</nom_head>
      </entity_mention>
    </entity>
    <entity id="ent-555" type="GPE" specificity="specificIndividual">
      <entity_mention id="m-549" noun_type="NAM" source="NYT_ENG_20130615.0198" offset="2635" length="7">
        <mention_text>Tianjin</mention_text>
      </entity_mention>
      <entity_mention id="m-1094" noun_type="NOM" source="NYT_ENG_20130615.0198" offset="2616" length="15">
        <mention_text>the nearby city</mention_text>
        <nom_head source="NYT_ENG_20130615.0198" offset="2627" length="4">city</nom_head>
      </entity_mention>
    </entity>
    <entity id="ent-564" type="GPE" specificity="specificIndividual">
      <entity_mention id="m-558" noun_type="NAM" source="NYT_ENG_20130615.0198" offset="2656" length="14">
        <mention_text>Hebei province</mention_text>
      </entity_mention>
    </entity>
    <entity id="ent-579" type="ORG" specificity="specificGroup">
      <entity_mention id="m-573" noun_type="NOM" source="NYT_ENG_20130615.0198" offset="2842" length="58">
        <mention_text>very large municipal governments like Beijing and Shanghai</mention_text>
        <nom_head source="NYT_ENG_20130615.0198" offset="2863" length="11">governments</nom_head>
      </entity_mention>
    </entity>
    <entity id="ent-594" type="GPE" specificity="specificIndividual">
      <entity_mention id="m-588" noun_type="NAM" source="NYT_ENG_20130615.0198" offset="2892" length="8">
        <mention_text>Shanghai</mention_text>
      </entity_mention>
    </entity>
    <entity id="ent-603" type="GPE" specificity="specificGroup">
      <entity_mention id="m-597" noun_type="NOM" source="NYT_ENG_20130615.0198" offset="2902" length="11">
        <mention_text>Both cities</mention_text>
        <nom_head source="NYT_ENG_20130615.0198" offset="2907" length="6">cities</nom_head>
      </entity_mention>
    </entity>
    <entity id="ent-618" type="GPE" specificity="nonspecific">
      <entity_mention id="m-927" noun_type="NOM" source="NYT_ENG_20130615.0198" offset="2506" length="6">
        <mention_text>cities</mention_text>
        <nom_head source="NYT_ENG_20130615.0198" offset="2506" length="6">cities</nom_head>
      </entity_mention>
    </entity>
    <entity id="ent-660" type="PER" specificity="specificGroup">
      <entity_mention id="m-654" noun_type="NOM" source="NYT_ENG_20130615.0198" offset="3601" length="17">
        <mention_text>Corporate leaders</mention_text>
        <nom_head source="NYT_ENG_20130615.0198" offset="3611" length="7">leaders</nom_head>
      </entity_mention>
    </entity>
    <entity id="ent-681" type="PER" specificity="specificIndividual">
      <entity_mention id="m-675" noun_type="NAM" source="NYT_ENG_20130615.0198" offset="3855" length="19">
        <mention_text>Martin Brudermüller</mention_text>
      </entity_mention>
      <entity_mention id="m-808" noun_type="PRO" source="NYT_ENG_20130615.0198" offset="4016" length="2">
        <mention_text>he</mention_text>
      </entity_mention>
      <entity_mention id="m-1169" noun_type="NOM" source="NYT_ENG_20130615.0198" offset="3877" length="52">
        <mention_text>the vice chairman of the German chemicals giant BASF</mention_text>
        <nom_head source="NYT_ENG_20130615.0198" offset="3886" length="8">chairman</nom_head>
      </entity_mention>
    </entity>
    <entity id="ent-700" type="ORG" specificity="specificIndividual">
      <entity_mention id="m-694" noun_type="NAM" source="NYT_ENG_20130615.0198" offset="3925" length="4">
        <mention_text>BASF</mention_text>
      </entity_mention>
      <entity_mention id="m-1175" noun_type="NOM" source="NYT_ENG_20130615.0198" offset="3898" length="26">
        <mention_text>the German chemicals giant</mention_text>
        <nom_head source="NYT_ENG_20130615.0198" offset="3919" length="5">giant</nom_head>
      </entity_mention>
    </entity>
    <entity id="ent-740" type="PER" specificity="specificGroup">
      <entity_mention id="m-734" noun_type="NOM" source="NYT_ENG_20130615.0198" offset="3954" length="9">
        <mention_text>reporters</mention_text>
        <nom_head source="NYT_ENG_20130615.0198" offset="3954" length="9">reporters</nom_head>
      </entity_mention>
    </entity>
    <entity id="ent-761" type="LOC" specificity="specificIndividual">
      <entity_mention id="m-755" noun_type="NAM" source="NYT_ENG_20130615.0198" offset="4074" length="4">
        <mention_text>West</mention_text>
      </entity_mention>
    </entity>
    <entity id="ent-888" type="ORG" specificity="specificGroup">
      <entity_mention id="m-882" noun_type="NOM" source="NYT_ENG_20130615.0198" offset="1054" length="67">
        <mention_text>the best-known independent environmental activist groups in Beijing</mention_text>
        <nom_head source="NYT_ENG_20130615.0198" offset="1104" length="6">groups</nom_head>
      </entity_mention>
    </entity>
    <entity id="ent-939" type="GPE" specificity="nonspecific">
      <entity_mention id="m-933" noun_type="NOM" source="NYT_ENG_20130615.0198" offset="2517" length="9">
        <mention_text>provinces</mention_text>
        <nom_head source="NYT_ENG_20130615.0198" offset="2517" length="9">provinces</nom_head>
      </entity_mention>
    </entity>
    <entity id="ent-1022" type="FAC" specificity="nonspecific">
      <entity_mention id="m-1016" noun_type="NOM" source="NYT_ENG_20130615.0198" offset="1142" length="31">
        <mention_text>the country’s biggest factories</mention_text>
        <nom_head source="NYT_ENG_20130615.0198" offset="1164" length="9">factories</nom_head>
      </entity_mention>
    </entity>
    <entity id="ent-1049" type="PER" specificity="specificGroup">
      <entity_mention id="m-1043" noun_type="NOM" source="NYT_ENG_20130615.0198" offset="1993" length="33">
        <mention_text>Crowds numbering in the thousands</mention_text>
        <nom_head source="NYT_ENG_20130615.0198" offset="1993" length="6">Crowds</nom_head>
      </entity_mention>
    </entity>
    <entity id="ent-1058" type="GPE" specificity="specificIndividual">
      <entity_mention id="m-1857" noun_type="NAM" source="NYT_ENG_20130615.0198" offset="2256" length="9">
        <mention_text>Guangdong</mention_text>
      </entity_mention>
    </entity>
    <entity id="ent-1073" type="FAC" specificity="nonspecific">
      <entity_mention id="m-1067" noun_type="NOM" source="NYT_ENG_20130615.0198" offset="2338" length="16">
        <mention_text>a copper smelter</mention_text>
        <nom_head source="NYT_ENG_20130615.0198" offset="2347" length="7">smelter</nom_head>
      </entity_mention>
    </entity>
    <entity id="ent-1106" type="GPE" specificity="specificGroup">
      <entity_mention id="m-1100" noun_type="PRO" source="NYT_ENG_20130615.0198" offset="2685" length="5">
        <mention_text>their</mention_text>
      </entity_mention>
    </entity>
    <entity id="ent-1115" type="ORG" specificity="specificGroup">
      <entity_mention id="m-1109" noun_type="NOM" source="NYT_ENG_20130615.0198" offset="2685" length="44">
        <mention_text>their already huge coal-dependent industries</mention_text>
        <nom_head source="NYT_ENG_20130615.0198" offset="2719" length="10">industries</nom_head>
      </entity_mention>
    </entity>
    <entity id="ent-1124" type="GPE" specificity="nonspecific">
      <entity_mention id="m-612" noun_type="NOM" source="NYT_ENG_20130615.0198" offset="3128" length="11">
        <mention_text>more cities</mention_text>
        <nom_head source="NYT_ENG_20130615.0198" offset="3133" length="6">cities</nom_head>
      </entity_mention>
    </entity>
    <entity id="ent-1133" type="ORG" specificity="nonspecific">
      <entity_mention id="m-1127" noun_type="NOM" source="NYT_ENG_20130615.0198" offset="3242" length="16">
        <mention_text>local industries</mention_text>
        <nom_head source="NYT_ENG_20130615.0198" offset="3248" length="10">industries</nom_head>
      </entity_mention>
    </entity>
    <entity id="ent-1166" type="ORG" specificity="specificGroup">
      <entity_mention id="m-1160" noun_type="NOM" source="NYT_ENG_20130615.0198" offset="3744" length="21">
        <mention_text>the chemical industry</mention_text>
        <nom_head source="NYT_ENG_20130615.0198" offset="3757" length="8">industry</nom_head>
      </entity_mention>
    </entity>
    <entity id="ent-1187" type="GPE" specificity="specificIndividual">
      <entity_mention id="m-1181" noun_type="NAM" source="NYT_ENG_20130615.0198" offset="3902" length="6">
        <mention_text>German</mention_text>
      </entity_mention>
    </entity>
  </entities>
  <fillers>
    <filler id="f-126" source="NYT_ENG_20130615.0198" offset="984" length="8" type="title">director</filler>
    <filler id="f-692" source="NYT_ENG_20130615.0198" offset="3881" length="13" type="title">vice chairman</filler>
    <filler id="f-1582" source="NYT_ENG_20130615.0198" offset="1928" length="23" type="time" nom_time="201X-XX-XX">over the past two years</filler>
    <filler id="f-782" source="NYT_ENG_20130615.0198" offset="3980" length="6" type="time" nom_time="2013-06-04">June 4</filler>
    <filler id="f-869" source="NYT_ENG_20130615.0198" offset="722" length="8" type="time" nom_time="2013-06-15">Saturday</filler>
    <filler id="f-987" source="NYT_ENG_20130615.0198" offset="3475" length="13" type="time" nom_time="2012-11-XX">last November</filler>
    <filler id="f-1610" source="NYT_ENG_20130615.0198" offset="2292" length="4" type="weapon">rock</filler>
    <filler id="f-1647" source="NYT_ENG_20130615.0198" offset="2292" length="4" type="weapon">rock</filler>
  </fillers>
  <relations>
    <relation id="r-1530" type="personalsocial" subtype="role">
      <relation_mention id="relm-118" realis="true">
        <rel_arg1 entity_id="ent-106" entity_mention_id="m-1010" role="per">the director of the Institute of Public and Environmental Affairs</rel_arg1>
        <rel_arg2 filler_id="f-126" role="role">director</rel_arg2>
      </relation_mention>
    </relation>
    <relation id="r-1531" type="physical" subtype="locatednear">
      <relation_mention id="relm-341" realis="true">
        <rel_arg1 entity_id="ent-320" entity_mention_id="m-314" role="entity">the streets in coastal cities including Dalian, Tianjin and Xiamen</rel_arg1>
        <rel_arg2 entity_id="ent-329" entity_mention_id="m-323" role="loc">coastal cities including Dalian, Tianjin and Xiamen</rel_arg2>
        <trigger source="NYT_ENG_20130615.0198" offset="2053" length="2">in</trigger>
      </relation_mention>
    </relation>
    <relation id="r-1532" type="physical" subtype="locatednear">
      <relation_mention id="relm-498" realis="true">
        <rel_arg1 entity_id="ent-483" entity_mention_id="m-1076" role="entity">a town near Chengdu in Sichuan province</rel_arg1>
        <rel_arg2 entity_id="ent-492" entity_mention_id="m-486" role="loc">Chengdu</rel_arg2>
        <trigger source="NYT_ENG_20130615.0198" offset="2385" length="4">near</trigger>
      </relation_mention>
    </relation>
    <relation id="r-1533" type="physical" subtype="locatednear">
      <relation_mention id="relm-508" realis="true">
        <rel_arg1 entity_id="ent-492" entity_mention_id="m-486" role="entity">Chengdu</rel_arg1>
        <rel_arg2 entity_id="ent-495" entity_mention_id="m-518" role="loc">Sichuan province</rel_arg2>
        <trigger source="NYT_ENG_20130615.0198" offset="2398" length="2">in</trigger>
      </relation_mention>
    </relation>
    <relation id="r-1534" type="physical" subtype="locatednear">
      <relation_mention id="relm-533" realis="true">
        <rel_arg1 entity_id="ent-495" entity_mention_id="m-518" role="entity">Sichuan province</rel_arg1>
        <rel_arg2 entity_id="ent-530" entity_mention_id="m-524" role="loc">western China</rel_arg2>
        <trigger source="NYT_ENG_20130615.0198" offset="2419" length="2">in</trigger>
      </relation_mention>
    </relation>
    <relation id="r-1535" type="personalsocial" subtype="role">
      <relation_mention id="relm-684" realis="true">
        <rel_arg1 entity_id="ent-681" entity_mention_id="m-675" role="per">Martin Brudermüller</rel_arg1>
        <rel_arg2 filler_id="f-692" role="role">vice chairman</rel_arg2>
      </relation_mention>
    </relation>
    <relation id="r-1536" type="physical" subtype="locatednear">
      <relation_mention id="relm-820" realis="true">
        <rel_arg1 entity_id="ent-61" entity_mention_id="m-55" role="entity">other major Chinese cities</rel_arg1>
        <rel_arg2 entity_id="ent-8" entity_mention_id="m-49" role="loc">Chinese</rel_arg2>
        <trigger source="NYT_ENG_20130615.0198" offset="433" length="7">Chinese</trigger>
      </relation_mention>
    </relation>
    <relation id="r-1537" type="physical" subtype="locatednear">
      <relation_mention id="relm-942" realis="true">
        <rel_arg1 entity_id="ent-555" entity_mention_id="m-549" role="entity">Tianjin</rel_arg1>
        <rel_arg2 entity_id="ent-564" entity_mention_id="m-558" role="loc">Hebei province</rel_arg2>
        <trigger source="NYT_ENG_20130615.0198" offset="2647" length="8">adjacent</trigger>
      </relation_mention>
    </relation>
    <relation id="r-1538" type="physical" subtype="locatednear">
      <relation_mention id="relm-952" realis="true">
        <rel_arg1 entity_id="ent-144" entity_mention_id="m-1088" role="entity">its</rel_arg1>
        <rel_arg2 entity_id="ent-555" entity_mention_id="m-1094" role="loc">the nearby city</rel_arg2>
        <trigger source="NYT_ENG_20130615.0198" offset="2620" length="6">nearby</trigger>
      </relation_mention>
    </relation>
    <relation id="r-1539" type="partwhole" subtype="subsidiary">
      <relation_mention id="relm-1190" realis="true">
        <rel_arg1 entity_id="ent-244" entity_mention_id="m-830" role="suborg">China’s Cabinet</rel_arg1>
        <rel_arg2 entity_id="ent-8" entity_mention_id="m-43" role="parent">China</rel_arg2>
        <trigger source="NYT_ENG_20130615.0198" offset="259" length="7">China’s</trigger>
      </relation_mention>
    </relation>
    <relation id="r-1540" type="physical" subtype="locatednear">
      <relation_mention id="relm-1200" realis="true">
        <rel_arg1 entity_id="ent-144" entity_mention_id="m-814" role="entity">Beijing</rel_arg1>
        <rel_arg2 entity_id="ent-8" entity_mention_id="m-49" role="loc">Chinese</rel_arg2>
        <trigger source="NYT_ENG_20130615.0198" offset="433" length="7">Chinese</trigger>
      </relation_mention>
    </relation>
    <relation id="r-1541" type="orgaffiliation" subtype="leadership">
      <relation_mention id="relm-1210" realis="true">
        <rel_arg1 entity_id="ent-106" entity_mention_id="m-1010" role="leader">the director of the Institute of Public and Environmental Affairs</rel_arg1>
        <rel_arg2 entity_id="ent-115" entity_mention_id="m-109" role="entity">Institute of Public and Environmental Affairs</rel_arg2>
        <trigger source="NYT_ENG_20130615.0198" offset="984" length="8">director</trigger>
      </relation_mention>
    </relation>
    <relation id="r-1542" type="physical" subtype="orglocationorigin">
      <relation_mention id="relm-1220" realis="true">
        <rel_arg1 entity_id="ent-115" entity_mention_id="m-891" role="org">one of the best-known independent environmental activist groups in Beijing</rel_arg1>
        <rel_arg2 entity_id="ent-144" entity_mention_id="m-138" role="loc">Beijing</rel_arg2>
        <trigger source="NYT_ENG_20130615.0198" offset="1111" length="2">in</trigger>
      </relation_mention>
    </relation>
    <relation id="r-1543" type="physical" subtype="orglocationorigin">
      <relation_mention id="relm-1230" realis="true">
        <rel_arg1 entity_id="ent-888" entity_mention_id="m-882" role="org">the best-known independent environmental activist groups in Beijing</rel_arg1>
        <rel_arg2 entity_id="ent-144" entity_mention_id="m-138" role="loc">Beijing</rel_arg2>
        <trigger source="NYT_ENG_20130615.0198" offset="1111" length="2">in</trigger>
      </relation_mention>
    </relation>
    <relation id="r-1544" type="physical" subtype="locatednear">
      <relation_mention id="relm-1240" realis="true">
        <rel_arg1 entity_id="ent-153" entity_mention_id="m-147" role="entity">5,000 of the country’s biggest factories</rel_arg1>
        <rel_arg2 entity_id="ent-8" entity_mention_id="m-156" role="loc">the country</rel_arg2>
        <trigger source="NYT_ENG_20130615.0198" offset="1146" length="9">country’s</trigger>
      </relation_mention>
    </relation>
    <relation id="r-1545" type="physical" subtype="locatednear">
      <relation_mention id="relm-1250" realis="true">
        <rel_arg1 entity_id="ent-1022" entity_mention_id="m-1016" role="entity">the country’s biggest factories</rel_arg1>
        <rel_arg2 entity_id="ent-8" entity_mention_id="m-156" role="loc">the country</rel_arg2>
        <trigger source="NYT_ENG_20130615.0198" offset="1146" length="9">country’s</trigger>
      </relation_mention>
    </relation>
    <relation id="r-1546" type="physical" subtype="resident">
      <relation_mention id="relm-1260" realis="true">
        <rel_arg1 entity_id="ent-199" entity_mention_id="m-1031" role="per">the public</rel_arg1>
        <rel_arg2 entity_id="ent-8" entity_mention_id="m-1025" role="loc">its</rel_arg2>
      </relation_mention>
      <relation_mention id="relm-1380" realis="true">
        <rel_arg1 entity_id="ent-199" entity_mention_id="m-1154" role="per">the Chinese public</rel_arg1>
        <rel_arg2 entity_id="ent-8" entity_mention_id="m-663" role="loc">Chinese</rel_arg2>
        <trigger source="NYT_ENG_20130615.0198" offset="3632" length="7">Chinese</trigger>
      </relation_mention>
    </relation>
    <relation id="r-1547" type="physical" subtype="orglocationorigin">
      <relation_mention id="relm-1270" realis="true">
        <rel_arg1 entity_id="ent-190" entity_mention_id="m-184" role="org">the factories</rel_arg1>
        <rel_arg2 entity_id="ent-8" entity_mention_id="m-178" role="loc">China</rel_arg2>
        <trigger source="NYT_ENG_20130615.0198" offset="1299" length="2">In</trigger>
      </relation_mention>
    </relation>
    <relation id="r-1548" type="physical" subtype="locatednear">
      <relation_mention id="relm-1280" realis="true">
        <rel_arg1 entity_id="ent-199" entity_mention_id="m-193" role="entity">people</rel_arg1>
        <rel_arg2 entity_id="ent-8" entity_mention_id="m-178" role="loc">China</rel_arg2>
        <trigger source="NYT_ENG_20130615.0198" offset="1299" length="2">In</trigger>
      </relation_mention>
    </relation>
    <relation id="r-1549" type="physical" subtype="locatednear">
      <relation_mention id="relm-1290" realis="true">
        <rel_arg1 entity_id="ent-1049" entity_mention_id="m-1043" role="entity">Crowds numbering in the thousands</rel_arg1>
        <rel_arg2 entity_id="ent-320" entity_mention_id="m-314" role="loc">the streets in coastal cities including Dalian, Tianjin and Xiamen</rel_arg2>
        <trigger source="NYT_ENG_20130615.0198" offset="2038" length="2">to</trigger>
      </relation_mention>
    </relation>
    <relation id="r-1550" type="physical" subtype="locatednear">
      <relation_mention id="relm-1300" realis="true">
        <rel_arg1 entity_id="ent-456" entity_mention_id="m-450" role="entity">southern China</rel_arg1>
        <rel_arg2 entity_id="ent-8" entity_mention_id="m-444" role="loc">China</rel_arg2>
      </relation_mention>
    </relation>
    <relation id="r-1551" type="physical" subtype="locatednear">
      <relation_mention id="relm-1310" realis="true">
        <rel_arg1 entity_id="ent-465" entity_mention_id="m-459" role="entity">southern China’s Guangdong and Hainan provinces</rel_arg1>
        <rel_arg2 entity_id="ent-456" entity_mention_id="m-450" role="loc">southern China</rel_arg2>
        <trigger source="NYT_ENG_20130615.0198" offset="2248" length="7">China’s</trigger>
      </relation_mention>
    </relation>
    <relation id="r-1552" type="physical" subtype="locatednear">
      <relation_mention id="relm-1320" realis="true">
        <rel_arg1 entity_id="ent-1058" entity_mention_id="m-1857" role="entity">Guangdong</rel_arg1>
        <rel_arg2 entity_id="ent-456" entity_mention_id="m-450" role="loc">southern China</rel_arg2>
        <trigger source="NYT_ENG_20130615.0198" offset="2248" length="7">China’s</trigger>
      </relation_mention>
    </relation>
    <relation id="r-1553" type="physical" subtype="locatednear">
      <relation_mention id="relm-1330" realis="true">
        <rel_arg1 entity_id="ent-259" entity_mention_id="m-1061" role="entity">rock-throwing mobs</rel_arg1>
        <rel_arg2 entity_id="ent-483" entity_mention_id="m-477" role="loc">Shifang</rel_arg2>
        <trigger source="NYT_ENG_20130615.0198" offset="2366" length="2">in</trigger>
      </relation_mention>
    </relation>
    <relation id="r-1554" type="physical" subtype="locatednear">
      <relation_mention id="relm-1340" realis="true">
        <rel_arg1 entity_id="ent-530" entity_mention_id="m-524" role="entity">western China</rel_arg1>
        <rel_arg2 entity_id="ent-8" entity_mention_id="m-1082" role="loc">China</rel_arg2>
      </relation_mention>
    </relation>
    <relation id="r-1555" type="physical" subtype="orglocationorigin">
      <relation_mention id="relm-1350" realis="true">
        <rel_arg1 entity_id="ent-1115" entity_mention_id="m-1109" role="org">their already huge coal-dependent industries</rel_arg1>
        <rel_arg2 entity_id="ent-1106" entity_mention_id="m-1100" role="loc">their</rel_arg2>
        <trigger source="NYT_ENG_20130615.0198" offset="2685" length="5">their</trigger>
      </relation_mention>
    </relation>
    <relation id="r-1556" type="physical" subtype="orglocationorigin">
      <relation_mention id="relm-1370" realis="true">
        <rel_arg1 entity_id="ent-1133" entity_mention_id="m-1127" role="org">local industries</rel_arg1>
        <rel_arg2 entity_id="ent-1124" entity_mention_id="m-612" role="loc">more cities</rel_arg2>
      </relation_mention>
    </relation>
    <relation id="r-1557" type="orgaffiliation" subtype="leadership">
      <relation_mention id="relm-1390" realis="true">
        <rel_arg1 entity_id="ent-681" entity_mention_id="m-1169" role="leader">the vice chairman of the German chemicals giant BASF</rel_arg1>
        <rel_arg2 entity_id="ent-700" entity_mention_id="m-1175" role="entity">the German chemicals giant</rel_arg2>
        <trigger source="NYT_ENG_20130615.0198" offset="3881" length="13">vice chairman</trigger>
      </relation_mention>
    </relation>
    <relation id="r-1558" type="physical" subtype="orglocationorigin">
      <relation_mention id="relm-1400" realis="true">
        <rel_arg1 entity_id="ent-700" entity_mention_id="m-1175" role="org">the German chemicals giant</rel_arg1>
        <rel_arg2 entity_id="ent-1187" entity_mention_id="m-1181" role="loc">German</rel_arg2>
        <trigger source="NYT_ENG_20130615.0198" offset="3902" length="6">German</trigger>
      </relation_mention>
    </relation>
    <relation id="r-1559" type="physical" subtype="locatednear">
      <relation_mention id="relm-1410" realis="true">
        <rel_arg1 entity_id="ent-681" entity_mention_id="m-1169" role="entity">the vice chairman of the German chemicals giant BASF</rel_arg1>
        <rel_arg2 entity_id="ent-40" entity_mention_id="m-743" role="loc">Hong Kong</rel_arg2>
        <trigger source="NYT_ENG_20130615.0198" offset="3964" length="2">in</trigger>
      </relation_mention>
    </relation>
    <relation id="r-1560" type="physical" subtype="locatednear">
      <relation_mention id="relm-1420" realis="true">
        <rel_arg1 entity_id="ent-740" entity_mention_id="m-734" role="entity">reporters</rel_arg1>
        <rel_arg2 entity_id="ent-40" entity_mention_id="m-743" role="loc">Hong Kong</rel_arg2>
        <trigger source="NYT_ENG_20130615.0198" offset="3964" length="2">in</trigger>
      </relation_mention>
    </relation>
    <relation id="r-1561" type="physical" subtype="locatednear">
      <relation_mention id="relm-1869" realis="true">
        <rel_arg1 entity_id="ent-311" entity_mention_id="m-1863" role="entity">Hainan</rel_arg1>
        <rel_arg2 entity_id="ent-456" entity_mention_id="m-450" role="loc">southern China</rel_arg2>
        <trigger source="NYT_ENG_20130615.0198" offset="2248" length="7">China’s</trigger>
      </relation_mention>
    </relation>
  </relations>
  <hoppers>
    <hopper id="h-16">
      <event_mention id="em-274" type="conflict" subtype="demonstrate" realis="actual">
        <trigger source="NYT_ENG_20130615.0198" offset="1983" length="8">protests</trigger>
        <em_arg entity_id="ent-8" entity_mention_id="m-268" role="place" realis="true">China</em_arg>
        <em_arg filler_id="f-1582" role="time" realis="true">over the past two years</em_arg>
      </event_mention>
      <event_mention id="em-787" type="conflict" subtype="demonstrate" realis="actual">
        <trigger source="NYT_ENG_20130615.0198" offset="4006" length="8">protests</trigger>
        <em_arg entity_id="ent-8" entity_mention_id="m-749" role="place" realis="true">China</em_arg>
      </event_mention>
    </hopper>
    <hopper id="h-379">
      <event_mention id="em-351" type="movement" subtype="transportperson" realis="actual">
        <trigger source="NYT_ENG_20130615.0198" offset="2032" length="8">taken to</trigger>
        <em_arg entity_id="ent-1049" entity_mention_id="m-1043" role="agent" realis="true">Crowds numbering in the thousands</em_arg>
        <em_arg entity_id="ent-320" entity_mention_id="m-314" role="destination" realis="true">the streets in coastal cities including Dalian, Tianjin and Xiamen</em_arg>
      </event_mention>
    </hopper>
    <hopper id="h-436">
      <event_mention id="em-399" type="manufacture" subtype="artifact" realis="other">
        <trigger source="NYT_ENG_20130615.0198" offset="2123" length="12">construction</trigger>
        <em_arg entity_id="ent-433" entity_mention_id="m-427" role="artifact" realis="true">large chemical plants</em_arg>
      </event_mention>
    </hopper>
    <hopper id="h-785">
      <event_mention id="em-713" type="contact" subtype="meet" realis="actual" audience="twoway" formality="formal" medium="inperson" schedule="planned">
        <trigger source="NYT_ENG_20130615.0198" offset="3941" length="7">meeting</trigger>
        <em_arg entity_id="ent-681" entity_mention_id="m-1169" role="entity" realis="true">the vice chairman of the German chemicals giant BASF</em_arg>
        <em_arg entity_id="ent-740" entity_mention_id="m-734" role="entity" realis="true">reporters</em_arg>
        <em_arg entity_id="ent-40" entity_mention_id="m-743" role="place" realis="true">Hong Kong</em_arg>
        <em_arg filler_id="f-782" role="time" realis="true">June 4</em_arg>
      </event_mention>
    </hopper>
    <hopper id="h-880">
      <event_mention id="em-852" type="contact" subtype="broadcast" realis="actual" audience="oneway" formality="formal" medium="canttell" schedule="planned">
        <trigger source="NYT_ENG_20130615.0198" offset="712" length="9">announced</trigger>
        <em_arg filler_id="f-869" role="time" realis="true">Saturday</em_arg>
        <em_arg entity_id="ent-8" entity_mention_id="m-998" role="entity" realis="true">state</em_arg>
      </event_mention>
    </hopper>
    <hopper id="h-990">
      <event_mention id="em-962" type="contact" subtype="broadcast" realis="actual" audience="oneway" formality="formal" medium="canttell" schedule="planned">
        <trigger source="NYT_ENG_20130615.0198" offset="3466" length="8">announce</trigger>
        <em_arg entity_id="ent-244" entity_mention_id="m-648" role="entity" realis="true">the Cabinet</em_arg>
        <em_arg filler_id="f-987" role="time" realis="true">last November</em_arg>
      </event_mention>
    </hopper>
    <hopper id="h-1488">
      <event_mention id="em-1460" type="contact" subtype="broadcast" realis="other" audience="oneway" formality="formal" medium="notinperson" schedule="planned">
        <trigger source="NYT_ENG_20130615.0198" offset="897" length="7">release</trigger>
        <em_arg entity_id="ent-79" entity_mention_id="m-73" role="entity" realis="true">heavy polluters like coal-fired power plants and metal smelters</em_arg>
        <em_arg entity_id="ent-199" entity_mention_id="m-1004" role="audience" realis="true">the general public</em_arg>
      </event_mention>
      <event_mention id="em-1513" type="contact" subtype="broadcast" realis="other" audience="oneway" formality="formal" medium="canttell" schedule="canttell">
        <trigger source="NYT_ENG_20130615.0198" offset="1350" length="7">letting</trigger>
        <em_arg entity_id="ent-190" entity_mention_id="m-184" role="entity" realis="true">the factories</em_arg>
        <em_arg entity_id="ent-199" entity_mention_id="m-193" role="audience" realis="true">people</em_arg>
      </event_mention>
    </hopper>
    <hopper id="h-1511">
      <event_mention id="em-1490" type="contact" subtype="contact" realis="actual" audience="canttell" formality="formal" medium="canttell" schedule="canttell">
        <trigger source="NYT_ENG_20130615.0198" offset="1123" length="4">said</trigger>
        <em_arg entity_id="ent-106" entity_mention_id="m-1010" role="entity" realis="true">the director of the Institute of Public and Environmental Affairs</em_arg>
      </event_mention>
    </hopper>
    <hopper id="h-1613">
      <event_mention id="em-1585" type="movement" subtype="transportartifact" realis="actual">
        <trigger source="NYT_ENG_20130615.0198" offset="2297" length="8">throwing</trigger>
        <em_arg entity_id="ent-259" entity_mention_id="m-1061" role="agent" realis="true">rock-throwing mobs</em_arg>
        <em_arg filler_id="f-1610" role="artifact" realis="true">rock</em_arg>
        <em_arg entity_id="ent-483" entity_mention_id="m-477" role="destination" realis="true">Shifang</em_arg>
      </event_mention>
    </hopper>
    <hopper id="h-1650">
      <event_mention id="em-1622" type="conflict" subtype="attack" realis="actual">
        <trigger source="NYT_ENG_20130615.0198" offset="2297" length="8">throwing</trigger>
        <em_arg entity_id="ent-259" entity_mention_id="m-1061" role="attacker" realis="true">rock-throwing mobs</em_arg>
        <em_arg filler_id="f-1647" role="instrument" realis="true">rock</em_arg>
        <em_arg entity_id="ent-483" entity_mention_id="m-477" role="place" realis="true">Shifang</em_arg>
      </event_mention>
    </hopper>
    <hopper id="h-1740">
      <event_mention id="em-1719" type="transaction" subtype="transfermoney" realis="other" ways="voluntary">
        <trigger source="NYT_ENG_20130615.0198" offset="3293" length="5">fines</trigger>
        <em_arg entity_id="ent-79" entity_mention_id="m-621" role="giver" realis="true">polluters</em_arg>
      </event_mention>
    </hopper>
    <hopper id="h-1763">
      <event_mention id="em-1742" type="contact" subtype="broadcast" realis="generic" audience="oneway" formality="formal" medium="notinperson" schedule="planned">
        <trigger source="NYT_ENG_20130615.0198" offset="3364" length="10">statements</trigger>
        <em_arg entity_id="ent-79" entity_mention_id="m-621" role="entity" realis="true">polluters</em_arg>
      </event_mention>
    </hopper>
    <hopper id="h-1772">
      <event_mention id="em-627" type="conflict" subtype="demonstrate" realis="actual">
        <trigger source="NYT_ENG_20130615.0198" offset="3398" length="8">protests</trigger>
        <em_arg entity_id="ent-214" entity_mention_id="m-1142" role="place" realis="true">street</em_arg>
      </event_mention>
    </hopper>
    <hopper id="h-1818">
      <event_mention id="em-1797" type="contact" subtype="contact" realis="actual" audience="canttell" formality="formal" medium="canttell" schedule="canttell">
        <trigger source="NYT_ENG_20130615.0198" offset="3619" length="3">say</trigger>
        <em_arg entity_id="ent-660" entity_mention_id="m-654" role="entity" realis="true">Corporate leaders</em_arg>
      </event_mention>
    </hopper>
    <hopper id="h-1848">
      <event_mention id="em-1820" type="contact" subtype="contact" realis="actual" audience="twoway" formality="formal" medium="canttell" schedule="canttell">
        <trigger source="NYT_ENG_20130615.0198" offset="3680" length="8">question</trigger>
        <em_arg entity_id="ent-199" entity_mention_id="m-1154" role="entity" realis="true">the Chinese public</em_arg>
        <em_arg entity_id="ent-8" entity_mention_id="m-663" role="place" realis="true">Chinese</em_arg>
      </event_mention>
    </hopper>
  </hoppers>
</deft_ere>
