<?xml version="1.0" encoding="UTF-8"?>
<deft_ere kit_id="5733b8b10000000000000076" doc_id="NYT_ENG_20131213.0091" source_type="newswire">
  <entities>
    <entity id="ent-8" type="ORG" specificity="specificIndividual">
      <entity_mention id="m-18" noun_type="NAM" source="NYT_ENG_20131213.0091" offset="176" length="7">
        <mention_text>KREMLIN</mention_text>
      </entity_mention>
      <entity_mention id="m-168" noun_type="NOM" source="NYT_ENG_20131213.0091" offset="784" length="10">
        <mention_text>government</mention_text>
        <nom_head source="NYT_ENG_20131213.0091" offset="784" length="10">government</nom_head>
      </entity_mention>
      <entity_mention id="m-198" noun_type="NOM" source="NYT_ENG_20131213.0091" offset="1047" length="5">
        <mention_text>state</mention_text>
        <nom_head source="NYT_ENG_20131213.0091" offset="1047" length="5">state</nom_head>
      </entity_mention>
      <entity_mention id="m-396" noun_type="NAM" source="NYT_ENG_20131213.0091" offset="2076" length="7">
        <mention_text>Kremlin</mention_text>
      </entity_mention>
      <entity_mention id="m-402" noun_type="PRO" source="NYT_ENG_20131213.0091" offset="2102" length="2">
        <mention_text>it</mention_text>
      </entity_mention>
      <entity_mention id="m-417" noun_type="NAM" source="NYT_ENG_20131213.0091" offset="2322" length="7">
        <mention_text>Kremlin</mention_text>
      </entity_mention>
      <entity_mention id="m-429" noun_type="PRO" source="NYT_ENG_20131213.0091" offset="2406" length="2">
        <mention_text>it</mention_text>
      </entity_mention>
    </entity>
    <entity id="ent-30" type="ORG" specificity="nonspecific">
      <entity_mention id="m-24" noun_type="NOM" source="NYT_ENG_20131213.0091" offset="185" length="9">
        <mention_text>THE PRESS</mention_text>
        <nom_head source="NYT_ENG_20131213.0091" offset="189" length="5">PRESS</nom_head>
      </entity_mention>
    </entity>
    <entity id="ent-39" type="PER" specificity="specificGroup">
      <entity_mention id="m-462" noun_type="NOM" source="NYT_ENG_20131213.0091" offset="2608" length="24">
        <mention_text>the Ukrainian protesters</mention_text>
        <nom_head source="NYT_ENG_20131213.0091" offset="2622" length="10">protesters</nom_head>
      </entity_mention>
      <entity_mention id="m-630" noun_type="NOM" source="NYT_ENG_20131213.0091" offset="3371" length="27">
        <mention_text>The numbers on Kiev streets</mention_text>
        <nom_head source="NYT_ENG_20131213.0091" offset="3375" length="7">numbers</nom_head>
      </entity_mention>
      <entity_mention id="m-654" noun_type="PRO" source="NYT_ENG_20131213.0091" offset="3428" length="4">
        <mention_text>they</mention_text>
      </entity_mention>
    </entity>
    <entity id="ent-48" type="GPE" specificity="specificIndividual">
      <entity_mention id="m-42" noun_type="NAM" source="NYT_ENG_20131213.0091" offset="271" length="14">
        <mention_text>ST. PETERSBURG</mention_text>
      </entity_mention>
      <entity_mention id="m-624" noun_type="NAM" source="NYT_ENG_20131213.0091" offset="3346" length="14">
        <mention_text>St. Petersburg</mention_text>
      </entity_mention>
    </entity>
    <entity id="ent-57" type="GPE" specificity="specificIndividual">
      <entity_mention id="m-51" noun_type="NAM" source="NYT_ENG_20131213.0091" offset="287" length="6">
        <mention_text>Russia</mention_text>
      </entity_mention>
      <entity_mention id="m-102" noun_type="NAM" source="NYT_ENG_20131213.0091" offset="502" length="6">
        <mention_text>Russia</mention_text>
      </entity_mention>
      <entity_mention id="m-108" noun_type="NOM" source="NYT_ENG_20131213.0091" offset="473" length="4">
        <mention_text>home</mention_text>
        <nom_head source="NYT_ENG_20131213.0091" offset="473" length="4">home</nom_head>
      </entity_mention>
      <entity_mention id="m-180" noun_type="NAM" source="NYT_ENG_20131213.0091" offset="893" length="6">
        <mention_text>Russia</mention_text>
      </entity_mention>
      <entity_mention id="m-279" noun_type="NAM" source="NYT_ENG_20131213.0091" offset="1513" length="6">
        <mention_text>Russia</mention_text>
      </entity_mention>
      <entity_mention id="m-321" noun_type="NAM" source="NYT_ENG_20131213.0091" offset="1837" length="6">
        <mention_text>Russia</mention_text>
      </entity_mention>
      <entity_mention id="m-384" noun_type="NAM" source="NYT_ENG_20131213.0091" offset="2021" length="6">
        <mention_text>Russia</mention_text>
      </entity_mention>
      <entity_mention id="m-546" noun_type="NOM" source="NYT_ENG_20131213.0091" offset="3036" length="8">
        <mention_text>Russians</mention_text>
        <nom_head source="NYT_ENG_20131213.0091" offset="3036" length="8">Russians</nom_head>
      </entity_mention>
      <entity_mention id="m-573" noun_type="NAM" source="NYT_ENG_20131213.0091" offset="3202" length="6">
        <mention_text>Russia</mention_text>
      </entity_mention>
    </entity>
    <entity id="ent-66" type="ORG" specificity="specificIndividual">
      <entity_mention id="m-60" noun_type="NOM" source="NYT_ENG_20131213.0091" offset="311" length="27">
        <mention_text>the RIA Novosti news agency</mention_text>
        <nom_head source="NYT_ENG_20131213.0091" offset="332" length="6">agency</nom_head>
      </entity_mention>
      <entity_mention id="m-69" noun_type="NAM" source="NYT_ENG_20131213.0091" offset="315" length="11">
        <mention_text>RIA Novosti</mention_text>
      </entity_mention>
      <entity_mention id="m-120" noun_type="NOM" source="NYT_ENG_20131213.0091" offset="578" length="23">
        <mention_text>a respected news agency</mention_text>
        <nom_head source="NYT_ENG_20131213.0091" offset="595" length="6">agency</nom_head>
      </entity_mention>
      <entity_mention id="m-174" noun_type="NAM" source="NYT_ENG_20131213.0091" offset="807" length="7">
        <mention_text>Novosti</mention_text>
      </entity_mention>
      <entity_mention id="m-186" noun_type="PRO" source="NYT_ENG_20131213.0091" offset="935" length="3">
        <mention_text>its</mention_text>
      </entity_mention>
      <entity_mention id="m-192" noun_type="PRO" source="NYT_ENG_20131213.0091" offset="949" length="3">
        <mention_text>its</mention_text>
      </entity_mention>
      <entity_mention id="m-216" noun_type="NAM" source="NYT_ENG_20131213.0091" offset="1147" length="7">
        <mention_text>Novosti</mention_text>
      </entity_mention>
      <entity_mention id="m-234" noun_type="NAM" source="NYT_ENG_20131213.0091" offset="1259" length="7">
        <mention_text>Novosti</mention_text>
      </entity_mention>
      <entity_mention id="m-246" noun_type="PRO" source="NYT_ENG_20131213.0091" offset="1323" length="3">
        <mention_text>its</mention_text>
      </entity_mention>
      <entity_mention id="m-252" noun_type="NOM" source="NYT_ENG_20131213.0091" offset="1356" length="10">
        <mention_text>the agency</mention_text>
        <nom_head source="NYT_ENG_20131213.0091" offset="1360" length="6">agency</nom_head>
      </entity_mention>
      <entity_mention id="m-303" noun_type="NAM" source="NYT_ENG_20131213.0091" offset="1722" length="7">
        <mention_text>Novosti</mention_text>
      </entity_mention>
      <entity_mention id="m-804" noun_type="NAM" source="NYT_ENG_20131213.0091" offset="4108" length="7">
        <mention_text>Novosti</mention_text>
      </entity_mention>
      <entity_mention id="m-810" noun_type="NAM" source="NYT_ENG_20131213.0091" offset="4148" length="7">
        <mention_text>Novosti</mention_text>
      </entity_mention>
    </entity>
    <entity id="ent-81" type="GPE" specificity="specificIndividual">
      <entity_mention id="m-75" noun_type="NAM" source="NYT_ENG_20131213.0091" offset="360" length="9">
        <mention_text>Ukrainian</mention_text>
      </entity_mention>
      <entity_mention id="m-114" noun_type="NAM" source="NYT_ENG_20131213.0091" offset="527" length="9">
        <mention_text>Ukrainian</mention_text>
      </entity_mention>
      <entity_mention id="m-240" noun_type="NAM" source="NYT_ENG_20131213.0091" offset="1281" length="9">
        <mention_text>Ukrainian</mention_text>
      </entity_mention>
      <entity_mention id="m-441" noun_type="NAM" source="NYT_ENG_20131213.0091" offset="2469" length="7">
        <mention_text>Ukraine</mention_text>
      </entity_mention>
      <entity_mention id="m-468" noun_type="NAM" source="NYT_ENG_20131213.0091" offset="2612" length="9">
        <mention_text>Ukrainian</mention_text>
      </entity_mention>
      <entity_mention id="m-687" noun_type="NAM" source="NYT_ENG_20131213.0091" offset="3587" length="10">
        <mention_text>Ukrainians</mention_text>
      </entity_mention>
    </entity>
    <entity id="ent-90" type="PER" specificity="specificIndividual">
      <entity_mention id="m-84" noun_type="NAM" source="NYT_ENG_20131213.0091" offset="386" length="14">
        <mention_text>Vladimir Putin</mention_text>
      </entity_mention>
      <entity_mention id="m-135" noun_type="NAM" source="NYT_ENG_20131213.0091" offset="629" length="5">
        <mention_text>Putin</mention_text>
      </entity_mention>
      <entity_mention id="m-141" noun_type="PRO" source="NYT_ENG_20131213.0091" offset="681" length="3">
        <mention_text>his</mention_text>
      </entity_mention>
      <entity_mention id="m-156" noun_type="NAM" source="NYT_ENG_20131213.0091" offset="743" length="5">
        <mention_text>Putin</mention_text>
      </entity_mention>
      <entity_mention id="m-162" noun_type="NAM" source="NYT_ENG_20131213.0091" offset="761" length="5">
        <mention_text>Putin</mention_text>
      </entity_mention>
      <entity_mention id="m-210" noun_type="NAM" source="NYT_ENG_20131213.0091" offset="1110" length="5">
        <mention_text>Putin</mention_text>
      </entity_mention>
      <entity_mention id="m-222" noun_type="PRO" source="NYT_ENG_20131213.0091" offset="1194" length="2">
        <mention_text>he</mention_text>
      </entity_mention>
      <entity_mention id="m-228" noun_type="PRO" source="NYT_ENG_20131213.0091" offset="1212" length="2">
        <mention_text>he</mention_text>
      </entity_mention>
      <entity_mention id="m-285" noun_type="NAM" source="NYT_ENG_20131213.0091" offset="1613" length="5">
        <mention_text>Putin</mention_text>
      </entity_mention>
      <entity_mention id="m-348" noun_type="NAM" source="NYT_ENG_20131213.0091" offset="1920" length="5">
        <mention_text>Putin</mention_text>
      </entity_mention>
      <entity_mention id="m-435" noun_type="NAM" source="NYT_ENG_20131213.0091" offset="2432" length="5">
        <mention_text>Putin</mention_text>
      </entity_mention>
      <entity_mention id="m-456" noun_type="NAM" source="NYT_ENG_20131213.0091" offset="2564" length="5">
        <mention_text>Putin</mention_text>
      </entity_mention>
      <entity_mention id="m-492" noun_type="PRO" source="NYT_ENG_20131213.0091" offset="2747" length="2">
        <mention_text>he</mention_text>
      </entity_mention>
      <entity_mention id="m-561" noun_type="NAM" source="NYT_ENG_20131213.0091" offset="3068" length="5">
        <mention_text>Putin</mention_text>
      </entity_mention>
      <entity_mention id="m-567" noun_type="PRO" source="NYT_ENG_20131213.0091" offset="3104" length="2">
        <mention_text>he</mention_text>
      </entity_mention>
      <entity_mention id="m-774" noun_type="NAM" source="NYT_ENG_20131213.0091" offset="3879" length="5">
        <mention_text>Putin</mention_text>
      </entity_mention>
    </entity>
    <entity id="ent-99" type="PER" specificity="nonspecific">
      <entity_mention id="m-93" noun_type="NOM" source="NYT_ENG_20131213.0091" offset="462" length="26">
        <mention_text>enemies at home and abroad</mention_text>
        <nom_head source="NYT_ENG_20131213.0091" offset="462" length="7">enemies</nom_head>
      </entity_mention>
    </entity>
    <entity id="ent-132" type="ORG" specificity="specificIndividual">
      <entity_mention id="m-126" noun_type="NOM" source="NYT_ENG_20131213.0091" offset="607" length="20">
        <mention_text>a propaganda machine</mention_text>
        <nom_head source="NYT_ENG_20131213.0091" offset="620" length="7">machine</nom_head>
      </entity_mention>
      <entity_mention id="m-309" noun_type="NOM" source="NYT_ENG_20131213.0091" offset="1811" length="185">
        <mention_text>a new organization called Russia Today, whose director, Dmitry Kiselyov, is well known for his slavishly pro-Putin broadcasts, his hostility to America and his homophobic pronouncements</mention_text>
        <nom_head source="NYT_ENG_20131213.0091" offset="1817" length="12">organization</nom_head>
      </entity_mention>
      <entity_mention id="m-315" noun_type="NAM" source="NYT_ENG_20131213.0091" offset="1837" length="12">
        <mention_text>Russia Today</mention_text>
      </entity_mention>
    </entity>
    <entity id="ent-153" type="PER" specificity="nonspecific">
      <entity_mention id="m-147" noun_type="NOM" source="NYT_ENG_20131213.0091" offset="729" length="8">
        <mention_text>Russians</mention_text>
        <nom_head source="NYT_ENG_20131213.0091" offset="729" length="8">Russians</nom_head>
      </entity_mention>
    </entity>
    <entity id="ent-264" type="PER" specificity="specificIndividual">
      <entity_mention id="m-258" noun_type="NAM" source="NYT_ENG_20131213.0091" offset="1406" length="15">
        <mention_text>Dmitry Medvedev</mention_text>
      </entity_mention>
      <entity_mention id="m-267" noun_type="NOM" source="NYT_ENG_20131213.0091" offset="1423" length="152">
        <mention_text>the former president and current prime minister, who is credited with trying to modernize Russia’s economy, combat corruption and reform law enforcement</mention_text>
        <nom_head source="NYT_ENG_20131213.0091" offset="1434" length="9">president</nom_head>
      </entity_mention>
      <entity_mention id="m-273" noun_type="NOM" source="NYT_ENG_20131213.0091" offset="1423" length="152">
        <mention_text>the former president and current prime minister, who is credited with trying to modernize Russia’s economy, combat corruption and reform law enforcement</mention_text>
        <nom_head source="NYT_ENG_20131213.0091" offset="1462" length="8">minister</nom_head>
      </entity_mention>
      <entity_mention id="m-291" noun_type="NAM" source="NYT_ENG_20131213.0091" offset="1653" length="8">
        <mention_text>Medvedev</mention_text>
      </entity_mention>
      <entity_mention id="m-297" noun_type="PRO" source="NYT_ENG_20131213.0091" offset="1691" length="2">
        <mention_text>he</mention_text>
      </entity_mention>
    </entity>
    <entity id="ent-333" type="PER" specificity="specificIndividual">
      <entity_mention id="m-327" noun_type="NOM" source="NYT_ENG_20131213.0091" offset="1851" length="14">
        <mention_text>whose director</mention_text>
        <nom_head source="NYT_ENG_20131213.0091" offset="1857" length="8">director</nom_head>
      </entity_mention>
      <entity_mention id="m-336" noun_type="NAM" source="NYT_ENG_20131213.0091" offset="1867" length="15">
        <mention_text>Dmitry Kiselyov</mention_text>
      </entity_mention>
      <entity_mention id="m-342" noun_type="PRO" source="NYT_ENG_20131213.0091" offset="1902" length="3">
        <mention_text>his</mention_text>
      </entity_mention>
      <entity_mention id="m-354" noun_type="PRO" source="NYT_ENG_20131213.0091" offset="1938" length="3">
        <mention_text>his</mention_text>
      </entity_mention>
      <entity_mention id="m-369" noun_type="PRO" source="NYT_ENG_20131213.0091" offset="1967" length="3">
        <mention_text>his</mention_text>
      </entity_mention>
    </entity>
    <entity id="ent-366" type="GPE" specificity="specificIndividual">
      <entity_mention id="m-360" noun_type="NAM" source="NYT_ENG_20131213.0091" offset="1955" length="7">
        <mention_text>America</mention_text>
      </entity_mention>
    </entity>
    <entity id="ent-381" type="ORG" specificity="specificIndividual">
      <entity_mention id="m-375" noun_type="NOM" source="NYT_ENG_20131213.0091" offset="2021" length="33">
        <mention_text>Russia’s respected business daily</mention_text>
        <nom_head source="NYT_ENG_20131213.0091" offset="2049" length="5">daily</nom_head>
      </entity_mention>
      <entity_mention id="m-390" noun_type="NAM" source="NYT_ENG_20131213.0091" offset="2055" length="9">
        <mention_text>Vedomosti</mention_text>
      </entity_mention>
      <entity_mention id="m-423" noun_type="NAM" source="NYT_ENG_20131213.0091" offset="2331" length="9">
        <mention_text>Vedomosti</mention_text>
      </entity_mention>
    </entity>
    <entity id="ent-414" type="PER" specificity="nonspecific">
      <entity_mention id="m-408" noun_type="NOM" source="NYT_ENG_20131213.0091" offset="2114" length="22">
        <mention_text>the educated community</mention_text>
        <nom_head source="NYT_ENG_20131213.0091" offset="2127" length="9">community</nom_head>
      </entity_mention>
    </entity>
    <entity id="ent-453" type="PER" specificity="specificGroup">
      <entity_mention id="m-447" noun_type="NOM" source="NYT_ENG_20131213.0091" offset="2493" length="34">
        <mention_text>well prepared and trained fighters</mention_text>
        <nom_head source="NYT_ENG_20131213.0091" offset="2519" length="8">fighters</nom_head>
      </entity_mention>
    </entity>
    <entity id="ent-480" type="GPE" specificity="specificIndividual">
      <entity_mention id="m-474" noun_type="NAM" source="NYT_ENG_20131213.0091" offset="2684" length="6">
        <mention_text>Soviet</mention_text>
      </entity_mention>
      <entity_mention id="m-723" noun_type="NAM" source="NYT_ENG_20131213.0091" offset="3746" length="6">
        <mention_text>Soviet</mention_text>
      </entity_mention>
      <entity_mention id="m-789" noun_type="NAM" source="NYT_ENG_20131213.0091" offset="3900" length="6">
        <mention_text>Soviet</mention_text>
      </entity_mention>
    </entity>
    <entity id="ent-489" type="PER" specificity="specificGroup">
      <entity_mention id="m-483" noun_type="NOM" source="NYT_ENG_20131213.0091" offset="2699" length="92">
        <mention_text>corrupt, self-serving and arrogant cliques that he and President Viktor Yanukovych personify</mention_text>
        <nom_head source="NYT_ENG_20131213.0091" offset="2734" length="7">cliques</nom_head>
      </entity_mention>
    </entity>
    <entity id="ent-504" type="PER" specificity="specificIndividual">
      <entity_mention id="m-498" noun_type="NAM" source="NYT_ENG_20131213.0091" offset="2764" length="17">
        <mention_text>Viktor Yanukovych</mention_text>
      </entity_mention>
      <entity_mention id="m-516" noun_type="NAM" source="NYT_ENG_20131213.0091" offset="2834" length="10">
        <mention_text>Yanukovych</mention_text>
      </entity_mention>
      <entity_mention id="m-660" noun_type="NAM" source="NYT_ENG_20131213.0091" offset="3448" length="10">
        <mention_text>Yanukovych</mention_text>
      </entity_mention>
      <entity_mention id="m-729" noun_type="NAM" source="NYT_ENG_20131213.0091" offset="3767" length="10">
        <mention_text>Yanukovych</mention_text>
      </entity_mention>
      <entity_mention id="m-735" noun_type="PRO" source="NYT_ENG_20131213.0091" offset="3783" length="2">
        <mention_text>he</mention_text>
      </entity_mention>
      <entity_mention id="m-741" noun_type="PRO" source="NYT_ENG_20131213.0091" offset="3811" length="2">
        <mention_text>he</mention_text>
      </entity_mention>
      <entity_mention id="m-756" noun_type="PRO" source="NYT_ENG_20131213.0091" offset="3818" length="3">
        <mention_text>his</mention_text>
      </entity_mention>
      <entity_mention id="m-768" noun_type="NAM" source="NYT_ENG_20131213.0091" offset="3867" length="10">
        <mention_text>Yanukovych</mention_text>
      </entity_mention>
    </entity>
    <entity id="ent-513" type="PER" specificity="specificGroup">
      <entity_mention id="m-507" noun_type="NOM" source="NYT_ENG_20131213.0091" offset="2818" length="10">
        <mention_text>Ukrainians</mention_text>
        <nom_head source="NYT_ENG_20131213.0091" offset="2818" length="10">Ukrainians</nom_head>
      </entity_mention>
      <entity_mention id="m-531" noun_type="PRO" source="NYT_ENG_20131213.0091" offset="2910" length="5">
        <mention_text>their</mention_text>
      </entity_mention>
      <entity_mention id="m-681" noun_type="NOM" source="NYT_ENG_20131213.0091" offset="3583" length="14">
        <mention_text>the Ukrainians</mention_text>
        <nom_head source="NYT_ENG_20131213.0091" offset="3587" length="10">Ukrainians</nom_head>
      </entity_mention>
      <entity_mention id="m-711" noun_type="PRO" source="NYT_ENG_20131213.0091" offset="3664" length="5">
        <mention_text>their</mention_text>
      </entity_mention>
      <entity_mention id="m-717" noun_type="PRO" source="NYT_ENG_20131213.0091" offset="3707" length="4">
        <mention_text>they</mention_text>
      </entity_mention>
    </entity>
    <entity id="ent-528" type="GPE" specificity="specificIndividual">
      <entity_mention id="m-522" noun_type="NAM" source="NYT_ENG_20131213.0091" offset="2876" length="14">
        <mention_text>European Union</mention_text>
      </entity_mention>
      <entity_mention id="m-666" noun_type="NAM" source="NYT_ENG_20131213.0091" offset="3513" length="6">
        <mention_text>Europe</mention_text>
      </entity_mention>
      <entity_mention id="m-693" noun_type="NAM" source="NYT_ENG_20131213.0091" offset="3618" length="14">
        <mention_text>European Union</mention_text>
      </entity_mention>
    </entity>
    <entity id="ent-543" type="PER" specificity="specificGroup">
      <entity_mention id="m-537" noun_type="NOM" source="NYT_ENG_20131213.0091" offset="3015" length="29">
        <mention_text>tens of thousands of Russians</mention_text>
        <nom_head source="NYT_ENG_20131213.0091" offset="3015" length="4">tens</nom_head>
      </entity_mention>
      <entity_mention id="m-579" noun_type="PRO" source="NYT_ENG_20131213.0091" offset="3236" length="5">
        <mention_text>their</mention_text>
      </entity_mention>
      <entity_mention id="m-585" noun_type="PRO" source="NYT_ENG_20131213.0091" offset="3256" length="4">
        <mention_text>they</mention_text>
      </entity_mention>
    </entity>
    <entity id="ent-558" type="FAC" specificity="specificGroup">
      <entity_mention id="m-552" noun_type="NOM" source="NYT_ENG_20131213.0091" offset="3050" length="11">
        <mention_text>the streets</mention_text>
        <nom_head source="NYT_ENG_20131213.0091" offset="3054" length="7">streets</nom_head>
      </entity_mention>
    </entity>
    <entity id="ent-597" type="PER" specificity="specificIndividual">
      <entity_mention id="m-591" noun_type="NAM" source="NYT_ENG_20131213.0091" offset="3291" length="16">
        <mention_text>Oleg Kharkhordin</mention_text>
      </entity_mention>
      <entity_mention id="m-600" noun_type="NOM" source="NYT_ENG_20131213.0091" offset="3309" length="51">
        <mention_text>rector of the European University at St. Petersburg</mention_text>
        <nom_head source="NYT_ENG_20131213.0091" offset="3309" length="6">rector</nom_head>
      </entity_mention>
    </entity>
    <entity id="ent-612" type="ORG" specificity="specificIndividual">
      <entity_mention id="m-606" noun_type="NAM" source="NYT_ENG_20131213.0091" offset="3323" length="37">
        <mention_text>European University at St. Petersburg</mention_text>
      </entity_mention>
    </entity>
    <entity id="ent-621" type="LOC" specificity="specificIndividual">
      <entity_mention id="m-615" noun_type="NAM" source="NYT_ENG_20131213.0091" offset="3323" length="8">
        <mention_text>European</mention_text>
      </entity_mention>
      <entity_mention id="m-699" noun_type="NAM" source="NYT_ENG_20131213.0091" offset="2876" length="8">
        <mention_text>European</mention_text>
      </entity_mention>
      <entity_mention id="m-705" noun_type="NAM" source="NYT_ENG_20131213.0091" offset="3618" length="8">
        <mention_text>European</mention_text>
      </entity_mention>
    </entity>
    <entity id="ent-642" type="FAC" specificity="specificGroup">
      <entity_mention id="m-636" noun_type="NOM" source="NYT_ENG_20131213.0091" offset="3386" length="12">
        <mention_text>Kiev streets</mention_text>
        <nom_head source="NYT_ENG_20131213.0091" offset="3391" length="7">streets</nom_head>
      </entity_mention>
    </entity>
    <entity id="ent-651" type="GPE" specificity="specificIndividual">
      <entity_mention id="m-645" noun_type="NAM" source="NYT_ENG_20131213.0091" offset="3386" length="4">
        <mention_text>Kiev</mention_text>
      </entity_mention>
    </entity>
    <entity id="ent-678" type="LOC" specificity="specificIndividual">
      <entity_mention id="m-672" noun_type="NAM" source="NYT_ENG_20131213.0091" offset="3546" length="7">
        <mention_text>Western</mention_text>
      </entity_mention>
      <entity_mention id="m-762" noun_type="NAM" source="NYT_ENG_20131213.0091" offset="3839" length="8">
        <mention_text>Westward</mention_text>
      </entity_mention>
    </entity>
    <entity id="ent-753" type="PER" specificity="specificGroup">
      <entity_mention id="m-747" noun_type="NOM" source="NYT_ENG_20131213.0091" offset="3818" length="11">
        <mention_text>his cronies</mention_text>
        <nom_head source="NYT_ENG_20131213.0091" offset="3822" length="7">cronies</nom_head>
      </entity_mention>
    </entity>
    <entity id="ent-786" type="PER" specificity="nonspecific">
      <entity_mention id="m-780" noun_type="NOM" source="NYT_ENG_20131213.0091" offset="3889" length="27">
        <mention_text>other post-Soviet leftovers</mention_text>
        <nom_head source="NYT_ENG_20131213.0091" offset="3907" length="9">leftovers</nom_head>
      </entity_mention>
    </entity>
    <entity id="ent-801" type="PER" specificity="nonspecific">
      <entity_mention id="m-795" noun_type="NOM" source="NYT_ENG_20131213.0091" offset="4070" length="13">
        <mention_text>these leaders</mention_text>
        <nom_head source="NYT_ENG_20131213.0091" offset="4076" length="7">leaders</nom_head>
      </entity_mention>
    </entity>
    <entity id="ent-822" type="PER" specificity="nonspecific">
      <entity_mention id="m-816" noun_type="NOM" source="NYT_ENG_20131213.0091" offset="4199" length="46">
        <mention_text>people sick and tired of being taken for fools</mention_text>
        <nom_head source="NYT_ENG_20131213.0091" offset="4199" length="6">people</nom_head>
      </entity_mention>
    </entity>
    <entity id="ent-1703" type="LOC" specificity="nonspecific">
      <entity_mention id="m-1697" noun_type="NOM" source="NYT_ENG_20131213.0091" offset="435" length="16">
        <mention_text>a zero-sum world</mention_text>
        <nom_head source="NYT_ENG_20131213.0091" offset="446" length="5">world</nom_head>
      </entity_mention>
      <entity_mention id="m-1706" noun_type="PRO" source="NYT_ENG_20131213.0091" offset="456" length="5">
        <mention_text>which</mention_text>
      </entity_mention>
    </entity>
    <entity id="ent-1718" type="PER" specificity="nonspecific">
      <entity_mention id="m-1712" noun_type="NOM" source="NYT_ENG_20131213.0091" offset="1583" length="8">
        <mention_text>good-cop</mention_text>
        <nom_head source="NYT_ENG_20131213.0091" offset="1588" length="3">cop</nom_head>
      </entity_mention>
    </entity>
    <entity id="ent-1727" type="PER" specificity="nonspecific">
      <entity_mention id="m-1721" noun_type="NOM" source="NYT_ENG_20131213.0091" offset="1592" length="7">
        <mention_text>bad-cop</mention_text>
        <nom_head source="NYT_ENG_20131213.0091" offset="1596" length="3">cop</nom_head>
      </entity_mention>
    </entity>
    <entity id="ent-1730" type="PER" specificity="specificGroup">
      <entity_mention id="m-33" noun_type="NOM" source="NYT_ENG_20131213.0091" offset="199" length="14">
        <mention_text>THE PROTESTERS</mention_text>
        <nom_head source="NYT_ENG_20131213.0091" offset="203" length="10">PROTESTERS</nom_head>
      </entity_mention>
    </entity>
  </entities>
  <fillers>
    <filler id="f-853" source="NYT_ENG_20131213.0091" offset="1434" length="9" type="title">president</filler>
    <filler id="f-863" source="NYT_ENG_20131213.0091" offset="1456" length="14" type="title">prime minister</filler>
    <filler id="f-873" source="NYT_ENG_20131213.0091" offset="1671" length="14" type="title">prime minister</filler>
    <filler id="f-893" source="NYT_ENG_20131213.0091" offset="1857" length="8" type="title">director</filler>
    <filler id="f-923" source="NYT_ENG_20131213.0091" offset="2754" length="9" type="title">President</filler>
    <filler id="f-963" source="NYT_ENG_20131213.0091" offset="3309" length="6" type="title">rector</filler>
    <filler id="f-1125" source="NYT_ENG_20131213.0091" offset="695" length="14" type="title">the presidency</filler>
    <filler id="f-1132" source="NYT_ENG_20131213.0091" offset="713" length="8" type="time" nom_time="2012-05-xx">May 2012</filler>
    <filler id="f-1282" source="NYT_ENG_20131213.0091" offset="1229" length="14" type="title">the presidency</filler>
    <filler id="f-1289" source="NYT_ENG_20131213.0091" offset="1253" length="4" type="time" nom_time="2012-xx-xx">2012</filler>
    <filler id="f-1361" source="NYT_ENG_20131213.0091" offset="1434" length="9" type="title">president</filler>
    <filler id="f-1620" source="NYT_ENG_20131213.0091" offset="3118" length="14" type="title">the presidency</filler>
    <filler id="f-1627" source="NYT_ENG_20131213.0091" offset="3142" length="4" type="time" nom_time="2012-xx-xx">2012</filler>
  </fillers>
  <relations>
    <relation id="r-1991" type="physical" subtype="locatednear">
      <relation_mention id="relm-825" realis="true">
        <rel_arg1 entity_id="ent-48" entity_mention_id="m-42" role="entity">ST. PETERSBURG</rel_arg1>
        <rel_arg2 entity_id="ent-57" entity_mention_id="m-51" role="loc">Russia</rel_arg2>
      </relation_mention>
    </relation>
    <relation id="r-1992" type="partwhole" subtype="subsidiary">
      <relation_mention id="relm-835" realis="true">
        <rel_arg1 entity_id="ent-66" entity_mention_id="m-174" role="suborg">Novosti</rel_arg1>
        <rel_arg2 entity_id="ent-8" entity_mention_id="m-168" role="parent">government</rel_arg2>
        <trigger source="NYT_ENG_20131213.0091" offset="795" length="10">controlled</trigger>
      </relation_mention>
    </relation>
    <relation id="r-1993" type="personalsocial" subtype="role">
      <relation_mention id="relm-845" realis="true">
        <rel_arg1 entity_id="ent-264" entity_mention_id="m-267" role="per">the former president and current prime minister, who is credited with trying to modernize Russia’s economy, combat corruption and reform law enforcement</rel_arg1>
        <rel_arg2 filler_id="f-853" role="role">president</rel_arg2>
      </relation_mention>
      <relation_mention id="relm-855" realis="true">
        <rel_arg1 entity_id="ent-264" entity_mention_id="m-273" role="per">the former president and current prime minister, who is credited with trying to modernize Russia’s economy, combat corruption and reform law enforcement</rel_arg1>
        <rel_arg2 filler_id="f-863" role="role">prime minister</rel_arg2>
      </relation_mention>
      <relation_mention id="relm-865" realis="true">
        <rel_arg1 entity_id="ent-264" entity_mention_id="m-291" role="per">Medvedev</rel_arg1>
        <rel_arg2 filler_id="f-873" role="role">prime minister</rel_arg2>
        <trigger source="NYT_ENG_20131213.0091" offset="1662" length="2">is</trigger>
      </relation_mention>
    </relation>
    <relation id="r-1994" type="orgaffiliation" subtype="leadership">
      <relation_mention id="relm-875" realis="true">
        <rel_arg1 entity_id="ent-333" entity_mention_id="m-327" role="leader">whose director</rel_arg1>
        <rel_arg2 entity_id="ent-132" entity_mention_id="m-309" role="entity">a new organization called Russia Today, whose director, Dmitry Kiselyov, is well known for his slavishly pro-Putin broadcasts, his hostility to America and his homophobic pronouncements</rel_arg2>
        <trigger source="NYT_ENG_20131213.0091" offset="1857" length="8">director</trigger>
      </relation_mention>
    </relation>
    <relation id="r-1995" type="personalsocial" subtype="role">
      <relation_mention id="relm-885" realis="true">
        <rel_arg1 entity_id="ent-333" entity_mention_id="m-327" role="per">whose director</rel_arg1>
        <rel_arg2 filler_id="f-893" role="role">director</rel_arg2>
      </relation_mention>
    </relation>
    <relation id="r-1996" type="physical" subtype="orglocationorigin">
      <relation_mention id="relm-895" realis="true">
        <rel_arg1 entity_id="ent-381" entity_mention_id="m-375" role="org">Russia’s respected business daily</rel_arg1>
        <rel_arg2 entity_id="ent-57" entity_mention_id="m-384" role="loc">Russia</rel_arg2>
        <trigger source="NYT_ENG_20131213.0091" offset="2021" length="8">Russia’s</trigger>
      </relation_mention>
    </relation>
    <relation id="r-1997" type="generalaffiliation" subtype="more">
      <relation_mention id="relm-905" realis="true">
        <rel_arg1 entity_id="ent-39" entity_mention_id="m-462" role="per">the Ukrainian protesters</rel_arg1>
        <rel_arg2 entity_id="ent-81" entity_mention_id="m-468" role="entity">Ukrainian</rel_arg2>
        <trigger source="NYT_ENG_20131213.0091" offset="2612" length="9">Ukrainian</trigger>
      </relation_mention>
    </relation>
    <relation id="r-1998" type="personalsocial" subtype="role">
      <relation_mention id="relm-915" realis="true">
        <rel_arg1 entity_id="ent-504" entity_mention_id="m-498" role="per">Viktor Yanukovych</rel_arg1>
        <rel_arg2 filler_id="f-923" role="role">President</rel_arg2>
      </relation_mention>
    </relation>
    <relation id="r-1999" type="physical" subtype="locatednear">
      <relation_mention id="relm-925" realis="true">
        <rel_arg1 entity_id="ent-528" entity_mention_id="m-522" role="entity">European Union</rel_arg1>
        <rel_arg2 entity_id="ent-621" entity_mention_id="m-699" role="loc">European</rel_arg2>
      </relation_mention>
      <relation_mention id="relm-1015" realis="true">
        <rel_arg1 entity_id="ent-528" entity_mention_id="m-693" role="entity">European Union</rel_arg1>
        <rel_arg2 entity_id="ent-621" entity_mention_id="m-705" role="loc">European</rel_arg2>
        <trigger source="NYT_ENG_20131213.0091" offset="3618" length="8">European</trigger>
      </relation_mention>
    </relation>
    <relation id="r-2000" type="physical" subtype="locatednear">
      <relation_mention id="relm-935" realis="true">
        <rel_arg1 entity_id="ent-543" entity_mention_id="m-537" role="entity">tens of thousands of Russians</rel_arg1>
        <rel_arg2 entity_id="ent-558" entity_mention_id="m-552" role="loc">the streets</rel_arg2>
        <trigger source="NYT_ENG_20131213.0091" offset="3045" length="4">into</trigger>
      </relation_mention>
    </relation>
    <relation id="r-2001" type="orgaffiliation" subtype="leadership">
      <relation_mention id="relm-945" realis="true">
        <rel_arg1 entity_id="ent-597" entity_mention_id="m-600" role="leader">rector of the European University at St. Petersburg</rel_arg1>
        <rel_arg2 entity_id="ent-612" entity_mention_id="m-606" role="entity">European University at St. Petersburg</rel_arg2>
        <trigger source="NYT_ENG_20131213.0091" offset="3309" length="6">rector</trigger>
      </relation_mention>
    </relation>
    <relation id="r-2002" type="personalsocial" subtype="role">
      <relation_mention id="relm-955" realis="true">
        <rel_arg1 entity_id="ent-597" entity_mention_id="m-600" role="per">rector of the European University at St. Petersburg</rel_arg1>
        <rel_arg2 filler_id="f-963" role="role">rector</rel_arg2>
      </relation_mention>
    </relation>
    <relation id="r-2003" type="physical" subtype="orglocationorigin">
      <relation_mention id="relm-965" realis="true">
        <rel_arg1 entity_id="ent-612" entity_mention_id="m-606" role="org">European University at St. Petersburg</rel_arg1>
        <rel_arg2 entity_id="ent-48" entity_mention_id="m-624" role="loc">St. Petersburg</rel_arg2>
        <trigger source="NYT_ENG_20131213.0091" offset="3343" length="2">at</trigger>
      </relation_mention>
    </relation>
    <relation id="r-2004" type="physical" subtype="orglocationorigin">
      <relation_mention id="relm-975" realis="true">
        <rel_arg1 entity_id="ent-612" entity_mention_id="m-606" role="org">European University at St. Petersburg</rel_arg1>
        <rel_arg2 entity_id="ent-621" entity_mention_id="m-615" role="loc">European</rel_arg2>
        <trigger source="NYT_ENG_20131213.0091" offset="3323" length="8">European</trigger>
      </relation_mention>
    </relation>
    <relation id="r-2005" type="physical" subtype="locatednear">
      <relation_mention id="relm-985" realis="true">
        <rel_arg1 entity_id="ent-39" entity_mention_id="m-630" role="entity">The numbers on Kiev streets</rel_arg1>
        <rel_arg2 entity_id="ent-642" entity_mention_id="m-636" role="loc">Kiev streets</rel_arg2>
        <trigger source="NYT_ENG_20131213.0091" offset="3383" length="2">on</trigger>
      </relation_mention>
    </relation>
    <relation id="r-2006" type="physical" subtype="locatednear">
      <relation_mention id="relm-995" realis="true">
        <rel_arg1 entity_id="ent-642" entity_mention_id="m-636" role="entity">Kiev streets</rel_arg1>
        <rel_arg2 entity_id="ent-651" entity_mention_id="m-645" role="loc">Kiev</rel_arg2>
      </relation_mention>
    </relation>
    <relation id="r-2007" type="generalaffiliation" subtype="more">
      <relation_mention id="relm-1005" realis="true">
        <rel_arg1 entity_id="ent-513" entity_mention_id="m-681" role="per">the Ukrainians</rel_arg1>
        <rel_arg2 entity_id="ent-81" entity_mention_id="m-687" role="entity">Ukrainians</rel_arg2>
      </relation_mention>
    </relation>
    <relation id="r-2008" type="personalsocial" subtype="business">
      <relation_mention id="relm-1025" realis="true">
        <rel_arg1 entity_id="ent-753" entity_mention_id="m-747" role="per">his cronies</rel_arg1>
        <rel_arg2 entity_id="ent-504" entity_mention_id="m-756" role="per">his</rel_arg2>
        <trigger source="NYT_ENG_20131213.0091" offset="3818" length="3">his</trigger>
      </relation_mention>
    </relation>
    <relation id="r-2009" type="physical" subtype="locatednear">
      <relation_mention id="relm-1736" realis="true">
        <rel_arg1 entity_id="ent-99" entity_mention_id="m-93" role="entity">enemies at home and abroad</rel_arg1>
        <rel_arg2 entity_id="ent-1703" entity_mention_id="m-1706" role="loc">which</rel_arg2>
        <trigger source="NYT_ENG_20131213.0091" offset="453" length="2">in</trigger>
      </relation_mention>
    </relation>
    <relation id="r-2010" type="generalaffiliation" subtype="more">
      <relation_mention id="relm-1746" realis="true">
        <rel_arg1 entity_id="ent-543" entity_mention_id="m-537" role="per">tens of thousands of Russians</rel_arg1>
        <rel_arg2 entity_id="ent-57" entity_mention_id="m-546" role="entity">Russians</rel_arg2>
      </relation_mention>
    </relation>
  </relations>
  <hoppers>
    <hopper id="h-16">
      <event_mention id="em-1056" type="conflict" subtype="demonstrate" realis="actual">
        <trigger source="NYT_ENG_20131213.0091" offset="537" length="8">protests</trigger>
        <em_arg entity_id="ent-81" entity_mention_id="m-114" role="place" realis="true">Ukrainian</em_arg>
      </event_mention>
      <event_mention id="em-1315" type="conflict" subtype="demonstrate" realis="actual">
        <trigger source="NYT_ENG_20131213.0091" offset="1291" length="8">protests</trigger>
        <em_arg entity_id="ent-81" entity_mention_id="m-240" role="place" realis="true">Ukrainian</em_arg>
      </event_mention>
      <event_mention id="em-1435" type="conflict" subtype="demonstrate" realis="actual">
        <trigger source="NYT_ENG_20131213.0091" offset="2458" length="7">protest</trigger>
        <em_arg entity_id="ent-81" entity_mention_id="m-441" role="place" realis="true">Ukraine</em_arg>
      </event_mention>
      <event_mention id="em-1479" type="conflict" subtype="demonstrate" realis="actual">
        <trigger source="NYT_ENG_20131213.0091" offset="2482" length="7">actions</trigger>
        <em_arg entity_id="ent-453" entity_mention_id="m-447" role="entity" realis="true">well prepared and trained fighters</em_arg>
      </event_mention>
      <event_mention id="em-1523" type="conflict" subtype="demonstrate" realis="actual">
        <trigger source="NYT_ENG_20131213.0091" offset="2622" length="10">protesters</trigger>
        <em_arg entity_id="ent-39" entity_mention_id="m-462" role="entity" realis="true">the Ukrainian protesters</em_arg>
      </event_mention>
    </hopper>
    <hopper id="h-1098">
      <event_mention id="em-1077" type="conflict" subtype="attack" realis="actual">
        <trigger source="NYT_ENG_20131213.0091" offset="552" length="6">pogrom</trigger>
        <em_arg entity_id="ent-81" entity_mention_id="m-114" role="place" realis="true">Ukrainian</em_arg>
      </event_mention>
    </hopper>
    <hopper id="h-1135">
      <event_mention id="em-1100" type="personnel" subtype="startposition" realis="actual">
        <trigger source="NYT_ENG_20131213.0091" offset="685" length="6">return</trigger>
        <em_arg entity_id="ent-90" entity_mention_id="m-141" role="person" realis="true">his</em_arg>
        <em_arg filler_id="f-1125" role="position" realis="true">the presidency</em_arg>
        <em_arg filler_id="f-1132" role="time" realis="true">May 2012</em_arg>
      </event_mention>
    </hopper>
    <hopper id="h-1165">
      <event_mention id="em-1137" type="contact" subtype="broadcast" realis="generic" audience="oneway" formality="formal" medium="notinperson" schedule="planned">
        <trigger source="NYT_ENG_20131213.0091" offset="856" length="6">report</trigger>
        <em_arg entity_id="ent-66" entity_mention_id="m-174" role="entity" realis="true">Novosti</em_arg>
      </event_mention>
      <event_mention id="em-1676" type="contact" subtype="broadcast" realis="generic" audience="oneway" formality="formal" medium="notinperson" schedule="planned">
        <trigger source="NYT_ENG_20131213.0091" offset="4156" length="8">reported</trigger>
        <em_arg entity_id="ent-66" entity_mention_id="m-810" role="entity" realis="true">Novosti</em_arg>
      </event_mention>
    </hopper>
    <hopper id="h-1188">
      <event_mention id="em-1167" type="contact" subtype="broadcast" realis="actual" audience="oneway" formality="formal" medium="notinperson" schedule="planned">
        <trigger source="NYT_ENG_20131213.0091" offset="939" length="6">report</trigger>
        <em_arg entity_id="ent-66" entity_mention_id="m-186" role="entity" realis="true">its</em_arg>
      </event_mention>
    </hopper>
    <hopper id="h-1211">
      <event_mention id="em-1190" type="contact" subtype="broadcast" realis="actual" audience="oneway" formality="formal" medium="notinperson" schedule="planned">
        <trigger source="NYT_ENG_20131213.0091" offset="1157" length="9">reporting</trigger>
        <em_arg entity_id="ent-66" entity_mention_id="m-216" role="entity" realis="true">Novosti</em_arg>
      </event_mention>
    </hopper>
    <hopper id="h-1255">
      <event_mention id="em-1234" type="contact" subtype="broadcast" realis="actual" audience="oneway" formality="formal" medium="canttell" schedule="canttell">
        <trigger source="NYT_ENG_20131213.0091" offset="1197" length="9">announced</trigger>
        <em_arg entity_id="ent-90" entity_mention_id="m-222" role="entity" realis="true">he</em_arg>
      </event_mention>
      <event_mention id="em-1574" type="contact" subtype="broadcast" realis="actual" audience="oneway" formality="formal" medium="canttell" schedule="canttell">
        <trigger source="NYT_ENG_20131213.0091" offset="3090" length="8">declared</trigger>
        <em_arg entity_id="ent-90" entity_mention_id="m-561" role="entity" realis="true">Putin</em_arg>
      </event_mention>
    </hopper>
    <hopper id="h-1292">
      <event_mention id="em-1257" type="personnel" subtype="elect" realis="other">
        <trigger source="NYT_ENG_20131213.0091" offset="1221" length="3">run</trigger>
        <em_arg entity_id="ent-90" entity_mention_id="m-228" role="person" realis="true">he</em_arg>
        <em_arg filler_id="f-1282" role="position" realis="true">the presidency</em_arg>
        <em_arg filler_id="f-1289" role="time" realis="true">2012</em_arg>
      </event_mention>
      <event_mention id="em-1595" type="personnel" subtype="elect" realis="other">
        <trigger source="NYT_ENG_20131213.0091" offset="3113" length="4">seek</trigger>
        <em_arg entity_id="ent-90" entity_mention_id="m-567" role="person" realis="true">he</em_arg>
        <em_arg filler_id="f-1620" role="position" realis="true">the presidency</em_arg>
        <em_arg filler_id="f-1627" role="time" realis="true">2012</em_arg>
      </event_mention>
    </hopper>
    <hopper id="h-1364">
      <event_mention id="em-1336" type="personnel" subtype="endposition" realis="actual">
        <trigger source="NYT_ENG_20131213.0091" offset="1427" length="6">former</trigger>
        <em_arg entity_id="ent-264" entity_mention_id="m-267" role="person" realis="true">the former president and current prime minister, who is credited with trying to modernize Russia’s economy, combat corruption and reform law enforcement</em_arg>
        <em_arg filler_id="f-1361" role="position" realis="true">president</em_arg>
      </event_mention>
    </hopper>
    <hopper id="h-1410">
      <event_mention id="em-1389" type="contact" subtype="broadcast" realis="actual" audience="oneway" formality="formal" medium="notinperson" schedule="planned">
        <trigger source="NYT_ENG_20131213.0091" offset="1926" length="10">broadcasts</trigger>
        <em_arg entity_id="ent-333" entity_mention_id="m-342" role="entity" realis="true">his</em_arg>
      </event_mention>
    </hopper>
    <hopper id="h-1433">
      <event_mention id="em-1412" type="contact" subtype="broadcast" realis="actual" audience="oneway" formality="formal" medium="notinperson" schedule="planned">
        <trigger source="NYT_ENG_20131213.0091" offset="2010" length="9">editorial</trigger>
        <em_arg entity_id="ent-381" entity_mention_id="m-375" role="entity" realis="true">Russia’s respected business daily</em_arg>
      </event_mention>
    </hopper>
    <hopper id="h-1477">
      <event_mention id="em-1456" type="contact" subtype="contact" realis="actual" audience="canttell" formality="canttell" medium="canttell" schedule="canttell">
        <trigger source="NYT_ENG_20131213.0091" offset="2447" length="6">called</trigger>
        <em_arg entity_id="ent-90" entity_mention_id="m-435" role="entity" realis="true">Putin</em_arg>
      </event_mention>
    </hopper>
    <hopper id="h-1521">
      <event_mention id="em-1500" type="conflict" subtype="attack" realis="actual">
        <trigger source="NYT_ENG_20131213.0091" offset="2519" length="8">fighters</trigger>
        <em_arg entity_id="ent-453" entity_mention_id="m-447" role="attacker" realis="true">well prepared and trained fighters</em_arg>
      </event_mention>
    </hopper>
    <hopper id="h-1572">
      <event_mention id="em-1544" type="movement" subtype="transportperson" realis="actual">
        <trigger source="NYT_ENG_20131213.0091" offset="3009" length="5">drove</trigger>
        <em_arg entity_id="ent-543" entity_mention_id="m-537" role="agent" realis="true">tens of thousands of Russians</em_arg>
        <em_arg entity_id="ent-558" entity_mention_id="m-552" role="destination" realis="true">the streets</em_arg>
      </event_mention>
    </hopper>
    <hopper id="h-1651">
      <event_mention id="em-1630" type="conflict" subtype="demonstrate" realis="actual">
        <trigger source="NYT_ENG_20131213.0091" offset="3190" length="8">protests</trigger>
        <em_arg entity_id="ent-57" entity_mention_id="m-573" role="place" realis="true">Russia</em_arg>
      </event_mention>
    </hopper>
    <hopper id="h-1674">
      <event_mention id="em-1653" type="contact" subtype="contact" realis="actual" audience="canttell" formality="canttell" medium="canttell" schedule="canttell">
        <trigger source="NYT_ENG_20131213.0091" offset="3286" length="4">said</trigger>
        <em_arg entity_id="ent-597" entity_mention_id="m-591" role="entity" realis="true">Oleg Kharkhordin</em_arg>
      </event_mention>
    </hopper>
    <hopper id="h-1756">
      <event_mention id="em-1035" type="conflict" subtype="demonstrate" realis="actual">
        <trigger source="NYT_ENG_20131213.0091" offset="203" length="10">PROTESTERS</trigger>
        <em_arg entity_id="ent-1730" entity_mention_id="m-33" role="entity" realis="true">THE PROTESTERS</em_arg>
      </event_mention>
    </hopper>
    <hopper id="h-1786">
      <event_mention id="em-1765" type="life" subtype="die" realis="actual">
        <trigger source="NYT_ENG_20131213.0091" offset="552" length="6">pogrom</trigger>
        <em_arg entity_id="ent-81" entity_mention_id="m-114" role="place" realis="true">Ukrainian</em_arg>
      </event_mention>
    </hopper>
    <hopper id="h-1809">
      <event_mention id="em-1788" type="contact" subtype="contact" realis="generic" audience="canttell" formality="canttell" medium="canttell" schedule="canttell">
        <trigger source="NYT_ENG_20131213.0091" offset="738" length="4">call</trigger>
        <em_arg entity_id="ent-153" entity_mention_id="m-147" role="entity" realis="true">Russians</em_arg>
      </event_mention>
    </hopper>
    <hopper id="h-1832">
      <event_mention id="em-1811" type="contact" subtype="contact" realis="actual" audience="canttell" formality="canttell" medium="canttell" schedule="canttell">
        <trigger source="NYT_ENG_20131213.0091" offset="1982" length="14">pronouncements</trigger>
        <em_arg entity_id="ent-333" entity_mention_id="m-369" role="entity" realis="true">his</em_arg>
      </event_mention>
    </hopper>
    <hopper id="h-1862">
      <event_mention id="em-1834" type="contact" subtype="broadcast" realis="actual" audience="oneway" formality="formal" medium="notinperson" schedule="planned">
        <trigger source="NYT_ENG_20131213.0091" offset="3498" length="9">agreement</trigger>
        <em_arg entity_id="ent-528" entity_mention_id="m-666" role="entity" realis="true">Europe</em_arg>
        <em_arg entity_id="ent-504" entity_mention_id="m-660" role="audience" realis="true">Yanukovych</em_arg>
      </event_mention>
    </hopper>
    <hopper id="h-1892">
      <event_mention id="em-1864" type="contact" subtype="broadcast" realis="actual" audience="oneway" formality="formal" medium="notinperson" schedule="planned">
        <trigger source="NYT_ENG_20131213.0091" offset="3830" length="8">promised</trigger>
        <em_arg entity_id="ent-504" entity_mention_id="m-741" role="entity" realis="true">he</em_arg>
        <em_arg entity_id="ent-753" entity_mention_id="m-747" role="entity" realis="true">his cronies</em_arg>
      </event_mention>
    </hopper>
    <hopper id="h-1894">
      <event_mention id="em-1294" type="contact" subtype="broadcast" realis="actual" audience="oneway" formality="formal" medium="notinperson" schedule="planned">
        <trigger source="NYT_ENG_20131213.0091" offset="1269" length="8">coverage</trigger>
        <em_arg entity_id="ent-66" entity_mention_id="m-234" role="entity" realis="true">Novosti</em_arg>
      </event_mention>
    </hopper>
  </hoppers>
</deft_ere>
