<?xml version="1.0" encoding="UTF-8"?>
<deft_ere kit_id="5733b8b10000000000000062" doc_id="NYT_ENG_20131029.0151" source_type="newswire">
  <entities>
    <entity id="ent-8" type="ORG" specificity="specificIndividual">
      <entity_mention id="m-18" noun_type="NAM" source="NYT_ENG_20131029.0151" offset="175" length="9">
        <mention_text>MICROSOFT</mention_text>
      </entity_mention>
      <entity_mention id="m-51" noun_type="NAM" source="NYT_ENG_20131029.0151" offset="402" length="9">
        <mention_text>Microsoft</mention_text>
      </entity_mention>
      <entity_mention id="m-57" noun_type="PRO" source="NYT_ENG_20131029.0151" offset="427" length="3">
        <mention_text>its</mention_text>
      </entity_mention>
      <entity_mention id="m-78" noun_type="NOM" source="NYT_ENG_20131029.0151" offset="470" length="29">
        <mention_text>the American technology giant</mention_text>
        <nom_head source="NYT_ENG_20131029.0151" offset="494" length="5">giant</nom_head>
      </entity_mention>
      <entity_mention id="m-132" noun_type="NAM" source="NYT_ENG_20131029.0151" offset="883" length="9">
        <mention_text>Microsoft</mention_text>
      </entity_mention>
      <entity_mention id="m-138" noun_type="PRO" source="NYT_ENG_20131029.0151" offset="894" length="5">
        <mention_text>whose</mention_text>
      </entity_mention>
      <entity_mention id="m-156" noun_type="NAM" source="NYT_ENG_20131029.0151" offset="1018" length="9">
        <mention_text>Microsoft</mention_text>
      </entity_mention>
      <entity_mention id="m-174" noun_type="NAM" source="NYT_ENG_20131029.0151" offset="1120" length="9">
        <mention_text>Microsoft</mention_text>
      </entity_mention>
    </entity>
    <entity id="ent-30" type="ORG" specificity="specificIndividual">
      <entity_mention id="m-24" noun_type="NAM" source="NYT_ENG_20131029.0151" offset="195" length="5">
        <mention_text>NOKIA</mention_text>
      </entity_mention>
      <entity_mention id="m-72" noun_type="NAM" source="NYT_ENG_20131029.0151" offset="440" length="5">
        <mention_text>Nokia</mention_text>
      </entity_mention>
      <entity_mention id="m-93" noun_type="NAM" source="NYT_ENG_20131029.0151" offset="537" length="5">
        <mention_text>Nokia</mention_text>
      </entity_mention>
      <entity_mention id="m-99" noun_type="NOM" source="NYT_ENG_20131029.0151" offset="544" length="49">
        <mention_text>the struggling Finnish telecommunications company</mention_text>
        <nom_head source="NYT_ENG_20131029.0151" offset="586" length="7">company</nom_head>
      </entity_mention>
      <entity_mention id="m-114" noun_type="PRO" source="NYT_ENG_20131029.0151" offset="600" length="2">
        <mention_text>it</mention_text>
      </entity_mention>
      <entity_mention id="m-120" noun_type="PRO" source="NYT_ENG_20131029.0151" offset="623" length="3">
        <mention_text>its</mention_text>
      </entity_mention>
      <entity_mention id="m-126" noun_type="NAM" source="NYT_ENG_20131029.0151" offset="737" length="5">
        <mention_text>Nokia</mention_text>
      </entity_mention>
      <entity_mention id="m-150" noun_type="NAM" source="NYT_ENG_20131029.0151" offset="934" length="5">
        <mention_text>Nokia</mention_text>
      </entity_mention>
      <entity_mention id="m-168" noun_type="NAM" source="NYT_ENG_20131029.0151" offset="1081" length="5">
        <mention_text>Nokia</mention_text>
      </entity_mention>
      <entity_mention id="m-180" noun_type="NOM" source="NYT_ENG_20131029.0151" offset="1192" length="19">
        <mention_text>the Finnish company</mention_text>
        <nom_head source="NYT_ENG_20131029.0151" offset="1204" length="7">company</nom_head>
      </entity_mention>
      <entity_mention id="m-192" noun_type="NAM" source="NYT_ENG_20131029.0151" offset="1347" length="5">
        <mention_text>Nokia</mention_text>
      </entity_mention>
      <entity_mention id="m-198" noun_type="NAM" source="NYT_ENG_20131029.0151" offset="1416" length="5">
        <mention_text>Nokia</mention_text>
      </entity_mention>
      <entity_mention id="m-228" noun_type="NOM" source="NYT_ENG_20131029.0151" offset="1613" length="11">
        <mention_text>The company</mention_text>
        <nom_head source="NYT_ENG_20131029.0151" offset="1617" length="7">company</nom_head>
      </entity_mention>
      <entity_mention id="m-240" noun_type="NAM" source="NYT_ENG_20131029.0151" offset="1907" length="5">
        <mention_text>Nokia</mention_text>
      </entity_mention>
      <entity_mention id="m-270" noun_type="NAM" source="NYT_ENG_20131029.0151" offset="2091" length="5">
        <mention_text>Nokia</mention_text>
      </entity_mention>
      <entity_mention id="m-294" noun_type="NAM" source="NYT_ENG_20131029.0151" offset="2191" length="5">
        <mention_text>Nokia</mention_text>
      </entity_mention>
      <entity_mention id="m-300" noun_type="NOM" source="NYT_ENG_20131029.0151" offset="2235" length="11">
        <mention_text>The company</mention_text>
        <nom_head source="NYT_ENG_20131029.0151" offset="2239" length="7">company</nom_head>
      </entity_mention>
    </entity>
    <entity id="ent-39" type="GPE" specificity="specificIndividual">
      <entity_mention id="m-33" noun_type="NAM" source="NYT_ENG_20131029.0151" offset="366" length="8">
        <mention_text>New York</mention_text>
      </entity_mention>
    </entity>
    <entity id="ent-48" type="GPE" specificity="specificIndividual">
      <entity_mention id="m-42" noun_type="NAM" source="NYT_ENG_20131029.0151" offset="393" length="6">
        <mention_text>BERLIN</mention_text>
      </entity_mention>
    </entity>
    <entity id="ent-69" type="ORG" specificity="specificIndividual">
      <entity_mention id="m-63" noun_type="NOM" source="NYT_ENG_20131029.0151" offset="440" length="24">
        <mention_text>Nokia’s handset business</mention_text>
        <nom_head source="NYT_ENG_20131029.0151" offset="456" length="8">business</nom_head>
      </entity_mention>
      <entity_mention id="m-144" noun_type="NOM" source="NYT_ENG_20131029.0151" offset="934" length="20">
        <mention_text>Nokia’s handset unit</mention_text>
        <nom_head source="NYT_ENG_20131029.0151" offset="950" length="4">unit</nom_head>
      </entity_mention>
      <entity_mention id="m-162" noun_type="NOM" source="NYT_ENG_20131029.0151" offset="1081" length="24">
        <mention_text>Nokia’s handset business</mention_text>
        <nom_head source="NYT_ENG_20131029.0151" offset="1097" length="8">business</nom_head>
      </entity_mention>
      <entity_mention id="m-204" noun_type="NOM" source="NYT_ENG_20131029.0151" offset="1468" length="20">
        <mention_text>the handset business</mention_text>
        <nom_head source="NYT_ENG_20131029.0151" offset="1480" length="8">business</nom_head>
      </entity_mention>
      <entity_mention id="m-234" noun_type="NOM" source="NYT_ENG_20131029.0151" offset="1635" length="12">
        <mention_text>the division</mention_text>
        <nom_head source="NYT_ENG_20131029.0151" offset="1639" length="8">division</nom_head>
      </entity_mention>
      <entity_mention id="m-1207" noun_type="PRO" source="NYT_ENG_20131029.0151" offset="1490" length="5">
        <mention_text>which</mention_text>
      </entity_mention>
    </entity>
    <entity id="ent-90" type="GPE" specificity="specificIndividual">
      <entity_mention id="m-84" noun_type="NAM" source="NYT_ENG_20131029.0151" offset="474" length="8">
        <mention_text>American</mention_text>
      </entity_mention>
    </entity>
    <entity id="ent-111" type="GPE" specificity="specificIndividual">
      <entity_mention id="m-105" noun_type="NAM" source="NYT_ENG_20131029.0151" offset="559" length="7">
        <mention_text>Finnish</mention_text>
      </entity_mention>
      <entity_mention id="m-186" noun_type="NAM" source="NYT_ENG_20131029.0151" offset="1196" length="7">
        <mention_text>Finnish</mention_text>
      </entity_mention>
    </entity>
    <entity id="ent-216" type="ORG" specificity="nonspecific">
      <entity_mention id="m-210" noun_type="NOM" source="NYT_ENG_20131029.0151" offset="1549" length="53">
        <mention_text>manufacturers using Google’s Android operating system</mention_text>
        <nom_head source="NYT_ENG_20131029.0151" offset="1549" length="13">manufacturers</nom_head>
      </entity_mention>
    </entity>
    <entity id="ent-225" type="ORG" specificity="specificIndividual">
      <entity_mention id="m-219" noun_type="NAM" source="NYT_ENG_20131029.0151" offset="1569" length="6">
        <mention_text>Google</mention_text>
      </entity_mention>
    </entity>
    <entity id="ent-252" type="GPE" specificity="specificGroup">
      <entity_mention id="m-246" noun_type="NAM" source="NYT_ENG_20131029.0151" offset="1930" length="7">
        <mention_text>Western</mention_text>
      </entity_mention>
    </entity>
    <entity id="ent-261" type="GPE" specificity="specificIndividual">
      <entity_mention id="m-255" noun_type="NAM" source="NYT_ENG_20131029.0151" offset="1967" length="13">
        <mention_text>United States</mention_text>
      </entity_mention>
      <entity_mention id="m-264" noun_type="PRO" source="NYT_ENG_20131029.0151" offset="1982" length="5">
        <mention_text>where</mention_text>
      </entity_mention>
    </entity>
    <entity id="ent-282" type="LOC" specificity="specificGroup">
      <entity_mention id="m-276" noun_type="NOM" source="NYT_ENG_20131029.0151" offset="2151" length="37">
        <mention_text>all regions, except for North America</mention_text>
        <nom_head source="NYT_ENG_20131029.0151" offset="2155" length="7">regions</nom_head>
      </entity_mention>
    </entity>
    <entity id="ent-291" type="LOC" specificity="specificIndividual">
      <entity_mention id="m-285" noun_type="NAM" source="NYT_ENG_20131029.0151" offset="2175" length="13">
        <mention_text>North America</mention_text>
      </entity_mention>
    </entity>
    <entity id="ent-312" type="GPE" specificity="specificIndividual">
      <entity_mention id="m-306" noun_type="NAM" source="NYT_ENG_20131029.0151" offset="2296" length="8">
        <mention_text>Helsinki</mention_text>
      </entity_mention>
    </entity>
  </entities>
  <fillers>
    <filler id="f-453" source="NYT_ENG_20131029.0151" offset="219" length="10" type="commodity">SMARTPHONE</filler>
    <filler id="f-506" source="NYT_ENG_20131029.0151" offset="355" length="8" type="time" nom_time="2013-10-30">tomorrow</filler>
    <filler id="f-567" source="NYT_ENG_20131029.0151" offset="608" length="45" type="commodity">8.8 million of its high-end Lumia smartphones</filler>
    <filler id="f-574" source="NYT_ENG_20131029.0151" offset="657" length="29" type="time" nom_time="2013-0x-xx">the third quarter of the year</filler>
    <filler id="f-662" source="NYT_ENG_20131029.0151" offset="657" length="29" type="time" nom_time="2013-0x-xx">the third quarter of the year</filler>
    <filler id="f-644" source="NYT_ENG_20131029.0151" offset="753" length="28" type="commodity">55.8 million low-cost phones</filler>
    <filler id="f-651" source="NYT_ENG_20131029.0151" offset="782" length="20" type="time" nom_time="2013-0x-xx">over the same period</filler>
    <filler id="f-692" source="NYT_ENG_20131029.0151" offset="782" length="20" type="time" nom_time="2013-0x-xx">over the same period</filler>
    <filler id="f-750" source="NYT_ENG_20131029.0151" offset="976" length="15" type="time" nom_time="2014-0x-xx">early next year</filler>
    <filler id="f-778" source="NYT_ENG_20131029.0151" offset="909" length="12" type="money">$7.2 billion</filler>
    <filler id="f-787" source="NYT_ENG_20131029.0151" offset="976" length="15" type="time" nom_time="2014-0x-xx">early next year</filler>
    <filler id="f-866" source="NYT_ENG_20131029.0151" offset="1229" length="12" type="time" nom_time="2013-xx-xx">recent weeks</filler>
    <filler id="f-886" source="NYT_ENG_20131029.0151" offset="1398" length="10" type="commodity">smartphone</filler>
    <filler id="f-984" source="NYT_ENG_20131029.0151" offset="1907" length="19" type="commodity">Nokia’s smartphones</filler>
    <filler id="f-1057" source="NYT_ENG_20131029.0151" offset="2031" length="18" type="commodity">costly smartphones</filler>
    <filler id="f-1078" source="NYT_ENG_20131029.0151" offset="2091" length="25" type="commodity">Nokia’s low-cost handsets</filler>
    <filler id="f-1176" source="NYT_ENG_20131029.0151" offset="2217" length="7" type="time" nom_time="2013-10-29">Tuesday</filler>
    <filler id="f-1196" source="NYT_ENG_20131029.0151" offset="2285" length="7" type="time" nom_time="2013-10-29">Tuesday</filler>
  </fillers>
  <relations>
    <relation id="r-1630" type="partwhole" subtype="subsidiary">
      <relation_mention id="relm-315" realis="true">
        <rel_arg1 entity_id="ent-69" entity_mention_id="m-63" role="suborg">Nokia’s handset business</rel_arg1>
        <rel_arg2 entity_id="ent-30" entity_mention_id="m-72" role="parent">Nokia</rel_arg2>
        <trigger source="NYT_ENG_20131029.0151" offset="440" length="7">Nokia’s</trigger>
      </relation_mention>
      <relation_mention id="relm-355" realis="true">
        <rel_arg1 entity_id="ent-69" entity_mention_id="m-144" role="suborg">Nokia’s handset unit</rel_arg1>
        <rel_arg2 entity_id="ent-30" entity_mention_id="m-150" role="parent">Nokia</rel_arg2>
        <trigger source="NYT_ENG_20131029.0151" offset="934" length="7">Nokia’s</trigger>
      </relation_mention>
      <relation_mention id="relm-375" realis="true">
        <rel_arg1 entity_id="ent-69" entity_mention_id="m-162" role="suborg">Nokia’s handset business</rel_arg1>
        <rel_arg2 entity_id="ent-30" entity_mention_id="m-168" role="parent">Nokia</rel_arg2>
        <trigger source="NYT_ENG_20131029.0151" offset="1081" length="7">Nokia’s</trigger>
      </relation_mention>
      <relation_mention id="relm-405" realis="true">
        <rel_arg1 entity_id="ent-69" entity_mention_id="m-234" role="suborg">the division</rel_arg1>
        <rel_arg2 entity_id="ent-30" entity_mention_id="m-228" role="parent">The company</rel_arg2>
        <trigger source="NYT_ENG_20131029.0151" offset="1639" length="8">division</trigger>
      </relation_mention>
    </relation>
    <relation id="r-1631" type="physical" subtype="orglocationorigin">
      <relation_mention id="relm-325" realis="true">
        <rel_arg1 entity_id="ent-8" entity_mention_id="m-78" role="org">the American technology giant</rel_arg1>
        <rel_arg2 entity_id="ent-90" entity_mention_id="m-84" role="loc">American</rel_arg2>
      </relation_mention>
    </relation>
    <relation id="r-1632" type="partwhole" subtype="subsidiary">
      <relation_mention id="relm-335" realis="false">
        <rel_arg1 entity_id="ent-69" entity_mention_id="m-63" role="suborg">Nokia’s handset business</rel_arg1>
        <rel_arg2 entity_id="ent-8" entity_mention_id="m-51" role="parent">Microsoft</rel_arg2>
        <trigger source="NYT_ENG_20131029.0151" offset="437" length="2">on</trigger>
      </relation_mention>
      <relation_mention id="relm-365" realis="false">
        <rel_arg1 entity_id="ent-69" entity_mention_id="m-144" role="suborg">Nokia’s handset unit</rel_arg1>
        <rel_arg2 entity_id="ent-8" entity_mention_id="m-138" role="parent">whose</rel_arg2>
        <trigger source="NYT_ENG_20131029.0151" offset="931" length="2">of</trigger>
      </relation_mention>
      <relation_mention id="relm-385" realis="false">
        <rel_arg1 entity_id="ent-69" entity_mention_id="m-162" role="suborg">Nokia’s handset business</rel_arg1>
        <rel_arg2 entity_id="ent-8" entity_mention_id="m-174" role="parent">Microsoft</rel_arg2>
        <trigger source="NYT_ENG_20131029.0151" offset="1077" length="3">buy</trigger>
      </relation_mention>
    </relation>
    <relation id="r-1633" type="physical" subtype="orglocationorigin">
      <relation_mention id="relm-345" realis="true">
        <rel_arg1 entity_id="ent-30" entity_mention_id="m-99" role="org">the struggling Finnish telecommunications company</rel_arg1>
        <rel_arg2 entity_id="ent-111" entity_mention_id="m-105" role="loc">Finnish</rel_arg2>
      </relation_mention>
      <relation_mention id="relm-395" realis="true">
        <rel_arg1 entity_id="ent-30" entity_mention_id="m-180" role="org">the Finnish company</rel_arg1>
        <rel_arg2 entity_id="ent-111" entity_mention_id="m-186" role="loc">Finnish</rel_arg2>
      </relation_mention>
    </relation>
  </relations>
  <hoppers>
    <hopper id="h-16">
      <event_mention id="em-415" type="contact" subtype="broadcast" realis="actual" audience="oneway" formality="formal" medium="canttell" schedule="canttell">
        <trigger source="NYT_ENG_20131029.0151" offset="201" length="7">REPORTS</trigger>
        <em_arg entity_id="ent-30" entity_mention_id="m-24" role="entity" realis="true">NOKIA</em_arg>
      </event_mention>
      <event_mention id="em-598" type="contact" subtype="contact" realis="actual" audience="canttell" formality="canttell" medium="canttell" schedule="canttell">
        <trigger source="NYT_ENG_20131029.0151" offset="595" length="4">said</trigger>
        <em_arg entity_id="ent-30" entity_mention_id="m-93" role="entity" realis="true">Nokia</em_arg>
      </event_mention>
      <event_mention id="em-911" type="contact" subtype="broadcast" realis="actual" audience="oneway" formality="formal" medium="canttell" schedule="canttell">
        <trigger source="NYT_ENG_20131029.0151" offset="1428" length="8">reported</trigger>
        <em_arg entity_id="ent-30" entity_mention_id="m-198" role="entity" realis="true">Nokia</em_arg>
      </event_mention>
      <event_mention id="em-1151" type="contact" subtype="broadcast" realis="actual" audience="oneway" formality="formal" medium="notinperson" schedule="planned">
        <trigger source="NYT_ENG_20131029.0151" offset="2207" length="9">statement</trigger>
        <em_arg entity_id="ent-30" entity_mention_id="m-294" role="entity" realis="true">Nokia</em_arg>
        <em_arg filler_id="f-1176" role="time" realis="true">Tuesday</em_arg>
      </event_mention>
    </hopper>
    <hopper id="h-464">
      <event_mention id="em-436" type="transaction" subtype="transferownership" realis="actual" ways="voluntary">
        <trigger source="NYT_ENG_20131029.0151" offset="230" length="5">SALES</trigger>
        <em_arg filler_id="f-453" role="thing" realis="true">SMARTPHONE</em_arg>
        <em_arg entity_id="ent-30" entity_mention_id="m-24" role="giver" realis="true">NOKIA</em_arg>
      </event_mention>
      <event_mention id="em-869" type="transaction" subtype="transferownership" realis="actual" ways="voluntary">
        <trigger source="NYT_ENG_20131029.0151" offset="1409" length="5">sales</trigger>
        <em_arg filler_id="f-886" role="thing" realis="true">smartphone</em_arg>
      </event_mention>
      <event_mention id="em-1040" type="transaction" subtype="transferownership" realis="actual" ways="voluntary">
        <trigger source="NYT_ENG_20131029.0151" offset="2020" length="7">revenue</trigger>
        <em_arg filler_id="f-1057" role="thing" realis="true">costly smartphones</em_arg>
      </event_mention>
    </hopper>
    <hopper id="h-487">
      <event_mention id="em-466" type="transaction" subtype="transfermoney" realis="generic" ways="voluntary">
        <trigger source="NYT_ENG_20131029.0151" offset="230" length="5">SALES</trigger>
        <em_arg entity_id="ent-30" entity_mention_id="m-24" role="recipient" realis="true">NOKIA</em_arg>
      </event_mention>
    </hopper>
    <hopper id="h-510">
      <event_mention id="em-489" type="contact" subtype="broadcast" realis="other" audience="oneway" formality="formal" medium="notinperson" schedule="planned">
        <trigger source="NYT_ENG_20131029.0151" offset="345" length="6">appear</trigger>
        <em_arg filler_id="f-506" role="time" realis="true">tomorrow</em_arg>
      </event_mention>
    </hopper>
    <hopper id="h-540">
      <event_mention id="em-512" type="transaction" subtype="transferownership" realis="other" ways="canttell">
        <trigger source="NYT_ENG_20131029.0151" offset="423" length="3">get</trigger>
        <em_arg entity_id="ent-8" entity_mention_id="m-51" role="recipient" realis="true">Microsoft</em_arg>
        <em_arg entity_id="ent-69" entity_mention_id="m-63" role="thing" realis="true">Nokia’s handset business</em_arg>
      </event_mention>
      <event_mention id="em-718" type="transaction" subtype="transferownership" realis="other" ways="voluntary">
        <trigger source="NYT_ENG_20131029.0151" offset="922" length="8">takeover</trigger>
        <em_arg entity_id="ent-8" entity_mention_id="m-138" role="recipient" realis="true">whose</em_arg>
        <em_arg entity_id="ent-69" entity_mention_id="m-144" role="thing" realis="true">Nokia’s handset unit</em_arg>
        <em_arg filler_id="f-750" role="time" realis="true">early next year</em_arg>
      </event_mention>
      <event_mention id="em-813" type="transaction" subtype="transferownership" realis="other" ways="voluntary">
        <trigger source="NYT_ENG_20131029.0151" offset="1077" length="3">buy</trigger>
        <em_arg entity_id="ent-8" entity_mention_id="m-174" role="recipient" realis="true">Microsoft</em_arg>
        <em_arg entity_id="ent-69" entity_mention_id="m-162" role="thing" realis="true">Nokia’s handset business</em_arg>
      </event_mention>
    </hopper>
    <hopper id="h-654">
      <event_mention id="em-619" type="transaction" subtype="transferownership" realis="actual" ways="voluntary">
        <trigger source="NYT_ENG_20131029.0151" offset="748" length="4">sold</trigger>
        <em_arg entity_id="ent-30" entity_mention_id="m-126" role="giver" realis="true">Nokia</em_arg>
        <em_arg filler_id="f-644" role="thing" realis="true">55.8 million low-cost phones</em_arg>
        <em_arg filler_id="f-651" role="time" realis="true">over the same period</em_arg>
      </event_mention>
    </hopper>
    <hopper id="h-656">
      <event_mention id="em-542" type="transaction" subtype="transferownership" realis="actual" ways="voluntary">
        <trigger source="NYT_ENG_20131029.0151" offset="603" length="4">sold</trigger>
        <em_arg entity_id="ent-30" entity_mention_id="m-114" role="giver" realis="true">it</em_arg>
        <em_arg filler_id="f-567" role="thing" realis="true">8.8 million of its high-end Lumia smartphones</em_arg>
        <em_arg filler_id="f-574" role="time" realis="true">the third quarter of the year</em_arg>
      </event_mention>
    </hopper>
    <hopper id="h-665">
      <event_mention id="em-577" type="transaction" subtype="transfermoney" realis="actual" ways="voluntary">
        <trigger source="NYT_ENG_20131029.0151" offset="603" length="4">sold</trigger>
        <em_arg entity_id="ent-30" entity_mention_id="m-114" role="recipient" realis="true">it</em_arg>
        <em_arg filler_id="f-662" role="time" realis="true">the third quarter of the year</em_arg>
      </event_mention>
    </hopper>
    <hopper id="h-695">
      <event_mention id="em-667" type="transaction" subtype="transfermoney" realis="actual" ways="voluntary">
        <trigger source="NYT_ENG_20131029.0151" offset="748" length="4">sold</trigger>
        <em_arg entity_id="ent-30" entity_mention_id="m-126" role="recipient" realis="true">Nokia</em_arg>
        <em_arg filler_id="f-692" role="time" realis="true">over the same period</em_arg>
      </event_mention>
    </hopper>
    <hopper id="h-781">
      <event_mention id="em-753" type="transaction" subtype="transfermoney" realis="other" ways="voluntary">
        <trigger source="NYT_ENG_20131029.0151" offset="922" length="8">takeover</trigger>
        <em_arg entity_id="ent-8" entity_mention_id="m-138" role="giver" realis="true">whose</em_arg>
        <em_arg filler_id="f-778" role="money" realis="true">$7.2 billion</em_arg>
        <em_arg filler_id="f-787" role="time" realis="true">early next year</em_arg>
      </event_mention>
      <event_mention id="em-792" type="transaction" subtype="transfermoney" realis="other" ways="voluntary">
        <trigger source="NYT_ENG_20131029.0151" offset="1077" length="3">buy</trigger>
        <em_arg entity_id="ent-8" entity_mention_id="m-174" role="giver" realis="true">Microsoft</em_arg>
      </event_mention>
    </hopper>
    <hopper id="h-790">
      <event_mention id="em-841" type="contact" subtype="broadcast" realis="actual" audience="oneway" formality="canttell" medium="canttell" schedule="canttell">
        <trigger source="NYT_ENG_20131029.0151" offset="1216" length="9">announced</trigger>
        <em_arg entity_id="ent-30" entity_mention_id="m-180" role="entity" realis="true">the Finnish company</em_arg>
        <em_arg filler_id="f-866" role="time" realis="true">recent weeks</em_arg>
      </event_mention>
    </hopper>
    <hopper id="h-932">
      <event_mention id="em-1179" type="transaction" subtype="transaction" realis="generic" ways="voluntary">
        <trigger source="NYT_ENG_20131029.0151" offset="2305" length="7">trading</trigger>
        <em_arg filler_id="f-1196" role="time" realis="true">Tuesday</em_arg>
        <em_arg entity_id="ent-312" entity_mention_id="m-306" role="place" realis="true">Helsinki</em_arg>
      </event_mention>
    </hopper>
    <hopper id="h-955">
      <event_mention id="em-934" type="transaction" subtype="transaction" realis="generic" ways="voluntary">
        <trigger source="NYT_ENG_20131029.0151" offset="1938" length="7">markets</trigger>
        <em_arg entity_id="ent-252" entity_mention_id="m-246" role="place" realis="true">Western</em_arg>
      </event_mention>
    </hopper>
    <hopper id="h-978">
      <event_mention id="em-957" type="transaction" subtype="transferownership" realis="actual" ways="voluntary">
        <trigger source="NYT_ENG_20131029.0151" offset="1988" length="5">sales</trigger>
        <em_arg filler_id="f-984" role="thing" realis="true">Nokia’s smartphones</em_arg>
        <em_arg entity_id="ent-261" entity_mention_id="m-264" role="place" realis="true">where</em_arg>
      </event_mention>
    </hopper>
    <hopper id="h-1008">
      <event_mention id="em-987" type="transaction" subtype="transfermoney" realis="actual" ways="voluntary">
        <trigger source="NYT_ENG_20131029.0151" offset="1988" length="5">sales</trigger>
        <em_arg entity_id="ent-261" entity_mention_id="m-264" role="place" realis="true">where</em_arg>
      </event_mention>
    </hopper>
    <hopper id="h-1038">
      <event_mention id="em-1061" type="transaction" subtype="transferownership" realis="generic" ways="voluntary">
        <trigger source="NYT_ENG_20131029.0151" offset="2082" length="5">sales</trigger>
        <em_arg filler_id="f-1078" role="thing" realis="true">Nokia’s low-cost handsets</em_arg>
      </event_mention>
    </hopper>
    <hopper id="h-1126">
      <event_mention id="em-1105" type="transaction" subtype="transferownership" realis="generic" ways="voluntary">
        <trigger source="NYT_ENG_20131029.0151" offset="2132" length="5">sales</trigger>
        <em_arg entity_id="ent-282" entity_mention_id="m-276" role="place" realis="true">all regions, except for North America</em_arg>
      </event_mention>
    </hopper>
    <hopper id="h-1149">
      <event_mention id="em-1128" type="transaction" subtype="transfermoney" realis="generic" ways="voluntary">
        <trigger source="NYT_ENG_20131029.0151" offset="2132" length="5">sales</trigger>
        <em_arg entity_id="ent-282" entity_mention_id="m-276" role="place" realis="true">all regions, except for North America</em_arg>
      </event_mention>
    </hopper>
  </hoppers>
</deft_ere>
