<?xml version="1.0" encoding="UTF-8"?>
<deft_ere kit_id="5733b8b10000000000000071" doc_id="NYT_ENG_20131114.0038" source_type="newswire">
  <entities>
    <entity id="ent-8" type="PER" specificity="specificGroup">
      <entity_mention id="m-18" noun_type="NOM" source="NYT_ENG_20131114.0038" offset="172" length="13">
        <mention_text>SYRIAN FORCES</mention_text>
        <nom_head source="NYT_ENG_20131114.0038" offset="179" length="6">FORCES</nom_head>
      </entity_mention>
      <entity_mention id="m-60" noun_type="NOM" source="NYT_ENG_20131114.0038" offset="251" length="24">
        <mention_text>Syrian government forces</mention_text>
        <nom_head source="NYT_ENG_20131114.0038" offset="269" length="6">forces</nom_head>
      </entity_mention>
      <entity_mention id="m-150" noun_type="NOM" source="NYT_ENG_20131114.0038" offset="573" length="17">
        <mention_text>government troops</mention_text>
        <nom_head source="NYT_ENG_20131114.0038" offset="584" length="6">troops</nom_head>
      </entity_mention>
      <entity_mention id="m-480" noun_type="NOM" source="NYT_ENG_20131114.0038" offset="1758" length="21">
        <mention_text>the government forces</mention_text>
        <nom_head source="NYT_ENG_20131114.0038" offset="1773" length="6">forces</nom_head>
      </entity_mention>
    </entity>
    <entity id="ent-30" type="GPE" specificity="specificIndividual">
      <entity_mention id="m-24" noun_type="NAM" source="NYT_ENG_20131114.0038" offset="172" length="6">
        <mention_text>SYRIAN</mention_text>
      </entity_mention>
      <entity_mention id="m-75" noun_type="NAM" source="NYT_ENG_20131114.0038" offset="251" length="6">
        <mention_text>Syrian</mention_text>
      </entity_mention>
      <entity_mention id="m-138" noun_type="NOM" source="NYT_ENG_20131114.0038" offset="549" length="5">
        <mention_text>State</mention_text>
        <nom_head source="NYT_ENG_20131114.0038" offset="549" length="5">State</nom_head>
      </entity_mention>
      <entity_mention id="m-543" noun_type="NAM" source="NYT_ENG_20131114.0038" offset="1998" length="5">
        <mention_text>Syria</mention_text>
      </entity_mention>
      <entity_mention id="m-603" noun_type="NOM" source="NYT_ENG_20131114.0038" offset="2194" length="11">
        <mention_text>the country</mention_text>
        <nom_head source="NYT_ENG_20131114.0038" offset="2198" length="7">country</nom_head>
      </entity_mention>
      <entity_mention id="m-660" noun_type="NAM" source="NYT_ENG_20131114.0038" offset="2354" length="7">
        <mention_text>Syrians</mention_text>
      </entity_mention>
      <entity_mention id="m-672" noun_type="NOM" source="NYT_ENG_20131114.0038" offset="2464" length="61">
        <mention_text>a country increasingly ruled by a patchwork of warring groups</mention_text>
        <nom_head source="NYT_ENG_20131114.0038" offset="2466" length="7">country</nom_head>
      </entity_mention>
      <entity_mention id="m-717" noun_type="NAM" source="NYT_ENG_20131114.0038" offset="2569" length="5">
        <mention_text>Syria</mention_text>
      </entity_mention>
      <entity_mention id="m-780" noun_type="NAM" source="NYT_ENG_20131114.0038" offset="2720" length="5">
        <mention_text>Syria</mention_text>
      </entity_mention>
      <entity_mention id="m-792" noun_type="NAM" source="NYT_ENG_20131114.0038" offset="2758" length="5">
        <mention_text>Syria</mention_text>
      </entity_mention>
      <entity_mention id="m-987" noun_type="NAM" source="NYT_ENG_20131114.0038" offset="3351" length="5">
        <mention_text>Syria</mention_text>
      </entity_mention>
      <entity_mention id="m-1092" noun_type="NAM" source="NYT_ENG_20131114.0038" offset="3689" length="6">
        <mention_text>Syrian</mention_text>
      </entity_mention>
      <entity_mention id="m-1113" noun_type="NAM" source="NYT_ENG_20131114.0038" offset="3768" length="6">
        <mention_text>Syrian</mention_text>
      </entity_mention>
    </entity>
    <entity id="ent-39" type="LOC" specificity="specificIndividual">
      <entity_mention id="m-33" noun_type="NOM" source="NYT_ENG_20131114.0038" offset="196" length="6">
        <mention_text>SUBURB</mention_text>
        <nom_head source="NYT_ENG_20131114.0038" offset="196" length="6">SUBURB</nom_head>
      </entity_mention>
      <entity_mention id="m-81" noun_type="NOM" source="NYT_ENG_20131114.0038" offset="287" length="26">
        <mention_text>a suburb south of Damascus</mention_text>
        <nom_head source="NYT_ENG_20131114.0038" offset="289" length="6">suburb</nom_head>
      </entity_mention>
      <entity_mention id="m-156" noun_type="NAM" source="NYT_ENG_20131114.0038" offset="600" length="7">
        <mention_text>Hujeira</mention_text>
      </entity_mention>
      <entity_mention id="m-162" noun_type="NOM" source="NYT_ENG_20131114.0038" offset="609" length="104">
        <mention_text>the latest in a string of suburbs south of Damascus where the government has made inroads in recent days</mention_text>
        <nom_head source="NYT_ENG_20131114.0038" offset="613" length="6">latest</nom_head>
      </entity_mention>
    </entity>
    <entity id="ent-48" type="PER" specificity="specificGroup">
      <entity_mention id="m-42" noun_type="NOM" source="NYT_ENG_20131114.0038" offset="208" length="10">
        <mention_text>THE REBELS</mention_text>
        <nom_head source="NYT_ENG_20131114.0038" offset="212" length="6">REBELS</nom_head>
      </entity_mention>
      <entity_mention id="m-198" noun_type="NOM" source="NYT_ENG_20131114.0038" offset="752" length="5">
        <mention_text>rebel</mention_text>
        <nom_head source="NYT_ENG_20131114.0038" offset="752" length="5">rebel</nom_head>
      </entity_mention>
      <entity_mention id="m-210" noun_type="NOM" source="NYT_ENG_20131114.0038" offset="823" length="5">
        <mention_text>rebel</mention_text>
        <nom_head source="NYT_ENG_20131114.0038" offset="823" length="5">rebel</nom_head>
      </entity_mention>
      <entity_mention id="m-276" noun_type="NOM" source="NYT_ENG_20131114.0038" offset="1046" length="5">
        <mention_text>rebel</mention_text>
        <nom_head source="NYT_ENG_20131114.0038" offset="1046" length="5">rebel</nom_head>
      </entity_mention>
      <entity_mention id="m-330" noun_type="NOM" source="NYT_ENG_20131114.0038" offset="1227" length="5">
        <mention_text>rebel</mention_text>
        <nom_head source="NYT_ENG_20131114.0038" offset="1227" length="5">rebel</nom_head>
      </entity_mention>
      <entity_mention id="m-354" noun_type="NOM" source="NYT_ENG_20131114.0038" offset="1322" length="5">
        <mention_text>rebel</mention_text>
        <nom_head source="NYT_ENG_20131114.0038" offset="1322" length="5">rebel</nom_head>
      </entity_mention>
      <entity_mention id="m-438" noun_type="NOM" source="NYT_ENG_20131114.0038" offset="1638" length="5">
        <mention_text>rebel</mention_text>
        <nom_head source="NYT_ENG_20131114.0038" offset="1638" length="5">rebel</nom_head>
      </entity_mention>
      <entity_mention id="m-549" noun_type="NOM" source="NYT_ENG_20131114.0038" offset="2040" length="5">
        <mention_text>rebel</mention_text>
        <nom_head source="NYT_ENG_20131114.0038" offset="2040" length="5">rebel</nom_head>
      </entity_mention>
      <entity_mention id="m-555" noun_type="NOM" source="NYT_ENG_20131114.0038" offset="1969" length="5">
        <mention_text>rebel</mention_text>
        <nom_head source="NYT_ENG_20131114.0038" offset="1969" length="5">rebel</nom_head>
      </entity_mention>
      <entity_mention id="m-885" noun_type="NOM" source="NYT_ENG_20131114.0038" offset="3139" length="6">
        <mention_text>rebels</mention_text>
        <nom_head source="NYT_ENG_20131114.0038" offset="3139" length="6">rebels</nom_head>
      </entity_mention>
      <entity_mention id="m-1155" noun_type="NOM" source="NYT_ENG_20131114.0038" offset="3935" length="5">
        <mention_text>rebel</mention_text>
        <nom_head source="NYT_ENG_20131114.0038" offset="3935" length="5">rebel</nom_head>
      </entity_mention>
      <entity_mention id="m-1832" noun_type="NOM" source="NYT_ENG_20131114.0038" offset="1818" length="5">
        <mention_text>rebel</mention_text>
        <nom_head source="NYT_ENG_20131114.0038" offset="1818" length="5">rebel</nom_head>
      </entity_mention>
      <entity_mention id="m-1838" noun_type="NOM" source="NYT_ENG_20131114.0038" offset="3470" length="5">
        <mention_text>rebel</mention_text>
        <nom_head source="NYT_ENG_20131114.0038" offset="3470" length="5">rebel</nom_head>
      </entity_mention>
    </entity>
    <entity id="ent-57" type="GPE" specificity="specificIndividual">
      <entity_mention id="m-51" noun_type="NAM" source="NYT_ENG_20131114.0038" offset="242" length="6">
        <mention_text>BEIRUT</mention_text>
      </entity_mention>
    </entity>
    <entity id="ent-72" type="ORG" specificity="specificIndividual">
      <entity_mention id="m-66" noun_type="NOM" source="NYT_ENG_20131114.0038" offset="251" length="17">
        <mention_text>Syrian government</mention_text>
        <nom_head source="NYT_ENG_20131114.0038" offset="258" length="10">government</nom_head>
      </entity_mention>
      <entity_mention id="m-144" noun_type="NOM" source="NYT_ENG_20131114.0038" offset="573" length="10">
        <mention_text>government</mention_text>
        <nom_head source="NYT_ENG_20131114.0038" offset="573" length="10">government</nom_head>
      </entity_mention>
      <entity_mention id="m-183" noun_type="NOM" source="NYT_ENG_20131114.0038" offset="667" length="14">
        <mention_text>the government</mention_text>
        <nom_head source="NYT_ENG_20131114.0038" offset="671" length="10">government</nom_head>
      </entity_mention>
      <entity_mention id="m-222" noun_type="NOM" source="NYT_ENG_20131114.0038" offset="891" length="10">
        <mention_text>government</mention_text>
        <nom_head source="NYT_ENG_20131114.0038" offset="891" length="10">government</nom_head>
      </entity_mention>
      <entity_mention id="m-282" noun_type="NOM" source="NYT_ENG_20131114.0038" offset="1056" length="10">
        <mention_text>government</mention_text>
        <nom_head source="NYT_ENG_20131114.0038" offset="1056" length="10">government</nom_head>
      </entity_mention>
      <entity_mention id="m-336" noun_type="NOM" source="NYT_ENG_20131114.0038" offset="1255" length="14">
        <mention_text>the government</mention_text>
        <nom_head source="NYT_ENG_20131114.0038" offset="1259" length="10">government</nom_head>
      </entity_mention>
      <entity_mention id="m-432" noun_type="NOM" source="NYT_ENG_20131114.0038" offset="1623" length="10">
        <mention_text>government</mention_text>
        <nom_head source="NYT_ENG_20131114.0038" offset="1623" length="10">government</nom_head>
      </entity_mention>
      <entity_mention id="m-486" noun_type="NOM" source="NYT_ENG_20131114.0038" offset="1762" length="10">
        <mention_text>government</mention_text>
        <nom_head source="NYT_ENG_20131114.0038" offset="1762" length="10">government</nom_head>
      </entity_mention>
      <entity_mention id="m-516" noun_type="NOM" source="NYT_ENG_20131114.0038" offset="1907" length="14">
        <mention_text>the government</mention_text>
        <nom_head source="NYT_ENG_20131114.0038" offset="1911" length="10">government</nom_head>
      </entity_mention>
      <entity_mention id="m-561" noun_type="NOM" source="NYT_ENG_20131114.0038" offset="2050" length="10">
        <mention_text>government</mention_text>
        <nom_head source="NYT_ENG_20131114.0038" offset="2050" length="10">government</nom_head>
      </entity_mention>
      <entity_mention id="m-879" noun_type="NOM" source="NYT_ENG_20131114.0038" offset="3120" length="14">
        <mention_text>the government</mention_text>
        <nom_head source="NYT_ENG_20131114.0038" offset="3124" length="10">government</nom_head>
      </entity_mention>
      <entity_mention id="m-1074" noun_type="NOM" source="NYT_ENG_20131114.0038" offset="3629" length="14">
        <mention_text>the government</mention_text>
        <nom_head source="NYT_ENG_20131114.0038" offset="3633" length="10">government</nom_head>
      </entity_mention>
    </entity>
    <entity id="ent-93" type="GPE" specificity="specificIndividual">
      <entity_mention id="m-87" noun_type="NAM" source="NYT_ENG_20131114.0038" offset="305" length="8">
        <mention_text>Damascus</mention_text>
      </entity_mention>
      <entity_mention id="m-177" noun_type="NAM" source="NYT_ENG_20131114.0038" offset="652" length="8">
        <mention_text>Damascus</mention_text>
      </entity_mention>
      <entity_mention id="m-204" noun_type="NOM" source="NYT_ENG_20131114.0038" offset="793" length="11">
        <mention_text>the capital</mention_text>
        <nom_head source="NYT_ENG_20131114.0038" offset="797" length="7">capital</nom_head>
      </entity_mention>
      <entity_mention id="m-216" noun_type="NOM" source="NYT_ENG_20131114.0038" offset="868" length="17">
        <mention_text>the seat of power</mention_text>
        <nom_head source="NYT_ENG_20131114.0038" offset="872" length="4">seat</nom_head>
      </entity_mention>
      <entity_mention id="m-261" noun_type="NOM" source="NYT_ENG_20131114.0038" offset="989" length="11">
        <mention_text>the capital</mention_text>
        <nom_head source="NYT_ENG_20131114.0038" offset="993" length="7">capital</nom_head>
      </entity_mention>
      <entity_mention id="m-348" noun_type="NAM" source="NYT_ENG_20131114.0038" offset="1312" length="8">
        <mention_text>Damascus</mention_text>
      </entity_mention>
      <entity_mention id="m-387" noun_type="NOM" source="NYT_ENG_20131114.0038" offset="1473" length="11">
        <mention_text>the capital</mention_text>
        <nom_head source="NYT_ENG_20131114.0038" offset="1477" length="7">capital</nom_head>
      </entity_mention>
      <entity_mention id="m-420" noun_type="NAM" source="NYT_ENG_20131114.0038" offset="1568" length="8">
        <mention_text>Damascus</mention_text>
      </entity_mention>
    </entity>
    <entity id="ent-102" type="PER" specificity="specificGroup">
      <entity_mention id="m-96" noun_type="NOM" source="NYT_ENG_20131114.0038" offset="357" length="10">
        <mention_text>insurgents</mention_text>
        <nom_head source="NYT_ENG_20131114.0038" offset="357" length="10">insurgents</nom_head>
      </entity_mention>
    </entity>
    <entity id="ent-111" type="LOC" specificity="specificIndeterminate">
      <entity_mention id="m-105" noun_type="NOM" source="NYT_ENG_20131114.0038" offset="375" length="55">
        <mention_text>long-held territory outside the northern city of Aleppo</mention_text>
        <nom_head source="NYT_ENG_20131114.0038" offset="385" length="9">territory</nom_head>
      </entity_mention>
    </entity>
    <entity id="ent-120" type="GPE" specificity="specificIndividual">
      <entity_mention id="m-114" noun_type="NOM" source="NYT_ENG_20131114.0038" offset="403" length="17">
        <mention_text>the northern city</mention_text>
        <nom_head source="NYT_ENG_20131114.0038" offset="416" length="4">city</nom_head>
      </entity_mention>
      <entity_mention id="m-123" noun_type="NAM" source="NYT_ENG_20131114.0038" offset="424" length="6">
        <mention_text>Aleppo</mention_text>
      </entity_mention>
      <entity_mention id="m-492" noun_type="NAM" source="NYT_ENG_20131114.0038" offset="1810" length="6">
        <mention_text>Aleppo</mention_text>
      </entity_mention>
      <entity_mention id="m-531" noun_type="NOM" source="NYT_ENG_20131114.0038" offset="1988" length="8">
        <mention_text>The city</mention_text>
        <nom_head source="NYT_ENG_20131114.0038" offset="1992" length="4">city</nom_head>
      </entity_mention>
    </entity>
    <entity id="ent-135" type="ORG" specificity="specificGroup">
      <entity_mention id="m-129" noun_type="NOM" source="NYT_ENG_20131114.0038" offset="549" length="16">
        <mention_text>State news media</mention_text>
        <nom_head source="NYT_ENG_20131114.0038" offset="560" length="5">media</nom_head>
      </entity_mention>
    </entity>
    <entity id="ent-174" type="LOC" specificity="specificGroup">
      <entity_mention id="m-168" noun_type="NOM" source="NYT_ENG_20131114.0038" offset="623" length="90">
        <mention_text>a string of suburbs south of Damascus where the government has made inroads in recent days</mention_text>
        <nom_head source="NYT_ENG_20131114.0038" offset="625" length="6">string</nom_head>
      </entity_mention>
    </entity>
    <entity id="ent-195" type="GPE" specificity="specificGroup">
      <entity_mention id="m-189" noun_type="NOM" source="NYT_ENG_20131114.0038" offset="752" length="52">
        <mention_text>rebel-held towns that form an arc around the capital</mention_text>
        <nom_head source="NYT_ENG_20131114.0038" offset="763" length="5">towns</nom_head>
      </entity_mention>
    </entity>
    <entity id="ent-234" type="ORG" specificity="specificIndividual">
      <entity_mention id="m-228" noun_type="NOM" source="NYT_ENG_20131114.0038" offset="914" length="8">
        <mention_text>the army</mention_text>
        <nom_head source="NYT_ENG_20131114.0038" offset="918" length="4">army</nom_head>
      </entity_mention>
    </entity>
    <entity id="ent-243" type="PER" specificity="specificGroup">
      <entity_mention id="m-237" noun_type="NOM" source="NYT_ENG_20131114.0038" offset="939" length="6">
        <mention_text>rebels</mention_text>
        <nom_head source="NYT_ENG_20131114.0038" offset="939" length="6">rebels</nom_head>
      </entity_mention>
    </entity>
    <entity id="ent-258" type="LOC" specificity="specificIndeterminate">
      <entity_mention id="m-252" noun_type="NOM" source="NYT_ENG_20131114.0038" offset="966" length="34">
        <mention_text>the front lines around the capital</mention_text>
        <nom_head source="NYT_ENG_20131114.0038" offset="976" length="5">lines</nom_head>
      </entity_mention>
    </entity>
    <entity id="ent-273" type="PER" specificity="specificGroup">
      <entity_mention id="m-267" noun_type="NOM" source="NYT_ENG_20131114.0038" offset="1046" length="27">
        <mention_text>rebel and government forces</mention_text>
        <nom_head source="NYT_ENG_20131114.0038" offset="1067" length="6">forces</nom_head>
      </entity_mention>
      <entity_mention id="m-288" noun_type="NOM" source="NYT_ENG_20131114.0038" offset="1111" length="10">
        <mention_text>each other</mention_text>
        <nom_head source="NYT_ENG_20131114.0038" offset="1111" length="4">each</nom_head>
      </entity_mention>
    </entity>
    <entity id="ent-300" type="LOC" specificity="specificIndeterminate">
      <entity_mention id="m-294" noun_type="NOM" source="NYT_ENG_20131114.0038" offset="1125" length="11">
        <mention_text>many places</mention_text>
        <nom_head source="NYT_ENG_20131114.0038" offset="1130" length="6">places</nom_head>
      </entity_mention>
    </entity>
    <entity id="ent-309" type="PER" specificity="specificGroup">
      <entity_mention id="m-303" noun_type="NOM" source="NYT_ENG_20131114.0038" offset="1180" length="9">
        <mention_text>civilians</mention_text>
        <nom_head source="NYT_ENG_20131114.0038" offset="1180" length="9">civilians</nom_head>
      </entity_mention>
      <entity_mention id="m-312" noun_type="NOM" source="NYT_ENG_20131114.0038" offset="1191" length="6">
        <mention_text>People</mention_text>
        <nom_head source="NYT_ENG_20131114.0038" offset="1191" length="6">People</nom_head>
      </entity_mention>
    </entity>
    <entity id="ent-318" type="PER" specificity="specificGroup">
      <entity_mention id="m-402" noun_type="NOM" source="NYT_ENG_20131114.0038" offset="1506" length="6">
        <mention_text>Rebels</mention_text>
        <nom_head source="NYT_ENG_20131114.0038" offset="1506" length="6">Rebels</nom_head>
      </entity_mention>
    </entity>
    <entity id="ent-327" type="LOC" specificity="specificGroup">
      <entity_mention id="m-321" noun_type="NOM" source="NYT_ENG_20131114.0038" offset="1227" length="42">
        <mention_text>rebel enclaves blockaded by the government</mention_text>
        <nom_head source="NYT_ENG_20131114.0038" offset="1233" length="8">enclaves</nom_head>
      </entity_mention>
      <entity_mention id="m-342" noun_type="PRO" source="NYT_ENG_20131114.0038" offset="1271" length="5">
        <mention_text>which</mention_text>
      </entity_mention>
    </entity>
    <entity id="ent-369" type="PER" specificity="specificGroup">
      <entity_mention id="m-363" noun_type="NOM" source="NYT_ENG_20131114.0038" offset="1407" length="19">
        <mention_text>four schoolchildren</mention_text>
        <nom_head source="NYT_ENG_20131114.0038" offset="1412" length="14">schoolchildren</nom_head>
      </entity_mention>
      <entity_mention id="m-372" noun_type="PRO" source="NYT_ENG_20131114.0038" offset="1451" length="5">
        <mention_text>their</mention_text>
      </entity_mention>
    </entity>
    <entity id="ent-384" type="LOC" specificity="specificIndividual">
      <entity_mention id="m-378" noun_type="NOM" source="NYT_ENG_20131114.0038" offset="1473" length="22">
        <mention_text>the capital’s old city</mention_text>
        <nom_head source="NYT_ENG_20131114.0038" offset="1491" length="4">city</nom_head>
      </entity_mention>
    </entity>
    <entity id="ent-417" type="LOC" specificity="specificIndividual">
      <entity_mention id="m-411" noun_type="NOM" source="NYT_ENG_20131114.0038" offset="1555" length="34">
        <mention_text>the southern Damascus neighborhood</mention_text>
        <nom_head source="NYT_ENG_20131114.0038" offset="1577" length="12">neighborhood</nom_head>
      </entity_mention>
      <entity_mention id="m-426" noun_type="NAM" source="NYT_ENG_20131114.0038" offset="1593" length="7">
        <mention_text>Tadamon</mention_text>
      </entity_mention>
    </entity>
    <entity id="ent-450" type="LOC" specificity="specificIndividual">
      <entity_mention id="m-444" noun_type="NOM" source="NYT_ENG_20131114.0038" offset="1676" length="116">
        <mention_text>a checkpoint that opposition activists said was staffed by Shiite militias aiding the government forces in the fight</mention_text>
        <nom_head source="NYT_ENG_20131114.0038" offset="1678" length="10">checkpoint</nom_head>
      </entity_mention>
    </entity>
    <entity id="ent-459" type="PER" specificity="specificGroup">
      <entity_mention id="m-453" noun_type="NOM" source="NYT_ENG_20131114.0038" offset="1694" length="20">
        <mention_text>opposition activists</mention_text>
        <nom_head source="NYT_ENG_20131114.0038" offset="1705" length="9">activists</nom_head>
      </entity_mention>
    </entity>
    <entity id="ent-468" type="PER" specificity="specificGroup">
      <entity_mention id="m-462" noun_type="NOM" source="NYT_ENG_20131114.0038" offset="1735" length="57">
        <mention_text>Shiite militias aiding the government forces in the fight</mention_text>
        <nom_head source="NYT_ENG_20131114.0038" offset="1742" length="8">militias</nom_head>
      </entity_mention>
    </entity>
    <entity id="ent-504" type="PER" specificity="specificGroup">
      <entity_mention id="m-498" noun_type="NOM" source="NYT_ENG_20131114.0038" offset="1818" length="12">
        <mention_text>rebel groups</mention_text>
        <nom_head source="NYT_ENG_20131114.0038" offset="1824" length="6">groups</nom_head>
      </entity_mention>
    </entity>
    <entity id="ent-513" type="PER" specificity="specificGroup">
      <entity_mention id="m-507" noun_type="NOM" source="NYT_ENG_20131114.0038" offset="1886" length="14">
        <mention_text>all insurgents</mention_text>
        <nom_head source="NYT_ENG_20131114.0038" offset="1890" length="10">insurgents</nom_head>
      </entity_mention>
    </entity>
    <entity id="ent-528" type="LOC" specificity="specificIndeterminate">
      <entity_mention id="m-522" noun_type="NOM" source="NYT_ENG_20131114.0038" offset="1965" length="21">
        <mention_text>key rebel strongholds</mention_text>
        <nom_head source="NYT_ENG_20131114.0038" offset="1975" length="11">strongholds</nom_head>
      </entity_mention>
    </entity>
    <entity id="ent-573" type="LOC" specificity="specificIndeterminate">
      <entity_mention id="m-246" noun_type="NOM" source="NYT_ENG_20131114.0038" offset="953" length="11">
        <mention_text>the suburbs</mention_text>
        <nom_head source="NYT_ENG_20131114.0038" offset="957" length="7">suburbs</nom_head>
      </entity_mention>
      <entity_mention id="m-3060" noun_type="NOM" source="NYT_ENG_20131114.0038" offset="635" length="78">
        <mention_text>suburbs south of Damascus where the government has made inroads in recent days</mention_text>
        <nom_head source="NYT_ENG_20131114.0038" offset="635" length="7">suburbs</nom_head>
      </entity_mention>
    </entity>
    <entity id="ent-582" type="ORG" specificity="specificIndividual">
      <entity_mention id="m-576" noun_type="NOM" source="NYT_ENG_20131114.0038" offset="2166" length="51">
        <mention_text>the main Kurdish militia in the country’s northeast</mention_text>
        <nom_head source="NYT_ENG_20131114.0038" offset="2183" length="7">militia</nom_head>
      </entity_mention>
      <entity_mention id="m-609" noun_type="PRO" source="NYT_ENG_20131114.0038" offset="2237" length="2">
        <mention_text>it</mention_text>
      </entity_mention>
      <entity_mention id="m-615" noun_type="NOM" source="NYT_ENG_20131114.0038" offset="2259" length="4">
        <mention_text>self</mention_text>
        <nom_head source="NYT_ENG_20131114.0038" offset="2259" length="4">self</nom_head>
      </entity_mention>
      <entity_mention id="m-798" noun_type="NOM" source="NYT_ENG_20131114.0038" offset="2801" length="24">
        <mention_text>The main Kurdish militia</mention_text>
        <nom_head source="NYT_ENG_20131114.0038" offset="2818" length="7">militia</nom_head>
      </entity_mention>
      <entity_mention id="m-819" noun_type="PRO" source="NYT_ENG_20131114.0038" offset="2871" length="3">
        <mention_text>its</mention_text>
      </entity_mention>
      <entity_mention id="m-825" noun_type="NAM" source="NYT_ENG_20131114.0038" offset="2906" length="3">
        <mention_text>PYD</mention_text>
      </entity_mention>
      <entity_mention id="m-831" noun_type="PRO" source="NYT_ENG_20131114.0038" offset="2933" length="2">
        <mention_text>it</mention_text>
      </entity_mention>
      <entity_mention id="m-837" noun_type="NOM" source="NYT_ENG_20131114.0038" offset="2963" length="4">
        <mention_text>self</mention_text>
        <nom_head source="NYT_ENG_20131114.0038" offset="2963" length="4">self</nom_head>
      </entity_mention>
      <entity_mention id="m-1080" noun_type="NAM" source="NYT_ENG_20131114.0038" offset="3659" length="3">
        <mention_text>PYD</mention_text>
      </entity_mention>
      <entity_mention id="m-1086" noun_type="NOM" source="NYT_ENG_20131114.0038" offset="3666" length="40">
        <mention_text>a group hostile to the Syrian revolution</mention_text>
        <nom_head source="NYT_ENG_20131114.0038" offset="3668" length="5">group</nom_head>
      </entity_mention>
    </entity>
    <entity id="ent-600" type="LOC" specificity="specificIndividual">
      <entity_mention id="m-594" noun_type="NOM" source="NYT_ENG_20131114.0038" offset="2194" length="23">
        <mention_text>the country’s northeast</mention_text>
        <nom_head source="NYT_ENG_20131114.0038" offset="2208" length="9">northeast</nom_head>
      </entity_mention>
      <entity_mention id="m-630" noun_type="NOM" source="NYT_ENG_20131114.0038" offset="2275" length="5">
        <mention_text>there</mention_text>
        <nom_head source="NYT_ENG_20131114.0038" offset="2275" length="5">there</nom_head>
      </entity_mention>
    </entity>
    <entity id="ent-627" type="LOC" specificity="specificIndividual">
      <entity_mention id="m-621" noun_type="NOM" source="NYT_ENG_20131114.0038" offset="2257" length="17">
        <mention_text>a self-ruled area</mention_text>
        <nom_head source="NYT_ENG_20131114.0038" offset="2270" length="4">area</nom_head>
      </entity_mention>
      <entity_mention id="m-873" noun_type="NOM" source="NYT_ENG_20131114.0038" offset="3079" length="8">
        <mention_text>the area</mention_text>
        <nom_head source="NYT_ENG_20131114.0038" offset="3083" length="4">area</nom_head>
      </entity_mention>
    </entity>
    <entity id="ent-642" type="GPE" specificity="specificIndividual">
      <entity_mention id="m-636" noun_type="NAM" source="NYT_ENG_20131114.0038" offset="2307" length="4">
        <mention_text>Iraq</mention_text>
      </entity_mention>
      <entity_mention id="m-741" noun_type="NAM" source="NYT_ENG_20131114.0038" offset="2635" length="4">
        <mention_text>Iraq</mention_text>
      </entity_mention>
    </entity>
    <entity id="ent-657" type="PER" specificity="specificGroup">
      <entity_mention id="m-651" noun_type="NOM" source="NYT_ENG_20131114.0038" offset="2349" length="42">
        <mention_text>Many Syrians on both sides of the conflict</mention_text>
        <nom_head source="NYT_ENG_20131114.0038" offset="2354" length="7">Syrians</nom_head>
      </entity_mention>
    </entity>
    <entity id="ent-684" type="ORG" specificity="specificGroup">
      <entity_mention id="m-678" noun_type="NOM" source="NYT_ENG_20131114.0038" offset="2496" length="29">
        <mention_text>a patchwork of warring groups</mention_text>
        <nom_head source="NYT_ENG_20131114.0038" offset="2498" length="9">patchwork</nom_head>
      </entity_mention>
    </entity>
    <entity id="ent-693" type="PER" specificity="nonspecific">
      <entity_mention id="m-687" noun_type="NOM" source="NYT_ENG_20131114.0038" offset="2536" length="5">
        <mention_text>Kurds</mention_text>
        <nom_head source="NYT_ENG_20131114.0038" offset="2536" length="5">Kurds</nom_head>
      </entity_mention>
      <entity_mention id="m-696" noun_type="PRO" source="NYT_ENG_20131114.0038" offset="2543" length="3">
        <mention_text>who</mention_text>
      </entity_mention>
      <entity_mention id="m-765" noun_type="NOM" source="NYT_ENG_20131114.0038" offset="2682" length="7">
        <mention_text>Kurdish</mention_text>
        <nom_head source="NYT_ENG_20131114.0038" offset="2682" length="7">Kurdish</nom_head>
      </entity_mention>
      <entity_mention id="m-804" noun_type="NOM" source="NYT_ENG_20131114.0038" offset="2810" length="7">
        <mention_text>Kurdish</mention_text>
        <nom_head source="NYT_ENG_20131114.0038" offset="2810" length="7">Kurdish</nom_head>
      </entity_mention>
    </entity>
    <entity id="ent-714" type="PER" specificity="specificGroup">
      <entity_mention id="m-708" noun_type="NOM" source="NYT_ENG_20131114.0038" offset="2569" length="18">
        <mention_text>Syria’s population</mention_text>
        <nom_head source="NYT_ENG_20131114.0038" offset="2577" length="10">population</nom_head>
      </entity_mention>
    </entity>
    <entity id="ent-729" type="LOC" specificity="specificGroup">
      <entity_mention id="m-723" noun_type="NOM" source="NYT_ENG_20131114.0038" offset="2603" length="52">
        <mention_text>areas of neighboring Turkey and Iraq as well as Iran</mention_text>
        <nom_head source="NYT_ENG_20131114.0038" offset="2603" length="5">areas</nom_head>
      </entity_mention>
    </entity>
    <entity id="ent-738" type="GPE" specificity="specificIndividual">
      <entity_mention id="m-732" noun_type="NAM" source="NYT_ENG_20131114.0038" offset="2624" length="6">
        <mention_text>Turkey</mention_text>
      </entity_mention>
      <entity_mention id="m-867" noun_type="NAM" source="NYT_ENG_20131114.0038" offset="3030" length="7">
        <mention_text>Turkish</mention_text>
      </entity_mention>
    </entity>
    <entity id="ent-753" type="GPE" specificity="specificIndividual">
      <entity_mention id="m-747" noun_type="NAM" source="NYT_ENG_20131114.0038" offset="2651" length="4">
        <mention_text>Iran</mention_text>
      </entity_mention>
    </entity>
    <entity id="ent-762" type="GPE" specificity="specificGroup">
      <entity_mention id="m-756" noun_type="NOM" source="NYT_ENG_20131114.0038" offset="2657" length="19">
        <mention_text>All those countries</mention_text>
        <nom_head source="NYT_ENG_20131114.0038" offset="2667" length="9">countries</nom_head>
      </entity_mention>
      <entity_mention id="m-774" noun_type="NOM" source="NYT_ENG_20131114.0038" offset="2709" length="28">
        <mention_text>players in Syria’s proxy war</mention_text>
        <nom_head source="NYT_ENG_20131114.0038" offset="2709" length="7">players</nom_head>
      </entity_mention>
    </entity>
    <entity id="ent-771" type="PER" specificity="nonspecific">
      <entity_mention id="m-993" noun_type="NOM" source="NYT_ENG_20131114.0038" offset="3400" length="5">
        <mention_text>Kurds</mention_text>
        <nom_head source="NYT_ENG_20131114.0038" offset="3400" length="5">Kurds</nom_head>
      </entity_mention>
    </entity>
    <entity id="ent-816" type="ORG" specificity="specificIndividual">
      <entity_mention id="m-810" noun_type="NAM" source="NYT_ENG_20131114.0038" offset="2838" length="22">
        <mention_text>Democratic Union Party</mention_text>
      </entity_mention>
    </entity>
    <entity id="ent-849" type="GPE" specificity="specificIndividual">
      <entity_mention id="m-843" noun_type="NOM" source="NYT_ENG_20131114.0038" offset="2985" length="22">
        <mention_text>the provincial capital</mention_text>
        <nom_head source="NYT_ENG_20131114.0038" offset="3000" length="7">capital</nom_head>
      </entity_mention>
      <entity_mention id="m-852" noun_type="NAM" source="NYT_ENG_20131114.0038" offset="3011" length="8">
        <mention_text>Qamishli</mention_text>
      </entity_mention>
    </entity>
    <entity id="ent-864" type="LOC" specificity="specificIndividual">
      <entity_mention id="m-858" noun_type="NOM" source="NYT_ENG_20131114.0038" offset="3026" length="18">
        <mention_text>the Turkish border</mention_text>
        <nom_head source="NYT_ENG_20131114.0038" offset="3038" length="6">border</nom_head>
      </entity_mention>
    </entity>
    <entity id="ent-897" type="LOC" specificity="nonspecific">
      <entity_mention id="m-891" noun_type="NOM" source="NYT_ENG_20131114.0038" offset="3176" length="9">
        <mention_text>territory</mention_text>
        <nom_head source="NYT_ENG_20131114.0038" offset="3176" length="9">territory</nom_head>
      </entity_mention>
      <entity_mention id="m-1068" noun_type="NOM" source="NYT_ENG_20131114.0038" offset="3602" length="9">
        <mention_text>territory</mention_text>
        <nom_head source="NYT_ENG_20131114.0038" offset="3602" length="9">territory</nom_head>
      </entity_mention>
    </entity>
    <entity id="ent-906" type="PER" specificity="specificGroup">
      <entity_mention id="m-900" noun_type="NOM" source="NYT_ENG_20131114.0038" offset="3194" length="16">
        <mention_text>Kurdish fighters</mention_text>
        <nom_head source="NYT_ENG_20131114.0038" offset="3202" length="8">fighters</nom_head>
      </entity_mention>
    </entity>
    <entity id="ent-921" type="ORG" specificity="specificGroup">
      <entity_mention id="m-915" noun_type="NOM" source="NYT_ENG_20131114.0038" offset="3215" length="50">
        <mention_text>insurgent groups dominated by Sunni Arab Islamists</mention_text>
        <nom_head source="NYT_ENG_20131114.0038" offset="3225" length="6">groups</nom_head>
      </entity_mention>
    </entity>
    <entity id="ent-930" type="PER" specificity="specificGroup">
      <entity_mention id="m-924" noun_type="NOM" source="NYT_ENG_20131114.0038" offset="3245" length="20">
        <mention_text>Sunni Arab Islamists</mention_text>
        <nom_head source="NYT_ENG_20131114.0038" offset="3256" length="9">Islamists</nom_head>
      </entity_mention>
      <entity_mention id="m-951" noun_type="PRO" source="NYT_ENG_20131114.0038" offset="3267" length="3">
        <mention_text>who</mention_text>
      </entity_mention>
    </entity>
    <entity id="ent-939" type="PER" specificity="specificGroup">
      <entity_mention id="m-702" noun_type="NOM" source="NYT_ENG_20131114.0038" offset="2555" length="32">
        <mention_text>10 percent of Syria’s population</mention_text>
        <nom_head source="NYT_ENG_20131114.0038" offset="2558" length="7">percent</nom_head>
      </entity_mention>
      <entity_mention id="m-786" noun_type="NOM" source="NYT_ENG_20131114.0038" offset="2758" length="13">
        <mention_text>Syria’s Kurds</mention_text>
        <nom_head source="NYT_ENG_20131114.0038" offset="2766" length="5">Kurds</nom_head>
      </entity_mention>
    </entity>
    <entity id="ent-948" type="LOC" specificity="specificIndividual">
      <entity_mention id="m-942" noun_type="NAM" source="NYT_ENG_20131114.0038" offset="3251" length="4">
        <mention_text>Arab</mention_text>
      </entity_mention>
      <entity_mention id="m-981" noun_type="NAM" source="NYT_ENG_20131114.0038" offset="3365" length="4">
        <mention_text>Arab</mention_text>
      </entity_mention>
    </entity>
    <entity id="ent-963" type="ORG" specificity="specificGroup">
      <entity_mention id="m-3066" noun_type="NOM" source="NYT_ENG_20131114.0038" offset="2511" length="14">
        <mention_text>warring groups</mention_text>
        <nom_head source="NYT_ENG_20131114.0038" offset="2519" length="6">groups</nom_head>
      </entity_mention>
    </entity>
    <entity id="ent-972" type="PER" specificity="specificGroup">
      <entity_mention id="m-966" noun_type="NOM" source="NYT_ENG_20131114.0038" offset="3351" length="27">
        <mention_text>Syria’s Sunni Arab majority</mention_text>
        <nom_head source="NYT_ENG_20131114.0038" offset="3370" length="8">majority</nom_head>
      </entity_mention>
    </entity>
    <entity id="ent-1005" type="PER" specificity="specificGroup">
      <entity_mention id="m-999" noun_type="NOM" source="NYT_ENG_20131114.0038" offset="3420" length="23">
        <mention_text>some Kurdish dissidents</mention_text>
        <nom_head source="NYT_ENG_20131114.0038" offset="3433" length="10">dissidents</nom_head>
      </entity_mention>
    </entity>
    <entity id="ent-1026" type="PER" specificity="specificGroup">
      <entity_mention id="m-1020" noun_type="NOM" source="NYT_ENG_20131114.0038" offset="3470" length="12">
        <mention_text>rebel groups</mention_text>
        <nom_head source="NYT_ENG_20131114.0038" offset="3476" length="6">groups</nom_head>
      </entity_mention>
    </entity>
    <entity id="ent-1041" type="ORG" specificity="specificGroup">
      <entity_mention id="m-1035" noun_type="NOM" source="NYT_ENG_20131114.0038" offset="3510" length="16">
        <mention_text>Kurdish militias</mention_text>
        <nom_head source="NYT_ENG_20131114.0038" offset="3518" length="8">militias</nom_head>
      </entity_mention>
    </entity>
    <entity id="ent-1056" type="ORG" specificity="specificGroup">
      <entity_mention id="m-1050" noun_type="NOM" source="NYT_ENG_20131114.0038" offset="3531" length="25">
        <mention_text>Islamist extremist groups</mention_text>
        <nom_head source="NYT_ENG_20131114.0038" offset="3550" length="6">groups</nom_head>
      </entity_mention>
    </entity>
    <entity id="ent-1104" type="ORG" specificity="specificIndividual">
      <entity_mention id="m-567" noun_type="NOM" source="NYT_ENG_20131114.0038" offset="2124" length="31">
        <mention_text>the main exile opposition group</mention_text>
        <nom_head source="NYT_ENG_20131114.0038" offset="2150" length="5">group</nom_head>
      </entity_mention>
      <entity_mention id="m-957" noun_type="NOM" source="NYT_ENG_20131114.0038" offset="3312" length="24">
        <mention_text>The opposition coalition</mention_text>
        <nom_head source="NYT_ENG_20131114.0038" offset="3327" length="9">coalition</nom_head>
      </entity_mention>
      <entity_mention id="m-1014" noun_type="NOM" source="NYT_ENG_20131114.0038" offset="3456" length="8">
        <mention_text>the body</mention_text>
        <nom_head source="NYT_ENG_20131114.0038" offset="3460" length="4">body</nom_head>
      </entity_mention>
      <entity_mention id="m-1098" noun_type="NOM" source="NYT_ENG_20131114.0038" offset="3709" length="31">
        <mention_text>the main exile opposition group</mention_text>
        <nom_head source="NYT_ENG_20131114.0038" offset="3735" length="5">group</nom_head>
      </entity_mention>
      <entity_mention id="m-1107" noun_type="NAM" source="NYT_ENG_20131114.0038" offset="3746" length="64">
        <mention_text>National Coalition of Syrian Revolutionary and Opposition Forces</mention_text>
      </entity_mention>
      <entity_mention id="m-1119" noun_type="NOM" source="NYT_ENG_20131114.0038" offset="3852" length="13">
        <mention_text>The coalition</mention_text>
        <nom_head source="NYT_ENG_20131114.0038" offset="3856" length="9">coalition</nom_head>
      </entity_mention>
      <entity_mention id="m-1125" noun_type="PRO" source="NYT_ENG_20131114.0038" offset="3876" length="3">
        <mention_text>its</mention_text>
      </entity_mention>
    </entity>
    <entity id="ent-1137" type="ORG" specificity="specificIndividual">
      <entity_mention id="m-1131" noun_type="NOM" source="NYT_ENG_20131114.0038" offset="3876" length="26">
        <mention_text>its own interim government</mention_text>
        <nom_head source="NYT_ENG_20131114.0038" offset="3892" length="10">government</nom_head>
      </entity_mention>
      <entity_mention id="m-1140" noun_type="PRO" source="NYT_ENG_20131114.0038" offset="3916" length="2">
        <mention_text>it</mention_text>
      </entity_mention>
    </entity>
    <entity id="ent-1152" type="LOC" specificity="specificGroup">
      <entity_mention id="m-1146" noun_type="NOM" source="NYT_ENG_20131114.0038" offset="3935" length="22">
        <mention_text>rebel-controlled areas</mention_text>
        <nom_head source="NYT_ENG_20131114.0038" offset="3952" length="5">areas</nom_head>
      </entity_mention>
    </entity>
    <entity id="ent-1167" type="LOC" specificity="specificIndeterminate">
      <entity_mention id="m-1161" noun_type="NOM" source="NYT_ENG_20131114.0038" offset="4031" length="128">
        <mention_text>many areas where local opposition groups and foreign-dominated Islamist groups are vying for military and administrative control</mention_text>
        <nom_head source="NYT_ENG_20131114.0038" offset="4036" length="5">areas</nom_head>
      </entity_mention>
    </entity>
    <entity id="ent-1176" type="ORG" specificity="specificGroup">
      <entity_mention id="m-1170" noun_type="NOM" source="NYT_ENG_20131114.0038" offset="4048" length="23">
        <mention_text>local opposition groups</mention_text>
        <nom_head source="NYT_ENG_20131114.0038" offset="4065" length="6">groups</nom_head>
      </entity_mention>
    </entity>
    <entity id="ent-1185" type="ORG" specificity="specificGroup">
      <entity_mention id="m-1179" noun_type="NOM" source="NYT_ENG_20131114.0038" offset="4076" length="33">
        <mention_text>foreign-dominated Islamist groups</mention_text>
        <nom_head source="NYT_ENG_20131114.0038" offset="4103" length="6">groups</nom_head>
      </entity_mention>
    </entity>
    <entity id="ent-1829" type="LOC" specificity="specificIndividual">
      <entity_mention id="m-585" noun_type="NAM" source="NYT_ENG_20131114.0038" offset="2175" length="7">
        <mention_text>Kurdish</mention_text>
      </entity_mention>
      <entity_mention id="m-645" noun_type="NAM" source="NYT_ENG_20131114.0038" offset="2329" length="9">
        <mention_text>Kurdistan</mention_text>
      </entity_mention>
      <entity_mention id="m-1044" noun_type="NAM" source="NYT_ENG_20131114.0038" offset="3510" length="7">
        <mention_text>Kurdish</mention_text>
      </entity_mention>
      <entity_mention id="m-3169" noun_type="NAM" source="NYT_ENG_20131114.0038" offset="2400" length="7">
        <mention_text>Kurdish</mention_text>
      </entity_mention>
      <entity_mention id="m-3175" noun_type="NAM" source="NYT_ENG_20131114.0038" offset="3194" length="7">
        <mention_text>Kurdish</mention_text>
      </entity_mention>
      <entity_mention id="m-3181" noun_type="NAM" source="NYT_ENG_20131114.0038" offset="3425" length="7">
        <mention_text>Kurdish</mention_text>
      </entity_mention>
    </entity>
    <entity id="ent-3104" type="LOC" specificity="specificIndividual">
      <entity_mention id="m-3098" noun_type="NOM" source="NYT_ENG_20131114.0038" offset="1559" length="17">
        <mention_text>southern Damascus</mention_text>
        <nom_head source="NYT_ENG_20131114.0038" offset="1568" length="8">Damascus</nom_head>
      </entity_mention>
    </entity>
  </entities>
  <fillers>
    <filler id="f-3121" source="NYT_ENG_20131114.0038" offset="317" length="9" type="time" nom_time="2013-11-13">Wednesday</filler>
    <filler id="f-2161" source="NYT_ENG_20131114.0038" offset="702" length="11" type="time" nom_time="2013-11-XX">recent days</filler>
    <filler id="f-3128" source="NYT_ENG_20131114.0038" offset="1328" length="6" type="weapon">mortar</filler>
    <filler id="f-2434" source="NYT_ENG_20131114.0038" offset="1439" length="7" type="weapon">a shell</filler>
    <filler id="f-2463" source="NYT_ENG_20131114.0038" offset="1439" length="7" type="weapon">a shell</filler>
    <filler id="f-2471" source="NYT_ENG_20131114.0038" offset="1451" length="16" type="vehicle">their school bus</filler>
    <filler id="f-2795" source="NYT_ENG_20131114.0038" offset="2920" length="7" type="time" nom_time="2013-11-12">Tuesday</filler>
    <filler id="f-2872" source="NYT_ENG_20131114.0038" offset="3055" length="10" type="time" nom_time="2013-XX-XX">For months</filler>
    <filler id="f-3011" source="NYT_ENG_20131114.0038" offset="3832" length="9" type="time" nom_time="2013-11-13">Wednesday</filler>
  </fillers>
  <relations>
    <relation id="r-1826" type="physical" subtype="locatednear">
      <relation_mention id="relm-1203" realis="true">
        <rel_arg1 entity_id="ent-8" entity_mention_id="m-18" role="entity">SYRIAN FORCES</rel_arg1>
        <rel_arg2 entity_id="ent-39" entity_mention_id="m-33" role="loc">SUBURB</rel_arg2>
      </relation_mention>
      <relation_mention id="relm-1253" realis="true">
        <rel_arg1 entity_id="ent-8" entity_mention_id="m-60" role="entity">Syrian government forces</rel_arg1>
        <rel_arg2 entity_id="ent-39" entity_mention_id="m-81" role="loc">a suburb south of Damascus</rel_arg2>
      </relation_mention>
      <relation_mention id="relm-1333" realis="true">
        <rel_arg1 entity_id="ent-8" entity_mention_id="m-150" role="entity">government troops</rel_arg1>
        <rel_arg2 entity_id="ent-39" entity_mention_id="m-156" role="loc">Hujeira</rel_arg2>
        <trigger source="NYT_ENG_20131114.0038" offset="591" length="8">entering</trigger>
      </relation_mention>
    </relation>
    <relation id="r-1827" type="physical" subtype="locatednear">
      <relation_mention id="relm-1213" realis="true">
        <rel_arg1 entity_id="ent-48" entity_mention_id="m-42" role="entity">THE REBELS</rel_arg1>
        <rel_arg2 entity_id="ent-39" entity_mention_id="m-33" role="loc">SUBURB</rel_arg2>
        <trigger source="NYT_ENG_20131114.0038" offset="203" length="4">FROM</trigger>
      </relation_mention>
    </relation>
    <relation id="r-1828" type="orgaffiliation" subtype="employmentmembership">
      <relation_mention id="relm-1223" realis="true">
        <rel_arg1 entity_id="ent-8" entity_mention_id="m-18" role="employeemember">SYRIAN FORCES</rel_arg1>
        <rel_arg2 entity_id="ent-30" entity_mention_id="m-24" role="org">SYRIAN</rel_arg2>
        <trigger source="NYT_ENG_20131114.0038" offset="172" length="6">SYRIAN</trigger>
      </relation_mention>
    </relation>
    <relation id="r-1829" type="orgaffiliation" subtype="employmentmembership">
      <relation_mention id="relm-1233" realis="true">
        <rel_arg1 entity_id="ent-8" entity_mention_id="m-60" role="employeemember">Syrian government forces</rel_arg1>
        <rel_arg2 entity_id="ent-72" entity_mention_id="m-66" role="org">Syrian government</rel_arg2>
      </relation_mention>
      <relation_mention id="relm-1323" realis="true">
        <rel_arg1 entity_id="ent-8" entity_mention_id="m-150" role="employeemember">government troops</rel_arg1>
        <rel_arg2 entity_id="ent-72" entity_mention_id="m-144" role="org">government</rel_arg2>
      </relation_mention>
    </relation>
    <relation id="r-1830" type="partwhole" subtype="subsidiary">
      <relation_mention id="relm-1243" realis="true">
        <rel_arg1 entity_id="ent-72" entity_mention_id="m-66" role="suborg">Syrian government</rel_arg1>
        <rel_arg2 entity_id="ent-30" entity_mention_id="m-75" role="parent">Syrian</rel_arg2>
        <trigger source="NYT_ENG_20131114.0038" offset="251" length="6">Syrian</trigger>
      </relation_mention>
    </relation>
    <relation id="r-1831" type="physical" subtype="locatednear">
      <relation_mention id="relm-1263" realis="true">
        <rel_arg1 entity_id="ent-39" entity_mention_id="m-81" role="entity">a suburb south of Damascus</rel_arg1>
        <rel_arg2 entity_id="ent-93" entity_mention_id="m-87" role="loc">Damascus</rel_arg2>
        <trigger source="NYT_ENG_20131114.0038" offset="296" length="5">south</trigger>
      </relation_mention>
    </relation>
    <relation id="r-1832" type="physical" subtype="locatednear">
      <relation_mention id="relm-1273" realis="true">
        <rel_arg1 entity_id="ent-102" entity_mention_id="m-96" role="entity">insurgents</rel_arg1>
        <rel_arg2 entity_id="ent-111" entity_mention_id="m-105" role="loc">long-held territory outside the northern city of Aleppo</rel_arg2>
        <trigger source="NYT_ENG_20131114.0038" offset="368" length="3">out</trigger>
      </relation_mention>
    </relation>
    <relation id="r-1833" type="physical" subtype="locatednear">
      <relation_mention id="relm-1283" realis="true">
        <rel_arg1 entity_id="ent-8" entity_mention_id="m-60" role="entity">Syrian government forces</rel_arg1>
        <rel_arg2 entity_id="ent-111" entity_mention_id="m-105" role="loc">long-held territory outside the northern city of Aleppo</rel_arg2>
      </relation_mention>
    </relation>
    <relation id="r-1834" type="physical" subtype="locatednear">
      <relation_mention id="relm-1293" realis="true">
        <rel_arg1 entity_id="ent-111" entity_mention_id="m-105" role="entity">long-held territory outside the northern city of Aleppo</rel_arg1>
        <rel_arg2 entity_id="ent-120" entity_mention_id="m-114" role="loc">the northern city</rel_arg2>
        <trigger source="NYT_ENG_20131114.0038" offset="395" length="7">outside</trigger>
      </relation_mention>
    </relation>
    <relation id="r-1835" type="partwhole" subtype="subsidiary">
      <relation_mention id="relm-1313" realis="true">
        <rel_arg1 entity_id="ent-135" entity_mention_id="m-129" role="suborg">State news media</rel_arg1>
        <rel_arg2 entity_id="ent-30" entity_mention_id="m-138" role="parent">State</rel_arg2>
      </relation_mention>
    </relation>
    <relation id="r-1836" type="physical" subtype="locatednear">
      <relation_mention id="relm-1343" realis="true">
        <rel_arg1 entity_id="ent-174" entity_mention_id="m-168" role="entity">a string of suburbs south of Damascus where the government has made inroads in recent days</rel_arg1>
        <rel_arg2 entity_id="ent-93" entity_mention_id="m-177" role="loc">Damascus</rel_arg2>
        <trigger source="NYT_ENG_20131114.0038" offset="643" length="5">south</trigger>
      </relation_mention>
    </relation>
    <relation id="r-1837" type="physical" subtype="locatednear">
      <relation_mention id="relm-1363" realis="true">
        <rel_arg1 entity_id="ent-48" entity_mention_id="m-198" role="entity">rebel</rel_arg1>
        <rel_arg2 entity_id="ent-195" entity_mention_id="m-189" role="loc">rebel-held towns that form an arc around the capital</rel_arg2>
        <trigger source="NYT_ENG_20131114.0038" offset="758" length="4">held</trigger>
      </relation_mention>
    </relation>
    <relation id="r-1838" type="physical" subtype="locatednear">
      <relation_mention id="relm-1373" realis="true">
        <rel_arg1 entity_id="ent-195" entity_mention_id="m-189" role="entity">rebel-held towns that form an arc around the capital</rel_arg1>
        <rel_arg2 entity_id="ent-93" entity_mention_id="m-204" role="loc">the capital</rel_arg2>
        <trigger source="NYT_ENG_20131114.0038" offset="786" length="6">around</trigger>
      </relation_mention>
    </relation>
    <relation id="r-1839" type="partwhole" subtype="subsidiary">
      <relation_mention id="relm-1393" realis="true">
        <rel_arg1 entity_id="ent-234" entity_mention_id="m-228" role="suborg">the army</rel_arg1>
        <rel_arg2 entity_id="ent-72" entity_mention_id="m-222" role="parent">government</rel_arg2>
      </relation_mention>
    </relation>
    <relation id="r-1840" type="physical" subtype="locatednear">
      <relation_mention id="relm-1403" realis="true">
        <rel_arg1 entity_id="ent-243" entity_mention_id="m-237" role="entity">rebels</rel_arg1>
        <rel_arg2 entity_id="ent-573" entity_mention_id="m-246" role="loc">the suburbs</rel_arg2>
        <trigger source="NYT_ENG_20131114.0038" offset="946" length="3">out</trigger>
      </relation_mention>
    </relation>
    <relation id="r-1841" type="physical" subtype="orglocationorigin">
      <relation_mention id="relm-1413" realis="false">
        <rel_arg1 entity_id="ent-234" entity_mention_id="m-228" role="org">the army</rel_arg1>
        <rel_arg2 entity_id="ent-573" entity_mention_id="m-246" role="loc">the suburbs</rel_arg2>
      </relation_mention>
    </relation>
    <relation id="r-1842" type="physical" subtype="locatednear">
      <relation_mention id="relm-1423" realis="true">
        <rel_arg1 entity_id="ent-258" entity_mention_id="m-252" role="entity">the front lines around the capital</rel_arg1>
        <rel_arg2 entity_id="ent-93" entity_mention_id="m-261" role="loc">the capital</rel_arg2>
        <trigger source="NYT_ENG_20131114.0038" offset="982" length="6">around</trigger>
      </relation_mention>
    </relation>
    <relation id="r-1843" type="physical" subtype="locatednear">
      <relation_mention id="relm-1433" realis="true">
        <rel_arg1 entity_id="ent-273" entity_mention_id="m-288" role="entity">each other</rel_arg1>
        <rel_arg2 entity_id="ent-300" entity_mention_id="m-294" role="loc">many places</rel_arg2>
        <trigger source="NYT_ENG_20131114.0038" offset="1122" length="2">in</trigger>
      </relation_mention>
    </relation>
    <relation id="r-1844" type="physical" subtype="locatednear">
      <relation_mention id="relm-1443" realis="true">
        <rel_arg1 entity_id="ent-309" entity_mention_id="m-312" role="entity">People</rel_arg1>
        <rel_arg2 entity_id="ent-327" entity_mention_id="m-321" role="loc">rebel enclaves blockaded by the government</rel_arg2>
        <trigger source="NYT_ENG_20131114.0038" offset="1224" length="2">in</trigger>
      </relation_mention>
    </relation>
    <relation id="r-1845" type="physical" subtype="locatednear">
      <relation_mention id="relm-1453" realis="true">
        <rel_arg1 entity_id="ent-48" entity_mention_id="m-330" role="entity">rebel</rel_arg1>
        <rel_arg2 entity_id="ent-327" entity_mention_id="m-321" role="loc">rebel enclaves blockaded by the government</rel_arg2>
        <trigger source="NYT_ENG_20131114.0038" offset="1233" length="8">enclaves</trigger>
      </relation_mention>
    </relation>
    <relation id="r-1846" type="physical" subtype="locatednear">
      <relation_mention id="relm-1473" realis="true">
        <rel_arg1 entity_id="ent-48" entity_mention_id="m-354" role="entity">rebel</rel_arg1>
        <rel_arg2 entity_id="ent-93" entity_mention_id="m-348" role="loc">Damascus</rel_arg2>
        <trigger source="NYT_ENG_20131114.0038" offset="1309" length="2">In</trigger>
      </relation_mention>
    </relation>
    <relation id="r-1847" type="physical" subtype="locatednear">
      <relation_mention id="relm-1483" realis="true">
        <rel_arg1 entity_id="ent-369" entity_mention_id="m-372" role="entity">their</rel_arg1>
        <rel_arg2 entity_id="ent-384" entity_mention_id="m-378" role="loc">the capital’s old city</rel_arg2>
        <trigger source="NYT_ENG_20131114.0038" offset="1468" length="4">near</trigger>
      </relation_mention>
    </relation>
    <relation id="r-1848" type="physical" subtype="locatednear">
      <relation_mention id="relm-1493" realis="true">
        <rel_arg1 entity_id="ent-384" entity_mention_id="m-378" role="entity">the capital’s old city</rel_arg1>
        <rel_arg2 entity_id="ent-93" entity_mention_id="m-387" role="loc">the capital</rel_arg2>
      </relation_mention>
    </relation>
    <relation id="r-1849" type="physical" subtype="locatednear">
      <relation_mention id="relm-1513" realis="true">
        <rel_arg1 entity_id="ent-417" entity_mention_id="m-411" role="entity">the southern Damascus neighborhood</rel_arg1>
        <rel_arg2 entity_id="ent-3104" entity_mention_id="m-3098" role="loc">southern Damascus</rel_arg2>
        <trigger source="NYT_ENG_20131114.0038" offset="1577" length="12">neighborhood</trigger>
      </relation_mention>
    </relation>
    <relation id="r-1850" type="physical" subtype="locatednear">
      <relation_mention id="relm-1543" realis="true">
        <rel_arg1 entity_id="ent-468" entity_mention_id="m-462" role="entity">Shiite militias aiding the government forces in the fight</rel_arg1>
        <rel_arg2 entity_id="ent-450" entity_mention_id="m-444" role="loc">a checkpoint that opposition activists said was staffed by Shiite militias aiding the government forces in the fight</rel_arg2>
        <trigger source="NYT_ENG_20131114.0038" offset="1724" length="7">staffed</trigger>
      </relation_mention>
    </relation>
    <relation id="r-1851" type="physical" subtype="locatednear">
      <relation_mention id="relm-1563" realis="true">
        <rel_arg1 entity_id="ent-504" entity_mention_id="m-498" role="entity">rebel groups</rel_arg1>
        <rel_arg2 entity_id="ent-120" entity_mention_id="m-492" role="loc">Aleppo</rel_arg2>
        <trigger source="NYT_ENG_20131114.0038" offset="1803" length="6">Around</trigger>
      </relation_mention>
    </relation>
    <relation id="r-1852" type="physical" subtype="locatednear">
      <relation_mention id="relm-1573" realis="true">
        <rel_arg1 entity_id="ent-48" entity_mention_id="m-555" role="entity">rebel</rel_arg1>
        <rel_arg2 entity_id="ent-528" entity_mention_id="m-522" role="loc">key rebel strongholds</rel_arg2>
      </relation_mention>
    </relation>
    <relation id="r-1853" type="physical" subtype="locatednear">
      <relation_mention id="relm-1583" realis="true">
        <rel_arg1 entity_id="ent-120" entity_mention_id="m-531" role="entity">The city</rel_arg1>
        <rel_arg2 entity_id="ent-30" entity_mention_id="m-543" role="loc">Syria</rel_arg2>
        <trigger source="NYT_ENG_20131114.0038" offset="1998" length="7">Syria’s</trigger>
      </relation_mention>
    </relation>
    <relation id="r-1854" type="physical" subtype="orglocationorigin">
      <relation_mention id="relm-1623" realis="true">
        <rel_arg1 entity_id="ent-582" entity_mention_id="m-576" role="org">the main Kurdish militia in the country’s northeast</rel_arg1>
        <rel_arg2 entity_id="ent-600" entity_mention_id="m-594" role="loc">the country’s northeast</rel_arg2>
        <trigger source="NYT_ENG_20131114.0038" offset="2191" length="2">in</trigger>
      </relation_mention>
    </relation>
    <relation id="r-1855" type="physical" subtype="locatednear">
      <relation_mention id="relm-1633" realis="true">
        <rel_arg1 entity_id="ent-600" entity_mention_id="m-594" role="entity">the country’s northeast</rel_arg1>
        <rel_arg2 entity_id="ent-30" entity_mention_id="m-603" role="loc">the country</rel_arg2>
        <trigger source="NYT_ENG_20131114.0038" offset="2198" length="9">country’s</trigger>
      </relation_mention>
    </relation>
    <relation id="r-1856" type="physical" subtype="locatednear">
      <relation_mention id="relm-1653" realis="true">
        <rel_arg1 entity_id="ent-600" entity_mention_id="m-630" role="entity">there</rel_arg1>
        <rel_arg2 entity_id="ent-642" entity_mention_id="m-636" role="loc">Iraq</rel_arg2>
        <trigger source="NYT_ENG_20131114.0038" offset="2295" length="11">neighboring</trigger>
      </relation_mention>
    </relation>
    <relation id="r-1857" type="physical" subtype="locatednear">
      <relation_mention id="relm-1663" realis="true">
        <rel_arg1 entity_id="ent-1829" entity_mention_id="m-645" role="entity">Kurdistan</rel_arg1>
        <rel_arg2 entity_id="ent-642" entity_mention_id="m-636" role="loc">Iraq</rel_arg2>
        <trigger source="NYT_ENG_20131114.0038" offset="2307" length="6">Iraq’s</trigger>
      </relation_mention>
    </relation>
    <relation id="r-1858" type="generalaffiliation" subtype="more">
      <relation_mention id="relm-1673" realis="true">
        <rel_arg1 entity_id="ent-657" entity_mention_id="m-651" role="per">Many Syrians on both sides of the conflict</rel_arg1>
        <rel_arg2 entity_id="ent-30" entity_mention_id="m-660" role="entity">Syrians</rel_arg2>
        <trigger source="NYT_ENG_20131114.0038" offset="2354" length="7">Syrians</trigger>
      </relation_mention>
    </relation>
    <relation id="r-1859" type="physical" subtype="resident">
      <relation_mention id="relm-1693" realis="true">
        <rel_arg1 entity_id="ent-939" entity_mention_id="m-702" role="per">10 percent of Syria’s population</rel_arg1>
        <rel_arg2 entity_id="ent-30" entity_mention_id="m-717" role="loc">Syria</rel_arg2>
        <trigger source="NYT_ENG_20131114.0038" offset="2566" length="2">of</trigger>
      </relation_mention>
      <relation_mention id="relm-1743" realis="true">
        <rel_arg1 entity_id="ent-939" entity_mention_id="m-786" role="per">Syria’s Kurds</rel_arg1>
        <rel_arg2 entity_id="ent-30" entity_mention_id="m-792" role="loc">Syria</rel_arg2>
        <trigger source="NYT_ENG_20131114.0038" offset="2758" length="7">Syria’s</trigger>
      </relation_mention>
    </relation>
    <relation id="r-1860" type="physical" subtype="resident">
      <relation_mention id="relm-1703" realis="true">
        <rel_arg1 entity_id="ent-714" entity_mention_id="m-708" role="per">Syria’s population</rel_arg1>
        <rel_arg2 entity_id="ent-30" entity_mention_id="m-717" role="loc">Syria</rel_arg2>
        <trigger source="NYT_ENG_20131114.0038" offset="2577" length="10">population</trigger>
      </relation_mention>
    </relation>
    <relation id="r-1861" type="physical" subtype="locatednear">
      <relation_mention id="relm-1713" realis="true">
        <rel_arg1 entity_id="ent-939" entity_mention_id="m-702" role="entity">10 percent of Syria’s population</rel_arg1>
        <rel_arg2 entity_id="ent-729" entity_mention_id="m-723" role="loc">areas of neighboring Turkey and Iraq as well as Iran</rel_arg2>
        <trigger source="NYT_ENG_20131114.0038" offset="2594" length="8">dominate</trigger>
      </relation_mention>
    </relation>
    <relation id="r-1862" type="physical" subtype="locatednear">
      <relation_mention id="relm-1723" realis="true">
        <rel_arg1 entity_id="ent-738" entity_mention_id="m-732" role="entity">Turkey</rel_arg1>
        <rel_arg2 entity_id="ent-30" entity_mention_id="m-717" role="loc">Syria</rel_arg2>
        <trigger source="NYT_ENG_20131114.0038" offset="2612" length="11">neighboring</trigger>
      </relation_mention>
    </relation>
    <relation id="r-1863" type="physical" subtype="locatednear">
      <relation_mention id="relm-1733" realis="true">
        <rel_arg1 entity_id="ent-642" entity_mention_id="m-741" role="entity">Iraq</rel_arg1>
        <rel_arg2 entity_id="ent-30" entity_mention_id="m-717" role="loc">Syria</rel_arg2>
        <trigger source="NYT_ENG_20131114.0038" offset="2612" length="11">neighboring</trigger>
      </relation_mention>
    </relation>
    <relation id="r-1864" type="physical" subtype="locatednear">
      <relation_mention id="relm-1803" realis="true">
        <rel_arg1 entity_id="ent-849" entity_mention_id="m-852" role="entity">Qamishli</rel_arg1>
        <rel_arg2 entity_id="ent-864" entity_mention_id="m-858" role="loc">the Turkish border</rel_arg2>
        <trigger source="NYT_ENG_20131114.0038" offset="3021" length="4">near</trigger>
      </relation_mention>
    </relation>
    <relation id="r-1865" type="physical" subtype="locatednear">
      <relation_mention id="relm-1813" realis="true">
        <rel_arg1 entity_id="ent-864" entity_mention_id="m-858" role="entity">the Turkish border</rel_arg1>
        <rel_arg2 entity_id="ent-738" entity_mention_id="m-867" role="loc">Turkish</rel_arg2>
        <trigger source="NYT_ENG_20131114.0038" offset="3030" length="7">Turkish</trigger>
      </relation_mention>
    </relation>
    <relation id="r-1866" type="generalaffiliation" subtype="more">
      <relation_mention id="relm-1844" realis="true">
        <rel_arg1 entity_id="ent-906" entity_mention_id="m-900" role="per">Kurdish fighters</rel_arg1>
        <rel_arg2 entity_id="ent-1829" entity_mention_id="m-3175" role="entity">Kurdish</rel_arg2>
        <trigger source="NYT_ENG_20131114.0038" offset="3194" length="7">Kurdish</trigger>
      </relation_mention>
    </relation>
    <relation id="r-1867" type="orgaffiliation" subtype="employmentmembership">
      <relation_mention id="relm-1854" realis="true">
        <rel_arg1 entity_id="ent-930" entity_mention_id="m-924" role="employeemember">Sunni Arab Islamists</rel_arg1>
        <rel_arg2 entity_id="ent-921" entity_mention_id="m-915" role="org">insurgent groups dominated by Sunni Arab Islamists</rel_arg2>
        <trigger source="NYT_ENG_20131114.0038" offset="3232" length="9">dominated</trigger>
      </relation_mention>
    </relation>
    <relation id="r-1868" type="generalaffiliation" subtype="more">
      <relation_mention id="relm-1864" realis="true">
        <rel_arg1 entity_id="ent-930" entity_mention_id="m-924" role="per">Sunni Arab Islamists</rel_arg1>
        <rel_arg2 entity_id="ent-948" entity_mention_id="m-942" role="entity">Arab</rel_arg2>
        <trigger source="NYT_ENG_20131114.0038" offset="3251" length="4">Arab</trigger>
      </relation_mention>
    </relation>
    <relation id="r-1869" type="generalaffiliation" subtype="more">
      <relation_mention id="relm-1874" realis="true">
        <rel_arg1 entity_id="ent-972" entity_mention_id="m-966" role="per">Syria’s Sunni Arab majority</rel_arg1>
        <rel_arg2 entity_id="ent-948" entity_mention_id="m-981" role="entity">Arab</rel_arg2>
        <trigger source="NYT_ENG_20131114.0038" offset="3365" length="4">Arab</trigger>
      </relation_mention>
    </relation>
    <relation id="r-1870" type="physical" subtype="resident">
      <relation_mention id="relm-1884" realis="true">
        <rel_arg1 entity_id="ent-972" entity_mention_id="m-966" role="per">Syria’s Sunni Arab majority</rel_arg1>
        <rel_arg2 entity_id="ent-30" entity_mention_id="m-987" role="loc">Syria</rel_arg2>
        <trigger source="NYT_ENG_20131114.0038" offset="3351" length="7">Syria’s</trigger>
      </relation_mention>
    </relation>
    <relation id="r-1871" type="generalaffiliation" subtype="more">
      <relation_mention id="relm-1894" realis="true">
        <rel_arg1 entity_id="ent-1005" entity_mention_id="m-999" role="per">some Kurdish dissidents</rel_arg1>
        <rel_arg2 entity_id="ent-1829" entity_mention_id="m-3181" role="entity">Kurdish</rel_arg2>
        <trigger source="NYT_ENG_20131114.0038" offset="3425" length="7">Kurdish</trigger>
      </relation_mention>
    </relation>
    <relation id="r-1872" type="orgaffiliation" subtype="employmentmembership">
      <relation_mention id="relm-1904" realis="true">
        <rel_arg1 entity_id="ent-1005" entity_mention_id="m-999" role="employeemember">some Kurdish dissidents</rel_arg1>
        <rel_arg2 entity_id="ent-1104" entity_mention_id="m-1014" role="org">the body</rel_arg2>
        <trigger source="NYT_ENG_20131114.0038" offset="3449" length="6">joined</trigger>
      </relation_mention>
    </relation>
    <relation id="r-1873" type="physical" subtype="orglocationorigin">
      <relation_mention id="relm-1924" realis="true">
        <rel_arg1 entity_id="ent-1041" entity_mention_id="m-1035" role="org">Kurdish militias</rel_arg1>
        <rel_arg2 entity_id="ent-1829" entity_mention_id="m-1044" role="loc">Kurdish</rel_arg2>
        <trigger source="NYT_ENG_20131114.0038" offset="3510" length="7">Kurdish</trigger>
      </relation_mention>
    </relation>
    <relation id="r-1874" type="physical" subtype="orglocationorigin">
      <relation_mention id="relm-1944" realis="true">
        <rel_arg1 entity_id="ent-1104" entity_mention_id="m-1107" role="org">National Coalition of Syrian Revolutionary and Opposition Forces</rel_arg1>
        <rel_arg2 entity_id="ent-30" entity_mention_id="m-1113" role="loc">Syrian</rel_arg2>
        <trigger source="NYT_ENG_20131114.0038" offset="3746" length="8">National</trigger>
      </relation_mention>
    </relation>
    <relation id="r-1875" type="partwhole" subtype="subsidiary">
      <relation_mention id="relm-1954" realis="true">
        <rel_arg1 entity_id="ent-1137" entity_mention_id="m-1131" role="suborg">its own interim government</rel_arg1>
        <rel_arg2 entity_id="ent-1104" entity_mention_id="m-1125" role="parent">its</rel_arg2>
        <trigger source="NYT_ENG_20131114.0038" offset="3876" length="3">its</trigger>
      </relation_mention>
    </relation>
    <relation id="r-1876" type="physical" subtype="locatednear">
      <relation_mention id="relm-1964" realis="true">
        <rel_arg1 entity_id="ent-48" entity_mention_id="m-1155" role="entity">rebel</rel_arg1>
        <rel_arg2 entity_id="ent-1152" entity_mention_id="m-1146" role="loc">rebel-controlled areas</rel_arg2>
        <trigger source="NYT_ENG_20131114.0038" offset="3941" length="10">controlled</trigger>
      </relation_mention>
    </relation>
    <relation id="r-1877" type="physical" subtype="orglocationorigin">
      <relation_mention id="relm-1974" realis="true">
        <rel_arg1 entity_id="ent-1176" entity_mention_id="m-1170" role="org">local opposition groups</rel_arg1>
        <rel_arg2 entity_id="ent-1167" entity_mention_id="m-1161" role="loc">many areas where local opposition groups and foreign-dominated Islamist groups are vying for military and administrative control</rel_arg2>
        <trigger source="NYT_ENG_20131114.0038" offset="4042" length="5">where</trigger>
      </relation_mention>
    </relation>
    <relation id="r-1878" type="physical" subtype="orglocationorigin">
      <relation_mention id="relm-1984" realis="true">
        <rel_arg1 entity_id="ent-1185" entity_mention_id="m-1179" role="org">foreign-dominated Islamist groups</rel_arg1>
        <rel_arg2 entity_id="ent-1167" entity_mention_id="m-1161" role="loc">many areas where local opposition groups and foreign-dominated Islamist groups are vying for military and administrative control</rel_arg2>
        <trigger source="NYT_ENG_20131114.0038" offset="4042" length="5">where</trigger>
      </relation_mention>
    </relation>
    <relation id="r-1879" type="physical" subtype="locatednear">
      <relation_mention id="relm-3088" realis="true">
        <rel_arg1 entity_id="ent-3104" entity_mention_id="m-3098" role="entity">southern Damascus</rel_arg1>
        <rel_arg2 entity_id="ent-93" entity_mention_id="m-420" role="loc">Damascus</rel_arg2>
      </relation_mention>
    </relation>
  </relations>
  <hoppers>
    <hopper id="h-16">
      <event_mention id="em-2004" type="conflict" subtype="attack" realis="actual">
        <trigger source="NYT_ENG_20131114.0038" offset="341" length="7">battles</trigger>
        <em_arg entity_id="ent-8" entity_mention_id="m-60" role="attacker" realis="true">Syrian government forces</em_arg>
        <em_arg entity_id="ent-102" entity_mention_id="m-96" role="attacker" realis="true">insurgents</em_arg>
        <em_arg entity_id="ent-111" entity_mention_id="m-105" role="place" realis="true">long-held territory outside the northern city of Aleppo</em_arg>
        <em_arg filler_id="f-3121" role="time" realis="true">Wednesday</em_arg>
      </event_mention>
    </hopper>
    <hopper id="h-2074">
      <event_mention id="em-2039" type="movement" subtype="transportperson" realis="other">
        <trigger source="NYT_ENG_20131114.0038" offset="352" length="4">push</trigger>
        <em_arg entity_id="ent-8" entity_mention_id="m-60" role="agent" realis="true">Syrian government forces</em_arg>
        <em_arg entity_id="ent-102" entity_mention_id="m-96" role="person" realis="true">insurgents</em_arg>
        <em_arg entity_id="ent-111" entity_mention_id="m-105" role="origin" realis="true">long-held territory outside the northern city of Aleppo</em_arg>
      </event_mention>
      <event_mention id="em-2233" type="movement" subtype="transportperson" realis="other">
        <trigger source="NYT_ENG_20131114.0038" offset="934" length="4">push</trigger>
        <em_arg entity_id="ent-234" entity_mention_id="m-228" role="agent" realis="true">the army</em_arg>
        <em_arg entity_id="ent-243" entity_mention_id="m-237" role="person" realis="true">rebels</em_arg>
        <em_arg entity_id="ent-573" entity_mention_id="m-246" role="origin" realis="true">the suburbs</em_arg>
      </event_mention>
    </hopper>
    <hopper id="h-2127">
      <event_mention id="em-2099" type="movement" subtype="transportperson" realis="actual">
        <trigger source="NYT_ENG_20131114.0038" offset="591" length="8">entering</trigger>
        <em_arg entity_id="ent-8" entity_mention_id="m-150" role="agent" realis="true">government troops</em_arg>
        <em_arg entity_id="ent-39" entity_mention_id="m-156" role="destination" realis="true">Hujeira</em_arg>
      </event_mention>
    </hopper>
    <hopper id="h-2164">
      <event_mention id="em-2129" type="movement" subtype="transportperson" realis="actual">
        <trigger source="NYT_ENG_20131114.0038" offset="691" length="7">inroads</trigger>
        <em_arg entity_id="ent-72" entity_mention_id="m-183" role="agent" realis="true">the government</em_arg>
        <em_arg entity_id="ent-174" entity_mention_id="m-168" role="destination" realis="true">a string of suburbs south of Damascus where the government has made inroads in recent days</em_arg>
        <em_arg filler_id="f-2161" role="time" realis="true">recent days</em_arg>
      </event_mention>
    </hopper>
    <hopper id="h-2208">
      <event_mention id="em-2187" type="contact" subtype="contact" realis="actual" audience="canttell" formality="formal" medium="canttell" schedule="canttell">
        <trigger source="NYT_ENG_20131114.0038" offset="829" length="6">claims</trigger>
        <em_arg entity_id="ent-48" entity_mention_id="m-210" role="entity" realis="true">rebel</em_arg>
      </event_mention>
    </hopper>
    <hopper id="h-2231">
      <event_mention id="em-2210" type="contact" subtype="contact" realis="actual" audience="canttell" formality="formal" medium="canttell" schedule="canttell">
        <trigger source="NYT_ENG_20131114.0038" offset="902" length="6">claims</trigger>
        <em_arg entity_id="ent-72" entity_mention_id="m-222" role="entity" realis="true">government</em_arg>
      </event_mention>
    </hopper>
    <hopper id="h-2310">
      <event_mention id="em-2289" type="life" subtype="die" realis="actual">
        <trigger source="NYT_ENG_20131114.0038" offset="1169" length="6">deadly</trigger>
        <em_arg entity_id="ent-309" entity_mention_id="m-303" role="victim" realis="true">civilians</em_arg>
      </event_mention>
    </hopper>
    <hopper id="h-2340">
      <event_mention id="em-2312" type="life" subtype="die" realis="actual">
        <trigger source="NYT_ENG_20131114.0038" offset="1203" length="4">died</trigger>
        <em_arg entity_id="ent-309" entity_mention_id="m-312" role="victim" realis="true">People</em_arg>
        <em_arg entity_id="ent-327" entity_mention_id="m-321" role="place" realis="true">rebel enclaves blockaded by the government</em_arg>
      </event_mention>
    </hopper>
    <hopper id="h-2363">
      <event_mention id="em-2342" type="conflict" subtype="attack" realis="actual">
        <trigger source="NYT_ENG_20131114.0038" offset="1295" length="12">bombardments</trigger>
        <em_arg entity_id="ent-327" entity_mention_id="m-342" role="place" realis="true">which</em_arg>
      </event_mention>
    </hopper>
    <hopper id="h-2407">
      <event_mention id="em-2379" type="conflict" subtype="attack" realis="actual">
        <trigger source="NYT_ENG_20131114.0038" offset="1328" length="13">mortar rounds</trigger>
        <em_arg entity_id="ent-93" entity_mention_id="m-348" role="place" realis="true">Damascus</em_arg>
        <em_arg entity_id="ent-48" entity_mention_id="m-354" role="attacker" realis="true">rebel</em_arg>
        <em_arg filler_id="f-3128" role="instrument" realis="true">mortar</em_arg>
      </event_mention>
    </hopper>
    <hopper id="h-2444">
      <event_mention id="em-2409" type="life" subtype="die" realis="actual">
        <trigger source="NYT_ENG_20131114.0038" offset="1427" length="6">killed</trigger>
        <em_arg entity_id="ent-369" entity_mention_id="m-363" role="victim" realis="true">four schoolchildren</em_arg>
        <em_arg filler_id="f-2434" role="instrument" realis="true">a shell</em_arg>
        <em_arg entity_id="ent-384" entity_mention_id="m-378" role="place" realis="true">the capital’s old city</em_arg>
      </event_mention>
    </hopper>
    <hopper id="h-2481">
      <event_mention id="em-2446" type="conflict" subtype="attack" realis="actual">
        <trigger source="NYT_ENG_20131114.0038" offset="1447" length="3">hit</trigger>
        <em_arg filler_id="f-2463" role="instrument" realis="true">a shell</em_arg>
        <em_arg filler_id="f-2471" role="target" realis="true">their school bus</em_arg>
        <em_arg entity_id="ent-384" entity_mention_id="m-378" role="place" realis="true">the capital’s old city</em_arg>
        <em_arg entity_id="ent-369" entity_mention_id="m-372" role="target" realis="true">their</em_arg>
      </event_mention>
      <event_mention id="em-3138" type="conflict" subtype="attack" realis="actual">
        <trigger source="NYT_ENG_20131114.0038" offset="1427" length="6">killed</trigger>
        <em_arg entity_id="ent-369" entity_mention_id="m-363" role="target" realis="true">four schoolchildren</em_arg>
      </event_mention>
    </hopper>
    <hopper id="h-2525">
      <event_mention id="em-2490" type="conflict" subtype="attack" realis="actual">
        <trigger source="NYT_ENG_20131114.0038" offset="1528" length="10">detonating</trigger>
        <em_arg entity_id="ent-318" entity_mention_id="m-402" role="attacker" realis="true">Rebels</em_arg>
        <em_arg entity_id="ent-417" entity_mention_id="m-411" role="place" realis="true">the southern Damascus neighborhood</em_arg>
      </event_mention>
      <event_mention id="em-2527" type="conflict" subtype="attack" realis="actual">
        <trigger source="NYT_ENG_20131114.0038" offset="1657" length="9">explosion</trigger>
        <em_arg entity_id="ent-450" entity_mention_id="m-444" role="place" realis="true">a checkpoint that opposition activists said was staffed by Shiite militias aiding the government forces in the fight</em_arg>
        <em_arg entity_id="ent-468" entity_mention_id="m-462" role="target" realis="true">Shiite militias aiding the government forces in the fight</em_arg>
      </event_mention>
    </hopper>
    <hopper id="h-2583">
      <event_mention id="em-2555" type="contact" subtype="broadcast" realis="actual" audience="oneway" formality="formal" medium="canttell" schedule="planned">
        <trigger source="NYT_ENG_20131114.0038" offset="1856" length="4">call</trigger>
        <em_arg entity_id="ent-504" entity_mention_id="m-498" role="entity" realis="true">rebel groups</em_arg>
        <em_arg entity_id="ent-513" entity_mention_id="m-507" role="audience" realis="true">all insurgents</em_arg>
      </event_mention>
    </hopper>
    <hopper id="h-2606">
      <event_mention id="em-2585" type="movement" subtype="transportperson" realis="other">
        <trigger source="NYT_ENG_20131114.0038" offset="1870" length="12">mobilization</trigger>
        <em_arg entity_id="ent-513" entity_mention_id="m-507" role="agent" realis="true">all insurgents</em_arg>
      </event_mention>
    </hopper>
    <hopper id="h-2629">
      <event_mention id="em-2631" type="contact" subtype="broadcast" realis="actual" audience="oneway" formality="formal" medium="canttell" schedule="planned">
        <trigger source="NYT_ENG_20131114.0038" offset="2156" length="9">condemned</trigger>
        <em_arg entity_id="ent-1104" entity_mention_id="m-567" role="entity" realis="true">the main exile opposition group</em_arg>
      </event_mention>
      <event_mention id="em-2986" type="contact" subtype="broadcast" realis="actual" audience="oneway" formality="formal" medium="canttell" schedule="planned">
        <trigger source="NYT_ENG_20131114.0038" offset="3822" length="9">statement</trigger>
        <em_arg entity_id="ent-1104" entity_mention_id="m-1107" role="entity" realis="true">National Coalition of Syrian Revolutionary and Opposition Forces</em_arg>
        <em_arg filler_id="f-3011" role="time" realis="true">Wednesday</em_arg>
      </event_mention>
    </hopper>
    <hopper id="h-2680">
      <event_mention id="em-2652" type="contact" subtype="broadcast" realis="actual" audience="oneway" formality="formal" medium="canttell" schedule="planned">
        <trigger source="NYT_ENG_20131114.0038" offset="2222" length="9">declaring</trigger>
        <em_arg entity_id="ent-582" entity_mention_id="m-576" role="entity" realis="true">the main Kurdish militia in the country’s northeast</em_arg>
        <em_arg entity_id="ent-600" entity_mention_id="m-594" role="place" realis="true">the country’s northeast</em_arg>
      </event_mention>
      <event_mention id="em-2770" type="contact" subtype="broadcast" realis="actual" audience="oneway" formality="formal" medium="canttell" schedule="planned">
        <trigger source="NYT_ENG_20131114.0038" offset="2911" length="8">declared</trigger>
        <em_arg entity_id="ent-582" entity_mention_id="m-825" role="entity" realis="true">PYD</em_arg>
        <em_arg filler_id="f-2795" role="time" realis="true">Tuesday</em_arg>
      </event_mention>
    </hopper>
    <hopper id="h-2710">
      <event_mention id="em-2682" type="conflict" subtype="attack" realis="actual">
        <trigger source="NYT_ENG_20131114.0038" offset="2383" length="8">conflict</trigger>
        <em_arg entity_id="ent-30" entity_mention_id="m-660" role="place" realis="true">Syrians</em_arg>
      </event_mention>
      <event_mention id="em-2712" type="conflict" subtype="attack" realis="actual">
        <trigger source="NYT_ENG_20131114.0038" offset="2511" length="7">warring</trigger>
        <em_arg entity_id="ent-684" entity_mention_id="m-678" role="attacker" realis="true">a patchwork of warring groups</em_arg>
        <em_arg entity_id="ent-30" entity_mention_id="m-672" role="place" realis="true">a country increasingly ruled by a patchwork of warring groups</em_arg>
      </event_mention>
      <event_mention id="em-2740" type="conflict" subtype="attack" realis="actual">
        <trigger source="NYT_ENG_20131114.0038" offset="2734" length="3">war</trigger>
        <em_arg entity_id="ent-762" entity_mention_id="m-774" role="attacker" realis="true">players in Syria’s proxy war</em_arg>
        <em_arg entity_id="ent-30" entity_mention_id="m-780" role="place" realis="true">Syria</em_arg>
      </event_mention>
    </hopper>
    <hopper id="h-2768">
      <event_mention id="em-2798" type="conflict" subtype="attack" realis="actual">
        <trigger source="NYT_ENG_20131114.0038" offset="3067" length="8">fighting</trigger>
        <em_arg entity_id="ent-72" entity_mention_id="m-879" role="attacker" realis="true">the government</em_arg>
        <em_arg entity_id="ent-48" entity_mention_id="m-885" role="attacker" realis="true">rebels</em_arg>
        <em_arg entity_id="ent-627" entity_mention_id="m-873" role="place" realis="true">the area</em_arg>
      </event_mention>
    </hopper>
    <hopper id="h-2875">
      <event_mention id="em-2833" type="conflict" subtype="attack" realis="actual">
        <trigger source="NYT_ENG_20131114.0038" offset="3067" length="8">fighting</trigger>
        <em_arg entity_id="ent-906" entity_mention_id="m-900" role="attacker" realis="true">Kurdish fighters</em_arg>
        <em_arg entity_id="ent-921" entity_mention_id="m-915" role="attacker" realis="true">insurgent groups dominated by Sunni Arab Islamists</em_arg>
        <em_arg entity_id="ent-627" entity_mention_id="m-873" role="place" realis="true">the area</em_arg>
        <em_arg filler_id="f-2872" role="time" realis="true">For months</em_arg>
      </event_mention>
      <event_mention id="em-2914" type="conflict" subtype="attack" realis="actual">
        <trigger source="NYT_ENG_20131114.0038" offset="3294" length="7">battles</trigger>
        <em_arg entity_id="ent-930" entity_mention_id="m-951" role="attacker" realis="true">who</em_arg>
      </event_mention>
    </hopper>
    <hopper id="h-2912">
      <event_mention id="em-2877" type="life" subtype="die" realis="actual">
        <trigger source="NYT_ENG_20131114.0038" offset="3287" length="6">deadly</trigger>
        <em_arg entity_id="ent-930" entity_mention_id="m-951" role="agent" realis="true">who</em_arg>
        <em_arg entity_id="ent-627" entity_mention_id="m-873" role="place" realis="true">the area</em_arg>
      </event_mention>
    </hopper>
    <hopper id="h-2984">
      <event_mention id="em-2949" type="conflict" subtype="attack" realis="other">
        <trigger source="NYT_ENG_20131114.0038" offset="3620" length="8">battling</trigger>
        <em_arg entity_id="ent-1041" entity_mention_id="m-1035" role="attacker" realis="true">Kurdish militias</em_arg>
        <em_arg entity_id="ent-1056" entity_mention_id="m-1050" role="attacker" realis="true">Islamist extremist groups</em_arg>
        <em_arg entity_id="ent-72" entity_mention_id="m-1074" role="target" realis="true">the government</em_arg>
      </event_mention>
    </hopper>
    <hopper id="h-3014">
      <event_mention id="em-3016" type="contact" subtype="broadcast" realis="actual" audience="oneway" formality="formal" medium="canttell" schedule="planned">
        <trigger source="NYT_ENG_20131114.0038" offset="3904" length="6">saying</trigger>
        <em_arg entity_id="ent-1104" entity_mention_id="m-1125" role="entity" realis="true">its</em_arg>
      </event_mention>
    </hopper>
    <hopper id="h-3058">
      <event_mention id="em-3037" type="conflict" subtype="attack" realis="actual">
        <trigger source="NYT_ENG_20131114.0038" offset="3696" length="10">revolution</trigger>
        <em_arg entity_id="ent-30" entity_mention_id="m-1092" role="place" realis="true">Syrian</em_arg>
      </event_mention>
    </hopper>
  </hoppers>
</deft_ere>
