<?xml version="1.0" encoding="UTF-8"?>
<deft_ere kit_id="5733b8b10000000000000079" doc_id="NYT_ENG_20130930.0002" source_type="newswire">
  <entities>
    <entity id="ent-8" type="GPE" specificity="specificIndividual">
      <entity_mention id="m-18" noun_type="NAM" source="NYT_ENG_20130930.0002" offset="172" length="5">
        <mention_text>INDIA</mention_text>
      </entity_mention>
      <entity_mention id="m-57" noun_type="NAM" source="NYT_ENG_20130930.0002" offset="403" length="5">
        <mention_text>India</mention_text>
      </entity_mention>
      <entity_mention id="m-90" noun_type="NAM" source="NYT_ENG_20130930.0002" offset="559" length="6">
        <mention_text>Indian</mention_text>
      </entity_mention>
      <entity_mention id="m-114" noun_type="NAM" source="NYT_ENG_20130930.0002" offset="642" length="6">
        <mention_text>Indian</mention_text>
      </entity_mention>
      <entity_mention id="m-162" noun_type="NAM" source="NYT_ENG_20130930.0002" offset="991" length="6">
        <mention_text>Indian</mention_text>
      </entity_mention>
      <entity_mention id="m-213" noun_type="NAM" source="NYT_ENG_20130930.0002" offset="1245" length="5">
        <mention_text>India</mention_text>
      </entity_mention>
      <entity_mention id="m-240" noun_type="NAM" source="NYT_ENG_20130930.0002" offset="1440" length="6">
        <mention_text>Indian</mention_text>
      </entity_mention>
      <entity_mention id="m-291" noun_type="NAM" source="NYT_ENG_20130930.0002" offset="1571" length="6">
        <mention_text>Indian</mention_text>
      </entity_mention>
      <entity_mention id="m-375" noun_type="NAM" source="NYT_ENG_20130930.0002" offset="2381" length="5">
        <mention_text>India</mention_text>
      </entity_mention>
      <entity_mention id="m-435" noun_type="NAM" source="NYT_ENG_20130930.0002" offset="1695" length="5">
        <mention_text>India</mention_text>
      </entity_mention>
      <entity_mention id="m-447" noun_type="NOM" source="NYT_ENG_20130930.0002" offset="1754" length="11">
        <mention_text>the country</mention_text>
        <nom_head source="NYT_ENG_20130930.0002" offset="1758" length="7">country</nom_head>
      </entity_mention>
      <entity_mention id="m-483" noun_type="NAM" source="NYT_ENG_20130930.0002" offset="605" length="6">
        <mention_text>Indian</mention_text>
      </entity_mention>
      <entity_mention id="m-639" noun_type="NAM" source="NYT_ENG_20130930.0002" offset="2461" length="6">
        <mention_text>Indian</mention_text>
      </entity_mention>
      <entity_mention id="m-654" noun_type="NAM" source="NYT_ENG_20130930.0002" offset="2705" length="6">
        <mention_text>Indian</mention_text>
      </entity_mention>
      <entity_mention id="m-882" noun_type="NOM" source="NYT_ENG_20130930.0002" offset="430" length="5">
        <mention_text>there</mention_text>
        <nom_head source="NYT_ENG_20130930.0002" offset="430" length="5">there</nom_head>
      </entity_mention>
      <entity_mention id="m-921" noun_type="PRO" source="NYT_ENG_20130930.0002" offset="1791" length="2">
        <mention_text>it</mention_text>
      </entity_mention>
      <entity_mention id="m-927" noun_type="NAM" source="NYT_ENG_20130930.0002" offset="1894" length="5">
        <mention_text>India</mention_text>
      </entity_mention>
    </entity>
    <entity id="ent-30" type="ORG" specificity="specificIndividual">
      <entity_mention id="m-24" noun_type="NAM" source="NYT_ENG_20130930.0002" offset="185" length="5">
        <mention_text>NOKIA</mention_text>
      </entity_mention>
      <entity_mention id="m-33" noun_type="NAM" source="NYT_ENG_20130930.0002" offset="307" length="5">
        <mention_text>Nokia</mention_text>
      </entity_mention>
      <entity_mention id="m-66" noun_type="NAM" source="NYT_ENG_20130930.0002" offset="415" length="5">
        <mention_text>Nokia</mention_text>
      </entity_mention>
      <entity_mention id="m-78" noun_type="NOM" source="NYT_ENG_20130930.0002" offset="482" length="29">
        <mention_text>the Finnish cellphone company</mention_text>
        <nom_head source="NYT_ENG_20130930.0002" offset="504" length="7">company</nom_head>
      </entity_mention>
      <entity_mention id="m-84" noun_type="PRO" source="NYT_ENG_20130930.0002" offset="529" length="2">
        <mention_text>it</mention_text>
      </entity_mention>
      <entity_mention id="m-96" noun_type="NAM" source="NYT_ENG_20130930.0002" offset="590" length="5">
        <mention_text>Nokia</mention_text>
      </entity_mention>
      <entity_mention id="m-108" noun_type="PRO" source="NYT_ENG_20130930.0002" offset="638" length="3">
        <mention_text>its</mention_text>
      </entity_mention>
      <entity_mention id="m-120" noun_type="PRO" source="NYT_ENG_20130930.0002" offset="667" length="3">
        <mention_text>its</mention_text>
      </entity_mention>
      <entity_mention id="m-135" noun_type="NAM" source="NYT_ENG_20130930.0002" offset="730" length="5">
        <mention_text>Nokia</mention_text>
      </entity_mention>
      <entity_mention id="m-150" noun_type="NAM" source="NYT_ENG_20130930.0002" offset="869" length="5">
        <mention_text>Nokia</mention_text>
      </entity_mention>
      <entity_mention id="m-156" noun_type="NAM" source="NYT_ENG_20130930.0002" offset="927" length="5">
        <mention_text>Nokia</mention_text>
      </entity_mention>
      <entity_mention id="m-168" noun_type="NOM" source="NYT_ENG_20130930.0002" offset="1017" length="8">
        <mention_text>the firm</mention_text>
        <nom_head source="NYT_ENG_20130930.0002" offset="1021" length="4">firm</nom_head>
      </entity_mention>
      <entity_mention id="m-189" noun_type="PRO" source="NYT_ENG_20130930.0002" offset="1125" length="2">
        <mention_text>We</mention_text>
      </entity_mention>
      <entity_mention id="m-201" noun_type="NAM" source="NYT_ENG_20130930.0002" offset="1179" length="5">
        <mention_text>Nokia</mention_text>
      </entity_mention>
      <entity_mention id="m-207" noun_type="NAM" source="NYT_ENG_20130930.0002" offset="1214" length="5">
        <mention_text>Nokia</mention_text>
      </entity_mention>
      <entity_mention id="m-228" noun_type="NAM" source="NYT_ENG_20130930.0002" offset="1306" length="5">
        <mention_text>Nokia</mention_text>
      </entity_mention>
      <entity_mention id="m-246" noun_type="PRO" source="NYT_ENG_20130930.0002" offset="1436" length="3">
        <mention_text>its</mention_text>
      </entity_mention>
      <entity_mention id="m-267" noun_type="NAM" source="NYT_ENG_20130930.0002" offset="1500" length="5">
        <mention_text>Nokia</mention_text>
      </entity_mention>
      <entity_mention id="m-297" noun_type="NAM" source="NYT_ENG_20130930.0002" offset="1610" length="5">
        <mention_text>Nokia</mention_text>
      </entity_mention>
      <entity_mention id="m-312" noun_type="NAM" source="NYT_ENG_20130930.0002" offset="1851" length="5">
        <mention_text>Nokia</mention_text>
      </entity_mention>
      <entity_mention id="m-351" noun_type="NAM" source="NYT_ENG_20130930.0002" offset="2167" length="5">
        <mention_text>Nokia</mention_text>
      </entity_mention>
      <entity_mention id="m-441" noun_type="NAM" source="NYT_ENG_20130930.0002" offset="1726" length="5">
        <mention_text>Nokia</mention_text>
      </entity_mention>
      <entity_mention id="m-567" noun_type="NOM" source="NYT_ENG_20130930.0002" offset="1829" length="11">
        <mention_text>the company</mention_text>
        <nom_head source="NYT_ENG_20130930.0002" offset="1833" length="7">company</nom_head>
      </entity_mention>
      <entity_mention id="m-834" noun_type="PRO" source="NYT_ENG_20130930.0002" offset="1929" length="3">
        <mention_text>its</mention_text>
      </entity_mention>
      <entity_mention id="m-840" noun_type="PRO" source="NYT_ENG_20130930.0002" offset="2195" length="3">
        <mention_text>its</mention_text>
      </entity_mention>
      <entity_mention id="m-888" noun_type="PRO" source="NYT_ENG_20130930.0002" offset="555" length="3">
        <mention_text>its</mention_text>
      </entity_mention>
      <entity_mention id="m-894" noun_type="PRO" source="NYT_ENG_20130930.0002" offset="746" length="3">
        <mention_text>its</mention_text>
      </entity_mention>
      <entity_mention id="m-900" noun_type="PRO" source="NYT_ENG_20130930.0002" offset="987" length="3">
        <mention_text>its</mention_text>
      </entity_mention>
      <entity_mention id="m-906" noun_type="PRO" source="NYT_ENG_20130930.0002" offset="1259" length="3">
        <mention_text>its</mention_text>
      </entity_mention>
      <entity_mention id="m-939" noun_type="NOM" source="NYT_ENG_20130930.0002" offset="2122" length="43">
        <mention_text>the world’s largest smartphone manufacturer</mention_text>
        <nom_head source="NYT_ENG_20130930.0002" offset="2153" length="12">manufacturer</nom_head>
      </entity_mention>
      <entity_mention id="m-954" noun_type="PRO" source="NYT_ENG_20130930.0002" offset="2240" length="2">
        <mention_text>it</mention_text>
      </entity_mention>
    </entity>
    <entity id="ent-45" type="GPE" specificity="specificIndividual">
      <entity_mention id="m-39" noun_type="NAM" source="NYT_ENG_20130930.0002" offset="371" length="6">
        <mention_text>LONDON</mention_text>
      </entity_mention>
    </entity>
    <entity id="ent-54" type="PER" specificity="specificGroup">
      <entity_mention id="m-48" noun_type="NOM" source="NYT_ENG_20130930.0002" offset="380" length="28">
        <mention_text>The tax authorities in India</mention_text>
        <nom_head source="NYT_ENG_20130930.0002" offset="388" length="11">authorities</nom_head>
      </entity_mention>
      <entity_mention id="m-102" noun_type="NOM" source="NYT_ENG_20130930.0002" offset="601" length="26">
        <mention_text>the Indian tax authorities</mention_text>
        <nom_head source="NYT_ENG_20130930.0002" offset="616" length="11">authorities</nom_head>
      </entity_mention>
      <entity_mention id="m-195" noun_type="NOM" source="NYT_ENG_20130930.0002" offset="1157" length="19">
        <mention_text>the tax authorities</mention_text>
        <nom_head source="NYT_ENG_20130930.0002" offset="1165" length="11">authorities</nom_head>
      </entity_mention>
      <entity_mention id="m-282" noun_type="NOM" source="NYT_ENG_20130930.0002" offset="1567" length="22">
        <mention_text>The Indian authorities</mention_text>
        <nom_head source="NYT_ENG_20130930.0002" offset="1578" length="11">authorities</nom_head>
      </entity_mention>
      <entity_mention id="m-399" noun_type="NOM" source="NYT_ENG_20130930.0002" offset="2461" length="18">
        <mention_text>Indian authorities</mention_text>
        <nom_head source="NYT_ENG_20130930.0002" offset="2468" length="11">authorities</nom_head>
      </entity_mention>
      <entity_mention id="m-429" noun_type="NOM" source="NYT_ENG_20130930.0002" offset="2705" length="20">
        <mention_text>Indian tax officials</mention_text>
        <nom_head source="NYT_ENG_20130930.0002" offset="2716" length="9">officials</nom_head>
      </entity_mention>
    </entity>
    <entity id="ent-63" type="GPE" specificity="specificIndividual">
      <entity_mention id="m-72" noun_type="NAM" source="NYT_ENG_20130930.0002" offset="486" length="7">
        <mention_text>Finnish</mention_text>
      </entity_mention>
    </entity>
    <entity id="ent-132" type="FAC" specificity="specificGroup">
      <entity_mention id="m-126" noun_type="NOM" source="NYT_ENG_20130930.0002" offset="667" length="31">
        <mention_text>its bank accounts and factories</mention_text>
        <nom_head source="NYT_ENG_20130930.0002" offset="689" length="9">factories</nom_head>
      </entity_mention>
      <entity_mention id="m-174" noun_type="NOM" source="NYT_ENG_20130930.0002" offset="1017" length="46">
        <mention_text>the firm’s local factories and other buildings</mention_text>
        <nom_head source="NYT_ENG_20130930.0002" offset="1034" length="9">factories</nom_head>
      </entity_mention>
      <entity_mention id="m-252" noun_type="NOM" source="NYT_ENG_20130930.0002" offset="1436" length="21">
        <mention_text>its Indian facilities</mention_text>
        <nom_head source="NYT_ENG_20130930.0002" offset="1447" length="10">facilities</nom_head>
      </entity_mention>
    </entity>
    <entity id="ent-147" type="ORG" specificity="specificIndividual">
      <entity_mention id="m-141" noun_type="NAM" source="NYT_ENG_20130930.0002" offset="845" length="9">
        <mention_text>Microsoft</mention_text>
      </entity_mention>
      <entity_mention id="m-234" noun_type="NAM" source="NYT_ENG_20130930.0002" offset="1349" length="9">
        <mention_text>Microsoft</mention_text>
      </entity_mention>
    </entity>
    <entity id="ent-186" type="FAC" specificity="specificGroup">
      <entity_mention id="m-180" noun_type="NOM" source="NYT_ENG_20130930.0002" offset="1017" length="46">
        <mention_text>the firm’s local factories and other buildings</mention_text>
        <nom_head source="NYT_ENG_20130930.0002" offset="1054" length="9">buildings</nom_head>
      </entity_mention>
    </entity>
    <entity id="ent-225" type="PER" specificity="specificIndividual">
      <entity_mention id="m-219" noun_type="NOM" source="NYT_ENG_20130930.0002" offset="1290" length="21">
        <mention_text>A spokesman for Nokia</mention_text>
        <nom_head source="NYT_ENG_20130930.0002" offset="1292" length="9">spokesman</nom_head>
      </entity_mention>
      <entity_mention id="m-261" noun_type="PRO" source="NYT_ENG_20130930.0002" offset="1481" length="2">
        <mention_text>he</mention_text>
      </entity_mention>
    </entity>
    <entity id="ent-279" type="PER" specificity="specificGroup">
      <entity_mention id="m-273" noun_type="NOM" source="NYT_ENG_20130930.0002" offset="1529" length="15">
        <mention_text>local officials</mention_text>
        <nom_head source="NYT_ENG_20130930.0002" offset="1535" length="9">officials</nom_head>
      </entity_mention>
    </entity>
    <entity id="ent-309" type="GPE" specificity="specificIndividual">
      <entity_mention id="m-303" noun_type="NAM" source="NYT_ENG_20130930.0002" offset="1629" length="7">
        <mention_text>Chennai</mention_text>
      </entity_mention>
      <entity_mention id="m-318" noun_type="NAM" source="NYT_ENG_20130930.0002" offset="1868" length="7">
        <mention_text>Chennai</mention_text>
      </entity_mention>
    </entity>
    <entity id="ent-330" type="ORG" specificity="specificIndividual">
      <entity_mention id="m-324" noun_type="NAM" source="NYT_ENG_20130930.0002" offset="2081" length="5">
        <mention_text>Apple</mention_text>
      </entity_mention>
    </entity>
    <entity id="ent-339" type="ORG" specificity="specificIndividual">
      <entity_mention id="m-333" noun_type="NAM" source="NYT_ENG_20130930.0002" offset="2088" length="7">
        <mention_text>Samsung</mention_text>
      </entity_mention>
    </entity>
    <entity id="ent-348" type="ORG" specificity="specificGroup">
      <entity_mention id="m-342" noun_type="NOM" source="NYT_ENG_20130930.0002" offset="2100" length="6">
        <mention_text>others</mention_text>
        <nom_head source="NYT_ENG_20130930.0002" offset="2100" length="6">others</nom_head>
      </entity_mention>
    </entity>
    <entity id="ent-363" type="ORG" specificity="specificGroup">
      <entity_mention id="m-357" noun_type="NOM" source="NYT_ENG_20130930.0002" offset="2327" length="23">
        <mention_text>Other Western companies</mention_text>
        <nom_head source="NYT_ENG_20130930.0002" offset="2341" length="9">companies</nom_head>
      </entity_mention>
    </entity>
    <entity id="ent-372" type="LOC" specificity="specificIndividual">
      <entity_mention id="m-366" noun_type="NAM" source="NYT_ENG_20130930.0002" offset="2333" length="7">
        <mention_text>Western</mention_text>
      </entity_mention>
    </entity>
    <entity id="ent-387" type="ORG" specificity="specificIndividual">
      <entity_mention id="m-381" noun_type="NAM" source="NYT_ENG_20130930.0002" offset="2388" length="8">
        <mention_text>Vodafone</mention_text>
      </entity_mention>
      <entity_mention id="m-876" noun_type="PRO" source="NYT_ENG_20130930.0002" offset="2536" length="3">
        <mention_text>its</mention_text>
      </entity_mention>
      <entity_mention id="m-969" noun_type="NOM" source="NYT_ENG_20130930.0002" offset="2398" length="38">
        <mention_text>the British telecommunications company</mention_text>
        <nom_head source="NYT_ENG_20130930.0002" offset="2429" length="7">company</nom_head>
      </entity_mention>
      <entity_mention id="m-975" noun_type="PRO" source="NYT_ENG_20130930.0002" offset="2489" length="2">
        <mention_text>it</mention_text>
      </entity_mention>
    </entity>
    <entity id="ent-396" type="GPE" specificity="specificIndividual">
      <entity_mention id="m-390" noun_type="NAM" source="NYT_ENG_20130930.0002" offset="2402" length="7">
        <mention_text>British</mention_text>
      </entity_mention>
    </entity>
    <entity id="ent-411" type="ORG" specificity="specificIndividual">
      <entity_mention id="m-405" noun_type="NAM" source="NYT_ENG_20130930.0002" offset="2620" length="16">
        <mention_text>General Electric</mention_text>
      </entity_mention>
    </entity>
    <entity id="ent-420" type="ORG" specificity="specificIndividual">
      <entity_mention id="m-414" noun_type="NAM" source="NYT_ENG_20130930.0002" offset="2638" length="17">
        <mention_text>Royal Dutch Shell</mention_text>
      </entity_mention>
    </entity>
    <entity id="ent-495" type="ORG" specificity="specificIndividual">
      <entity_mention id="m-489" noun_type="NOM" source="NYT_ENG_20130930.0002" offset="869" length="33">
        <mention_text>Nokia’s struggling cellphone unit</mention_text>
        <nom_head source="NYT_ENG_20130930.0002" offset="898" length="4">unit</nom_head>
      </entity_mention>
    </entity>
    <entity id="ent-554" type="FAC" specificity="specificIndividual">
      <entity_mention id="m-548" noun_type="NOM" source="NYT_ENG_20130930.0002" offset="1610" length="26">
        <mention_text>Nokia’s factory in Chennai</mention_text>
        <nom_head source="NYT_ENG_20130930.0002" offset="1618" length="7">factory</nom_head>
      </entity_mention>
      <entity_mention id="m-573" noun_type="NOM" source="NYT_ENG_20130930.0002" offset="1864" length="17">
        <mention_text>the Chennai plant</mention_text>
        <nom_head source="NYT_ENG_20130930.0002" offset="1876" length="5">plant</nom_head>
      </entity_mention>
      <entity_mention id="m-933" noun_type="NOM" source="NYT_ENG_20130930.0002" offset="1967" length="5">
        <mention_text>there</mention_text>
        <nom_head source="NYT_ENG_20130930.0002" offset="1967" length="5">there</nom_head>
      </entity_mention>
    </entity>
    <entity id="ent-579" type="ORG" specificity="specificGroup">
      <entity_mention id="m-423" noun_type="NOM" source="NYT_ENG_20130930.0002" offset="2660" length="6">
        <mention_text>others</mention_text>
        <nom_head source="NYT_ENG_20130930.0002" offset="2660" length="6">others</nom_head>
      </entity_mention>
    </entity>
    <entity id="ent-588" type="LOC" specificity="specificIndividual">
      <entity_mention id="m-582" noun_type="NOM" source="NYT_ENG_20130930.0002" offset="1885" length="14">
        <mention_text>southern India</mention_text>
        <nom_head source="NYT_ENG_20130930.0002" offset="1894" length="5">India</nom_head>
      </entity_mention>
    </entity>
    <entity id="ent-607" type="PER" specificity="specificGroup">
      <entity_mention id="m-601" noun_type="NOM" source="NYT_ENG_20130930.0002" offset="2010" length="96">
        <mention_text>people in emerging markets who cannot afford the top-range phones from Apple, Samsung and others</mention_text>
        <nom_head source="NYT_ENG_20130930.0002" offset="2010" length="6">people</nom_head>
      </entity_mention>
    </entity>
    <entity id="ent-616" type="LOC" specificity="specificIndividual">
      <entity_mention id="m-610" noun_type="NOM" source="NYT_ENG_20130930.0002" offset="2122" length="9">
        <mention_text>the world</mention_text>
        <nom_head source="NYT_ENG_20130930.0002" offset="2126" length="5">world</nom_head>
      </entity_mention>
    </entity>
    <entity id="ent-651" type="ORG" specificity="specificIndividual">
      <entity_mention id="m-645" noun_type="NOM" source="NYT_ENG_20130930.0002" offset="2575" length="26">
        <mention_text>a local cellphone operator</mention_text>
        <nom_head source="NYT_ENG_20130930.0002" offset="2593" length="8">operator</nom_head>
      </entity_mention>
    </entity>
    <entity id="ent-660" type="PER" specificity="nonspecific">
      <entity_mention id="m-798" noun_type="NOM" source="NYT_ENG_20130930.0002" offset="1102" length="11">
        <mention_text>a new owner</mention_text>
        <nom_head source="NYT_ENG_20130930.0002" offset="1108" length="5">owner</nom_head>
      </entity_mention>
    </entity>
    <entity id="ent-918" type="PER" specificity="specificGroup">
      <entity_mention id="m-912" noun_type="NOM" source="NYT_ENG_20130930.0002" offset="1695" length="29">
        <mention_text>India’s affluent middle class</mention_text>
        <nom_head source="NYT_ENG_20130930.0002" offset="1719" length="5">class</nom_head>
      </entity_mention>
    </entity>
    <entity id="ent-951" type="ORG" specificity="specificGroup">
      <entity_mention id="m-945" noun_type="NOM" source="NYT_ENG_20130930.0002" offset="2195" length="10">
        <mention_text>its rivals</mention_text>
        <nom_head source="NYT_ENG_20130930.0002" offset="2199" length="6">rivals</nom_head>
      </entity_mention>
    </entity>
    <entity id="ent-966" type="ORG" specificity="specificGroup">
      <entity_mention id="m-960" noun_type="NOM" source="NYT_ENG_20130930.0002" offset="2277" length="15">
        <mention_text>low-cost rivals</mention_text>
        <nom_head source="NYT_ENG_20130930.0002" offset="2286" length="6">rivals</nom_head>
      </entity_mention>
    </entity>
  </entities>
  <fillers>
    <filler id="f-989" source="NYT_ENG_20130930.0002" offset="1292" length="9" type="title">spokesman</filler>
    <filler id="f-1045" source="NYT_ENG_20130930.0002" offset="191" length="6" type="commodity">ASSETS</filler>
    <filler id="f-1059" source="NYT_ENG_20130930.0002" offset="783" length="31" type="money">hundreds of millions of dollars</filler>
    <filler id="f-793" source="NYT_ENG_20130930.0002" offset="913" length="12" type="money">$7.2 billion</filler>
    <filler id="f-1080" source="NYT_ENG_20130930.0002" offset="2505" length="10" type="money">$3 billion</filler>
    <filler id="f-1138" source="NYT_ENG_20130930.0002" offset="517" length="6" type="time" nom_time="2013-09-30">Monday</filler>
    <filler id="f-1175" source="NYT_ENG_20130930.0002" offset="828" length="15" type="time" nom_time="2013-09-XX">early September</filler>
    <filler id="f-1284" source="NYT_ENG_20130930.0002" offset="1205" length="6" type="time" nom_time="2013-09-30">Monday</filler>
    <filler id="f-1451" source="NYT_ENG_20130930.0002" offset="1921" length="45" type="commodity">much of its Asha line of low-cost smartphones</filler>
    <filler id="f-1488" source="NYT_ENG_20130930.0002" offset="2142" length="10" type="commodity">smartphone</filler>
    <filler id="f-1532" source="NYT_ENG_20130930.0002" offset="2605" length="4" type="time" nom_time="2007-XX-XX">2007</filler>
    <filler id="f-1539" source="NYT_ENG_20130930.0002" offset="2555" length="46" type="commodity">a majority stake in a local cellphone operator</filler>
  </fillers>
  <relations>
    <relation id="r-2044" type="orgaffiliation" subtype="employmentmembership">
      <relation_mention id="relm-453" realis="true">
        <rel_arg1 entity_id="ent-54" entity_mention_id="m-48" role="employeemember">The tax authorities in India</rel_arg1>
        <rel_arg2 entity_id="ent-8" entity_mention_id="m-57" role="org">India</rel_arg2>
        <trigger source="NYT_ENG_20130930.0002" offset="388" length="11">authorities</trigger>
      </relation_mention>
      <relation_mention id="relm-473" realis="true">
        <rel_arg1 entity_id="ent-54" entity_mention_id="m-102" role="employeemember">the Indian tax authorities</rel_arg1>
        <rel_arg2 entity_id="ent-8" entity_mention_id="m-483" role="org">Indian</rel_arg2>
        <trigger source="NYT_ENG_20130930.0002" offset="605" length="6">Indian</trigger>
      </relation_mention>
      <relation_mention id="relm-528" realis="true">
        <rel_arg1 entity_id="ent-54" entity_mention_id="m-282" role="employeemember">The Indian authorities</rel_arg1>
        <rel_arg2 entity_id="ent-8" entity_mention_id="m-291" role="org">Indian</rel_arg2>
      </relation_mention>
      <relation_mention id="relm-629" realis="true">
        <rel_arg1 entity_id="ent-54" entity_mention_id="m-399" role="employeemember">Indian authorities</rel_arg1>
        <rel_arg2 entity_id="ent-8" entity_mention_id="m-639" role="org">Indian</rel_arg2>
        <trigger source="NYT_ENG_20130930.0002" offset="2461" length="6">Indian</trigger>
      </relation_mention>
      <relation_mention id="relm-663" realis="true">
        <rel_arg1 entity_id="ent-54" entity_mention_id="m-429" role="employeemember">Indian tax officials</rel_arg1>
        <rel_arg2 entity_id="ent-8" entity_mention_id="m-654" role="org">Indian</rel_arg2>
        <trigger source="NYT_ENG_20130930.0002" offset="2705" length="6">Indian</trigger>
      </relation_mention>
    </relation>
    <relation id="r-2045" type="physical" subtype="orglocationorigin">
      <relation_mention id="relm-463" realis="true">
        <rel_arg1 entity_id="ent-30" entity_mention_id="m-78" role="org">the Finnish cellphone company</rel_arg1>
        <rel_arg2 entity_id="ent-63" entity_mention_id="m-72" role="loc">Finnish</rel_arg2>
      </relation_mention>
    </relation>
    <relation id="r-2046" type="partwhole" subtype="subsidiary">
      <relation_mention id="relm-498" realis="true">
        <rel_arg1 entity_id="ent-495" entity_mention_id="m-489" role="suborg">Nokia’s struggling cellphone unit</rel_arg1>
        <rel_arg2 entity_id="ent-30" entity_mention_id="m-150" role="parent">Nokia</rel_arg2>
      </relation_mention>
    </relation>
    <relation id="r-2047" type="orgaffiliation" subtype="employmentmembership">
      <relation_mention id="relm-508" realis="true">
        <rel_arg1 entity_id="ent-225" entity_mention_id="m-219" role="employeemember">A spokesman for Nokia</rel_arg1>
        <rel_arg2 entity_id="ent-30" entity_mention_id="m-228" role="org">Nokia</rel_arg2>
        <trigger source="NYT_ENG_20130930.0002" offset="1292" length="9">spokesman</trigger>
      </relation_mention>
    </relation>
    <relation id="r-2048" type="physical" subtype="locatednear">
      <relation_mention id="relm-518" realis="true">
        <rel_arg1 entity_id="ent-132" entity_mention_id="m-252" role="entity">its Indian facilities</rel_arg1>
        <rel_arg2 entity_id="ent-8" entity_mention_id="m-240" role="loc">Indian</rel_arg2>
      </relation_mention>
    </relation>
    <relation id="r-2049" type="physical" subtype="locatednear">
      <relation_mention id="relm-538" realis="true">
        <rel_arg1 entity_id="ent-54" entity_mention_id="m-282" role="entity">The Indian authorities</rel_arg1>
        <rel_arg2 entity_id="ent-554" entity_mention_id="m-548" role="loc">Nokia’s factory in Chennai</rel_arg2>
        <trigger source="NYT_ENG_20130930.0002" offset="1607" length="2">at</trigger>
      </relation_mention>
    </relation>
    <relation id="r-2050" type="physical" subtype="locatednear">
      <relation_mention id="relm-557" realis="true">
        <rel_arg1 entity_id="ent-554" entity_mention_id="m-548" role="entity">Nokia’s factory in Chennai</rel_arg1>
        <rel_arg2 entity_id="ent-309" entity_mention_id="m-303" role="loc">Chennai</rel_arg2>
        <trigger source="NYT_ENG_20130930.0002" offset="1626" length="2">in</trigger>
      </relation_mention>
      <relation_mention id="relm-591" realis="true">
        <rel_arg1 entity_id="ent-554" entity_mention_id="m-573" role="entity">the Chennai plant</rel_arg1>
        <rel_arg2 entity_id="ent-309" entity_mention_id="m-318" role="loc">Chennai</rel_arg2>
      </relation_mention>
    </relation>
    <relation id="r-2051" type="physical" subtype="orglocationorigin">
      <relation_mention id="relm-619" realis="true">
        <rel_arg1 entity_id="ent-387" entity_mention_id="m-381" role="org">Vodafone</rel_arg1>
        <rel_arg2 entity_id="ent-396" entity_mention_id="m-390" role="loc">British</rel_arg2>
        <trigger source="NYT_ENG_20130930.0002" offset="2402" length="7">British</trigger>
      </relation_mention>
    </relation>
    <relation id="r-2052" type="personalsocial" subtype="role">
      <relation_mention id="relm-981" realis="true">
        <rel_arg1 entity_id="ent-225" entity_mention_id="m-219" role="per">A spokesman for Nokia</rel_arg1>
        <rel_arg2 filler_id="f-989" role="role">spokesman</rel_arg2>
      </relation_mention>
    </relation>
    <relation id="r-2053" type="generalaffiliation" subtype="more">
      <relation_mention id="relm-991" realis="true">
        <rel_arg1 entity_id="ent-918" entity_mention_id="m-912" role="per">India’s affluent middle class</rel_arg1>
        <rel_arg2 entity_id="ent-8" entity_mention_id="m-435" role="entity">India</rel_arg2>
      </relation_mention>
    </relation>
    <relation id="r-2054" type="physical" subtype="orglocationorigin">
      <relation_mention id="relm-1001" realis="true">
        <rel_arg1 entity_id="ent-30" entity_mention_id="m-441" role="org">Nokia</rel_arg1>
        <rel_arg2 entity_id="ent-8" entity_mention_id="m-447" role="loc">the country</rel_arg2>
        <trigger source="NYT_ENG_20130930.0002" offset="1751" length="2">in</trigger>
      </relation_mention>
    </relation>
    <relation id="r-2055" type="physical" subtype="locatednear">
      <relation_mention id="relm-1011" realis="true">
        <rel_arg1 entity_id="ent-309" entity_mention_id="m-318" role="entity">Chennai</rel_arg1>
        <rel_arg2 entity_id="ent-588" entity_mention_id="m-582" role="loc">southern India</rel_arg2>
        <trigger source="NYT_ENG_20130930.0002" offset="1882" length="2">in</trigger>
      </relation_mention>
    </relation>
    <relation id="r-2056" type="physical" subtype="locatednear">
      <relation_mention id="relm-1021" realis="true">
        <rel_arg1 entity_id="ent-588" entity_mention_id="m-582" role="entity">southern India</rel_arg1>
        <rel_arg2 entity_id="ent-8" entity_mention_id="m-927" role="loc">India</rel_arg2>
      </relation_mention>
    </relation>
    <relation id="r-2057" type="physical" subtype="orglocationorigin">
      <relation_mention id="relm-1031" realis="true">
        <rel_arg1 entity_id="ent-30" entity_mention_id="m-939" role="org">the world’s largest smartphone manufacturer</rel_arg1>
        <rel_arg2 entity_id="ent-616" entity_mention_id="m-610" role="loc">the world</rel_arg2>
      </relation_mention>
    </relation>
  </relations>
  <hoppers>
    <hopper id="h-16">
      <event_mention id="em-673" type="transaction" subtype="transferownership" realis="actual" ways="involuntarynoforce">
        <trigger source="NYT_ENG_20130930.0002" offset="178" length="6">SEIZES</trigger>
        <em_arg entity_id="ent-30" entity_mention_id="m-24" role="giver" realis="true">NOKIA</em_arg>
        <em_arg entity_id="ent-8" entity_mention_id="m-18" role="recipient" realis="true">INDIA</em_arg>
        <em_arg filler_id="f-1045" role="thing" realis="true">ASSETS</em_arg>
      </event_mention>
    </hopper>
    <hopper id="h-759">
      <event_mention id="em-731" type="transaction" subtype="transferownership" realis="other" ways="voluntary">
        <trigger source="NYT_ENG_20130930.0002" offset="865" length="3">buy</trigger>
        <em_arg entity_id="ent-147" entity_mention_id="m-141" role="recipient" realis="true">Microsoft</em_arg>
        <em_arg entity_id="ent-495" entity_mention_id="m-489" role="thing" realis="true">Nokia’s struggling cellphone unit</em_arg>
        <em_arg entity_id="ent-30" entity_mention_id="m-150" role="giver" realis="true">Nokia</em_arg>
      </event_mention>
    </hopper>
    <hopper id="h-796">
      <event_mention id="em-761" type="transaction" subtype="transfermoney" realis="other" ways="voluntary">
        <trigger source="NYT_ENG_20130930.0002" offset="865" length="3">buy</trigger>
        <em_arg entity_id="ent-147" entity_mention_id="m-141" role="giver" realis="true">Microsoft</em_arg>
        <em_arg entity_id="ent-30" entity_mention_id="m-150" role="recipient" realis="true">Nokia</em_arg>
        <em_arg filler_id="f-793" role="money" realis="true">$7.2 billion</em_arg>
      </event_mention>
    </hopper>
    <hopper id="h-832">
      <event_mention id="em-804" type="contact" subtype="contact" realis="actual" audience="twoway" formality="formal" medium="canttell" schedule="planned">
        <trigger source="NYT_ENG_20130930.0002" offset="1512" length="11">discussions</trigger>
        <em_arg entity_id="ent-30" entity_mention_id="m-267" role="entity" realis="true">Nokia</em_arg>
        <em_arg entity_id="ent-279" entity_mention_id="m-273" role="entity" realis="true">local officials</em_arg>
      </event_mention>
    </hopper>
    <hopper id="h-874">
      <event_mention id="em-846" type="transaction" subtype="transfermoney" realis="other" ways="involuntarynoforce">
        <trigger source="NYT_ENG_20130930.0002" offset="2495" length="3">pay</trigger>
        <em_arg entity_id="ent-387" entity_mention_id="m-975" role="giver" realis="true">it</em_arg>
        <em_arg entity_id="ent-8" entity_mention_id="m-639" role="recipient" realis="true">Indian</em_arg>
        <em_arg filler_id="f-1080" role="money" realis="true">$3 billion</em_arg>
      </event_mention>
    </hopper>
    <hopper id="h-1111">
      <event_mention id="em-708" type="transaction" subtype="transfermoney" realis="other" ways="voluntary">
        <trigger source="NYT_ENG_20130930.0002" offset="742" length="3">pay</trigger>
        <em_arg entity_id="ent-30" entity_mention_id="m-894" role="giver" realis="true">its</em_arg>
        <em_arg entity_id="ent-8" entity_mention_id="m-483" role="recipient" realis="true">Indian</em_arg>
        <em_arg filler_id="f-1059" role="money" realis="false">hundreds of millions of dollars</em_arg>
      </event_mention>
      <event_mention id="em-1083" type="transaction" subtype="transfermoney" realis="other" ways="voluntary">
        <trigger source="NYT_ENG_20130930.0002" offset="468" length="8">payments</trigger>
        <em_arg entity_id="ent-30" entity_mention_id="m-66" role="giver" realis="true">Nokia</em_arg>
        <em_arg entity_id="ent-8" entity_mention_id="m-57" role="recipient" realis="true">India</em_arg>
      </event_mention>
      <event_mention id="em-1287" type="transaction" subtype="transfermoney" realis="other" ways="voluntary">
        <trigger source="NYT_ENG_20130930.0002" offset="1254" length="4">meet</trigger>
        <em_arg entity_id="ent-30" entity_mention_id="m-906" role="giver" realis="true">its</em_arg>
      </event_mention>
      <event_mention id="em-1398" type="transaction" subtype="transfermoney" realis="other" ways="voluntary">
        <trigger source="NYT_ENG_20130930.0002" offset="1658" length="8">payments</trigger>
        <em_arg entity_id="ent-30" entity_mention_id="m-297" role="giver" realis="true">Nokia</em_arg>
        <em_arg entity_id="ent-8" entity_mention_id="m-291" role="recipient" realis="true">Indian</em_arg>
      </event_mention>
    </hopper>
    <hopper id="h-1141">
      <event_mention id="em-1113" type="contact" subtype="broadcast" realis="actual" audience="oneway" formality="formal" medium="canttell" schedule="planned">
        <trigger source="NYT_ENG_20130930.0002" offset="512" length="4">said</trigger>
        <em_arg entity_id="ent-30" entity_mention_id="m-78" role="entity" realis="true">the Finnish cellphone company</em_arg>
        <em_arg filler_id="f-1138" role="time" realis="true">Monday</em_arg>
      </event_mention>
      <event_mention id="em-1259" type="contact" subtype="broadcast" realis="actual" audience="oneway" formality="formal" medium="notinperson" schedule="planned">
        <trigger source="NYT_ENG_20130930.0002" offset="1195" length="9">statement</trigger>
        <em_arg entity_id="ent-30" entity_mention_id="m-201" role="entity" realis="true">Nokia</em_arg>
        <em_arg filler_id="f-1284" role="time" realis="true">Monday</em_arg>
      </event_mention>
    </hopper>
    <hopper id="h-1178">
      <event_mention id="em-1143" type="contact" subtype="contact" realis="actual" audience="twoway" formality="formal" medium="canttell" schedule="planned">
        <trigger source="NYT_ENG_20130930.0002" offset="855" length="6">agreed</trigger>
        <em_arg entity_id="ent-147" entity_mention_id="m-141" role="entity" realis="true">Microsoft</em_arg>
        <em_arg entity_id="ent-30" entity_mention_id="m-150" role="entity" realis="true">Nokia</em_arg>
        <em_arg filler_id="f-1175" role="time" realis="true">early September</em_arg>
      </event_mention>
    </hopper>
    <hopper id="h-1229">
      <event_mention id="em-1180" type="transaction" subtype="transferownership" realis="generic" ways="voluntary">
        <trigger source="NYT_ENG_20130930.0002" offset="1090" length="8">transfer</trigger>
        <em_arg entity_id="ent-660" entity_mention_id="m-798" role="recipient" realis="true">a new owner</em_arg>
        <em_arg entity_id="ent-30" entity_mention_id="m-168" role="giver" realis="true">the firm</em_arg>
        <em_arg entity_id="ent-8" entity_mention_id="m-162" role="place" realis="true">Indian</em_arg>
        <em_arg entity_id="ent-132" entity_mention_id="m-174" role="thing" realis="true">the firm’s local factories and other buildings</em_arg>
        <em_arg entity_id="ent-186" entity_mention_id="m-180" role="thing" realis="true">the firm’s local factories and other buildings</em_arg>
      </event_mention>
    </hopper>
    <hopper id="h-1336">
      <event_mention id="em-1315" type="contact" subtype="broadcast" realis="actual" audience="oneway" formality="formal" medium="canttell" schedule="planned">
        <trigger source="NYT_ENG_20130930.0002" offset="1312" length="4">said</trigger>
        <em_arg entity_id="ent-225" entity_mention_id="m-219" role="entity" realis="true">A spokesman for Nokia</em_arg>
      </event_mention>
    </hopper>
    <hopper id="h-1366">
      <event_mention id="em-1338" type="manufacture" subtype="artifact" realis="generic">
        <trigger source="NYT_ENG_20130930.0002" offset="1422" length="10">Production</trigger>
        <em_arg entity_id="ent-30" entity_mention_id="m-246" role="agent" realis="true">its</em_arg>
        <em_arg entity_id="ent-132" entity_mention_id="m-252" role="place" realis="true">its Indian facilities</em_arg>
      </event_mention>
    </hopper>
    <hopper id="h-1396">
      <event_mention id="em-1368" type="movement" subtype="transportperson" realis="actual">
        <trigger source="NYT_ENG_20130930.0002" offset="1602" length="4">raid</trigger>
        <em_arg entity_id="ent-54" entity_mention_id="m-282" role="agent" realis="true">The Indian authorities</em_arg>
        <em_arg entity_id="ent-554" entity_mention_id="m-548" role="destination" realis="true">Nokia’s factory in Chennai</em_arg>
      </event_mention>
    </hopper>
    <hopper id="h-1461">
      <event_mention id="em-1426" type="manufacture" subtype="artifact" realis="generic">
        <trigger source="NYT_ENG_20130930.0002" offset="1912" length="8">produces</trigger>
        <em_arg entity_id="ent-30" entity_mention_id="m-834" role="agent" realis="true">its</em_arg>
        <em_arg filler_id="f-1451" role="artifact" realis="true">much of its Asha line of low-cost smartphones</em_arg>
        <em_arg entity_id="ent-554" entity_mention_id="m-933" role="place" realis="true">there</em_arg>
      </event_mention>
    </hopper>
    <hopper id="h-1498">
      <event_mention id="em-1463" type="manufacture" subtype="artifact" realis="generic">
        <trigger source="NYT_ENG_20130930.0002" offset="2153" length="12">manufacturer</trigger>
        <em_arg entity_id="ent-30" entity_mention_id="m-939" role="agent" realis="true">the world’s largest smartphone manufacturer</em_arg>
        <em_arg filler_id="f-1488" role="artifact" realis="true">smartphone</em_arg>
        <em_arg entity_id="ent-616" entity_mention_id="m-610" role="place" realis="true">the world</em_arg>
      </event_mention>
    </hopper>
    <hopper id="h-1549">
      <event_mention id="em-1500" type="transaction" subtype="transferownership" realis="actual" ways="voluntary">
        <trigger source="NYT_ENG_20130930.0002" offset="2540" length="11">acquisition</trigger>
        <em_arg entity_id="ent-651" entity_mention_id="m-645" role="giver" realis="true">a local cellphone operator</em_arg>
        <em_arg entity_id="ent-387" entity_mention_id="m-876" role="recipient" realis="true">its</em_arg>
        <em_arg filler_id="f-1532" role="time" realis="true">2007</em_arg>
        <em_arg filler_id="f-1539" role="thing" realis="true">a majority stake in a local cellphone operator</em_arg>
        <em_arg entity_id="ent-8" entity_mention_id="m-639" role="place" realis="true">Indian</em_arg>
      </event_mention>
    </hopper>
  </hoppers>
</deft_ere>
