<?xml version="1.0" encoding="UTF-8"?>
<deft_ere kit_id="5733b8b10000000000000069" doc_id="NYT_ENG_20130428.0057" source_type="newswire">
  <entities>
    <entity id="ent-8" type="GPE" specificity="specificIndividual">
      <entity_mention id="m-18" noun_type="NAM" source="NYT_ENG_20130428.0057" offset="204" length="10">
        <mention_text>BANGLADESH</mention_text>
      </entity_mention>
      <entity_mention id="m-33" noun_type="NAM" source="NYT_ENG_20130428.0057" offset="245" length="10">
        <mention_text>Bangladesh</mention_text>
      </entity_mention>
      <entity_mention id="m-117" noun_type="NAM" source="NYT_ENG_20130428.0057" offset="569" length="11">
        <mention_text>Bangladeshi</mention_text>
      </entity_mention>
      <entity_mention id="m-516" noun_type="NAM" source="NYT_ENG_20130428.0057" offset="2306" length="10">
        <mention_text>Bangladesh</mention_text>
      </entity_mention>
    </entity>
    <entity id="ent-30" type="GPE" specificity="specificIndividual">
      <entity_mention id="m-24" noun_type="NAM" source="NYT_ENG_20130428.0057" offset="238" length="5">
        <mention_text>SAVAR</mention_text>
      </entity_mention>
    </entity>
    <entity id="ent-45" type="FAC" specificity="specificIndividual">
      <entity_mention id="m-39" noun_type="NOM" source="NYT_ENG_20130428.0057" offset="278" length="26">
        <mention_text>a garment factory building</mention_text>
        <nom_head source="NYT_ENG_20130428.0057" offset="296" length="8">building</nom_head>
      </entity_mention>
      <entity_mention id="m-138" noun_type="NOM" source="NYT_ENG_20130428.0057" offset="641" length="12">
        <mention_text>the building</mention_text>
        <nom_head source="NYT_ENG_20130428.0057" offset="645" length="8">building</nom_head>
      </entity_mention>
      <entity_mention id="m-195" noun_type="NAM" source="NYT_ENG_20130428.0057" offset="870" length="10">
        <mention_text>Rana Plaza</mention_text>
      </entity_mention>
      <entity_mention id="m-228" noun_type="NAM" source="NYT_ENG_20130428.0057" offset="1090" length="10">
        <mention_text>Rana Plaza</mention_text>
      </entity_mention>
      <entity_mention id="m-297" noun_type="NOM" source="NYT_ENG_20130428.0057" offset="1363" length="12">
        <mention_text>the building</mention_text>
        <nom_head source="NYT_ENG_20130428.0057" offset="1367" length="8">building</nom_head>
      </entity_mention>
      <entity_mention id="m-396" noun_type="NOM" source="NYT_ENG_20130428.0057" offset="1818" length="12">
        <mention_text>the building</mention_text>
        <nom_head source="NYT_ENG_20130428.0057" offset="1822" length="8">building</nom_head>
      </entity_mention>
      <entity_mention id="m-423" noun_type="NOM" source="NYT_ENG_20130428.0057" offset="1922" length="12">
        <mention_text>the building</mention_text>
        <nom_head source="NYT_ENG_20130428.0057" offset="1926" length="8">building</nom_head>
      </entity_mention>
      <entity_mention id="m-444" noun_type="NOM" source="NYT_ENG_20130428.0057" offset="2021" length="7">
        <mention_text>factory</mention_text>
        <nom_head source="NYT_ENG_20130428.0057" offset="2021" length="7">factory</nom_head>
      </entity_mention>
      <entity_mention id="m-453" noun_type="NOM" source="NYT_ENG_20130428.0057" offset="2041" length="12">
        <mention_text>the building</mention_text>
        <nom_head source="NYT_ENG_20130428.0057" offset="2045" length="8">building</nom_head>
      </entity_mention>
      <entity_mention id="m-573" noun_type="NOM" source="NYT_ENG_20130428.0057" offset="2561" length="12">
        <mention_text>the building</mention_text>
        <nom_head source="NYT_ENG_20130428.0057" offset="2565" length="8">building</nom_head>
      </entity_mention>
      <entity_mention id="m-639" noun_type="NOM" source="NYT_ENG_20130428.0057" offset="2705" length="12">
        <mention_text>the building</mention_text>
        <nom_head source="NYT_ENG_20130428.0057" offset="2709" length="8">building</nom_head>
      </entity_mention>
    </entity>
    <entity id="ent-63" type="PER" specificity="specificGroup">
      <entity_mention id="m-57" noun_type="NOM" source="NYT_ENG_20130428.0057" offset="316" length="12">
        <mention_text>rescue teams</mention_text>
        <nom_head source="NYT_ENG_20130428.0057" offset="323" length="5">teams</nom_head>
      </entity_mention>
      <entity_mention id="m-279" noun_type="NOM" source="NYT_ENG_20130428.0057" offset="1247" length="8">
        <mention_text>rescuers</mention_text>
        <nom_head source="NYT_ENG_20130428.0057" offset="1247" length="8">rescuers</nom_head>
      </entity_mention>
      <entity_mention id="m-291" noun_type="PRO" source="NYT_ENG_20130428.0057" offset="1291" length="5">
        <mention_text>their</mention_text>
      </entity_mention>
      <entity_mention id="m-303" noun_type="PRO" source="NYT_ENG_20130428.0057" offset="1418" length="4">
        <mention_text>they</mention_text>
      </entity_mention>
      <entity_mention id="m-324" noun_type="PRO" source="NYT_ENG_20130428.0057" offset="1564" length="2">
        <mention_text>We</mention_text>
      </entity_mention>
      <entity_mention id="m-351" noun_type="PRO" source="NYT_ENG_20130428.0057" offset="1653" length="2">
        <mention_text>We</mention_text>
      </entity_mention>
      <entity_mention id="m-363" noun_type="PRO" source="NYT_ENG_20130428.0057" offset="1709" length="2">
        <mention_text>We</mention_text>
      </entity_mention>
    </entity>
    <entity id="ent-72" type="PER" specificity="specificGroup">
      <entity_mention id="m-66" noun_type="NOM" source="NYT_ENG_20130428.0057" offset="355" length="9">
        <mention_text>survivors</mention_text>
        <nom_head source="NYT_ENG_20130428.0057" offset="355" length="9">survivors</nom_head>
      </entity_mention>
      <entity_mention id="m-309" noun_type="NOM" source="NYT_ENG_20130428.0057" offset="1499" length="9">
        <mention_text>survivors</mention_text>
        <nom_head source="NYT_ENG_20130428.0057" offset="1499" length="9">survivors</nom_head>
      </entity_mention>
      <entity_mention id="m-318" noun_type="PRO" source="NYT_ENG_20130428.0057" offset="1510" length="4">
        <mention_text>Many</mention_text>
      </entity_mention>
    </entity>
    <entity id="ent-81" type="PER" specificity="specificGroup">
      <entity_mention id="m-75" noun_type="NOM" source="NYT_ENG_20130428.0057" offset="375" length="19">
        <mention_text>Thousands of people</mention_text>
        <nom_head source="NYT_ENG_20130428.0057" offset="375" length="9">Thousands</nom_head>
      </entity_mention>
      <entity_mention id="m-189" noun_type="NOM" source="NYT_ENG_20130428.0057" offset="814" length="9">
        <mention_text>the crowd</mention_text>
        <nom_head source="NYT_ENG_20130428.0057" offset="818" length="5">crowd</nom_head>
      </entity_mention>
    </entity>
    <entity id="ent-90" type="PER" specificity="nonspecific">
      <entity_mention id="m-84" noun_type="NOM" source="NYT_ENG_20130428.0057" offset="388" length="6">
        <mention_text>people</mention_text>
        <nom_head source="NYT_ENG_20130428.0057" offset="388" length="6">people</nom_head>
      </entity_mention>
      <entity_mention id="m-558" noun_type="NOM" source="NYT_ENG_20130428.0057" offset="2500" length="6">
        <mention_text>people</mention_text>
        <nom_head source="NYT_ENG_20130428.0057" offset="2500" length="6">people</nom_head>
      </entity_mention>
    </entity>
    <entity id="ent-105" type="PER" specificity="nonspecific">
      <entity_mention id="m-99" noun_type="NOM" source="NYT_ENG_20130428.0057" offset="484" length="17">
        <mention_text>many more victims</mention_text>
        <nom_head source="NYT_ENG_20130428.0057" offset="494" length="7">victims</nom_head>
      </entity_mention>
    </entity>
    <entity id="ent-114" type="PER" specificity="specificGroup">
      <entity_mention id="m-108" noun_type="NOM" source="NYT_ENG_20130428.0057" offset="569" length="33">
        <mention_text>Bangladeshi paramilitary officers</mention_text>
        <nom_head source="NYT_ENG_20130428.0057" offset="594" length="8">officers</nom_head>
      </entity_mention>
    </entity>
    <entity id="ent-129" type="PER" specificity="specificIndividual">
      <entity_mention id="m-123" noun_type="NAM" source="NYT_ENG_20130428.0057" offset="629" length="10">
        <mention_text>Sohel Rana</mention_text>
      </entity_mention>
      <entity_mention id="m-132" noun_type="NOM" source="NYT_ENG_20130428.0057" offset="641" length="59">
        <mention_text>the building’s owner, who was hiding near the Indian border</mention_text>
        <nom_head source="NYT_ENG_20130428.0057" offset="656" length="5">owner</nom_head>
      </entity_mention>
      <entity_mention id="m-162" noun_type="PRO" source="NYT_ENG_20130428.0057" offset="715" length="3">
        <mention_text>him</mention_text>
      </entity_mention>
      <entity_mention id="m-183" noun_type="PRO" source="NYT_ENG_20130428.0057" offset="776" length="3">
        <mention_text>his</mention_text>
      </entity_mention>
      <entity_mention id="m-384" noun_type="NAM" source="NYT_ENG_20130428.0057" offset="1812" length="4">
        <mention_text>Rana</mention_text>
      </entity_mention>
      <entity_mention id="m-390" noun_type="NOM" source="NYT_ENG_20130428.0057" offset="1818" length="20">
        <mention_text>the building’s owner</mention_text>
        <nom_head source="NYT_ENG_20130428.0057" offset="1833" length="5">owner</nom_head>
      </entity_mention>
      <entity_mention id="m-417" noun_type="PRO" source="NYT_ENG_20130428.0057" offset="1877" length="3">
        <mention_text>him</mention_text>
      </entity_mention>
      <entity_mention id="m-429" noun_type="NAM" source="NYT_ENG_20130428.0057" offset="1993" length="4">
        <mention_text>Rana</mention_text>
      </entity_mention>
      <entity_mention id="m-459" noun_type="PRO" source="NYT_ENG_20130428.0057" offset="2090" length="3">
        <mention_text>his</mention_text>
      </entity_mention>
      <entity_mention id="m-465" noun_type="NAM" source="NYT_ENG_20130428.0057" offset="2102" length="4">
        <mention_text>Rana</mention_text>
      </entity_mention>
      <entity_mention id="m-483" noun_type="PRO" source="NYT_ENG_20130428.0057" offset="2216" length="1">
        <mention_text>I</mention_text>
      </entity_mention>
      <entity_mention id="m-495" noun_type="PRO" source="NYT_ENG_20130428.0057" offset="2245" length="2">
        <mention_text>he</mention_text>
      </entity_mention>
      <entity_mention id="m-534" noun_type="PRO" source="NYT_ENG_20130428.0057" offset="2342" length="2">
        <mention_text>me</mention_text>
      </entity_mention>
      <entity_mention id="m-1503" noun_type="NAM" source="NYT_ENG_20130428.0057" offset="1090" length="4">
        <mention_text>Rana</mention_text>
      </entity_mention>
      <entity_mention id="m-1509" noun_type="NAM" source="NYT_ENG_20130428.0057" offset="870" length="4">
        <mention_text>Rana</mention_text>
      </entity_mention>
    </entity>
    <entity id="ent-150" type="LOC" specificity="specificIndividual">
      <entity_mention id="m-144" noun_type="NOM" source="NYT_ENG_20130428.0057" offset="683" length="17">
        <mention_text>the Indian border</mention_text>
        <nom_head source="NYT_ENG_20130428.0057" offset="694" length="6">border</nom_head>
      </entity_mention>
    </entity>
    <entity id="ent-159" type="GPE" specificity="specificIndividual">
      <entity_mention id="m-153" noun_type="NAM" source="NYT_ENG_20130428.0057" offset="687" length="6">
        <mention_text>Indian</mention_text>
      </entity_mention>
    </entity>
    <entity id="ent-174" type="GPE" specificity="specificIndividual">
      <entity_mention id="m-168" noun_type="NAM" source="NYT_ENG_20130428.0057" offset="722" length="5">
        <mention_text>Dhaka</mention_text>
      </entity_mention>
    </entity>
    <entity id="ent-216" type="PER" specificity="specificGroup">
      <entity_mention id="m-210" noun_type="NOM" source="NYT_ENG_20130428.0057" offset="986" length="18">
        <mention_text>at least 377 lives</mention_text>
        <nom_head source="NYT_ENG_20130428.0057" offset="999" length="5">lives</nom_head>
      </entity_mention>
    </entity>
    <entity id="ent-225" type="PER" specificity="specificGroup">
      <entity_mention id="m-219" noun_type="NOM" source="NYT_ENG_20130428.0057" offset="1010" length="21">
        <mention_text>hundreds more workers</mention_text>
        <nom_head source="NYT_ENG_20130428.0057" offset="1024" length="7">workers</nom_head>
      </entity_mention>
    </entity>
    <entity id="ent-240" type="FAC" specificity="specificGroup">
      <entity_mention id="m-234" noun_type="NOM" source="NYT_ENG_20130428.0057" offset="1111" length="22">
        <mention_text>five garment factories</mention_text>
        <nom_head source="NYT_ENG_20130428.0057" offset="1124" length="9">factories</nom_head>
      </entity_mention>
      <entity_mention id="m-477" noun_type="NOM" source="NYT_ENG_20130428.0057" offset="2128" length="21">
        <mention_text>the garment factories</mention_text>
        <nom_head source="NYT_ENG_20130428.0057" offset="2140" length="9">factories</nom_head>
      </entity_mention>
      <entity_mention id="m-546" noun_type="NOM" source="NYT_ENG_20130428.0057" offset="2417" length="13">
        <mention_text>the factories</mention_text>
        <nom_head source="NYT_ENG_20130428.0057" offset="2421" length="9">factories</nom_head>
      </entity_mention>
    </entity>
    <entity id="ent-249" type="PER" specificity="specificGroup">
      <entity_mention id="m-243" noun_type="NOM" source="NYT_ENG_20130428.0057" offset="1145" length="81">
        <mention_text>more than 3,000 workers, who were making clothing for European and U.S. consumers</mention_text>
        <nom_head source="NYT_ENG_20130428.0057" offset="1161" length="7">workers</nom_head>
      </entity_mention>
    </entity>
    <entity id="ent-258" type="PER" specificity="nonspecific">
      <entity_mention id="m-252" noun_type="NOM" source="NYT_ENG_20130428.0057" offset="1199" length="27">
        <mention_text>European and U.S. consumers</mention_text>
        <nom_head source="NYT_ENG_20130428.0057" offset="1217" length="9">consumers</nom_head>
      </entity_mention>
    </entity>
    <entity id="ent-267" type="LOC" specificity="specificIndividual">
      <entity_mention id="m-261" noun_type="NAM" source="NYT_ENG_20130428.0057" offset="1199" length="8">
        <mention_text>European</mention_text>
      </entity_mention>
    </entity>
    <entity id="ent-276" type="GPE" specificity="specificIndividual">
      <entity_mention id="m-270" noun_type="NAM" source="NYT_ENG_20130428.0057" offset="1212" length="4">
        <mention_text>U.S.</mention_text>
      </entity_mention>
    </entity>
    <entity id="ent-315" type="PER" specificity="nonspecific">
      <entity_mention id="m-330" noun_type="PRO" source="NYT_ENG_20130428.0057" offset="1592" length="6">
        <mention_text>anyone</mention_text>
      </entity_mention>
      <entity_mention id="m-357" noun_type="PRO" source="NYT_ENG_20130428.0057" offset="1671" length="6">
        <mention_text>anyone</mention_text>
      </entity_mention>
      <entity_mention id="m-369" noun_type="PRO" source="NYT_ENG_20130428.0057" offset="1725" length="3">
        <mention_text>you</mention_text>
      </entity_mention>
    </entity>
    <entity id="ent-342" type="PER" specificity="specificIndividual">
      <entity_mention id="m-336" noun_type="NAM" source="NYT_ENG_20130428.0057" offset="1616" length="15">
        <mention_text>Sharif ul-Islam</mention_text>
      </entity_mention>
      <entity_mention id="m-345" noun_type="NOM" source="NYT_ENG_20130428.0057" offset="1637" length="13">
        <mention_text>a firefighter</mention_text>
        <nom_head source="NYT_ENG_20130428.0057" offset="1639" length="11">firefighter</nom_head>
      </entity_mention>
    </entity>
    <entity id="ent-381" type="PER" specificity="specificGroup">
      <entity_mention id="m-375" noun_type="NOM" source="NYT_ENG_20130428.0057" offset="1746" length="13">
        <mention_text>so many lives</mention_text>
        <nom_head source="NYT_ENG_20130428.0057" offset="1754" length="5">lives</nom_head>
      </entity_mention>
    </entity>
    <entity id="ent-408" type="PER" specificity="specificGroup">
      <entity_mention id="m-402" noun_type="NOM" source="NYT_ENG_20130428.0057" offset="1840" length="24">
        <mention_text>Garment industry leaders</mention_text>
        <nom_head source="NYT_ENG_20130428.0057" offset="1857" length="7">leaders</nom_head>
      </entity_mention>
    </entity>
    <entity id="ent-441" type="PER" specificity="specificGroup">
      <entity_mention id="m-435" noun_type="NOM" source="NYT_ENG_20130428.0057" offset="2021" length="14">
        <mention_text>factory bosses</mention_text>
        <nom_head source="NYT_ENG_20130428.0057" offset="2029" length="6">bosses</nom_head>
      </entity_mention>
    </entity>
    <entity id="ent-450" type="PER" specificity="specificGroup">
      <entity_mention id="m-471" noun_type="NOM" source="NYT_ENG_20130428.0057" offset="2114" length="35">
        <mention_text>the owners of the garment factories</mention_text>
        <nom_head source="NYT_ENG_20130428.0057" offset="2118" length="6">owners</nom_head>
      </entity_mention>
      <entity_mention id="m-489" noun_type="NOM" source="NYT_ENG_20130428.0057" offset="2232" length="10">
        <mention_text>the owners</mention_text>
        <nom_head source="NYT_ENG_20130428.0057" offset="2236" length="6">owners</nom_head>
      </entity_mention>
      <entity_mention id="m-522" noun_type="PRO" source="NYT_ENG_20130428.0057" offset="2326" length="4">
        <mention_text>them</mention_text>
      </entity_mention>
      <entity_mention id="m-528" noun_type="PRO" source="NYT_ENG_20130428.0057" offset="2331" length="3">
        <mention_text>who</mention_text>
      </entity_mention>
      <entity_mention id="m-540" noun_type="PRO" source="NYT_ENG_20130428.0057" offset="2353" length="4">
        <mention_text>they</mention_text>
      </entity_mention>
    </entity>
    <entity id="ent-507" type="ORG" specificity="specificIndividual">
      <entity_mention id="m-501" noun_type="NAM" source="NYT_ENG_20130428.0057" offset="2267" length="12">
        <mention_text>bdnews24.com</mention_text>
      </entity_mention>
      <entity_mention id="m-510" noun_type="NOM" source="NYT_ENG_20130428.0057" offset="2281" length="35">
        <mention_text>an online news source in Bangladesh</mention_text>
        <nom_head source="NYT_ENG_20130428.0057" offset="2296" length="6">source</nom_head>
      </entity_mention>
    </entity>
    <entity id="ent-570" type="PER" specificity="specificIndividual">
      <entity_mention id="m-564" noun_type="NOM" source="NYT_ENG_20130428.0057" offset="2525" length="7">
        <mention_text>A woman</mention_text>
        <nom_head source="NYT_ENG_20130428.0057" offset="2527" length="5">woman</nom_head>
      </entity_mention>
      <entity_mention id="m-588" noun_type="PRO" source="NYT_ENG_20130428.0057" offset="2613" length="3">
        <mention_text>her</mention_text>
      </entity_mention>
      <entity_mention id="m-603" noun_type="PRO" source="NYT_ENG_20130428.0057" offset="2659" length="3">
        <mention_text>she</mention_text>
      </entity_mention>
      <entity_mention id="m-609" noun_type="PRO" source="NYT_ENG_20130428.0057" offset="2671" length="3">
        <mention_text>She</mention_text>
      </entity_mention>
      <entity_mention id="m-651" noun_type="PRO" source="NYT_ENG_20130428.0057" offset="2762" length="2">
        <mention_text>me</mention_text>
      </entity_mention>
      <entity_mention id="m-657" noun_type="PRO" source="NYT_ENG_20130428.0057" offset="2767" length="3">
        <mention_text>she</mention_text>
      </entity_mention>
      <entity_mention id="m-669" noun_type="PRO" source="NYT_ENG_20130428.0057" offset="2796" length="2">
        <mention_text>me</mention_text>
      </entity_mention>
    </entity>
    <entity id="ent-585" type="PER" specificity="specificIndividual">
      <entity_mention id="m-579" noun_type="NOM" source="NYT_ENG_20130428.0057" offset="2597" length="9">
        <mention_text>a soldier</mention_text>
        <nom_head source="NYT_ENG_20130428.0057" offset="2599" length="7">soldier</nom_head>
      </entity_mention>
      <entity_mention id="m-645" noun_type="PRO" source="NYT_ENG_20130428.0057" offset="2751" length="3">
        <mention_text>you</mention_text>
      </entity_mention>
      <entity_mention id="m-663" noun_type="PRO" source="NYT_ENG_20130428.0057" offset="2786" length="3">
        <mention_text>you</mention_text>
      </entity_mention>
    </entity>
    <entity id="ent-600" type="LOC" specificity="nonspecific">
      <entity_mention id="m-594" noun_type="NOM" source="NYT_ENG_20130428.0057" offset="2625" length="32">
        <mention_text>somewhere safer and farther away</mention_text>
        <nom_head source="NYT_ENG_20130428.0057" offset="2625" length="9">somewhere</nom_head>
      </entity_mention>
    </entity>
    <entity id="ent-627" type="PER" specificity="specificGroup">
      <entity_mention id="m-621" noun_type="NOM" source="NYT_ENG_20130428.0057" offset="2679" length="38">
        <mention_text>two sons somewhere inside the building</mention_text>
        <nom_head source="NYT_ENG_20130428.0057" offset="2683" length="4">sons</nom_head>
      </entity_mention>
    </entity>
    <entity id="ent-636" type="FAC" specificity="nonspecific">
      <entity_mention id="m-630" noun_type="NOM" source="NYT_ENG_20130428.0057" offset="2688" length="29">
        <mention_text>somewhere inside the building</mention_text>
        <nom_head source="NYT_ENG_20130428.0057" offset="2688" length="9">somewhere</nom_head>
      </entity_mention>
    </entity>
    <entity id="ent-1482" type="ORG" specificity="specificIndividual">
      <entity_mention id="m-1476" noun_type="NOM" source="NYT_ENG_20130428.0057" offset="569" length="24">
        <mention_text>Bangladeshi paramilitary</mention_text>
        <nom_head source="NYT_ENG_20130428.0057" offset="581" length="12">paramilitary</nom_head>
      </entity_mention>
    </entity>
    <entity id="ent-1485" type="LOC" specificity="specificIndividual">
      <entity_mention id="m-93" noun_type="NOM" source="NYT_ENG_20130428.0057" offset="406" length="8">
        <mention_text>the site</mention_text>
        <nom_head source="NYT_ENG_20130428.0057" offset="410" length="4">site</nom_head>
      </entity_mention>
      <entity_mention id="m-177" noun_type="NOM" source="NYT_ENG_20130428.0057" offset="750" length="15">
        <mention_text>the rescue site</mention_text>
        <nom_head source="NYT_ENG_20130428.0057" offset="761" length="4">site</nom_head>
      </entity_mention>
    </entity>
    <entity id="ent-1494" type="LOC" specificity="specificGroup">
      <entity_mention id="m-1497" noun_type="NOM" source="NYT_ENG_20130428.0057" offset="1411" length="5">
        <mention_text>holes</mention_text>
        <nom_head source="NYT_ENG_20130428.0057" offset="1411" length="5">holes</nom_head>
      </entity_mention>
    </entity>
    <entity id="ent-1515" type="PER" specificity="specificGroup">
      <entity_mention id="m-552" noun_type="NOM" source="NYT_ENG_20130428.0057" offset="2487" length="36">
        <mention_text>thousands of people clinging to hope</mention_text>
        <nom_head source="NYT_ENG_20130428.0057" offset="2487" length="9">thousands</nom_head>
      </entity_mention>
    </entity>
    <entity id="ent-1587" type="LOC" specificity="specificGroup">
      <entity_mention id="m-1488" noun_type="NOM" source="NYT_ENG_20130428.0057" offset="1272" length="15">
        <mention_text>pancaked spaces</mention_text>
        <nom_head source="NYT_ENG_20130428.0057" offset="1281" length="6">spaces</nom_head>
      </entity_mention>
    </entity>
  </entities>
  <fillers>
    <filler id="f-773" source="NYT_ENG_20130428.0057" offset="1633" length="2" type="age">35</filler>
    <filler id="f-783" source="NYT_ENG_20130428.0057" offset="1639" length="11" type="title">firefighter</filler>
    <filler id="f-793" source="NYT_ENG_20130428.0057" offset="1857" length="7" type="title">leaders</filler>
    <filler id="f-1076" source="NYT_ENG_20130428.0057" offset="1186" length="8" type="commodity">clothing</filler>
    <filler id="f-1652" source="NYT_ENG_20130428.0057" offset="1964" length="27" type="time" nom_time="2013-04-xx">the day before the disaster</filler>
  </fillers>
  <relations>
    <relation id="r-1767" type="physical" subtype="locatednear">
      <relation_mention id="relm-675" realis="true">
        <rel_arg1 entity_id="ent-30" entity_mention_id="m-24" role="entity">SAVAR</rel_arg1>
        <rel_arg2 entity_id="ent-8" entity_mention_id="m-33" role="loc">Bangladesh</rel_arg2>
      </relation_mention>
    </relation>
    <relation id="r-1768" type="physical" subtype="locatednear">
      <relation_mention id="relm-695" realis="true">
        <rel_arg1 entity_id="ent-81" entity_mention_id="m-75" role="entity">Thousands of people</rel_arg1>
        <rel_arg2 entity_id="ent-1485" entity_mention_id="m-93" role="loc">the site</rel_arg2>
        <trigger source="NYT_ENG_20130428.0057" offset="395" length="10">surrounded</trigger>
      </relation_mention>
    </relation>
    <relation id="r-1769" type="orgaffiliation" subtype="employmentmembership">
      <relation_mention id="relm-705" realis="true">
        <rel_arg1 entity_id="ent-114" entity_mention_id="m-108" role="employeemember">Bangladeshi paramilitary officers</rel_arg1>
        <rel_arg2 entity_id="ent-8" entity_mention_id="m-117" role="org">Bangladeshi</rel_arg2>
      </relation_mention>
    </relation>
    <relation id="r-1770" type="physical" subtype="locatednear">
      <relation_mention id="relm-715" realis="true">
        <rel_arg1 entity_id="ent-129" entity_mention_id="m-132" role="entity">the building’s owner, who was hiding near the Indian border</rel_arg1>
        <rel_arg2 entity_id="ent-150" entity_mention_id="m-144" role="loc">the Indian border</rel_arg2>
        <trigger source="NYT_ENG_20130428.0057" offset="678" length="4">near</trigger>
      </relation_mention>
    </relation>
    <relation id="r-1771" type="physical" subtype="locatednear">
      <relation_mention id="relm-725" realis="true">
        <rel_arg1 entity_id="ent-150" entity_mention_id="m-144" role="entity">the Indian border</rel_arg1>
        <rel_arg2 entity_id="ent-159" entity_mention_id="m-153" role="loc">Indian</rel_arg2>
      </relation_mention>
    </relation>
    <relation id="r-1772" type="physical" subtype="locatednear">
      <relation_mention id="relm-735" realis="true">
        <rel_arg1 entity_id="ent-129" entity_mention_id="m-162" role="entity">him</rel_arg1>
        <rel_arg2 entity_id="ent-174" entity_mention_id="m-168" role="loc">Dhaka</rel_arg2>
        <trigger source="NYT_ENG_20130428.0057" offset="719" length="2">to</trigger>
      </relation_mention>
    </relation>
    <relation id="r-1773" type="physical" subtype="locatednear">
      <relation_mention id="relm-745" realis="true">
        <rel_arg1 entity_id="ent-45" entity_mention_id="m-228" role="entity">Rana Plaza</rel_arg1>
        <rel_arg2 entity_id="ent-240" entity_mention_id="m-234" role="loc">five garment factories</rel_arg2>
        <trigger source="NYT_ENG_20130428.0057" offset="1101" length="9">contained</trigger>
      </relation_mention>
    </relation>
    <relation id="r-1774" type="generalaffiliation" subtype="personage">
      <relation_mention id="relm-765" realis="true">
        <rel_arg1 entity_id="ent-342" entity_mention_id="m-336" role="per">Sharif ul-Islam</rel_arg1>
        <rel_arg2 filler_id="f-773" role="age">35</rel_arg2>
      </relation_mention>
    </relation>
    <relation id="r-1775" type="personalsocial" subtype="role">
      <relation_mention id="relm-775" realis="true">
        <rel_arg1 entity_id="ent-342" entity_mention_id="m-345" role="per">a firefighter</rel_arg1>
        <rel_arg2 filler_id="f-783" role="role">firefighter</rel_arg2>
      </relation_mention>
    </relation>
    <relation id="r-1776" type="personalsocial" subtype="role">
      <relation_mention id="relm-785" realis="true">
        <rel_arg1 entity_id="ent-408" entity_mention_id="m-402" role="per">Garment industry leaders</rel_arg1>
        <rel_arg2 filler_id="f-793" role="role">leaders</rel_arg2>
      </relation_mention>
    </relation>
    <relation id="r-1777" type="physical" subtype="orglocationorigin">
      <relation_mention id="relm-815" realis="true">
        <rel_arg1 entity_id="ent-507" entity_mention_id="m-510" role="org">an online news source in Bangladesh</rel_arg1>
        <rel_arg2 entity_id="ent-8" entity_mention_id="m-516" role="loc">Bangladesh</rel_arg2>
        <trigger source="NYT_ENG_20130428.0057" offset="2303" length="2">in</trigger>
      </relation_mention>
    </relation>
    <relation id="r-1778" type="physical" subtype="locatednear">
      <relation_mention id="relm-825" realis="true">
        <rel_arg1 entity_id="ent-570" entity_mention_id="m-564" role="entity">A woman</rel_arg1>
        <rel_arg2 entity_id="ent-45" entity_mention_id="m-573" role="loc">the building</rel_arg2>
        <trigger source="NYT_ENG_20130428.0057" offset="2556" length="4">from</trigger>
      </relation_mention>
    </relation>
    <relation id="r-1779" type="physical" subtype="locatednear">
      <relation_mention id="relm-835" realis="false">
        <rel_arg1 entity_id="ent-570" entity_mention_id="m-588" role="entity">her</rel_arg1>
        <rel_arg2 entity_id="ent-600" entity_mention_id="m-594" role="loc">somewhere safer and farther away</rel_arg2>
        <trigger source="NYT_ENG_20130428.0057" offset="2620" length="4">move</trigger>
      </relation_mention>
    </relation>
    <relation id="r-1780" type="personalsocial" subtype="family">
      <relation_mention id="relm-845" realis="true">
        <rel_arg1 entity_id="ent-570" entity_mention_id="m-609" role="per">She</rel_arg1>
        <rel_arg2 entity_id="ent-627" entity_mention_id="m-621" role="per">two sons somewhere inside the building</rel_arg2>
        <trigger source="NYT_ENG_20130428.0057" offset="2683" length="4">sons</trigger>
      </relation_mention>
    </relation>
    <relation id="r-1781" type="physical" subtype="locatednear">
      <relation_mention id="relm-855" realis="true">
        <rel_arg1 entity_id="ent-627" entity_mention_id="m-621" role="entity">two sons somewhere inside the building</rel_arg1>
        <rel_arg2 entity_id="ent-636" entity_mention_id="m-630" role="loc">somewhere inside the building</rel_arg2>
        <trigger source="NYT_ENG_20130428.0057" offset="2688" length="9">somewhere</trigger>
      </relation_mention>
    </relation>
    <relation id="r-1782" type="physical" subtype="locatednear">
      <relation_mention id="relm-865" realis="true">
        <rel_arg1 entity_id="ent-636" entity_mention_id="m-630" role="entity">somewhere inside the building</rel_arg1>
        <rel_arg2 entity_id="ent-45" entity_mention_id="m-639" role="loc">the building</rel_arg2>
        <trigger source="NYT_ENG_20130428.0057" offset="2698" length="6">inside</trigger>
      </relation_mention>
    </relation>
    <relation id="r-1783" type="partwhole" subtype="subsidiary">
      <relation_mention id="relm-1518" realis="true">
        <rel_arg1 entity_id="ent-1482" entity_mention_id="m-1476" role="suborg">Bangladeshi paramilitary</rel_arg1>
        <rel_arg2 entity_id="ent-8" entity_mention_id="m-117" role="parent">Bangladeshi</rel_arg2>
        <trigger source="NYT_ENG_20130428.0057" offset="569" length="11">Bangladeshi</trigger>
      </relation_mention>
    </relation>
  </relations>
  <hoppers>
    <hopper id="h-16">
      <event_mention id="em-896" type="justice" subtype="arrestjail" realis="actual">
        <trigger source="NYT_ENG_20130428.0057" offset="620" length="8">arrested</trigger>
        <em_arg entity_id="ent-114" entity_mention_id="m-108" role="agent" realis="true">Bangladeshi paramilitary officers</em_arg>
        <em_arg entity_id="ent-129" entity_mention_id="m-123" role="person" realis="true">Sohel Rana</em_arg>
        <em_arg entity_id="ent-8" entity_mention_id="m-117" role="place" realis="true">Bangladeshi</em_arg>
      </event_mention>
      <event_mention id="em-984" type="justice" subtype="arrestjail" realis="actual">
        <trigger source="NYT_ENG_20130428.0057" offset="780" length="7">capture</trigger>
        <em_arg entity_id="ent-129" entity_mention_id="m-183" role="person" realis="true">his</em_arg>
      </event_mention>
      <event_mention id="em-1245" type="justice" subtype="arrestjail" realis="actual">
        <trigger source="NYT_ENG_20130428.0057" offset="2094" length="6">arrest</trigger>
        <em_arg entity_id="ent-129" entity_mention_id="m-459" role="person" realis="true">his</em_arg>
      </event_mention>
    </hopper>
    <hopper id="h-959">
      <event_mention id="em-924" type="movement" subtype="transportperson" realis="actual">
        <trigger source="NYT_ENG_20130428.0057" offset="706" length="8">returned</trigger>
        <em_arg entity_id="ent-114" entity_mention_id="m-108" role="agent" realis="true">Bangladeshi paramilitary officers</em_arg>
        <em_arg entity_id="ent-129" entity_mention_id="m-162" role="person" realis="true">him</em_arg>
        <em_arg entity_id="ent-174" entity_mention_id="m-168" role="destination" realis="true">Dhaka</em_arg>
        <em_arg entity_id="ent-150" entity_mention_id="m-144" role="origin" realis="true">the Indian border</em_arg>
      </event_mention>
    </hopper>
    <hopper id="h-982">
      <event_mention id="em-961" type="contact" subtype="broadcast" realis="actual" audience="oneway" formality="canttell" medium="canttell" schedule="canttell">
        <trigger source="NYT_ENG_20130428.0057" offset="766" length="9">announced</trigger>
        <em_arg entity_id="ent-1485" entity_mention_id="m-177" role="place" realis="true">the rescue site</em_arg>
      </event_mention>
    </hopper>
    <hopper id="h-1049">
      <event_mention id="em-1028" type="life" subtype="die" realis="actual">
        <trigger source="NYT_ENG_20130428.0057" offset="978" length="7">claimed</trigger>
        <em_arg entity_id="ent-216" entity_mention_id="m-210" role="victim" realis="true">at least 377 lives</em_arg>
        <em_arg entity_id="ent-45" entity_mention_id="m-195" role="place" realis="true">Rana Plaza</em_arg>
      </event_mention>
    </hopper>
    <hopper id="h-1079">
      <event_mention id="em-1051" type="manufacture" subtype="artifact" realis="generic">
        <trigger source="NYT_ENG_20130428.0057" offset="1179" length="6">making</trigger>
        <em_arg entity_id="ent-249" entity_mention_id="m-243" role="agent" realis="true">more than 3,000 workers, who were making clothing for European and U.S. consumers</em_arg>
        <em_arg filler_id="f-1076" role="artifact" realis="true">clothing</em_arg>
        <em_arg entity_id="ent-240" entity_mention_id="m-234" role="place" realis="true">five garment factories</em_arg>
      </event_mention>
    </hopper>
    <hopper id="h-1102">
      <event_mention id="em-1081" type="movement" subtype="transportperson" realis="generic">
        <trigger source="NYT_ENG_20130428.0057" offset="1256" length="7">crawled</trigger>
        <em_arg entity_id="ent-63" entity_mention_id="m-279" role="agent" realis="true">rescuers</em_arg>
        <em_arg entity_id="ent-1587" entity_mention_id="m-1488" role="destination" realis="true">pancaked spaces</em_arg>
      </event_mention>
    </hopper>
    <hopper id="h-1125">
      <event_mention id="em-1104" type="movement" subtype="transportperson" realis="generic">
        <trigger source="NYT_ENG_20130428.0057" offset="1385" length="7">Lowered</trigger>
        <em_arg entity_id="ent-63" entity_mention_id="m-303" role="person" realis="true">they</em_arg>
        <em_arg entity_id="ent-1494" entity_mention_id="m-1497" role="destination" realis="true">holes</em_arg>
      </event_mention>
    </hopper>
    <hopper id="h-1148">
      <event_mention id="em-1127" type="contact" subtype="broadcast" realis="actual" audience="oneway" formality="informal" medium="inperson" schedule="spontaneous">
        <trigger source="NYT_ENG_20130428.0057" offset="1423" length="6">called</trigger>
        <em_arg entity_id="ent-63" entity_mention_id="m-303" role="entity" realis="true">they</em_arg>
        <em_arg entity_id="ent-72" entity_mention_id="m-309" role="audience" realis="false">survivors</em_arg>
      </event_mention>
      <event_mention id="em-1597" type="contact" subtype="broadcast" realis="actual" audience="oneway" formality="informal" medium="inperson" schedule="spontaneous">
        <trigger source="NYT_ENG_20130428.0057" offset="1582" length="6">asking</trigger>
        <em_arg entity_id="ent-63" entity_mention_id="m-324" role="entity" realis="true">We</em_arg>
        <em_arg entity_id="ent-315" entity_mention_id="m-330" role="audience" realis="false">anyone</em_arg>
      </event_mention>
    </hopper>
    <hopper id="h-1192">
      <event_mention id="em-1171" type="contact" subtype="contact" realis="actual" audience="canttell" formality="canttell" medium="canttell" schedule="canttell">
        <trigger source="NYT_ENG_20130428.0057" offset="1611" length="4">said</trigger>
        <em_arg entity_id="ent-342" entity_mention_id="m-336" role="entity" realis="true">Sharif ul-Islam</em_arg>
      </event_mention>
    </hopper>
    <hopper id="h-1243">
      <event_mention id="em-1215" type="contact" subtype="contact" realis="other" audience="canttell" formality="canttell" medium="canttell" schedule="canttell">
        <trigger source="NYT_ENG_20130428.0057" offset="2012" length="8">assuring</trigger>
        <em_arg entity_id="ent-129" entity_mention_id="m-429" role="entity" realis="true">Rana</em_arg>
        <em_arg entity_id="ent-441" entity_mention_id="m-435" role="entity" realis="true">factory bosses</em_arg>
        <em_arg filler_id="f-1652" role="time" realis="true">the day before the disaster</em_arg>
      </event_mention>
    </hopper>
    <hopper id="h-1287">
      <event_mention id="em-1266" type="contact" subtype="broadcast" realis="actual" audience="oneway" formality="formal" medium="notinperson" schedule="canttell">
        <trigger source="NYT_ENG_20130428.0057" offset="2248" length="4">said</trigger>
        <em_arg entity_id="ent-129" entity_mention_id="m-495" role="entity" realis="true">he</em_arg>
        <em_arg entity_id="ent-507" entity_mention_id="m-501" role="entity" realis="true">bdnews24.com</em_arg>
        <em_arg entity_id="ent-8" entity_mention_id="m-516" role="place" realis="true">Bangladesh</em_arg>
      </event_mention>
    </hopper>
    <hopper id="h-1310">
      <event_mention id="em-1289" type="contact" subtype="contact" realis="actual" audience="twoway" formality="canttell" medium="canttell" schedule="canttell">
        <trigger source="NYT_ENG_20130428.0057" offset="2346" length="6">saying</trigger>
        <em_arg entity_id="ent-450" entity_mention_id="m-528" role="entity" realis="true">who</em_arg>
        <em_arg entity_id="ent-129" entity_mention_id="m-534" role="entity" realis="true">me</em_arg>
      </event_mention>
    </hopper>
    <hopper id="h-1363">
      <event_mention id="em-1335" type="contact" subtype="meet" realis="actual" audience="twoway" formality="informal" medium="inperson" schedule="spontaneous">
        <trigger source="NYT_ENG_20130428.0057" offset="2607" length="5">asked</trigger>
        <em_arg entity_id="ent-585" entity_mention_id="m-579" role="entity" realis="true">a soldier</em_arg>
        <em_arg entity_id="ent-570" entity_mention_id="m-588" role="entity" realis="true">her</em_arg>
      </event_mention>
    </hopper>
    <hopper id="h-1393">
      <event_mention id="em-1365" type="movement" subtype="transportperson" realis="other">
        <trigger source="NYT_ENG_20130428.0057" offset="2620" length="4">move</trigger>
        <em_arg entity_id="ent-570" entity_mention_id="m-588" role="agent" realis="true">her</em_arg>
        <em_arg entity_id="ent-600" entity_mention_id="m-594" role="destination" realis="true">somewhere safer and farther away</em_arg>
      </event_mention>
      <event_mention id="em-1455" type="movement" subtype="transportperson" realis="other">
        <trigger source="NYT_ENG_20130428.0057" offset="2802" length="2">go</trigger>
        <em_arg entity_id="ent-570" entity_mention_id="m-669" role="agent" realis="true">me</em_arg>
      </event_mention>
    </hopper>
    <hopper id="h-1423">
      <event_mention id="em-1395" type="conflict" subtype="attack" realis="other">
        <trigger source="NYT_ENG_20130428.0057" offset="2755" length="6">killed</trigger>
        <em_arg entity_id="ent-585" entity_mention_id="m-645" role="attacker" realis="true">you</em_arg>
        <em_arg entity_id="ent-570" entity_mention_id="m-651" role="target" realis="true">me</em_arg>
      </event_mention>
    </hopper>
    <hopper id="h-1453">
      <event_mention id="em-1425" type="life" subtype="die" realis="other">
        <trigger source="NYT_ENG_20130428.0057" offset="2755" length="6">killed</trigger>
        <em_arg entity_id="ent-585" entity_mention_id="m-645" role="agent" realis="true">you</em_arg>
        <em_arg entity_id="ent-570" entity_mention_id="m-651" role="victim" realis="true">me</em_arg>
      </event_mention>
    </hopper>
    <hopper id="h-1646">
      <event_mention id="em-1625" type="movement" subtype="transportperson" realis="other">
        <trigger source="NYT_ENG_20130428.0057" offset="1717" length="4">come</trigger>
        <em_arg entity_id="ent-63" entity_mention_id="m-363" role="agent" realis="true">We</em_arg>
      </event_mention>
    </hopper>
  </hoppers>
</deft_ere>
