<?xml version="1.0" encoding="UTF-8"?>
<deft_ere kit_id="5733b8b10000000000000047" doc_id="NYT_ENG_20130624.0157" source_type="newswire">
  <entities>
    <entity id="ent-8" type="ORG" specificity="specificIndividual">
      <entity_mention id="m-18" noun_type="NAM" source="NYT_ENG_20130624.0157" offset="172" length="9">
        <mention_text>WIKILEAKS</mention_text>
      </entity_mention>
      <entity_mention id="m-24" noun_type="NOM" source="NYT_ENG_20130624.0157" offset="190" length="24">
        <mention_text>LEAKER'S COMRADE IN ARMS</mention_text>
        <nom_head source="NYT_ENG_20130624.0157" offset="199" length="15">COMRADE IN ARMS</nom_head>
      </entity_mention>
      <entity_mention id="m-48" noun_type="NAM" source="NYT_ENG_20130624.0157" offset="372" length="9">
        <mention_text>WikiLeaks</mention_text>
      </entity_mention>
      <entity_mention id="m-75" noun_type="PRO" source="NYT_ENG_20130624.0157" offset="573" length="2">
        <mention_text>it</mention_text>
      </entity_mention>
      <entity_mention id="m-159" noun_type="NAM" source="NYT_ENG_20130624.0157" offset="875" length="9">
        <mention_text>WikiLeaks</mention_text>
      </entity_mention>
      <entity_mention id="m-180" noun_type="NOM" source="NYT_ENG_20130624.0157" offset="911" length="9">
        <mention_text>The group</mention_text>
        <nom_head source="NYT_ENG_20130624.0157" offset="915" length="5">group</nom_head>
      </entity_mention>
      <entity_mention id="m-261" noun_type="NAM" source="NYT_ENG_20130624.0157" offset="1150" length="9">
        <mention_text>WikiLeaks</mention_text>
      </entity_mention>
      <entity_mention id="m-318" noun_type="PRO" source="NYT_ENG_20130624.0157" offset="1309" length="3">
        <mention_text>our</mention_text>
      </entity_mention>
      <entity_mention id="m-336" noun_type="PRO" source="NYT_ENG_20130624.0157" offset="1408" length="2">
        <mention_text>We</mention_text>
      </entity_mention>
      <entity_mention id="m-342" noun_type="NOM" source="NYT_ENG_20130624.0157" offset="1504" length="16">
        <mention_text>the organization</mention_text>
        <nom_head source="NYT_ENG_20130624.0157" offset="1508" length="12">organization</nom_head>
      </entity_mention>
      <entity_mention id="m-348" noun_type="PRO" source="NYT_ENG_20130624.0157" offset="1525" length="3">
        <mention_text>its</mention_text>
      </entity_mention>
      <entity_mention id="m-360" noun_type="NOM" source="NYT_ENG_20130624.0157" offset="1581" length="9">
        <mention_text>the group</mention_text>
        <nom_head source="NYT_ENG_20130624.0157" offset="1585" length="5">group</nom_head>
      </entity_mention>
      <entity_mention id="m-405" noun_type="NOM" source="NYT_ENG_20130624.0157" offset="1770" length="9">
        <mention_text>The group</mention_text>
        <nom_head source="NYT_ENG_20130624.0157" offset="1774" length="5">group</nom_head>
      </entity_mention>
      <entity_mention id="m-426" noun_type="PRO" source="NYT_ENG_20130624.0157" offset="1824" length="3">
        <mention_text>its</mention_text>
      </entity_mention>
      <entity_mention id="m-441" noun_type="PRO" source="NYT_ENG_20130624.0157" offset="1923" length="2">
        <mention_text>it</mention_text>
      </entity_mention>
      <entity_mention id="m-447" noun_type="NOM" source="NYT_ENG_20130624.0157" offset="1934" length="47">
        <mention_text>a force to be reckoned with on the global stage</mention_text>
        <nom_head source="NYT_ENG_20130624.0157" offset="1936" length="5">force</nom_head>
      </entity_mention>
      <entity_mention id="m-483" noun_type="NAM" source="NYT_ENG_20130624.0157" offset="2180" length="9">
        <mention_text>WikiLeaks</mention_text>
      </entity_mention>
      <entity_mention id="m-513" noun_type="NAM" source="NYT_ENG_20130624.0157" offset="2319" length="9">
        <mention_text>WikiLeaks</mention_text>
      </entity_mention>
      <entity_mention id="m-525" noun_type="PRO" source="NYT_ENG_20130624.0157" offset="2369" length="2">
        <mention_text>it</mention_text>
      </entity_mention>
      <entity_mention id="m-531" noun_type="NOM" source="NYT_ENG_20130624.0157" offset="2373" length="55">
        <mention_text>an adolescent phenomenon of rebellion against authority</mention_text>
        <nom_head source="NYT_ENG_20130624.0157" offset="2387" length="10">phenomenon</nom_head>
      </entity_mention>
      <entity_mention id="m-561" noun_type="NAM" source="NYT_ENG_20130624.0157" offset="2514" length="9">
        <mention_text>WikiLeaks</mention_text>
      </entity_mention>
      <entity_mention id="m-567" noun_type="NOM" source="NYT_ENG_20130624.0157" offset="2530" length="9">
        <mention_text>the group</mention_text>
        <nom_head source="NYT_ENG_20130624.0157" offset="2534" length="5">group</nom_head>
      </entity_mention>
      <entity_mention id="m-573" noun_type="NOM" source="NYT_ENG_20130624.0157" offset="2549" length="27">
        <mention_text>an innovative media venture</mention_text>
        <nom_head source="NYT_ENG_20130624.0157" offset="2569" length="7">venture</nom_head>
      </entity_mention>
      <entity_mention id="m-594" noun_type="PRO" source="NYT_ENG_20130624.0157" offset="2632" length="2">
        <mention_text>it</mention_text>
      </entity_mention>
      <entity_mention id="m-600" noun_type="NOM" source="NYT_ENG_20130624.0157" offset="2635" length="27">
        <mention_text>more of an activist venture</mention_text>
        <nom_head source="NYT_ENG_20130624.0157" offset="2655" length="7">venture</nom_head>
      </entity_mention>
    </entity>
    <entity id="ent-36" type="PER" specificity="specificIndividual">
      <entity_mention id="m-30" noun_type="NOM" source="NYT_ENG_20130624.0157" offset="190" length="6">
        <mention_text>LEAKER</mention_text>
        <nom_head source="NYT_ENG_20130624.0157" offset="190" length="6">LEAKER</nom_head>
      </entity_mention>
      <entity_mention id="m-54" noun_type="NAM" source="NYT_ENG_20130624.0157" offset="441" length="17">
        <mention_text>Edward J. Snowden</mention_text>
      </entity_mention>
      <entity_mention id="m-60" noun_type="PRO" source="NYT_ENG_20130624.0157" offset="462" length="3">
        <mention_text>his</mention_text>
      </entity_mention>
      <entity_mention id="m-99" noun_type="NAM" source="NYT_ENG_20130624.0157" offset="677" length="7">
        <mention_text>Snowden</mention_text>
      </entity_mention>
      <entity_mention id="m-114" noun_type="PRO" source="NYT_ENG_20130624.0157" offset="723" length="3">
        <mention_text>him</mention_text>
      </entity_mention>
      <entity_mention id="m-240" noun_type="NAM" source="NYT_ENG_20130624.0157" offset="1081" length="7">
        <mention_text>Snowden</mention_text>
      </entity_mention>
      <entity_mention id="m-291" noun_type="PRO" source="NYT_ENG_20130624.0157" offset="1231" length="3">
        <mention_text>him</mention_text>
      </entity_mention>
      <entity_mention id="m-312" noun_type="NAM" source="NYT_ENG_20130624.0157" offset="1291" length="7">
        <mention_text>Snowden</mention_text>
      </entity_mention>
      <entity_mention id="m-375" noun_type="NAM" source="NYT_ENG_20130624.0157" offset="1654" length="7">
        <mention_text>Snowden</mention_text>
      </entity_mention>
      <entity_mention id="m-387" noun_type="PRO" source="NYT_ENG_20130624.0157" offset="1686" length="3">
        <mention_text>his</mention_text>
      </entity_mention>
      <entity_mention id="m-399" noun_type="PRO" source="NYT_ENG_20130624.0157" offset="1735" length="3">
        <mention_text>his</mention_text>
      </entity_mention>
      <entity_mention id="m-411" noun_type="NAM" source="NYT_ENG_20130624.0157" offset="1797" length="7">
        <mention_text>Snowden</mention_text>
      </entity_mention>
      <entity_mention id="m-489" noun_type="NAM" source="NYT_ENG_20130624.0157" offset="2199" length="7">
        <mention_text>Snowden</mention_text>
      </entity_mention>
    </entity>
    <entity id="ent-45" type="GPE" specificity="specificIndividual">
      <entity_mention id="m-39" noun_type="NAM" source="NYT_ENG_20130624.0157" offset="345" length="8">
        <mention_text>New York</mention_text>
      </entity_mention>
    </entity>
    <entity id="ent-72" type="GPE" specificity="specificIndividual">
      <entity_mention id="m-66" noun_type="NAM" source="NYT_ENG_20130624.0157" offset="485" length="9">
        <mention_text>Hong Kong</mention_text>
      </entity_mention>
      <entity_mention id="m-120" noun_type="NAM" source="NYT_ENG_20130624.0157" offset="739" length="9">
        <mention_text>Hong Kong</mention_text>
      </entity_mention>
      <entity_mention id="m-381" noun_type="NAM" source="NYT_ENG_20130624.0157" offset="1665" length="9">
        <mention_text>Hong Kong</mention_text>
      </entity_mention>
    </entity>
    <entity id="ent-87" type="GPE" specificity="specificIndividual">
      <entity_mention id="m-81" noun_type="NAM" source="NYT_ENG_20130624.0157" offset="618" length="13">
        <mention_text>United States</mention_text>
      </entity_mention>
      <entity_mention id="m-306" noun_type="NAM" source="NYT_ENG_20130624.0157" offset="1260" length="8">
        <mention_text>American</mention_text>
      </entity_mention>
      <entity_mention id="m-393" noun_type="NAM" source="NYT_ENG_20130624.0157" offset="1690" length="4">
        <mention_text>U.S.</mention_text>
      </entity_mention>
      <entity_mention id="m-477" noun_type="NAM" source="NYT_ENG_20130624.0157" offset="2151" length="8">
        <mention_text>American</mention_text>
      </entity_mention>
    </entity>
    <entity id="ent-96" type="ORG" specificity="specificGroup">
      <entity_mention id="m-90" noun_type="NOM" source="NYT_ENG_20130624.0157" offset="636" length="17">
        <mention_text>other governments</mention_text>
        <nom_head source="NYT_ENG_20130624.0157" offset="642" length="11">governments</nom_head>
      </entity_mention>
    </entity>
    <entity id="ent-111" type="ORG" specificity="specificIndividual">
      <entity_mention id="m-105" noun_type="NAM" source="NYT_ENG_20130624.0157" offset="692" length="8">
        <mention_text>Aeroflot</mention_text>
      </entity_mention>
    </entity>
    <entity id="ent-132" type="GPE" specificity="specificIndividual">
      <entity_mention id="m-126" noun_type="NAM" source="NYT_ENG_20130624.0157" offset="752" length="6">
        <mention_text>Moscow</mention_text>
      </entity_mention>
    </entity>
    <entity id="ent-147" type="PER" specificity="specificIndividual">
      <entity_mention id="m-141" noun_type="NOM" source="NYT_ENG_20130624.0157" offset="865" length="28">
        <mention_text>a British WikiLeaks activist</mention_text>
        <nom_head source="NYT_ENG_20130624.0157" offset="885" length="8">activist</nom_head>
      </entity_mention>
      <entity_mention id="m-165" noun_type="NAM" source="NYT_ENG_20130624.0157" offset="895" length="14">
        <mention_text>Sarah Harrison</mention_text>
      </entity_mention>
    </entity>
    <entity id="ent-156" type="GPE" specificity="specificIndividual">
      <entity_mention id="m-150" noun_type="NAM" source="NYT_ENG_20130624.0157" offset="867" length="7">
        <mention_text>British</mention_text>
      </entity_mention>
    </entity>
    <entity id="ent-177" type="PER" specificity="specificIndividual">
      <entity_mention id="m-171" noun_type="NOM" source="NYT_ENG_20130624.0157" offset="911" length="19">
        <mention_text>The group’s founder</mention_text>
        <nom_head source="NYT_ENG_20130624.0157" offset="923" length="7">founder</nom_head>
      </entity_mention>
      <entity_mention id="m-186" noun_type="NAM" source="NYT_ENG_20130624.0157" offset="932" length="14">
        <mention_text>Julian Assange</mention_text>
      </entity_mention>
      <entity_mention id="m-192" noun_type="PRO" source="NYT_ENG_20130624.0157" offset="948" length="3">
        <mention_text>who</mention_text>
      </entity_mention>
      <entity_mention id="m-324" noun_type="NAM" source="NYT_ENG_20130624.0157" offset="1340" length="7">
        <mention_text>Assange</mention_text>
      </entity_mention>
      <entity_mention id="m-354" noun_type="NAM" source="NYT_ENG_20130624.0157" offset="1562" length="7">
        <mention_text>Assange</mention_text>
      </entity_mention>
      <entity_mention id="m-606" noun_type="NAM" source="NYT_ENG_20130624.0157" offset="2700" length="7">
        <mention_text>Assange</mention_text>
      </entity_mention>
      <entity_mention id="m-612" noun_type="NOM" source="NYT_ENG_20130624.0157" offset="2711" length="20">
        <mention_text>an unpleasant weirdo</mention_text>
        <nom_head source="NYT_ENG_20130624.0157" offset="2725" length="6">weirdo</nom_head>
      </entity_mention>
    </entity>
    <entity id="ent-204" type="FAC" specificity="specificIndividual">
      <entity_mention id="m-198" noun_type="NOM" source="NYT_ENG_20130624.0157" offset="995" length="27">
        <mention_text>Ecuador’s embassy in London</mention_text>
        <nom_head source="NYT_ENG_20130624.0157" offset="1005" length="7">embassy</nom_head>
      </entity_mention>
    </entity>
    <entity id="ent-213" type="GPE" specificity="specificIndividual">
      <entity_mention id="m-207" noun_type="NAM" source="NYT_ENG_20130624.0157" offset="995" length="7">
        <mention_text>Ecuador</mention_text>
      </entity_mention>
      <entity_mention id="m-234" noun_type="NAM" source="NYT_ENG_20130624.0157" offset="1043" length="7">
        <mention_text>Ecuador</mention_text>
      </entity_mention>
    </entity>
    <entity id="ent-222" type="GPE" specificity="specificIndividual">
      <entity_mention id="m-216" noun_type="NAM" source="NYT_ENG_20130624.0157" offset="1016" length="6">
        <mention_text>London</mention_text>
      </entity_mention>
      <entity_mention id="m-330" noun_type="NAM" source="NYT_ENG_20130624.0157" offset="1383" length="6">
        <mention_text>London</mention_text>
      </entity_mention>
    </entity>
    <entity id="ent-231" type="PER" specificity="specificIndividual">
      <entity_mention id="m-225" noun_type="NOM" source="NYT_ENG_20130624.0157" offset="1043" length="26">
        <mention_text>Ecuador’s foreign minister</mention_text>
        <nom_head source="NYT_ENG_20130624.0157" offset="1061" length="8">minister</nom_head>
      </entity_mention>
    </entity>
    <entity id="ent-252" type="PER" specificity="specificIndividual">
      <entity_mention id="m-246" noun_type="NAM" source="NYT_ENG_20130624.0157" offset="1111" length="15">
        <mention_text>Baltasar Gárzon</mention_text>
      </entity_mention>
      <entity_mention id="m-255" noun_type="NOM" source="NYT_ENG_20130624.0157" offset="1128" length="31">
        <mention_text>the legal director of WikiLeaks</mention_text>
        <nom_head source="NYT_ENG_20130624.0157" offset="1138" length="8">director</nom_head>
      </entity_mention>
      <entity_mention id="m-267" noun_type="NOM" source="NYT_ENG_20130624.0157" offset="1164" length="22">
        <mention_text>a former Spanish judge</mention_text>
        <nom_head source="NYT_ENG_20130624.0157" offset="1181" length="5">judge</nom_head>
      </entity_mention>
    </entity>
    <entity id="ent-279" type="GPE" specificity="specificIndividual">
      <entity_mention id="m-273" noun_type="NAM" source="NYT_ENG_20130624.0157" offset="1173" length="7">
        <mention_text>Spanish</mention_text>
      </entity_mention>
    </entity>
    <entity id="ent-288" type="PER" specificity="specificGroup">
      <entity_mention id="m-282" noun_type="NOM" source="NYT_ENG_20130624.0157" offset="1199" length="76">
        <mention_text>a volunteer legal team advising him on how to stay out of an American prison</mention_text>
        <nom_head source="NYT_ENG_20130624.0157" offset="1217" length="4">team</nom_head>
      </entity_mention>
    </entity>
    <entity id="ent-303" type="FAC" specificity="nonspecific">
      <entity_mention id="m-297" noun_type="NOM" source="NYT_ENG_20130624.0157" offset="1257" length="18">
        <mention_text>an American prison</mention_text>
        <nom_head source="NYT_ENG_20130624.0157" offset="1269" length="6">prison</nom_head>
      </entity_mention>
    </entity>
    <entity id="ent-372" type="PER" specificity="nonspecific">
      <entity_mention id="m-366" noun_type="NOM" source="NYT_ENG_20130624.0157" offset="1627" length="7">
        <mention_text>refugee</mention_text>
        <nom_head source="NYT_ENG_20130624.0157" offset="1627" length="7">refugee</nom_head>
      </entity_mention>
    </entity>
    <entity id="ent-423" type="PER" specificity="specificGroup">
      <entity_mention id="m-417" noun_type="NOM" source="NYT_ENG_20130624.0157" offset="1824" length="20">
        <mention_text>its shoestring staff</mention_text>
        <nom_head source="NYT_ENG_20130624.0157" offset="1839" length="5">staff</nom_head>
      </entity_mention>
    </entity>
    <entity id="ent-438" type="ORG" specificity="specificGroup">
      <entity_mention id="m-432" noun_type="NOM" source="NYT_ENG_20130624.0157" offset="1884" length="21">
        <mention_text>major financial firms</mention_text>
        <nom_head source="NYT_ENG_20130624.0157" offset="1900" length="5">firms</nom_head>
      </entity_mention>
    </entity>
    <entity id="ent-459" type="PER" specificity="specificIndividual">
      <entity_mention id="m-453" noun_type="NAM" source="NYT_ENG_20130624.0157" offset="2066" length="16">
        <mention_text>Steven Aftergood</mention_text>
      </entity_mention>
      <entity_mention id="m-462" noun_type="NOM" source="NYT_ENG_20130624.0157" offset="2084" length="86">
        <mention_text>director of the Project on Government Secrecy at the Federation of American Scientists</mention_text>
        <nom_head source="NYT_ENG_20130624.0157" offset="2084" length="8">director</nom_head>
      </entity_mention>
      <entity_mention id="m-519" noun_type="NAM" source="NYT_ENG_20130624.0157" offset="2352" length="9">
        <mention_text>Aftergood</mention_text>
      </entity_mention>
    </entity>
    <entity id="ent-474" type="ORG" specificity="specificIndividual">
      <entity_mention id="m-468" noun_type="NAM" source="NYT_ENG_20130624.0157" offset="2137" length="33">
        <mention_text>Federation of American Scientists</mention_text>
      </entity_mention>
    </entity>
    <entity id="ent-501" type="PER" specificity="specificGroup">
      <entity_mention id="m-495" noun_type="NOM" source="NYT_ENG_20130624.0157" offset="2277" length="40">
        <mention_text>advocates of greater government openness</mention_text>
        <nom_head source="NYT_ENG_20130624.0157" offset="2277" length="9">advocates</nom_head>
      </entity_mention>
    </entity>
    <entity id="ent-510" type="ORG" specificity="nonspecific">
      <entity_mention id="m-504" noun_type="NOM" source="NYT_ENG_20130624.0157" offset="2298" length="10">
        <mention_text>government</mention_text>
        <nom_head source="NYT_ENG_20130624.0157" offset="2298" length="10">government</nom_head>
      </entity_mention>
    </entity>
    <entity id="ent-543" type="PER" specificity="specificIndividual">
      <entity_mention id="m-537" noun_type="NAM" source="NYT_ENG_20130624.0157" offset="2440" length="14">
        <mention_text>Yochai Benkler</mention_text>
      </entity_mention>
      <entity_mention id="m-546" noun_type="NOM" source="NYT_ENG_20130624.0157" offset="2456" length="67">
        <mention_text>a law professor at Harvard who has written extensively on WikiLeaks</mention_text>
        <nom_head source="NYT_ENG_20130624.0157" offset="2462" length="9">professor</nom_head>
      </entity_mention>
      <entity_mention id="m-579" noun_type="PRO" source="NYT_ENG_20130624.0157" offset="2578" length="2">
        <mention_text>he</mention_text>
      </entity_mention>
      <entity_mention id="m-618" noun_type="PRO" source="NYT_ENG_20130624.0157" offset="2734" length="2">
        <mention_text>he</mention_text>
      </entity_mention>
      <entity_mention id="m-639" noun_type="NAM" source="NYT_ENG_20130624.0157" offset="2835" length="7">
        <mention_text>Benkler</mention_text>
      </entity_mention>
      <entity_mention id="m-669" noun_type="NAM" source="NYT_ENG_20130624.0157" offset="3182" length="7">
        <mention_text>Benkler</mention_text>
      </entity_mention>
    </entity>
    <entity id="ent-558" type="ORG" specificity="specificIndividual">
      <entity_mention id="m-552" noun_type="NAM" source="NYT_ENG_20130624.0157" offset="2475" length="7">
        <mention_text>Harvard</mention_text>
      </entity_mention>
    </entity>
    <entity id="ent-591" type="ORG" specificity="specificIndividual">
      <entity_mention id="m-585" noun_type="NOM" source="NYT_ENG_20130624.0157" offset="2591" length="14">
        <mention_text>the government</mention_text>
        <nom_head source="NYT_ENG_20130624.0157" offset="2595" length="10">government</nom_head>
      </entity_mention>
      <entity_mention id="m-633" noun_type="NOM" source="NYT_ENG_20130624.0157" offset="2752" length="10">
        <mention_text>Government</mention_text>
        <nom_head source="NYT_ENG_20130624.0157" offset="2752" length="10">Government</nom_head>
      </entity_mention>
      <entity_mention id="m-645" noun_type="NOM" source="NYT_ENG_20130624.0157" offset="2853" length="24">
        <mention_text>the Obama administration</mention_text>
        <nom_head source="NYT_ENG_20130624.0157" offset="2863" length="14">administration</nom_head>
      </entity_mention>
      <entity_mention id="m-1687" noun_type="NOM" source="NYT_ENG_20130624.0157" offset="2111" length="10">
        <mention_text>Government</mention_text>
        <nom_head source="NYT_ENG_20130624.0157" offset="2111" length="10">Government</nom_head>
      </entity_mention>
    </entity>
    <entity id="ent-630" type="PER" specificity="nonspecific">
      <entity_mention id="m-624" noun_type="NOM" source="NYT_ENG_20130624.0157" offset="2752" length="52">
        <mention_text>Government employees who leak classified information</mention_text>
        <nom_head source="NYT_ENG_20130624.0157" offset="2763" length="9">employees</nom_head>
      </entity_mention>
    </entity>
    <entity id="ent-657" type="PER" specificity="specificIndividual">
      <entity_mention id="m-651" noun_type="NAM" source="NYT_ENG_20130624.0157" offset="2857" length="5">
        <mention_text>Obama</mention_text>
      </entity_mention>
    </entity>
    <entity id="ent-666" type="ORG" specificity="nonspecific">
      <entity_mention id="m-660" noun_type="NAM" source="NYT_ENG_20130624.0157" offset="3133" length="13">
        <mention_text>Fourth Estate</mention_text>
      </entity_mention>
    </entity>
    <entity id="ent-1678" type="LOC" specificity="specificIndividual">
      <entity_mention id="m-1672" noun_type="NAM" source="NYT_ENG_20130624.0157" offset="838" length="9">
        <mention_text>Hollywood</mention_text>
      </entity_mention>
    </entity>
    <entity id="ent-1699" type="PER" specificity="specificGroup">
      <entity_mention id="m-1693" noun_type="NOM" source="NYT_ENG_20130624.0157" offset="2151" length="19">
        <mention_text>American Scientists</mention_text>
        <nom_head source="NYT_ENG_20130624.0157" offset="2160" length="10">Scientists</nom_head>
      </entity_mention>
    </entity>
  </entities>
  <fillers>
    <filler id="f-803" source="NYT_ENG_20130624.0157" offset="885" length="8" type="title">activist</filler>
    <filler id="f-813" source="NYT_ENG_20130624.0157" offset="1053" length="16" type="title">foreign minister</filler>
    <filler id="f-833" source="NYT_ENG_20130624.0157" offset="1132" length="14" type="title">legal director</filler>
    <filler id="f-853" source="NYT_ENG_20130624.0157" offset="1181" length="5" type="title">judge</filler>
    <filler id="f-883" source="NYT_ENG_20130624.0157" offset="1287" length="3" type="title">Mr.</filler>
    <filler id="f-933" source="NYT_ENG_20130624.0157" offset="2084" length="45" type="title">director of the Project on Government Secrecy</filler>
    <filler id="f-963" source="NYT_ENG_20130624.0157" offset="2458" length="13" type="title">law professor</filler>
    <filler id="f-1012" source="NYT_ENG_20130624.0157" offset="334" length="8" type="time" nom_time="2013-06-25">tomorrow</filler>
    <filler id="f-1756" source="NYT_ENG_20130624.0157" offset="421" length="6" type="time" nom_time="2013-06-23">Sunday</filler>
    <filler id="f-1094" source="NYT_ENG_20130624.0157" offset="688" length="70" type="vehicle">the Aeroflot airliner that carried him Sunday from Hong Kong to Moscow</filler>
    <filler id="f-1101" source="NYT_ENG_20130624.0157" offset="727" length="6" type="time" nom_time="2013-06-23">Sunday</filler>
    <filler id="f-1201" source="NYT_ENG_20130624.0157" offset="1028" length="9" type="time" nom_time="2013-06-xx">last week</filler>
    <filler id="f-1245" source="NYT_ENG_20130624.0157" offset="1393" length="12" type="time" nom_time="2013-06-23">Sunday night</filler>
    <filler id="f-1296" source="NYT_ENG_20130624.0157" offset="1617" length="33" type="commodity">a special refugee travel document</filler>
    <filler id="f-1422" source="NYT_ENG_20130624.0157" offset="1617" length="33" type="commodity">a special refugee travel document</filler>
    <filler id="f-1476" source="NYT_ENG_20130624.0157" offset="1181" length="5" type="title">judge</filler>
  </fillers>
  <relations>
    <relation id="r-1274" type="physical" subtype="locatednear">
      <relation_mention id="relm-695" realis="true">
        <rel_arg1 entity_id="ent-36" entity_mention_id="m-60" role="entity">his</rel_arg1>
        <rel_arg2 entity_id="ent-72" entity_mention_id="m-66" role="loc">Hong Kong</rel_arg2>
        <trigger source="NYT_ENG_20130624.0157" offset="480" length="4">from</trigger>
      </relation_mention>
      <relation_mention id="relm-705" realis="true">
        <rel_arg1 entity_id="ent-36" entity_mention_id="m-114" role="entity">him</rel_arg1>
        <rel_arg2 entity_id="ent-72" entity_mention_id="m-120" role="loc">Hong Kong</rel_arg2>
        <trigger source="NYT_ENG_20130624.0157" offset="734" length="4">from</trigger>
      </relation_mention>
      <relation_mention id="relm-895" realis="true">
        <rel_arg1 entity_id="ent-36" entity_mention_id="m-375" role="entity">Snowden</rel_arg1>
        <rel_arg2 entity_id="ent-72" entity_mention_id="m-381" role="loc">Hong Kong</rel_arg2>
        <trigger source="NYT_ENG_20130624.0157" offset="1662" length="2">in</trigger>
      </relation_mention>
    </relation>
    <relation id="r-1275" type="physical" subtype="locatednear">
      <relation_mention id="relm-715" realis="true">
        <rel_arg1 entity_id="ent-36" entity_mention_id="m-114" role="entity">him</rel_arg1>
        <rel_arg2 entity_id="ent-132" entity_mention_id="m-126" role="loc">Moscow</rel_arg2>
        <trigger source="NYT_ENG_20130624.0157" offset="749" length="2">to</trigger>
      </relation_mention>
    </relation>
    <relation id="r-1276" type="generalaffiliation" subtype="more">
      <relation_mention id="relm-725" realis="true">
        <rel_arg1 entity_id="ent-147" entity_mention_id="m-141" role="per">a British WikiLeaks activist</rel_arg1>
        <rel_arg2 entity_id="ent-156" entity_mention_id="m-150" role="entity">British</rel_arg2>
      </relation_mention>
    </relation>
    <relation id="r-1277" type="orgaffiliation" subtype="employmentmembership">
      <relation_mention id="relm-735" realis="true">
        <rel_arg1 entity_id="ent-147" entity_mention_id="m-141" role="employeemember">a British WikiLeaks activist</rel_arg1>
        <rel_arg2 entity_id="ent-8" entity_mention_id="m-159" role="org">WikiLeaks</rel_arg2>
      </relation_mention>
    </relation>
    <relation id="r-1278" type="orgaffiliation" subtype="founder">
      <relation_mention id="relm-745" realis="true">
        <rel_arg1 entity_id="ent-177" entity_mention_id="m-171" role="founder">The group’s founder</rel_arg1>
        <rel_arg2 entity_id="ent-8" entity_mention_id="m-180" role="org">The group</rel_arg2>
        <trigger source="NYT_ENG_20130624.0157" offset="923" length="7">founder</trigger>
      </relation_mention>
    </relation>
    <relation id="r-1279" type="physical" subtype="locatednear">
      <relation_mention id="relm-755" realis="true">
        <rel_arg1 entity_id="ent-177" entity_mention_id="m-192" role="entity">who</rel_arg1>
        <rel_arg2 entity_id="ent-204" entity_mention_id="m-198" role="loc">Ecuador’s embassy in London</rel_arg2>
        <trigger source="NYT_ENG_20130624.0157" offset="992" length="2">in</trigger>
      </relation_mention>
    </relation>
    <relation id="r-1280" type="physical" subtype="locatednear">
      <relation_mention id="relm-775" realis="true">
        <rel_arg1 entity_id="ent-204" entity_mention_id="m-198" role="entity">Ecuador’s embassy in London</rel_arg1>
        <rel_arg2 entity_id="ent-222" entity_mention_id="m-216" role="loc">London</rel_arg2>
        <trigger source="NYT_ENG_20130624.0157" offset="1013" length="2">in</trigger>
      </relation_mention>
    </relation>
    <relation id="r-1281" type="orgaffiliation" subtype="employmentmembership">
      <relation_mention id="relm-785" realis="true">
        <rel_arg1 entity_id="ent-231" entity_mention_id="m-225" role="employeemember">Ecuador’s foreign minister</rel_arg1>
        <rel_arg2 entity_id="ent-213" entity_mention_id="m-234" role="org">Ecuador</rel_arg2>
        <trigger source="NYT_ENG_20130624.0157" offset="1061" length="8">minister</trigger>
      </relation_mention>
    </relation>
    <relation id="r-1282" type="personalsocial" subtype="role">
      <relation_mention id="relm-795" realis="true">
        <rel_arg1 entity_id="ent-147" entity_mention_id="m-141" role="per">a British WikiLeaks activist</rel_arg1>
        <rel_arg2 filler_id="f-803" role="role">activist</rel_arg2>
      </relation_mention>
    </relation>
    <relation id="r-1283" type="personalsocial" subtype="role">
      <relation_mention id="relm-805" realis="true">
        <rel_arg1 entity_id="ent-231" entity_mention_id="m-225" role="per">Ecuador’s foreign minister</rel_arg1>
        <rel_arg2 filler_id="f-813" role="role">foreign minister</rel_arg2>
      </relation_mention>
    </relation>
    <relation id="r-1284" type="orgaffiliation" subtype="employmentmembership">
      <relation_mention id="relm-815" realis="true">
        <rel_arg1 entity_id="ent-252" entity_mention_id="m-255" role="employeemember">the legal director of WikiLeaks</rel_arg1>
        <rel_arg2 entity_id="ent-8" entity_mention_id="m-261" role="org">WikiLeaks</rel_arg2>
        <trigger source="NYT_ENG_20130624.0157" offset="1132" length="14">legal director</trigger>
      </relation_mention>
    </relation>
    <relation id="r-1285" type="personalsocial" subtype="role">
      <relation_mention id="relm-825" realis="true">
        <rel_arg1 entity_id="ent-252" entity_mention_id="m-255" role="per">the legal director of WikiLeaks</rel_arg1>
        <rel_arg2 filler_id="f-833" role="role">legal director</rel_arg2>
      </relation_mention>
      <relation_mention id="relm-845" realis="true">
        <rel_arg1 entity_id="ent-252" entity_mention_id="m-267" role="per">a former Spanish judge</rel_arg1>
        <rel_arg2 filler_id="f-853" role="role">judge</rel_arg2>
      </relation_mention>
    </relation>
    <relation id="r-1286" type="orgaffiliation" subtype="employmentmembership">
      <relation_mention id="relm-835" realis="true">
        <rel_arg1 entity_id="ent-252" entity_mention_id="m-267" role="employeemember">a former Spanish judge</rel_arg1>
        <rel_arg2 entity_id="ent-279" entity_mention_id="m-273" role="org">Spanish</rel_arg2>
        <trigger source="NYT_ENG_20130624.0157" offset="1181" length="5">judge</trigger>
      </relation_mention>
    </relation>
    <relation id="r-1287" type="personalsocial" subtype="business">
      <relation_mention id="relm-855" realis="true">
        <rel_arg1 entity_id="ent-252" entity_mention_id="m-246" role="per">Baltasar Gárzon</rel_arg1>
        <rel_arg2 entity_id="ent-288" entity_mention_id="m-282" role="per">a volunteer legal team advising him on how to stay out of an American prison</rel_arg2>
        <trigger source="NYT_ENG_20130624.0157" offset="1191" length="7">leading</trigger>
      </relation_mention>
    </relation>
    <relation id="r-1288" type="physical" subtype="locatednear">
      <relation_mention id="relm-865" realis="true">
        <rel_arg1 entity_id="ent-303" entity_mention_id="m-297" role="entity">an American prison</rel_arg1>
        <rel_arg2 entity_id="ent-87" entity_mention_id="m-306" role="loc">American</rel_arg2>
      </relation_mention>
    </relation>
    <relation id="r-1289" type="personalsocial" subtype="role">
      <relation_mention id="relm-875" realis="true">
        <rel_arg1 entity_id="ent-36" entity_mention_id="m-312" role="per">Snowden</rel_arg1>
        <rel_arg2 filler_id="f-883" role="role">Mr.</rel_arg2>
      </relation_mention>
    </relation>
    <relation id="r-1290" type="physical" subtype="locatednear">
      <relation_mention id="relm-885" realis="true">
        <rel_arg1 entity_id="ent-177" entity_mention_id="m-324" role="entity">Assange</rel_arg1>
        <rel_arg2 entity_id="ent-222" entity_mention_id="m-330" role="loc">London</rel_arg2>
        <trigger source="NYT_ENG_20130624.0157" offset="1378" length="4">from</trigger>
      </relation_mention>
    </relation>
    <relation id="r-1291" type="generalaffiliation" subtype="more">
      <relation_mention id="relm-905" realis="true">
        <rel_arg1 entity_id="ent-36" entity_mention_id="m-387" role="per">his</rel_arg1>
        <rel_arg2 entity_id="ent-87" entity_mention_id="m-393" role="entity">U.S.</rel_arg2>
        <trigger source="NYT_ENG_20130624.0157" offset="1695" length="8">passport</trigger>
      </relation_mention>
    </relation>
    <relation id="r-1292" type="orgaffiliation" subtype="employmentmembership">
      <relation_mention id="relm-915" realis="true">
        <rel_arg1 entity_id="ent-423" entity_mention_id="m-417" role="employeemember">its shoestring staff</rel_arg1>
        <rel_arg2 entity_id="ent-8" entity_mention_id="m-426" role="org">its</rel_arg2>
        <trigger source="NYT_ENG_20130624.0157" offset="1839" length="5">staff</trigger>
      </relation_mention>
    </relation>
    <relation id="r-1293" type="personalsocial" subtype="role">
      <relation_mention id="relm-925" realis="true">
        <rel_arg1 entity_id="ent-459" entity_mention_id="m-462" role="per">director of the Project on Government Secrecy at the Federation of American Scientists</rel_arg1>
        <rel_arg2 filler_id="f-933" role="role">director of the Project on Government Secrecy</rel_arg2>
      </relation_mention>
    </relation>
    <relation id="r-1294" type="orgaffiliation" subtype="employmentmembership">
      <relation_mention id="relm-935" realis="true">
        <rel_arg1 entity_id="ent-459" entity_mention_id="m-462" role="employeemember">director of the Project on Government Secrecy at the Federation of American Scientists</rel_arg1>
        <rel_arg2 entity_id="ent-474" entity_mention_id="m-468" role="org">Federation of American Scientists</rel_arg2>
        <trigger source="NYT_ENG_20130624.0157" offset="2130" length="2">at</trigger>
      </relation_mention>
    </relation>
    <relation id="r-1295" type="physical" subtype="orglocationorigin">
      <relation_mention id="relm-945" realis="true">
        <rel_arg1 entity_id="ent-474" entity_mention_id="m-468" role="org">Federation of American Scientists</rel_arg1>
        <rel_arg2 entity_id="ent-87" entity_mention_id="m-477" role="loc">American</rel_arg2>
      </relation_mention>
    </relation>
    <relation id="r-1296" type="personalsocial" subtype="role">
      <relation_mention id="relm-955" realis="true">
        <rel_arg1 entity_id="ent-543" entity_mention_id="m-546" role="per">a law professor at Harvard who has written extensively on WikiLeaks</rel_arg1>
        <rel_arg2 filler_id="f-963" role="role">law professor</rel_arg2>
      </relation_mention>
    </relation>
    <relation id="r-1297" type="orgaffiliation" subtype="employmentmembership">
      <relation_mention id="relm-965" realis="true">
        <rel_arg1 entity_id="ent-543" entity_mention_id="m-546" role="employeemember">a law professor at Harvard who has written extensively on WikiLeaks</rel_arg1>
        <rel_arg2 entity_id="ent-558" entity_mention_id="m-552" role="org">Harvard</rel_arg2>
        <trigger source="NYT_ENG_20130624.0157" offset="2472" length="2">at</trigger>
      </relation_mention>
    </relation>
    <relation id="r-1298" type="orgaffiliation" subtype="employmentmembership">
      <relation_mention id="relm-975" realis="true">
        <rel_arg1 entity_id="ent-630" entity_mention_id="m-624" role="employeemember">Government employees who leak classified information</rel_arg1>
        <rel_arg2 entity_id="ent-591" entity_mention_id="m-633" role="org">Government</rel_arg2>
        <trigger source="NYT_ENG_20130624.0157" offset="2763" length="9">employees</trigger>
      </relation_mention>
    </relation>
    <relation id="r-1299" type="orgaffiliation" subtype="leadership">
      <relation_mention id="relm-985" realis="true">
        <rel_arg1 entity_id="ent-657" entity_mention_id="m-651" role="leader">Obama</rel_arg1>
        <rel_arg2 entity_id="ent-591" entity_mention_id="m-645" role="entity">the Obama administration</rel_arg2>
      </relation_mention>
    </relation>
    <relation id="r-1300" type="personalsocial" subtype="business">
      <relation_mention id="relm-1712" realis="true">
        <rel_arg1 entity_id="ent-288" entity_mention_id="m-282" role="per">a volunteer legal team advising him on how to stay out of an American prison</rel_arg1>
        <rel_arg2 entity_id="ent-36" entity_mention_id="m-291" role="per">him</rel_arg2>
        <trigger source="NYT_ENG_20130624.0157" offset="1222" length="8">advising</trigger>
      </relation_mention>
    </relation>
    <relation id="r-1301" type="orgaffiliation" subtype="employmentmembership">
      <relation_mention id="relm-1732" realis="true">
        <rel_arg1 entity_id="ent-1699" entity_mention_id="m-1693" role="employeemember">American Scientists</rel_arg1>
        <rel_arg2 entity_id="ent-474" entity_mention_id="m-468" role="org">Federation of American Scientists</rel_arg2>
        <trigger source="NYT_ENG_20130624.0157" offset="2148" length="2">of</trigger>
      </relation_mention>
    </relation>
    <relation id="r-1302" type="generalaffiliation" subtype="more">
      <relation_mention id="relm-1742" realis="true">
        <rel_arg1 entity_id="ent-1699" entity_mention_id="m-1693" role="per">American Scientists</rel_arg1>
        <rel_arg2 entity_id="ent-87" entity_mention_id="m-477" role="entity">American</rel_arg2>
        <trigger source="NYT_ENG_20130624.0157" offset="2151" length="8">American</trigger>
      </relation_mention>
    </relation>
  </relations>
  <hoppers>
    <hopper id="h-16">
      <event_mention id="em-995" type="contact" subtype="broadcast" realis="other" audience="oneway" formality="formal" medium="notinperson" schedule="planned">
        <trigger source="NYT_ENG_20130624.0157" offset="324" length="6">appear</trigger>
        <em_arg filler_id="f-1012" role="time" realis="true">tomorrow</em_arg>
      </event_mention>
    </hopper>
    <hopper id="h-1044">
      <event_mention id="em-1016" type="movement" subtype="transportperson" realis="actual">
        <trigger source="NYT_ENG_20130624.0157" offset="473" length="6">flight</trigger>
        <em_arg entity_id="ent-36" entity_mention_id="m-60" role="agent" realis="true">his</em_arg>
        <em_arg entity_id="ent-72" entity_mention_id="m-66" role="origin" realis="true">Hong Kong</em_arg>
        <em_arg filler_id="f-1756" role="time" realis="true">Sunday</em_arg>
      </event_mention>
      <event_mention id="em-1069" type="movement" subtype="transportperson" realis="actual">
        <trigger source="NYT_ENG_20130624.0157" offset="715" length="7">carried</trigger>
        <em_arg entity_id="ent-36" entity_mention_id="m-114" role="person" realis="true">him</em_arg>
        <em_arg filler_id="f-1094" role="instrument" realis="true">the Aeroflot airliner that carried him Sunday from Hong Kong to Moscow</em_arg>
        <em_arg filler_id="f-1101" role="time" realis="true">Sunday</em_arg>
        <em_arg entity_id="ent-72" entity_mention_id="m-120" role="origin" realis="true">Hong Kong</em_arg>
        <em_arg entity_id="ent-132" entity_mention_id="m-126" role="destination" realis="true">Moscow</em_arg>
        <em_arg entity_id="ent-147" entity_mention_id="m-141" role="person" realis="true">a British WikiLeaks activist</em_arg>
      </event_mention>
      <event_mention id="em-1504" type="movement" subtype="transportperson" realis="actual">
        <trigger source="NYT_ENG_20130624.0157" offset="2209" length="6">flight</trigger>
        <em_arg entity_id="ent-36" entity_mention_id="m-489" role="agent" realis="true">Snowden</em_arg>
      </event_mention>
    </hopper>
    <hopper id="h-1167">
      <event_mention id="em-1250" type="contact" subtype="broadcast" realis="other" audience="oneway" formality="formal" medium="notinperson" schedule="planned">
        <trigger source="NYT_ENG_20130624.0157" offset="1540" length="7">publish</trigger>
        <em_arg entity_id="ent-8" entity_mention_id="m-348" role="entity" realis="true">its</em_arg>
      </event_mention>
    </hopper>
    <hopper id="h-1204">
      <event_mention id="em-1169" type="contact" subtype="meet" realis="actual" audience="twoway" formality="formal" medium="inperson" schedule="planned">
        <trigger source="NYT_ENG_20130624.0157" offset="1024" length="3">met</trigger>
        <em_arg entity_id="ent-177" entity_mention_id="m-171" role="entity" realis="true">The group’s founder</em_arg>
        <em_arg entity_id="ent-231" entity_mention_id="m-225" role="entity" realis="true">Ecuador’s foreign minister</em_arg>
        <em_arg filler_id="f-1201" role="time" realis="false">last week</em_arg>
      </event_mention>
    </hopper>
    <hopper id="h-1248">
      <event_mention id="em-1213" type="contact" subtype="correspondence" realis="actual" audience="twoway" formality="informal" medium="notinperson" schedule="planned">
        <trigger source="NYT_ENG_20130624.0157" offset="1368" length="9">interview</trigger>
        <em_arg entity_id="ent-177" entity_mention_id="m-324" role="entity" realis="true">Assange</em_arg>
        <em_arg entity_id="ent-222" entity_mention_id="m-330" role="place" realis="true">London</em_arg>
        <em_arg filler_id="f-1245" role="time" realis="true">Sunday night</em_arg>
      </event_mention>
    </hopper>
    <hopper id="h-1313">
      <event_mention id="em-1271" type="transaction" subtype="transferownership" realis="actual" ways="voluntary">
        <trigger source="NYT_ENG_20130624.0157" offset="1609" length="7">deliver</trigger>
        <em_arg filler_id="f-1296" role="thing" realis="true">a special refugee travel document</em_arg>
        <em_arg entity_id="ent-36" entity_mention_id="m-375" role="recipient" realis="true">Snowden</em_arg>
        <em_arg entity_id="ent-72" entity_mention_id="m-381" role="place" realis="true">Hong Kong</em_arg>
        <em_arg entity_id="ent-8" entity_mention_id="m-360" role="giver" realis="true">the group</em_arg>
      </event_mention>
    </hopper>
    <hopper id="h-1357">
      <event_mention id="em-1336" type="movement" subtype="transportperson" realis="other">
        <trigger source="NYT_ENG_20130624.0157" offset="1635" length="6">travel</trigger>
        <em_arg entity_id="ent-372" entity_mention_id="m-366" role="agent" realis="true">refugee</em_arg>
      </event_mention>
    </hopper>
    <hopper id="h-1380">
      <event_mention id="em-1359" type="movement" subtype="transportperson" realis="other">
        <trigger source="NYT_ENG_20130624.0157" offset="1746" length="6">travel</trigger>
        <em_arg entity_id="ent-36" entity_mention_id="m-399" role="agent" realis="true">his</em_arg>
      </event_mention>
    </hopper>
    <hopper id="h-1403">
      <event_mention id="em-1382" type="transaction" subtype="transfermoney" realis="actual" ways="voluntary">
        <trigger source="NYT_ENG_20130624.0157" offset="1854" length="11">fundraising</trigger>
        <em_arg entity_id="ent-8" entity_mention_id="m-405" role="recipient" realis="true">The group</em_arg>
      </event_mention>
    </hopper>
    <hopper id="h-1426">
      <event_mention id="em-1405" type="transaction" subtype="transferownership" realis="actual" ways="voluntary">
        <trigger source="NYT_ENG_20130624.0157" offset="1598" length="6">obtain</trigger>
        <em_arg filler_id="f-1422" role="thing" realis="true">a special refugee travel document</em_arg>
        <em_arg entity_id="ent-8" entity_mention_id="m-360" role="recipient" realis="true">the group</em_arg>
      </event_mention>
    </hopper>
    <hopper id="h-1449">
      <event_mention id="em-1428" type="personnel" subtype="endposition" realis="actual">
        <trigger source="NYT_ENG_20130624.0157" offset="1911" length="10">defections</trigger>
        <em_arg entity_id="ent-8" entity_mention_id="m-405" role="entity" realis="true">The group</em_arg>
      </event_mention>
    </hopper>
    <hopper id="h-1479">
      <event_mention id="em-1451" type="personnel" subtype="endposition" realis="actual">
        <trigger source="NYT_ENG_20130624.0157" offset="1166" length="6">former</trigger>
        <em_arg entity_id="ent-252" entity_mention_id="m-267" role="person" realis="true">a former Spanish judge</em_arg>
        <em_arg filler_id="f-1476" role="position" realis="true">judge</em_arg>
      </event_mention>
    </hopper>
    <hopper id="h-1502">
      <event_mention id="em-1481" type="contact" subtype="contact" realis="actual" audience="canttell" formality="canttell" medium="canttell" schedule="canttell">
        <trigger source="NYT_ENG_20130624.0157" offset="2172" length="4">said</trigger>
        <em_arg entity_id="ent-459" entity_mention_id="m-453" role="entity" realis="true">Steven Aftergood</em_arg>
      </event_mention>
    </hopper>
    <hopper id="h-1546">
      <event_mention id="em-1525" type="contact" subtype="contact" realis="actual" audience="canttell" formality="canttell" medium="canttell" schedule="canttell">
        <trigger source="NYT_ENG_20130624.0157" offset="2525" length="4">said</trigger>
        <em_arg entity_id="ent-543" entity_mention_id="m-537" role="entity" realis="true">Yochai Benkler</em_arg>
      </event_mention>
    </hopper>
    <hopper id="h-1569">
      <event_mention id="em-1548" type="contact" subtype="broadcast" realis="actual" audience="oneway" formality="formal" medium="canttell" schedule="planned">
        <trigger source="NYT_ENG_20130624.0157" offset="190" length="6">LEAKER</trigger>
        <em_arg entity_id="ent-36" entity_mention_id="m-30" role="entity" realis="true">LEAKER</em_arg>
      </event_mention>
    </hopper>
    <hopper id="h-1592">
      <event_mention id="em-1571" type="contact" subtype="broadcast" realis="generic" audience="oneway" formality="formal" medium="canttell" schedule="canttell">
        <trigger source="NYT_ENG_20130624.0157" offset="2777" length="4">leak</trigger>
        <em_arg entity_id="ent-630" entity_mention_id="m-624" role="entity" realis="true">Government employees who leak classified information</em_arg>
      </event_mention>
    </hopper>
    <hopper id="h-1787">
      <event_mention id="em-1759" type="contact" subtype="contact" realis="actual" audience="twoway" formality="formal" medium="canttell" schedule="canttell">
        <trigger source="NYT_ENG_20130624.0157" offset="1222" length="8">advising</trigger>
        <em_arg entity_id="ent-288" entity_mention_id="m-282" role="entity" realis="true">a volunteer legal team advising him on how to stay out of an American prison</em_arg>
        <em_arg entity_id="ent-36" entity_mention_id="m-291" role="entity" realis="true">him</em_arg>
      </event_mention>
    </hopper>
    <hopper id="h-1817">
      <event_mention id="em-1789" type="contact" subtype="contact" realis="actual" audience="twoway" formality="formal" medium="canttell" schedule="canttell">
        <trigger source="NYT_ENG_20130624.0157" offset="1299" length="9">requested</trigger>
        <em_arg entity_id="ent-36" entity_mention_id="m-312" role="entity" realis="true">Snowden</em_arg>
        <em_arg entity_id="ent-8" entity_mention_id="m-318" role="entity" realis="true">our</em_arg>
      </event_mention>
    </hopper>
    <hopper id="h-1861">
      <event_mention id="em-1840" type="contact" subtype="broadcast" realis="actual" audience="oneway" formality="formal" medium="notinperson" schedule="planned">
        <trigger source="NYT_ENG_20130624.0157" offset="2491" length="7">written</trigger>
        <em_arg entity_id="ent-543" entity_mention_id="m-546" role="entity" realis="true">a law professor at Harvard who has written extensively on WikiLeaks</em_arg>
      </event_mention>
    </hopper>
  </hoppers>
</deft_ere>
