<?xml version="1.0" encoding="UTF-8"?>
<deft_ere kit_id="5733b8b10000000000000060" doc_id="NYT_ENG_20130919.0176" source_type="newswire">
  <entities>
    <entity id="ent-8" type="ORG" specificity="specificIndividual">
      <entity_mention id="m-18" noun_type="NAM" source="NYT_ENG_20130919.0176" offset="188" length="5">
        <mention_text>NOKIA</mention_text>
      </entity_mention>
      <entity_mention id="m-51" noun_type="NAM" source="NYT_ENG_20130919.0176" offset="273" length="5">
        <mention_text>Nokia</mention_text>
      </entity_mention>
      <entity_mention id="m-57" noun_type="NOM" source="NYT_ENG_20130919.0176" offset="307" length="35">
        <mention_text>the Finnish telecommunications firm</mention_text>
        <nom_head source="NYT_ENG_20130919.0176" offset="338" length="4">firm</nom_head>
      </entity_mention>
      <entity_mention id="m-81" noun_type="PRO" source="NYT_ENG_20130919.0176" offset="383" length="6">
        <mention_text>itself</mention_text>
      </entity_mention>
      <entity_mention id="m-102" noun_type="NAM" source="NYT_ENG_20130919.0176" offset="487" length="5">
        <mention_text>Nokia</mention_text>
      </entity_mention>
      <entity_mention id="m-114" noun_type="NAM" source="NYT_ENG_20130919.0176" offset="569" length="11">
        <mention_text>Nokia Corp.</mention_text>
      </entity_mention>
      <entity_mention id="m-120" noun_type="PRO" source="NYT_ENG_20130919.0176" offset="605" length="3">
        <mention_text>its</mention_text>
      </entity_mention>
      <entity_mention id="m-138" noun_type="NOM" source="NYT_ENG_20130919.0176" offset="717" length="11">
        <mention_text>the company</mention_text>
        <nom_head source="NYT_ENG_20130919.0176" offset="721" length="7">company</nom_head>
      </entity_mention>
      <entity_mention id="m-171" noun_type="NAM" source="NYT_ENG_20130919.0176" offset="1063" length="5">
        <mention_text>Nokia</mention_text>
      </entity_mention>
      <entity_mention id="m-183" noun_type="NAM" source="NYT_ENG_20130919.0176" offset="1191" length="5">
        <mention_text>Nokia</mention_text>
      </entity_mention>
      <entity_mention id="m-201" noun_type="NOM" source="NYT_ENG_20130919.0176" offset="1263" length="19">
        <mention_text>the Finnish company</mention_text>
        <nom_head source="NYT_ENG_20130919.0176" offset="1275" length="7">company</nom_head>
      </entity_mention>
      <entity_mention id="m-234" noun_type="NAM" source="NYT_ENG_20130919.0176" offset="1448" length="5">
        <mention_text>Nokia</mention_text>
      </entity_mention>
      <entity_mention id="m-258" noun_type="NAM" source="NYT_ENG_20130919.0176" offset="1643" length="5">
        <mention_text>Nokia</mention_text>
      </entity_mention>
      <entity_mention id="m-270" noun_type="NOM" source="NYT_ENG_20130919.0176" offset="1690" length="19">
        <mention_text>the Finnish company</mention_text>
        <nom_head source="NYT_ENG_20130919.0176" offset="1702" length="7">company</nom_head>
      </entity_mention>
      <entity_mention id="m-282" noun_type="PRO" source="NYT_ENG_20130919.0176" offset="1740" length="3">
        <mention_text>its</mention_text>
      </entity_mention>
      <entity_mention id="m-309" noun_type="PRO" source="NYT_ENG_20130919.0176" offset="1777" length="3">
        <mention_text>its</mention_text>
      </entity_mention>
      <entity_mention id="m-321" noun_type="NAM" source="NYT_ENG_20130919.0176" offset="1877" length="5">
        <mention_text>Nokia</mention_text>
      </entity_mention>
    </entity>
    <entity id="ent-30" type="PER" specificity="specificIndividual">
      <entity_mention id="m-24" noun_type="NOM" source="NYT_ENG_20130919.0176" offset="188" length="33">
        <mention_text>NOKIA'S DEPARTING CHIEF EXECUTIVE</mention_text>
        <nom_head source="NYT_ENG_20130919.0176" offset="212" length="9">EXECUTIVE</nom_head>
      </entity_mention>
      <entity_mention id="m-33" noun_type="NAM" source="NYT_ENG_20130919.0176" offset="252" length="12">
        <mention_text>Stephen Elop</mention_text>
      </entity_mention>
      <entity_mention id="m-39" noun_type="PRO" source="NYT_ENG_20130919.0176" offset="265" length="3">
        <mention_text>who</mention_text>
      </entity_mention>
      <entity_mention id="m-45" noun_type="NOM" source="NYT_ENG_20130919.0176" offset="273" length="23">
        <mention_text>Nokia’s chief executive</mention_text>
        <nom_head source="NYT_ENG_20130919.0176" offset="287" length="9">executive</nom_head>
      </entity_mention>
      <entity_mention id="m-108" noun_type="NAM" source="NYT_ENG_20130919.0176" offset="530" length="4">
        <mention_text>Elop</mention_text>
      </entity_mention>
      <entity_mention id="m-126" noun_type="NOM" source="NYT_ENG_20130919.0176" offset="605" length="20">
        <mention_text>its now-former chief</mention_text>
        <nom_head source="NYT_ENG_20130919.0176" offset="620" length="5">chief</nom_head>
      </entity_mention>
      <entity_mention id="m-132" noun_type="PRO" source="NYT_ENG_20130919.0176" offset="696" length="2">
        <mention_text>he</mention_text>
      </entity_mention>
      <entity_mention id="m-159" noun_type="NAM" source="NYT_ENG_20130919.0176" offset="1013" length="4">
        <mention_text>Elop</mention_text>
      </entity_mention>
      <entity_mention id="m-177" noun_type="NOM" source="NYT_ENG_20130919.0176" offset="1140" length="13">
        <mention_text>the executive</mention_text>
        <nom_head source="NYT_ENG_20130919.0176" offset="1144" length="9">executive</nom_head>
      </entity_mention>
      <entity_mention id="m-195" noun_type="PRO" source="NYT_ENG_20130919.0176" offset="1244" length="3">
        <mention_text>his</mention_text>
      </entity_mention>
      <entity_mention id="m-213" noun_type="NAM" source="NYT_ENG_20130919.0176" offset="1284" length="4">
        <mention_text>Elop</mention_text>
      </entity_mention>
      <entity_mention id="m-276" noun_type="NAM" source="NYT_ENG_20130919.0176" offset="1720" length="4">
        <mention_text>Elop</mention_text>
      </entity_mention>
      <entity_mention id="m-315" noun_type="NAM" source="NYT_ENG_20130919.0176" offset="1861" length="4">
        <mention_text>Elop</mention_text>
      </entity_mention>
      <entity_mention id="m-327" noun_type="NOM" source="NYT_ENG_20130919.0176" offset="1894" length="40">
        <mention_text>the head of Microsoft’s handset business</mention_text>
        <nom_head source="NYT_ENG_20130919.0176" offset="1898" length="4">head</nom_head>
      </entity_mention>
      <entity_mention id="m-348" noun_type="PRO" source="NYT_ENG_20130919.0176" offset="2007" length="2">
        <mention_text>he</mention_text>
      </entity_mention>
      <entity_mention id="m-1473" noun_type="PRO" source="NYT_ENG_20130919.0176" offset="1155" length="3">
        <mention_text>who</mention_text>
      </entity_mention>
    </entity>
    <entity id="ent-69" type="GPE" specificity="specificIndividual">
      <entity_mention id="m-63" noun_type="NAM" source="NYT_ENG_20130919.0176" offset="311" length="7">
        <mention_text>Finnish</mention_text>
      </entity_mention>
      <entity_mention id="m-207" noun_type="NAM" source="NYT_ENG_20130919.0176" offset="1267" length="7">
        <mention_text>Finnish</mention_text>
      </entity_mention>
      <entity_mention id="m-530" noun_type="NAM" source="NYT_ENG_20130919.0176" offset="1694" length="7">
        <mention_text>Finnish</mention_text>
      </entity_mention>
    </entity>
    <entity id="ent-78" type="ORG" specificity="specificIndividual">
      <entity_mention id="m-72" noun_type="NAM" source="NYT_ENG_20130919.0176" offset="353" length="9">
        <mention_text>Microsoft</mention_text>
      </entity_mention>
      <entity_mention id="m-87" noun_type="NAM" source="NYT_ENG_20130919.0176" offset="447" length="9">
        <mention_text>Microsoft</mention_text>
      </entity_mention>
      <entity_mention id="m-144" noun_type="NAM" source="NYT_ENG_20130919.0176" offset="740" length="15">
        <mention_text>Microsoft Corp.</mention_text>
      </entity_mention>
      <entity_mention id="m-165" noun_type="NAM" source="NYT_ENG_20130919.0176" offset="1047" length="9">
        <mention_text>Microsoft</mention_text>
      </entity_mention>
      <entity_mention id="m-189" noun_type="NAM" source="NYT_ENG_20130919.0176" offset="1202" length="9">
        <mention_text>Microsoft</mention_text>
      </entity_mention>
      <entity_mention id="m-219" noun_type="NAM" source="NYT_ENG_20130919.0176" offset="1351" length="9">
        <mention_text>Microsoft</mention_text>
      </entity_mention>
      <entity_mention id="m-264" noun_type="NAM" source="NYT_ENG_20130919.0176" offset="1669" length="9">
        <mention_text>Microsoft</mention_text>
      </entity_mention>
      <entity_mention id="m-342" noun_type="NAM" source="NYT_ENG_20130919.0176" offset="1906" length="9">
        <mention_text>Microsoft</mention_text>
      </entity_mention>
    </entity>
    <entity id="ent-99" type="ORG" specificity="specificIndividual">
      <entity_mention id="m-93" noun_type="NOM" source="NYT_ENG_20130919.0176" offset="483" length="28">
        <mention_text>the Nokia cellphone business</mention_text>
        <nom_head source="NYT_ENG_20130919.0176" offset="503" length="8">business</nom_head>
      </entity_mention>
    </entity>
    <entity id="ent-156" type="PER" specificity="nonspecific">
      <entity_mention id="m-150" noun_type="NOM" source="NYT_ENG_20130919.0176" offset="796" length="11">
        <mention_text>shareholder</mention_text>
        <nom_head source="NYT_ENG_20130919.0176" offset="796" length="11">shareholder</nom_head>
      </entity_mention>
    </entity>
    <entity id="ent-231" type="ORG" specificity="specificGroup">
      <entity_mention id="m-225" noun_type="NOM" source="NYT_ENG_20130919.0176" offset="1381" length="13">
        <mention_text>the companies</mention_text>
        <nom_head source="NYT_ENG_20130919.0176" offset="1385" length="9">companies</nom_head>
      </entity_mention>
    </entity>
    <entity id="ent-246" type="ORG" specificity="specificIndividual">
      <entity_mention id="m-240" noun_type="NAM" source="NYT_ENG_20130919.0176" offset="1583" length="6">
        <mention_text>Google</mention_text>
      </entity_mention>
    </entity>
    <entity id="ent-255" type="ORG" specificity="specificIndividual">
      <entity_mention id="m-249" noun_type="NAM" source="NYT_ENG_20130919.0176" offset="1611" length="5">
        <mention_text>Apple</mention_text>
      </entity_mention>
    </entity>
    <entity id="ent-294" type="PER" specificity="specificIndividual">
      <entity_mention id="m-288" noun_type="NOM" source="NYT_ENG_20130919.0176" offset="1740" length="12">
        <mention_text>its chairman</mention_text>
        <nom_head source="NYT_ENG_20130919.0176" offset="1744" length="8">chairman</nom_head>
      </entity_mention>
      <entity_mention id="m-297" noun_type="NAM" source="NYT_ENG_20130919.0176" offset="1754" length="18">
        <mention_text>Risto K. Siilasmaa</mention_text>
      </entity_mention>
      <entity_mention id="m-303" noun_type="NOM" source="NYT_ENG_20130919.0176" offset="1777" length="29">
        <mention_text>its point person in the talks</mention_text>
        <nom_head source="NYT_ENG_20130919.0176" offset="1787" length="6">person</nom_head>
      </entity_mention>
    </entity>
    <entity id="ent-339" type="ORG" specificity="specificIndividual">
      <entity_mention id="m-333" noun_type="NOM" source="NYT_ENG_20130919.0176" offset="1906" length="28">
        <mention_text>Microsoft’s handset business</mention_text>
        <nom_head source="NYT_ENG_20130919.0176" offset="1926" length="8">business</nom_head>
      </entity_mention>
    </entity>
  </entities>
  <fillers>
    <filler id="f-388" source="NYT_ENG_20130919.0176" offset="206" length="15" type="title">CHIEF EXECUTIVE</filler>
    <filler id="f-408" source="NYT_ENG_20130919.0176" offset="281" length="15" type="title">chief executive</filler>
    <filler id="f-478" source="NYT_ENG_20130919.0176" offset="620" length="5" type="title">chief</filler>
    <filler id="f-488" source="NYT_ENG_20130919.0176" offset="1144" length="9" type="title">executive</filler>
    <filler id="f-564" source="NYT_ENG_20130919.0176" offset="1744" length="8" type="title">chairman</filler>
    <filler id="f-614" source="NYT_ENG_20130919.0176" offset="2031" length="15" type="title">chief executive</filler>
    <filler id="f-624" source="NYT_ENG_20130919.0176" offset="2058" length="48" type="title">executive vice president of devices and services</filler>
    <filler id="f-668" source="NYT_ENG_20130919.0176" offset="206" length="15" type="title">CHIEF EXECUTIVE</filler>
    <filler id="f-749" source="NYT_ENG_20130919.0176" offset="516" length="12" type="money">$7.2 billion</filler>
    <filler id="f-800" source="NYT_ENG_20130919.0176" offset="591" length="8" type="time" nom_time="2013-09-19">Thursday</filler>
    <filler id="f-837" source="NYT_ENG_20130919.0176" offset="620" length="5" type="title">chief</filler>
    <filler id="f-865" source="NYT_ENG_20130919.0176" offset="649" length="24" type="money">about 18.8 million euros</filler>
    <filler id="f-966" source="NYT_ENG_20130919.0176" offset="859" length="17" type="money">4.1 million euros</filler>
    <filler id="f-989" source="NYT_ENG_20130919.0176" offset="914" length="13" type="money">100,000 euros</filler>
    <filler id="f-1012" source="NYT_ENG_20130919.0176" offset="944" length="47" type="commodity">stock awards valued at about 14.6 million euros</filler>
    <filler id="f-1124" source="NYT_ENG_20130919.0176" offset="1169" length="12" type="money">$6.2 million</filler>
    <filler id="f-1463" source="NYT_ENG_20130919.0176" offset="1144" length="9" type="title">executive</filler>
    <filler id="f-1263" source="NYT_ENG_20130919.0176" offset="1679" length="9" type="time" nom_time="2013-xx-xx">this year</filler>
    <filler id="f-1470" source="NYT_ENG_20130919.0176" offset="1679" length="9" type="time" nom_time="2013-XX-XX">this year</filler>
    <filler id="f-1421" source="NYT_ENG_20130919.0176" offset="2031" length="15" type="title">chief executive</filler>
    <filler id="f-1449" source="NYT_ENG_20130919.0176" offset="2058" length="48" type="title">executive vice president of devices and services</filler>
  </fillers>
  <relations>
    <relation id="r-1595" type="orgaffiliation" subtype="leadership">
      <relation_mention id="relm-370" realis="true">
        <rel_arg1 entity_id="ent-30" entity_mention_id="m-24" role="leader">NOKIA'S DEPARTING CHIEF EXECUTIVE</rel_arg1>
        <rel_arg2 entity_id="ent-8" entity_mention_id="m-18" role="entity">NOKIA</rel_arg2>
        <trigger source="NYT_ENG_20130919.0176" offset="206" length="15">CHIEF EXECUTIVE</trigger>
      </relation_mention>
      <relation_mention id="relm-390" realis="true">
        <rel_arg1 entity_id="ent-30" entity_mention_id="m-45" role="leader">Nokia’s chief executive</rel_arg1>
        <rel_arg2 entity_id="ent-8" entity_mention_id="m-51" role="entity">Nokia</rel_arg2>
        <trigger source="NYT_ENG_20130919.0176" offset="281" length="15">chief executive</trigger>
      </relation_mention>
      <relation_mention id="relm-440" realis="true">
        <rel_arg1 entity_id="ent-30" entity_mention_id="m-126" role="leader">its now-former chief</rel_arg1>
        <rel_arg2 entity_id="ent-8" entity_mention_id="m-120" role="entity">its</rel_arg2>
        <trigger source="NYT_ENG_20130919.0176" offset="620" length="5">chief</trigger>
      </relation_mention>
    </relation>
    <relation id="r-1596" type="personalsocial" subtype="role">
      <relation_mention id="relm-380" realis="true">
        <rel_arg1 entity_id="ent-30" entity_mention_id="m-24" role="per">NOKIA'S DEPARTING CHIEF EXECUTIVE</rel_arg1>
        <rel_arg2 filler_id="f-388" role="role">CHIEF EXECUTIVE</rel_arg2>
      </relation_mention>
      <relation_mention id="relm-400" realis="true">
        <rel_arg1 entity_id="ent-30" entity_mention_id="m-45" role="per">Nokia’s chief executive</rel_arg1>
        <rel_arg2 filler_id="f-408" role="role">chief executive</rel_arg2>
      </relation_mention>
      <relation_mention id="relm-470" realis="true">
        <rel_arg1 entity_id="ent-30" entity_mention_id="m-126" role="per">its now-former chief</rel_arg1>
        <rel_arg2 filler_id="f-478" role="role">chief</rel_arg2>
      </relation_mention>
      <relation_mention id="relm-480" realis="true">
        <rel_arg1 entity_id="ent-30" entity_mention_id="m-177" role="per">the executive</rel_arg1>
        <rel_arg2 filler_id="f-488" role="role">executive</rel_arg2>
      </relation_mention>
      <relation_mention id="relm-606" realis="true">
        <rel_arg1 entity_id="ent-30" entity_mention_id="m-348" role="per">he</rel_arg1>
        <rel_arg2 filler_id="f-614" role="role">chief executive</rel_arg2>
        <trigger source="NYT_ENG_20130919.0176" offset="2022" length="5">title</trigger>
      </relation_mention>
      <relation_mention id="relm-616" realis="true">
        <rel_arg1 entity_id="ent-30" entity_mention_id="m-348" role="per">he</rel_arg1>
        <rel_arg2 filler_id="f-624" role="role">executive vice president of devices and services</rel_arg2>
        <trigger source="NYT_ENG_20130919.0176" offset="2051" length="6">became</trigger>
      </relation_mention>
    </relation>
    <relation id="r-1597" type="physical" subtype="orglocationorigin">
      <relation_mention id="relm-410" realis="true">
        <rel_arg1 entity_id="ent-8" entity_mention_id="m-57" role="org">the Finnish telecommunications firm</rel_arg1>
        <rel_arg2 entity_id="ent-69" entity_mention_id="m-63" role="loc">Finnish</rel_arg2>
      </relation_mention>
      <relation_mention id="relm-520" realis="true">
        <rel_arg1 entity_id="ent-8" entity_mention_id="m-201" role="org">the Finnish company</rel_arg1>
        <rel_arg2 entity_id="ent-69" entity_mention_id="m-207" role="loc">Finnish</rel_arg2>
      </relation_mention>
      <relation_mention id="relm-536" realis="true">
        <rel_arg1 entity_id="ent-8" entity_mention_id="m-270" role="org">the Finnish company</rel_arg1>
        <rel_arg2 entity_id="ent-69" entity_mention_id="m-530" role="loc">Finnish</rel_arg2>
      </relation_mention>
    </relation>
    <relation id="r-1598" type="partwhole" subtype="subsidiary">
      <relation_mention id="relm-420" realis="false">
        <rel_arg1 entity_id="ent-99" entity_mention_id="m-93" role="suborg">the Nokia cellphone business</rel_arg1>
        <rel_arg2 entity_id="ent-78" entity_mention_id="m-87" role="parent">Microsoft</rel_arg2>
        <trigger source="NYT_ENG_20130919.0176" offset="472" length="7">control</trigger>
      </relation_mention>
    </relation>
    <relation id="r-1599" type="partwhole" subtype="subsidiary">
      <relation_mention id="relm-430" realis="true">
        <rel_arg1 entity_id="ent-99" entity_mention_id="m-93" role="suborg">the Nokia cellphone business</rel_arg1>
        <rel_arg2 entity_id="ent-8" entity_mention_id="m-102" role="parent">Nokia</rel_arg2>
      </relation_mention>
    </relation>
    <relation id="r-1600" type="orgaffiliation" subtype="employmentmembership">
      <relation_mention id="relm-450" realis="true">
        <rel_arg1 entity_id="ent-30" entity_mention_id="m-132" role="employeemember">he</rel_arg1>
        <rel_arg2 entity_id="ent-8" entity_mention_id="m-138" role="org">the company</rel_arg2>
        <trigger source="NYT_ENG_20130919.0176" offset="711" length="5">leave</trigger>
      </relation_mention>
      <relation_mention id="relm-490" realis="true">
        <rel_arg1 entity_id="ent-30" entity_mention_id="m-177" role="employeemember">the executive</rel_arg1>
        <rel_arg2 entity_id="ent-8" entity_mention_id="m-183" role="org">Nokia</rel_arg2>
        <trigger source="NYT_ENG_20130919.0176" offset="1188" length="2">to</trigger>
      </relation_mention>
      <relation_mention id="relm-510" realis="true">
        <rel_arg1 entity_id="ent-30" entity_mention_id="m-195" role="employeemember">his</rel_arg1>
        <rel_arg2 entity_id="ent-8" entity_mention_id="m-201" role="org">the Finnish company</rel_arg2>
        <trigger source="NYT_ENG_20130919.0176" offset="1260" length="2">at</trigger>
      </relation_mention>
      <relation_mention id="relm-576" realis="true">
        <rel_arg1 entity_id="ent-30" entity_mention_id="m-315" role="employeemember">Elop</rel_arg1>
        <rel_arg2 entity_id="ent-8" entity_mention_id="m-321" role="org">Nokia</rel_arg2>
        <trigger source="NYT_ENG_20130919.0176" offset="1871" length="5">leave</trigger>
      </relation_mention>
    </relation>
    <relation id="r-1601" type="orgaffiliation" subtype="employmentmembership">
      <relation_mention id="relm-460" realis="false">
        <rel_arg1 entity_id="ent-30" entity_mention_id="m-132" role="employeemember">he</rel_arg1>
        <rel_arg2 entity_id="ent-78" entity_mention_id="m-144" role="org">Microsoft Corp.</rel_arg2>
        <trigger source="NYT_ENG_20130919.0176" offset="733" length="6">rejoin</trigger>
      </relation_mention>
    </relation>
    <relation id="r-1602" type="orgaffiliation" subtype="employmentmembership">
      <relation_mention id="relm-500" realis="true">
        <rel_arg1 entity_id="ent-30" entity_mention_id="m-177" role="employeemember">the executive</rel_arg1>
        <rel_arg2 entity_id="ent-78" entity_mention_id="m-189" role="org">Microsoft</rel_arg2>
        <trigger source="NYT_ENG_20130919.0176" offset="1197" length="4">from</trigger>
      </relation_mention>
    </relation>
    <relation id="r-1603" type="orgaffiliation" subtype="leadership">
      <relation_mention id="relm-546" realis="true">
        <rel_arg1 entity_id="ent-294" entity_mention_id="m-288" role="leader">its chairman</rel_arg1>
        <rel_arg2 entity_id="ent-8" entity_mention_id="m-282" role="entity">its</rel_arg2>
        <trigger source="NYT_ENG_20130919.0176" offset="1744" length="8">chairman</trigger>
      </relation_mention>
    </relation>
    <relation id="r-1604" type="personalsocial" subtype="role">
      <relation_mention id="relm-556" realis="true">
        <rel_arg1 entity_id="ent-294" entity_mention_id="m-288" role="per">its chairman</rel_arg1>
        <rel_arg2 filler_id="f-564" role="role">chairman</rel_arg2>
      </relation_mention>
    </relation>
    <relation id="r-1605" type="orgaffiliation" subtype="employmentmembership">
      <relation_mention id="relm-566" realis="true">
        <rel_arg1 entity_id="ent-294" entity_mention_id="m-303" role="employeemember">its point person in the talks</rel_arg1>
        <rel_arg2 entity_id="ent-8" entity_mention_id="m-309" role="org">its</rel_arg2>
      </relation_mention>
    </relation>
    <relation id="r-1606" type="orgaffiliation" subtype="leadership">
      <relation_mention id="relm-586" realis="false">
        <rel_arg1 entity_id="ent-30" entity_mention_id="m-327" role="leader">the head of Microsoft’s handset business</rel_arg1>
        <rel_arg2 entity_id="ent-339" entity_mention_id="m-333" role="entity">Microsoft’s handset business</rel_arg2>
        <trigger source="NYT_ENG_20130919.0176" offset="1898" length="4">head</trigger>
      </relation_mention>
    </relation>
    <relation id="r-1607" type="partwhole" subtype="subsidiary">
      <relation_mention id="relm-596" realis="true">
        <rel_arg1 entity_id="ent-339" entity_mention_id="m-333" role="suborg">Microsoft’s handset business</rel_arg1>
        <rel_arg2 entity_id="ent-78" entity_mention_id="m-342" role="parent">Microsoft</rel_arg2>
        <trigger source="NYT_ENG_20130919.0176" offset="1906" length="11">Microsoft’s</trigger>
      </relation_mention>
    </relation>
  </relations>
  <hoppers>
    <hopper id="h-16">
      <event_mention id="em-636" type="personnel" subtype="endposition" realis="other">
        <trigger source="NYT_ENG_20130919.0176" offset="196" length="9">DEPARTING</trigger>
        <em_arg entity_id="ent-8" entity_mention_id="m-18" role="entity" realis="true">NOKIA</em_arg>
        <em_arg entity_id="ent-30" entity_mention_id="m-24" role="person" realis="true">NOKIA'S DEPARTING CHIEF EXECUTIVE</em_arg>
        <em_arg filler_id="f-668" role="position" realis="true">CHIEF EXECUTIVE</em_arg>
      </event_mention>
      <event_mention id="em-805" type="personnel" subtype="endposition" realis="other">
        <trigger source="NYT_ENG_20130919.0176" offset="613" length="6">former</trigger>
        <em_arg entity_id="ent-8" entity_mention_id="m-120" role="entity" realis="true">its</em_arg>
        <em_arg entity_id="ent-30" entity_mention_id="m-126" role="person" realis="true">its now-former chief</em_arg>
        <em_arg filler_id="f-837" role="position" realis="true">chief</em_arg>
      </event_mention>
      <event_mention id="em-868" type="personnel" subtype="endposition" realis="other">
        <trigger source="NYT_ENG_20130919.0176" offset="711" length="5">leave</trigger>
        <em_arg entity_id="ent-30" entity_mention_id="m-132" role="person" realis="true">he</em_arg>
        <em_arg entity_id="ent-8" entity_mention_id="m-138" role="entity" realis="true">the company</em_arg>
      </event_mention>
      <event_mention id="em-1210" type="personnel" subtype="endposition" realis="other">
        <trigger source="NYT_ENG_20130919.0176" offset="1128" length="7">goodbye</trigger>
        <em_arg entity_id="ent-30" entity_mention_id="m-177" role="person" realis="true">the executive</em_arg>
        <em_arg entity_id="ent-8" entity_mention_id="m-183" role="entity" realis="true">Nokia</em_arg>
        <em_arg filler_id="f-1463" role="position" realis="true">executive</em_arg>
      </event_mention>
      <event_mention id="em-1312" type="personnel" subtype="endposition" realis="other">
        <trigger source="NYT_ENG_20130919.0176" offset="1871" length="5">leave</trigger>
        <em_arg entity_id="ent-8" entity_mention_id="m-321" role="entity" realis="true">Nokia</em_arg>
        <em_arg entity_id="ent-30" entity_mention_id="m-315" role="person" realis="true">Elop</em_arg>
      </event_mention>
      <event_mention id="em-1396" type="personnel" subtype="endposition" realis="other">
        <trigger source="NYT_ENG_20130919.0176" offset="2010" length="7">gave up</trigger>
        <em_arg entity_id="ent-30" entity_mention_id="m-348" role="person" realis="true">he</em_arg>
        <em_arg filler_id="f-1421" role="position" realis="true">chief executive</em_arg>
      </event_mention>
    </hopper>
    <hopper id="h-692">
      <event_mention id="em-671" type="transaction" subtype="transfermoney" realis="other" ways="voluntary">
        <trigger source="NYT_ENG_20130919.0176" offset="177" length="6">PAYDAY</trigger>
        <em_arg entity_id="ent-30" entity_mention_id="m-24" role="recipient" realis="true">NOKIA'S DEPARTING CHIEF EXECUTIVE</em_arg>
      </event_mention>
      <event_mention id="em-754" type="transaction" subtype="transfermoney" realis="other" ways="voluntary">
        <trigger source="NYT_ENG_20130919.0176" offset="552" length="6">payout</trigger>
        <em_arg entity_id="ent-30" entity_mention_id="m-108" role="recipient" realis="true">Elop</em_arg>
      </event_mention>
      <event_mention id="em-840" type="transaction" subtype="transfermoney" realis="other" ways="voluntary">
        <trigger source="NYT_ENG_20130919.0176" offset="641" length="7">collect</trigger>
        <em_arg entity_id="ent-30" entity_mention_id="m-126" role="recipient" realis="true">its now-former chief</em_arg>
        <em_arg filler_id="f-865" role="money" realis="true">about 18.8 million euros</em_arg>
      </event_mention>
    </hopper>
    <hopper id="h-722">
      <event_mention id="em-694" type="transaction" subtype="transferownership" realis="other" ways="voluntary">
        <trigger source="NYT_ENG_20130919.0176" offset="460" length="6">buying</trigger>
        <em_arg entity_id="ent-78" entity_mention_id="m-87" role="recipient" realis="true">Microsoft</em_arg>
        <em_arg entity_id="ent-99" entity_mention_id="m-93" role="thing" realis="true">the Nokia cellphone business</em_arg>
      </event_mention>
    </hopper>
    <hopper id="h-752">
      <event_mention id="em-724" type="transaction" subtype="transfermoney" realis="other" ways="voluntary">
        <trigger source="NYT_ENG_20130919.0176" offset="460" length="6">buying</trigger>
        <em_arg entity_id="ent-78" entity_mention_id="m-87" role="giver" realis="true">Microsoft</em_arg>
        <em_arg filler_id="f-749" role="money" realis="true">$7.2 billion</em_arg>
      </event_mention>
    </hopper>
    <hopper id="h-803">
      <event_mention id="em-775" type="contact" subtype="broadcast" realis="actual" audience="oneway" formality="formal" medium="canttell" schedule="canttell">
        <trigger source="NYT_ENG_20130919.0176" offset="581" length="9">disclosed</trigger>
        <em_arg entity_id="ent-8" entity_mention_id="m-114" role="entity" realis="true">Nokia Corp.</em_arg>
        <em_arg filler_id="f-800" role="time" realis="true">Thursday</em_arg>
      </event_mention>
    </hopper>
    <hopper id="h-924">
      <event_mention id="em-896" type="personnel" subtype="startposition" realis="other">
        <trigger source="NYT_ENG_20130919.0176" offset="733" length="6">rejoin</trigger>
        <em_arg entity_id="ent-78" entity_mention_id="m-144" role="entity" realis="true">Microsoft Corp.</em_arg>
        <em_arg entity_id="ent-30" entity_mention_id="m-132" role="person" realis="true">he</em_arg>
      </event_mention>
      <event_mention id="em-1340" type="personnel" subtype="startposition" realis="other">
        <trigger source="NYT_ENG_20130919.0176" offset="1887" length="6">become</trigger>
        <em_arg entity_id="ent-339" entity_mention_id="m-333" role="entity" realis="true">Microsoft’s handset business</em_arg>
        <em_arg entity_id="ent-30" entity_mention_id="m-315" role="person" realis="true">Elop</em_arg>
      </event_mention>
      <event_mention id="em-1424" type="personnel" subtype="startposition" realis="other">
        <trigger source="NYT_ENG_20130919.0176" offset="2051" length="6">became</trigger>
        <em_arg entity_id="ent-30" entity_mention_id="m-348" role="person" realis="true">he</em_arg>
        <em_arg filler_id="f-1449" role="position" realis="true">executive vice president of devices and services</em_arg>
      </event_mention>
    </hopper>
    <hopper id="h-970">
      <event_mention id="em-949" type="transaction" subtype="transfermoney" realis="other" ways="voluntary">
        <trigger source="NYT_ENG_20130919.0176" offset="830" length="7">payment</trigger>
        <em_arg filler_id="f-966" role="money" realis="true">4.1 million euros</em_arg>
      </event_mention>
    </hopper>
    <hopper id="h-993">
      <event_mention id="em-972" type="transaction" subtype="transfermoney" realis="other" ways="voluntary">
        <trigger source="NYT_ENG_20130919.0176" offset="830" length="7">payment</trigger>
        <em_arg filler_id="f-989" role="money" realis="true">100,000 euros</em_arg>
      </event_mention>
    </hopper>
    <hopper id="h-1016">
      <event_mention id="em-995" type="transaction" subtype="transferownership" realis="other" ways="voluntary">
        <trigger source="NYT_ENG_20130919.0176" offset="830" length="7">payment</trigger>
        <em_arg filler_id="f-1012" role="thing" realis="true">stock awards valued at about 14.6 million euros</em_arg>
      </event_mention>
    </hopper>
    <hopper id="h-1046">
      <event_mention id="em-1018" type="transaction" subtype="transaction" realis="other" ways="voluntary">
        <trigger source="NYT_ENG_20130919.0176" offset="1020" length="7">payment</trigger>
        <em_arg entity_id="ent-78" entity_mention_id="m-165" role="giver" realis="true">Microsoft</em_arg>
        <em_arg entity_id="ent-30" entity_mention_id="m-159" role="recipient" realis="true">Elop</em_arg>
        <em_arg entity_id="ent-8" entity_mention_id="m-171" role="giver" realis="true">Nokia</em_arg>
      </event_mention>
    </hopper>
    <hopper id="h-1127">
      <event_mention id="em-1099" type="transaction" subtype="transfermoney" realis="actual" ways="voluntary">
        <trigger source="NYT_ENG_20130919.0176" offset="1159" length="9">collected</trigger>
        <em_arg entity_id="ent-30" entity_mention_id="m-177" role="recipient" realis="true">the executive</em_arg>
        <em_arg filler_id="f-1124" role="money" realis="true">$6.2 million</em_arg>
      </event_mention>
    </hopper>
    <hopper id="h-1157">
      <event_mention id="em-1129" type="personnel" subtype="startposition" realis="actual">
        <trigger source="NYT_ENG_20130919.0176" offset="1185" length="2">go</trigger>
        <em_arg entity_id="ent-8" entity_mention_id="m-183" role="entity" realis="true">Nokia</em_arg>
        <em_arg entity_id="ent-30" entity_mention_id="m-177" role="person" realis="true">the executive</em_arg>
      </event_mention>
    </hopper>
    <hopper id="h-1187">
      <event_mention id="em-1159" type="personnel" subtype="endposition" realis="actual">
        <trigger source="NYT_ENG_20130919.0176" offset="1185" length="2">go</trigger>
        <em_arg entity_id="ent-78" entity_mention_id="m-189" role="entity" realis="true">Microsoft</em_arg>
        <em_arg entity_id="ent-30" entity_mention_id="m-177" role="person" realis="true">the executive</em_arg>
      </event_mention>
    </hopper>
    <hopper id="h-1266">
      <event_mention id="em-1231" type="contact" subtype="contact" realis="actual" audience="twoway" formality="formal" medium="canttell" schedule="planned">
        <trigger source="NYT_ENG_20130919.0176" offset="1651" length="12">negotiations</trigger>
        <em_arg entity_id="ent-8" entity_mention_id="m-258" role="entity" realis="true">Nokia</em_arg>
        <em_arg entity_id="ent-78" entity_mention_id="m-264" role="entity" realis="true">Microsoft</em_arg>
        <em_arg filler_id="f-1263" role="time" realis="true">this year</em_arg>
      </event_mention>
      <event_mention id="em-1268" type="contact" subtype="contact" realis="actual" audience="twoway" formality="formal" medium="canttell" schedule="planned">
        <trigger source="NYT_ENG_20130919.0176" offset="1801" length="5">talks</trigger>
        <em_arg entity_id="ent-8" entity_mention_id="m-309" role="entity" realis="true">its</em_arg>
        <em_arg filler_id="f-1470" role="time" realis="true">this year</em_arg>
      </event_mention>
    </hopper>
  </hoppers>
</deft_ere>
