<?xml version="1.0" encoding="UTF-8"?>
<deft_ere kit_id="5733b8b10000000000000080" doc_id="NYT_ENG_20131130.0062" source_type="newswire">
  <entities>
    <entity id="ent-8" type="PER" specificity="specificGroup">
      <entity_mention id="m-18" noun_type="NOM" source="NYT_ENG_20131130.0062" offset="172" length="10">
        <mention_text>UKRAINIANS</mention_text>
        <nom_head source="NYT_ENG_20131130.0062" offset="172" length="10">UKRAINIANS</nom_head>
      </entity_mention>
    </entity>
    <entity id="ent-30" type="FAC" specificity="specificGroup">
      <entity_mention id="m-24" noun_type="NOM" source="NYT_ENG_20131130.0062" offset="191" length="6">
        <mention_text>STREET</mention_text>
        <nom_head source="NYT_ENG_20131130.0062" offset="191" length="6">STREET</nom_head>
      </entity_mention>
      <entity_mention id="m-111" noun_type="NOM" source="NYT_ENG_20131130.0062" offset="644" length="11">
        <mention_text>the streets</mention_text>
        <nom_head source="NYT_ENG_20131130.0062" offset="648" length="7">streets</nom_head>
      </entity_mention>
    </entity>
    <entity id="ent-39" type="GPE" specificity="specificIndividual">
      <entity_mention id="m-33" noun_type="NAM" source="NYT_ENG_20131130.0062" offset="209" length="2">
        <mention_text>EU</mention_text>
      </entity_mention>
      <entity_mention id="m-126" noun_type="NAM" source="NYT_ENG_20131130.0062" offset="772" length="14">
        <mention_text>European Union</mention_text>
      </entity_mention>
      <entity_mention id="m-147" noun_type="NAM" source="NYT_ENG_20131130.0062" offset="852" length="6">
        <mention_text>Europe</mention_text>
      </entity_mention>
      <entity_mention id="m-306" noun_type="NAM" source="NYT_ENG_20131130.0062" offset="1456" length="2">
        <mention_text>EU</mention_text>
      </entity_mention>
      <entity_mention id="m-522" noun_type="NAM" source="NYT_ENG_20131130.0062" offset="2810" length="6">
        <mention_text>Europe</mention_text>
      </entity_mention>
      <entity_mention id="m-747" noun_type="NAM" source="NYT_ENG_20131130.0062" offset="4071" length="2">
        <mention_text>EU</mention_text>
      </entity_mention>
      <entity_mention id="m-864" noun_type="NAM" source="NYT_ENG_20131130.0062" offset="4628" length="2">
        <mention_text>EU</mention_text>
      </entity_mention>
      <entity_mention id="m-870" noun_type="NOM" source="NYT_ENG_20131130.0062" offset="4649" length="13">
        <mention_text>the Europeans</mention_text>
        <nom_head source="NYT_ENG_20131130.0062" offset="4653" length="9">Europeans</nom_head>
      </entity_mention>
    </entity>
    <entity id="ent-48" type="PER" specificity="nonspecific">
      <entity_mention id="m-42" noun_type="NOM" source="NYT_ENG_20131130.0062" offset="387" length="14">
        <mention_text>Nonsubscribers</mention_text>
        <nom_head source="NYT_ENG_20131130.0062" offset="387" length="14">Nonsubscribers</nom_head>
      </entity_mention>
    </entity>
    <entity id="ent-57" type="GPE" specificity="specificIndividual">
      <entity_mention id="m-51" noun_type="NAM" source="NYT_ENG_20131130.0062" offset="488" length="4">
        <mention_text>KIEV</mention_text>
      </entity_mention>
      <entity_mention id="m-96" noun_type="NOM" source="NYT_ENG_20131130.0062" offset="585" length="19">
        <mention_text>this roiled capital</mention_text>
        <nom_head source="NYT_ENG_20131130.0062" offset="597" length="7">capital</nom_head>
      </entity_mention>
      <entity_mention id="m-207" noun_type="NAM" source="NYT_ENG_20131130.0062" offset="1122" length="4">
        <mention_text>Kiev</mention_text>
      </entity_mention>
      <entity_mention id="m-498" noun_type="NAM" source="NYT_ENG_20131130.0062" offset="2710" length="4">
        <mention_text>Kiev</mention_text>
      </entity_mention>
      <entity_mention id="m-543" noun_type="NAM" source="NYT_ENG_20131130.0062" offset="2948" length="4">
        <mention_text>Kiev</mention_text>
      </entity_mention>
      <entity_mention id="m-621" noun_type="NAM" source="NYT_ENG_20131130.0062" offset="3463" length="4">
        <mention_text>Kiev</mention_text>
      </entity_mention>
    </entity>
    <entity id="ent-66" type="GPE" specificity="specificIndividual">
      <entity_mention id="m-60" noun_type="NAM" source="NYT_ENG_20131130.0062" offset="494" length="7">
        <mention_text>Ukraine</mention_text>
      </entity_mention>
      <entity_mention id="m-141" noun_type="NAM" source="NYT_ENG_20131130.0062" offset="820" length="9">
        <mention_text>Ukrainian</mention_text>
      </entity_mention>
      <entity_mention id="m-213" noun_type="NAM" source="NYT_ENG_20131130.0062" offset="1151" length="7">
        <mention_text>Ukraine</mention_text>
      </entity_mention>
      <entity_mention id="m-219" noun_type="PRO" source="NYT_ENG_20131130.0062" offset="1169" length="3">
        <mention_text>her</mention_text>
      </entity_mention>
      <entity_mention id="m-510" noun_type="NOM" source="NYT_ENG_20131130.0062" offset="2736" length="11">
        <mention_text>the country</mention_text>
        <nom_head source="NYT_ENG_20131130.0062" offset="2740" length="7">country</nom_head>
      </entity_mention>
      <entity_mention id="m-528" noun_type="NAM" source="NYT_ENG_20131130.0062" offset="2846" length="7">
        <mention_text>Ukraine</mention_text>
      </entity_mention>
      <entity_mention id="m-636" noun_type="NAM" source="NYT_ENG_20131130.0062" offset="3538" length="9">
        <mention_text>Ukrainian</mention_text>
      </entity_mention>
      <entity_mention id="m-690" noun_type="NAM" source="NYT_ENG_20131130.0062" offset="3757" length="7">
        <mention_text>Ukraine</mention_text>
      </entity_mention>
      <entity_mention id="m-735" noun_type="NAM" source="NYT_ENG_20131130.0062" offset="4035" length="7">
        <mention_text>Ukraine</mention_text>
      </entity_mention>
      <entity_mention id="m-798" noun_type="PRO" source="NYT_ENG_20131130.0062" offset="4306" length="4">
        <mention_text>here</mention_text>
      </entity_mention>
      <entity_mention id="m-846" noun_type="NAM" source="NYT_ENG_20131130.0062" offset="4504" length="7">
        <mention_text>Ukraine</mention_text>
      </entity_mention>
    </entity>
    <entity id="ent-75" type="PER" specificity="specificGroup">
      <entity_mention id="m-492" noun_type="NOM" source="NYT_ENG_20131130.0062" offset="2670" length="10">
        <mention_text>protesters</mention_text>
        <nom_head source="NYT_ENG_20131130.0062" offset="2670" length="10">protesters</nom_head>
      </entity_mention>
      <entity_mention id="m-651" noun_type="NOM" source="NYT_ENG_20131130.0062" offset="3584" length="13">
        <mention_text>demonstrators</mention_text>
        <nom_head source="NYT_ENG_20131130.0062" offset="3584" length="13">demonstrators</nom_head>
      </entity_mention>
    </entity>
    <entity id="ent-84" type="GPE" specificity="specificGroup">
      <entity_mention id="m-504" noun_type="NOM" source="NYT_ENG_20131130.0062" offset="2722" length="25">
        <mention_text>cities across the country</mention_text>
        <nom_head source="NYT_ENG_20131130.0062" offset="2722" length="6">cities</nom_head>
      </entity_mention>
    </entity>
    <entity id="ent-93" type="LOC" specificity="specificIndividual">
      <entity_mention id="m-87" noun_type="NOM" source="NYT_ENG_20131130.0062" offset="571" length="33">
        <mention_text>the center of this roiled capital</mention_text>
        <nom_head source="NYT_ENG_20131130.0062" offset="575" length="6">center</nom_head>
      </entity_mention>
    </entity>
    <entity id="ent-108" type="PER" specificity="specificGroup">
      <entity_mention id="m-153" noun_type="NOM" source="NYT_ENG_20131130.0062" offset="860" length="13">
        <mention_text>demonstrators</mention_text>
        <nom_head source="NYT_ENG_20131130.0062" offset="860" length="13">demonstrators</nom_head>
      </entity_mention>
      <entity_mention id="m-159" noun_type="PRO" source="NYT_ENG_20131130.0062" offset="1052" length="4">
        <mention_text>they</mention_text>
      </entity_mention>
      <entity_mention id="m-165" noun_type="NOM" source="NYT_ENG_20131130.0062" offset="1101" length="10">
        <mention_text>protesters</mention_text>
        <nom_head source="NYT_ENG_20131130.0062" offset="1101" length="10">protesters</nom_head>
      </entity_mention>
      <entity_mention id="m-171" noun_type="NOM" source="NYT_ENG_20131130.0062" offset="885" length="11">
        <mention_text>a huge mass</mention_text>
        <nom_head source="NYT_ENG_20131130.0062" offset="892" length="4">mass</nom_head>
      </entity_mention>
      <entity_mention id="m-486" noun_type="NOM" source="NYT_ENG_20131130.0062" offset="2549" length="13">
        <mention_text>a large crowd</mention_text>
        <nom_head source="NYT_ENG_20131130.0062" offset="2557" length="5">crowd</nom_head>
      </entity_mention>
    </entity>
    <entity id="ent-123" type="PER" specificity="specificIndividual">
      <entity_mention id="m-117" noun_type="NAM" source="NYT_ENG_20131130.0062" offset="678" length="20">
        <mention_text>Viktor F. Yanukovich</mention_text>
      </entity_mention>
      <entity_mention id="m-279" noun_type="NAM" source="NYT_ENG_20131130.0062" offset="1634" length="10">
        <mention_text>Yanukovich</mention_text>
      </entity_mention>
      <entity_mention id="m-336" noun_type="NAM" source="NYT_ENG_20131130.0062" offset="1503" length="10">
        <mention_text>Yanukovich</mention_text>
      </entity_mention>
      <entity_mention id="m-516" noun_type="NAM" source="NYT_ENG_20131130.0062" offset="2760" length="10">
        <mention_text>Yanukovich</mention_text>
      </entity_mention>
      <entity_mention id="m-819" noun_type="NAM" source="NYT_ENG_20131130.0062" offset="4425" length="10">
        <mention_text>Yanukovich</mention_text>
      </entity_mention>
      <entity_mention id="m-825" noun_type="PRO" source="NYT_ENG_20131130.0062" offset="4450" length="2">
        <mention_text>he</mention_text>
      </entity_mention>
      <entity_mention id="m-852" noun_type="PRO" source="NYT_ENG_20131130.0062" offset="4568" length="2">
        <mention_text>He</mention_text>
      </entity_mention>
    </entity>
    <entity id="ent-138" type="LOC" specificity="specificIndividual">
      <entity_mention id="m-132" noun_type="NAM" source="NYT_ENG_20131130.0062" offset="772" length="8">
        <mention_text>European</mention_text>
      </entity_mention>
      <entity_mention id="m-792" noun_type="NAM" source="NYT_ENG_20131130.0062" offset="4278" length="6">
        <mention_text>Europe</mention_text>
      </entity_mention>
      <entity_mention id="m-876" noun_type="NAM" source="NYT_ENG_20131130.0062" offset="4653" length="9">
        <mention_text>Europeans</mention_text>
      </entity_mention>
    </entity>
    <entity id="ent-177" type="PER" specificity="specificGroup">
      <entity_mention id="m-102" noun_type="NOM" source="NYT_ENG_20131130.0062" offset="621" length="14">
        <mention_text>thousands more</mention_text>
        <nom_head source="NYT_ENG_20131130.0062" offset="621" length="9">thousands</nom_head>
      </entity_mention>
    </entity>
    <entity id="ent-186" type="FAC" specificity="specificGroup">
      <entity_mention id="m-180" noun_type="NOM" source="NYT_ENG_20131130.0062" offset="900" length="86">
        <mention_text>the cobblestone streets outside the centuries-old St. Michael’s Golden-Domed Monastery</mention_text>
        <nom_head source="NYT_ENG_20131130.0062" offset="916" length="7">streets</nom_head>
      </entity_mention>
    </entity>
    <entity id="ent-195" type="FAC" specificity="specificIndividual">
      <entity_mention id="m-189" noun_type="NAM" source="NYT_ENG_20131130.0062" offset="950" length="36">
        <mention_text>St. Michael’s Golden-Domed Monastery</mention_text>
      </entity_mention>
      <entity_mention id="m-453" noun_type="NOM" source="NYT_ENG_20131130.0062" offset="2357" length="20">
        <mention_text>the ornate monastery</mention_text>
        <nom_head source="NYT_ENG_20131130.0062" offset="2368" length="9">monastery</nom_head>
      </entity_mention>
      <entity_mention id="m-459" noun_type="PRO" source="NYT_ENG_20131130.0062" offset="2384" length="3">
        <mention_text>its</mention_text>
      </entity_mention>
      <entity_mention id="m-465" noun_type="PRO" source="NYT_ENG_20131130.0062" offset="2470" length="2">
        <mention_text>it</mention_text>
      </entity_mention>
      <entity_mention id="m-480" noun_type="NOM" source="NYT_ENG_20131130.0062" offset="2507" length="13">
        <mention_text>the monastery</mention_text>
        <nom_head source="NYT_ENG_20131130.0062" offset="2511" length="9">monastery</nom_head>
      </entity_mention>
    </entity>
    <entity id="ent-204" type="PER" specificity="specificGroup">
      <entity_mention id="m-198" noun_type="NOM" source="NYT_ENG_20131130.0062" offset="1089" length="10">
        <mention_text>the police</mention_text>
        <nom_head source="NYT_ENG_20131130.0062" offset="1093" length="6">police</nom_head>
      </entity_mention>
    </entity>
    <entity id="ent-231" type="PER" specificity="specificGroup">
      <entity_mention id="m-225" noun_type="NOM" source="NYT_ENG_20131130.0062" offset="1169" length="10">
        <mention_text>her heroes</mention_text>
        <nom_head source="NYT_ENG_20131130.0062" offset="1173" length="6">heroes</nom_head>
      </entity_mention>
    </entity>
    <entity id="ent-240" type="PER" specificity="specificGroup">
      <entity_mention id="m-69" noun_type="NOM" source="NYT_ENG_20131130.0062" offset="510" length="10">
        <mention_text>the police</mention_text>
        <nom_head source="NYT_ENG_20131130.0062" offset="514" length="6">police</nom_head>
      </entity_mention>
      <entity_mention id="m-234" noun_type="NOM" source="NYT_ENG_20131130.0062" offset="1191" length="20">
        <mention_text>Riot police officers</mention_text>
        <nom_head source="NYT_ENG_20131130.0062" offset="1203" length="8">officers</nom_head>
      </entity_mention>
      <entity_mention id="m-342" noun_type="NOM" source="NYT_ENG_20131130.0062" offset="1690" length="10">
        <mention_text>the police</mention_text>
        <nom_head source="NYT_ENG_20131130.0062" offset="1694" length="6">police</nom_head>
      </entity_mention>
      <entity_mention id="m-393" noun_type="NOM" source="NYT_ENG_20131130.0062" offset="2084" length="10">
        <mention_text>the police</mention_text>
        <nom_head source="NYT_ENG_20131130.0062" offset="2088" length="6">police</nom_head>
      </entity_mention>
      <entity_mention id="m-447" noun_type="NOM" source="NYT_ENG_20131130.0062" offset="2323" length="10">
        <mention_text>the police</mention_text>
        <nom_head source="NYT_ENG_20131130.0062" offset="2327" length="6">police</nom_head>
      </entity_mention>
      <entity_mention id="m-573" noun_type="NOM" source="NYT_ENG_20131130.0062" offset="3069" length="27">
        <mention_text>law enforcement authorities</mention_text>
        <nom_head source="NYT_ENG_20131130.0062" offset="3085" length="11">authorities</nom_head>
      </entity_mention>
      <entity_mention id="m-585" noun_type="NOM" source="NYT_ENG_20131130.0062" offset="3305" length="8">
        <mention_text>officers</mention_text>
        <nom_head source="NYT_ENG_20131130.0062" offset="3305" length="8">officers</nom_head>
      </entity_mention>
    </entity>
    <entity id="ent-249" type="PER" specificity="specificGroup">
      <entity_mention id="m-78" noun_type="NOM" source="NYT_ENG_20131130.0062" offset="541" length="26">
        <mention_text>several hundred protesters</mention_text>
        <nom_head source="NYT_ENG_20131130.0062" offset="557" length="10">protesters</nom_head>
      </entity_mention>
      <entity_mention id="m-243" noun_type="NOM" source="NYT_ENG_20131130.0062" offset="1284" length="32">
        <mention_text>the crowd in Independence Square</mention_text>
        <nom_head source="NYT_ENG_20131130.0062" offset="1288" length="5">crowd</nom_head>
      </entity_mention>
      <entity_mention id="m-273" noun_type="NOM" source="NYT_ENG_20131130.0062" offset="1594" length="26">
        <mention_text>Several hundred protesters</mention_text>
        <nom_head source="NYT_ENG_20131130.0062" offset="1610" length="10">protesters</nom_head>
      </entity_mention>
      <entity_mention id="m-381" noun_type="NOM" source="NYT_ENG_20131130.0062" offset="1948" length="9">
        <mention_text>the crowd</mention_text>
        <nom_head source="NYT_ENG_20131130.0062" offset="1952" length="5">crowd</nom_head>
      </entity_mention>
      <entity_mention id="m-399" noun_type="NOM" source="NYT_ENG_20131130.0062" offset="2107" length="10">
        <mention_text>protesters</mention_text>
        <nom_head source="NYT_ENG_20131130.0062" offset="2107" length="10">protesters</nom_head>
      </entity_mention>
      <entity_mention id="m-405" noun_type="PRO" source="NYT_ENG_20131130.0062" offset="2150" length="4">
        <mention_text>them</mention_text>
      </entity_mention>
      <entity_mention id="m-432" noun_type="NOM" source="NYT_ENG_20131130.0062" offset="2296" length="17">
        <mention_text>the demonstrators</mention_text>
        <nom_head source="NYT_ENG_20131130.0062" offset="2300" length="13">demonstrators</nom_head>
      </entity_mention>
      <entity_mention id="m-579" noun_type="NOM" source="NYT_ENG_20131130.0062" offset="3224" length="10">
        <mention_text>protesters</mention_text>
        <nom_head source="NYT_ENG_20131130.0062" offset="3224" length="10">protesters</nom_head>
      </entity_mention>
      <entity_mention id="m-597" noun_type="NOM" source="NYT_ENG_20131130.0062" offset="3357" length="10">
        <mention_text>protesters</mention_text>
        <nom_head source="NYT_ENG_20131130.0062" offset="3357" length="10">protesters</nom_head>
      </entity_mention>
      <entity_mention id="m-666" noun_type="NOM" source="NYT_ENG_20131130.0062" offset="3657" length="33">
        <mention_text>protesters on Independence Square</mention_text>
        <nom_head source="NYT_ENG_20131130.0062" offset="3657" length="10">protesters</nom_head>
      </entity_mention>
    </entity>
    <entity id="ent-258" type="FAC" specificity="specificIndividual">
      <entity_mention id="m-252" noun_type="NAM" source="NYT_ENG_20131130.0062" offset="1297" length="19">
        <mention_text>Independence Square</mention_text>
      </entity_mention>
      <entity_mention id="m-261" noun_type="PRO" source="NYT_ENG_20131130.0062" offset="1318" length="5">
        <mention_text>which</mention_text>
      </entity_mention>
      <entity_mention id="m-267" noun_type="NOM" source="NYT_ENG_20131130.0062" offset="1333" length="21">
        <mention_text>the main protest site</mention_text>
        <nom_head source="NYT_ENG_20131130.0062" offset="1350" length="4">site</nom_head>
      </entity_mention>
      <entity_mention id="m-285" noun_type="PRO" source="NYT_ENG_20131130.0062" offset="1679" length="5">
        <mention_text>there</mention_text>
      </entity_mention>
      <entity_mention id="m-291" noun_type="PRO" source="NYT_ENG_20131130.0062" offset="1430" length="5">
        <mention_text>there</mention_text>
      </entity_mention>
      <entity_mention id="m-591" noun_type="NOM" source="NYT_ENG_20131130.0062" offset="3338" length="10">
        <mention_text>the square</mention_text>
        <nom_head source="NYT_ENG_20131130.0062" offset="3342" length="6">square</nom_head>
      </entity_mention>
      <entity_mention id="m-1162" noun_type="NAM" source="NYT_ENG_20131130.0062" offset="3671" length="19">
        <mention_text>Independence Square</mention_text>
      </entity_mention>
    </entity>
    <entity id="ent-303" type="PER" specificity="specificGroup">
      <entity_mention id="m-297" noun_type="NOM" source="NYT_ENG_20131130.0062" offset="1386" length="30">
        <mention_text>A crowd of about 10,000 people</mention_text>
        <nom_head source="NYT_ENG_20131130.0062" offset="1388" length="5">crowd</nom_head>
      </entity_mention>
    </entity>
    <entity id="ent-318" type="GPE" specificity="specificIndividual">
      <entity_mention id="m-312" noun_type="NAM" source="NYT_ENG_20131130.0062" offset="1477" length="7">
        <mention_text>Vilnius</mention_text>
      </entity_mention>
      <entity_mention id="m-330" noun_type="PRO" source="NYT_ENG_20131130.0062" offset="1497" length="5">
        <mention_text>where</mention_text>
      </entity_mention>
    </entity>
    <entity id="ent-327" type="GPE" specificity="specificIndividual">
      <entity_mention id="m-321" noun_type="NAM" source="NYT_ENG_20131130.0062" offset="1486" length="9">
        <mention_text>Lithuania</mention_text>
      </entity_mention>
    </entity>
    <entity id="ent-354" type="PER" specificity="specificGroup">
      <entity_mention id="m-348" noun_type="NOM" source="NYT_ENG_20131130.0062" offset="1832" length="9">
        <mention_text>witnesses</mention_text>
        <nom_head source="NYT_ENG_20131130.0062" offset="1832" length="9">witnesses</nom_head>
      </entity_mention>
    </entity>
    <entity id="ent-363" type="PER" specificity="specificGroup">
      <entity_mention id="m-357" noun_type="NOM" source="NYT_ENG_20131130.0062" offset="1852" length="27">
        <mention_text>At least three dozen people</mention_text>
        <nom_head source="NYT_ENG_20131130.0062" offset="1873" length="6">people</nom_head>
      </entity_mention>
    </entity>
    <entity id="ent-372" type="PER" specificity="specificIndividual">
      <entity_mention id="m-366" noun_type="NAM" source="NYT_ENG_20131130.0062" offset="1898" length="12">
        <mention_text>Roman Sharan</mention_text>
      </entity_mention>
      <entity_mention id="m-375" noun_type="NOM" source="NYT_ENG_20131130.0062" offset="1916" length="115">
        <mention_text>a veterinary student who was in the crowd and had a deep red welt on his knee from having been hit with a truncheon</mention_text>
        <nom_head source="NYT_ENG_20131130.0062" offset="1929" length="7">student</nom_head>
      </entity_mention>
      <entity_mention id="m-387" noun_type="NAM" source="NYT_ENG_20131130.0062" offset="2033" length="6">
        <mention_text>Sharan</mention_text>
      </entity_mention>
      <entity_mention id="m-411" noun_type="PRO" source="NYT_ENG_20131130.0062" offset="2156" length="2">
        <mention_text>He</mention_text>
      </entity_mention>
      <entity_mention id="m-417" noun_type="PRO" source="NYT_ENG_20131130.0062" offset="2164" length="2">
        <mention_text>he</mention_text>
      </entity_mention>
    </entity>
    <entity id="ent-429" type="PER" specificity="specificGroup">
      <entity_mention id="m-423" noun_type="PRO" source="NYT_ENG_20131130.0062" offset="2271" length="6">
        <mention_text>others</mention_text>
      </entity_mention>
    </entity>
    <entity id="ent-444" type="PER" specificity="specificGroup">
      <entity_mention id="m-438" noun_type="NOM" source="NYT_ENG_20131130.0062" offset="2288" length="25">
        <mention_text>Some of the demonstrators</mention_text>
        <nom_head source="NYT_ENG_20131130.0062" offset="2288" length="4">Some</nom_head>
      </entity_mention>
    </entity>
    <entity id="ent-477" type="PER" specificity="specificGroup">
      <entity_mention id="m-471" noun_type="NOM" source="NYT_ENG_20131130.0062" offset="2483" length="7">
        <mention_text>A group</mention_text>
        <nom_head source="NYT_ENG_20131130.0062" offset="2485" length="5">group</nom_head>
      </entity_mention>
    </entity>
    <entity id="ent-540" type="LOC" specificity="specificIndividual">
      <entity_mention id="m-534" noun_type="NAM" source="NYT_ENG_20131130.0062" offset="2880" length="4">
        <mention_text>West</mention_text>
      </entity_mention>
      <entity_mention id="m-804" noun_type="NAM" source="NYT_ENG_20131130.0062" offset="4332" length="7">
        <mention_text>Western</mention_text>
      </entity_mention>
    </entity>
    <entity id="ent-555" type="ORG" specificity="specificIndividual">
      <entity_mention id="m-549" noun_type="NOM" source="NYT_ENG_20131130.0062" offset="2948" length="24">
        <mention_text>Kiev metropolitan police</mention_text>
        <nom_head source="NYT_ENG_20131130.0062" offset="2966" length="6">police</nom_head>
      </entity_mention>
      <entity_mention id="m-558" noun_type="NOM" source="NYT_ENG_20131130.0062" offset="3158" length="6">
        <mention_text>police</mention_text>
        <nom_head source="NYT_ENG_20131130.0062" offset="3158" length="6">police</nom_head>
      </entity_mention>
    </entity>
    <entity id="ent-570" type="PER" specificity="specificGroup">
      <entity_mention id="m-564" noun_type="NOM" source="NYT_ENG_20131130.0062" offset="2983" length="18">
        <mention_text>at least 35 people</mention_text>
        <nom_head source="NYT_ENG_20131130.0062" offset="2995" length="6">people</nom_head>
      </entity_mention>
    </entity>
    <entity id="ent-609" type="PER" specificity="specificGroup">
      <entity_mention id="m-603" noun_type="NOM" source="NYT_ENG_20131130.0062" offset="3387" length="7">
        <mention_text>workers</mention_text>
        <nom_head source="NYT_ENG_20131130.0062" offset="3387" length="7">workers</nom_head>
      </entity_mention>
    </entity>
    <entity id="ent-618" type="GPE" specificity="specificIndividual">
      <entity_mention id="m-612" noun_type="NAM" source="NYT_ENG_20131130.0062" offset="3447" length="4">
        <mention_text>U.S.</mention_text>
      </entity_mention>
      <entity_mention id="m-660" noun_type="NAM" source="NYT_ENG_20131130.0062" offset="3613" length="13">
        <mention_text>United States</mention_text>
      </entity_mention>
      <entity_mention id="m-678" noun_type="PRO" source="NYT_ENG_20131130.0062" offset="3731" length="2">
        <mention_text>We</mention_text>
      </entity_mention>
      <entity_mention id="m-762" noun_type="NAM" source="NYT_ENG_20131130.0062" offset="4152" length="4">
        <mention_text>U.S.</mention_text>
      </entity_mention>
    </entity>
    <entity id="ent-633" type="ORG" specificity="specificIndividual">
      <entity_mention id="m-627" noun_type="NOM" source="NYT_ENG_20131130.0062" offset="3447" length="20">
        <mention_text>U.S. Embassy in Kiev</mention_text>
        <nom_head source="NYT_ENG_20131130.0062" offset="3452" length="7">Embassy</nom_head>
      </entity_mention>
      <entity_mention id="m-672" noun_type="NOM" source="NYT_ENG_20131130.0062" offset="3712" length="11">
        <mention_text>the embassy</mention_text>
        <nom_head source="NYT_ENG_20131130.0062" offset="3716" length="7">embassy</nom_head>
      </entity_mention>
    </entity>
    <entity id="ent-648" type="ORG" specificity="specificIndividual">
      <entity_mention id="m-642" noun_type="NOM" source="NYT_ENG_20131130.0062" offset="3534" length="24">
        <mention_text>the Ukrainian government</mention_text>
        <nom_head source="NYT_ENG_20131130.0062" offset="3548" length="10">government</nom_head>
      </entity_mention>
      <entity_mention id="m-684" noun_type="NOM" source="NYT_ENG_20131130.0062" offset="3739" length="25">
        <mention_text>the government of Ukraine</mention_text>
        <nom_head source="NYT_ENG_20131130.0062" offset="3743" length="10">government</nom_head>
      </entity_mention>
    </entity>
    <entity id="ent-657" type="GPE" specificity="specificIndividual">
      <entity_mention id="m-696" noun_type="NAM" source="NYT_ENG_20131130.0062" offset="3882" length="10">
        <mention_text>Washington</mention_text>
      </entity_mention>
    </entity>
    <entity id="ent-702" type="ORG" specificity="specificIndividual">
      <entity_mention id="m-705" noun_type="NAM" source="NYT_ENG_20131130.0062" offset="3898" length="16">
        <mention_text>State Department</mention_text>
      </entity_mention>
      <entity_mention id="m-768" noun_type="NAM" source="NYT_ENG_20131130.0062" offset="4170" length="5">
        <mention_text>State</mention_text>
      </entity_mention>
    </entity>
    <entity id="ent-717" type="PER" specificity="specificGroup">
      <entity_mention id="m-711" noun_type="NOM" source="NYT_ENG_20131130.0062" offset="3790" length="13">
        <mention_text>civil society</mention_text>
        <nom_head source="NYT_ENG_20131130.0062" offset="3796" length="7">society</nom_head>
      </entity_mention>
    </entity>
    <entity id="ent-726" type="PER" specificity="specificIndividual">
      <entity_mention id="m-720" noun_type="NOM" source="NYT_ENG_20131130.0062" offset="3894" length="32">
        <mention_text>the State Department spokeswoman</mention_text>
        <nom_head source="NYT_ENG_20131130.0062" offset="3915" length="11">spokeswoman</nom_head>
      </entity_mention>
      <entity_mention id="m-729" noun_type="NAM" source="NYT_ENG_20131130.0062" offset="3928" length="9">
        <mention_text>Jen Psaki</mention_text>
      </entity_mention>
      <entity_mention id="m-741" noun_type="PRO" source="NYT_ENG_20131130.0062" offset="4045" length="3">
        <mention_text>she</mention_text>
      </entity_mention>
    </entity>
    <entity id="ent-759" type="PER" specificity="specificGroup">
      <entity_mention id="m-753" noun_type="NOM" source="NYT_ENG_20131130.0062" offset="4064" length="19">
        <mention_text>Senior EU officials</mention_text>
        <nom_head source="NYT_ENG_20131130.0062" offset="4074" length="9">officials</nom_head>
      </entity_mention>
    </entity>
    <entity id="ent-780" type="PER" specificity="specificIndividual">
      <entity_mention id="m-774" noun_type="NAM" source="NYT_ENG_20131130.0062" offset="4176" length="10">
        <mention_text>John Kerry</mention_text>
      </entity_mention>
    </entity>
    <entity id="ent-789" type="ORG" specificity="specificIndividual">
      <entity_mention id="m-783" noun_type="NAM" source="NYT_ENG_20131130.0062" offset="4233" length="51">
        <mention_text>Organization for Security and Cooperation in Europe</mention_text>
      </entity_mention>
    </entity>
    <entity id="ent-816" type="PER" specificity="specificGroup">
      <entity_mention id="m-810" noun_type="NOM" source="NYT_ENG_20131130.0062" offset="4326" length="23">
        <mention_text>other Western officials</mention_text>
        <nom_head source="NYT_ENG_20131130.0062" offset="4340" length="9">officials</nom_head>
      </entity_mention>
    </entity>
    <entity id="ent-837" type="GPE" specificity="specificIndividual">
      <entity_mention id="m-831" noun_type="NAM" source="NYT_ENG_20131130.0062" offset="4496" length="6">
        <mention_text>Russia</mention_text>
      </entity_mention>
      <entity_mention id="m-840" noun_type="NOM" source="NYT_ENG_20131130.0062" offset="4504" length="62">
        <mention_text>Ukraine’s eastern neighbor and most important economic partner</mention_text>
        <nom_head source="NYT_ENG_20131130.0062" offset="4559" length="7">partner</nom_head>
      </entity_mention>
      <entity_mention id="m-858" noun_type="NAM" source="NYT_ENG_20131130.0062" offset="4612" length="7">
        <mention_text>Kremlin</mention_text>
      </entity_mention>
    </entity>
  </entities>
  <fillers>
    <filler id="f-950" source="NYT_ENG_20131130.0062" offset="668" length="9" type="title">President</filler>
    <filler id="f-1060" source="NYT_ENG_20131130.0062" offset="1912" length="2" type="age">21</filler>
    <filler id="f-1070" source="NYT_ENG_20131130.0062" offset="1929" length="7" type="title">student</filler>
    <filler id="f-1216" source="NYT_ENG_20131130.0062" offset="3915" length="11" type="title">spokeswoman</filler>
    <filler id="f-1236" source="NYT_ENG_20131130.0062" offset="4157" length="18" type="title">Secretary of State</filler>
    <filler id="f-1357" source="NYT_ENG_20131130.0062" offset="611" length="8" type="time" nom_time="2013-11-30">Saturday</filler>
    <filler id="f-1399" source="NYT_ENG_20131130.0062" offset="611" length="8" type="time" nom_time="2013-11-30">Saturday</filler>
    <filler id="f-1436" source="NYT_ENG_20131130.0062" offset="611" length="8" type="time" nom_time="2013-11-30">Saturday</filler>
    <filler id="f-1756" source="NYT_ENG_20131130.0062" offset="1222" length="10" type="weapon">truncheons</filler>
    <filler id="f-1763" source="NYT_ENG_20131130.0062" offset="1256" length="8" type="weapon">tear gas</filler>
    <filler id="f-1835" source="NYT_ENG_20131130.0062" offset="1436" length="6" type="time" nom_time="2013-11-29">Friday</filler>
    <filler id="f-1865" source="NYT_ENG_20131130.0062" offset="1436" length="6" type="time" nom_time="2013-11-29">Friday</filler>
    <filler id="f-2059" source="NYT_ENG_20131130.0062" offset="1731" length="12" type="commodity">body shields</filler>
    <filler id="f-2147" source="NYT_ENG_20131130.0062" offset="2022" length="9" type="weapon">truncheon</filler>
    <filler id="f-2169" source="NYT_ENG_20131130.0062" offset="2022" length="9" type="weapon">truncheon</filler>
    <filler id="f-2622" source="NYT_ENG_20131130.0062" offset="3043" length="11" type="crime">hooliganism</filler>
    <filler id="f-2629" source="NYT_ENG_20131130.0062" offset="3059" length="37" type="crime">resisting law enforcement authorities</filler>
    <filler id="f-2819" source="NYT_ENG_20131130.0062" offset="3487" length="8" type="time" nom_time="2013-11-30">Saturday</filler>
    <filler id="f-2879" source="NYT_ENG_20131130.0062" offset="3697" length="12" type="time" nom_time="2013-11-30">this morning</filler>
    <filler id="f-2928" source="NYT_ENG_20131130.0062" offset="3697" length="12" type="time" nom_time="2013-11-30">this morning</filler>
    <filler id="f-3076" source="NYT_ENG_20131130.0062" offset="4311" length="9" type="time" nom_time="2013-12-0X">this week</filler>
  </fillers>
  <relations>
    <relation id="r-2058" type="physical" subtype="locatednear">
      <relation_mention id="relm-882" realis="true">
        <rel_arg1 entity_id="ent-8" entity_mention_id="m-18" role="entity">UKRAINIANS</rel_arg1>
        <rel_arg2 entity_id="ent-30" entity_mention_id="m-24" role="loc">STREET</rel_arg2>
        <trigger source="NYT_ENG_20131130.0062" offset="188" length="2">IN</trigger>
      </relation_mention>
    </relation>
    <relation id="r-2059" type="physical" subtype="locatednear">
      <relation_mention id="relm-892" realis="true">
        <rel_arg1 entity_id="ent-57" entity_mention_id="m-51" role="entity">KIEV</rel_arg1>
        <rel_arg2 entity_id="ent-66" entity_mention_id="m-60" role="loc">Ukraine</rel_arg2>
      </relation_mention>
    </relation>
    <relation id="r-2060" type="physical" subtype="locatednear">
      <relation_mention id="relm-902" realis="true">
        <rel_arg1 entity_id="ent-249" entity_mention_id="m-78" role="entity">several hundred protesters</rel_arg1>
        <rel_arg2 entity_id="ent-93" entity_mention_id="m-87" role="loc">the center of this roiled capital</rel_arg2>
        <trigger source="NYT_ENG_20131130.0062" offset="568" length="2">in</trigger>
      </relation_mention>
    </relation>
    <relation id="r-2061" type="physical" subtype="locatednear">
      <relation_mention id="relm-912" realis="true">
        <rel_arg1 entity_id="ent-240" entity_mention_id="m-69" role="entity">the police</rel_arg1>
        <rel_arg2 entity_id="ent-93" entity_mention_id="m-87" role="loc">the center of this roiled capital</rel_arg2>
        <trigger source="NYT_ENG_20131130.0062" offset="568" length="2">in</trigger>
      </relation_mention>
    </relation>
    <relation id="r-2062" type="physical" subtype="locatednear">
      <relation_mention id="relm-922" realis="true">
        <rel_arg1 entity_id="ent-93" entity_mention_id="m-87" role="entity">the center of this roiled capital</rel_arg1>
        <rel_arg2 entity_id="ent-57" entity_mention_id="m-96" role="loc">this roiled capital</rel_arg2>
        <trigger source="NYT_ENG_20131130.0062" offset="582" length="2">of</trigger>
      </relation_mention>
    </relation>
    <relation id="r-2063" type="physical" subtype="locatednear">
      <relation_mention id="relm-932" realis="true">
        <rel_arg1 entity_id="ent-177" entity_mention_id="m-102" role="entity">thousands more</rel_arg1>
        <rel_arg2 entity_id="ent-30" entity_mention_id="m-111" role="loc">the streets</rel_arg2>
        <trigger source="NYT_ENG_20131130.0062" offset="641" length="2">to</trigger>
      </relation_mention>
    </relation>
    <relation id="r-2064" type="personalsocial" subtype="role">
      <relation_mention id="relm-942" realis="true">
        <rel_arg1 entity_id="ent-123" entity_mention_id="m-117" role="per">Viktor F. Yanukovich</rel_arg1>
        <rel_arg2 filler_id="f-950" role="role">President</rel_arg2>
      </relation_mention>
    </relation>
    <relation id="r-2065" type="physical" subtype="locatednear">
      <relation_mention id="relm-952" realis="true">
        <rel_arg1 entity_id="ent-39" entity_mention_id="m-126" role="entity">European Union</rel_arg1>
        <rel_arg2 entity_id="ent-138" entity_mention_id="m-132" role="loc">European</rel_arg2>
        <trigger source="NYT_ENG_20131130.0062" offset="772" length="8">European</trigger>
      </relation_mention>
      <relation_mention id="relm-1308" realis="true">
        <rel_arg1 entity_id="ent-39" entity_mention_id="m-870" role="entity">the Europeans</rel_arg1>
        <rel_arg2 entity_id="ent-138" entity_mention_id="m-876" role="loc">Europeans</rel_arg2>
        <trigger source="NYT_ENG_20131130.0062" offset="4653" length="9">Europeans</trigger>
      </relation_mention>
    </relation>
    <relation id="r-2066" type="physical" subtype="locatednear">
      <relation_mention id="relm-962" realis="true">
        <rel_arg1 entity_id="ent-108" entity_mention_id="m-171" role="entity">a huge mass</rel_arg1>
        <rel_arg2 entity_id="ent-186" entity_mention_id="m-180" role="loc">the cobblestone streets outside the centuries-old St. Michael’s Golden-Domed Monastery</rel_arg2>
        <trigger source="NYT_ENG_20131130.0062" offset="897" length="2">on</trigger>
      </relation_mention>
    </relation>
    <relation id="r-2067" type="physical" subtype="locatednear">
      <relation_mention id="relm-972" realis="true">
        <rel_arg1 entity_id="ent-186" entity_mention_id="m-180" role="entity">the cobblestone streets outside the centuries-old St. Michael’s Golden-Domed Monastery</rel_arg1>
        <rel_arg2 entity_id="ent-195" entity_mention_id="m-189" role="loc">St. Michael’s Golden-Domed Monastery</rel_arg2>
        <trigger source="NYT_ENG_20131130.0062" offset="924" length="7">outside</trigger>
      </relation_mention>
    </relation>
    <relation id="r-2068" type="generalaffiliation" subtype="more">
      <relation_mention id="relm-982" realis="true">
        <rel_arg1 entity_id="ent-231" entity_mention_id="m-225" role="per">her heroes</rel_arg1>
        <rel_arg2 entity_id="ent-66" entity_mention_id="m-219" role="entity">her</rel_arg2>
        <trigger source="NYT_ENG_20131130.0062" offset="1169" length="3">her</trigger>
      </relation_mention>
    </relation>
    <relation id="r-2069" type="physical" subtype="locatednear">
      <relation_mention id="relm-992" realis="true">
        <rel_arg1 entity_id="ent-249" entity_mention_id="m-243" role="entity">the crowd in Independence Square</rel_arg1>
        <rel_arg2 entity_id="ent-258" entity_mention_id="m-252" role="loc">Independence Square</rel_arg2>
        <trigger source="NYT_ENG_20131130.0062" offset="1294" length="2">in</trigger>
      </relation_mention>
      <relation_mention id="relm-1032" realis="true">
        <rel_arg1 entity_id="ent-249" entity_mention_id="m-273" role="entity">Several hundred protesters</rel_arg1>
        <rel_arg2 entity_id="ent-258" entity_mention_id="m-285" role="loc">there</rel_arg2>
        <trigger source="NYT_ENG_20131130.0062" offset="1670" length="8">gathered</trigger>
      </relation_mention>
      <relation_mention id="relm-1122" realis="true">
        <rel_arg1 entity_id="ent-249" entity_mention_id="m-597" role="entity">protesters</rel_arg1>
        <rel_arg2 entity_id="ent-258" entity_mention_id="m-591" role="loc">the square</rel_arg2>
      </relation_mention>
      <relation_mention id="relm-1168" realis="true">
        <rel_arg1 entity_id="ent-249" entity_mention_id="m-666" role="entity">protesters on Independence Square</rel_arg1>
        <rel_arg2 entity_id="ent-258" entity_mention_id="m-1162" role="loc">Independence Square</rel_arg2>
        <trigger source="NYT_ENG_20131130.0062" offset="3668" length="2">on</trigger>
      </relation_mention>
    </relation>
    <relation id="r-2070" type="physical" subtype="locatednear">
      <relation_mention id="relm-1002" realis="true">
        <rel_arg1 entity_id="ent-303" entity_mention_id="m-297" role="entity">A crowd of about 10,000 people</rel_arg1>
        <rel_arg2 entity_id="ent-258" entity_mention_id="m-291" role="loc">there</rel_arg2>
        <trigger source="NYT_ENG_20131130.0062" offset="1421" length="8">gathered</trigger>
      </relation_mention>
    </relation>
    <relation id="r-2071" type="physical" subtype="locatednear">
      <relation_mention id="relm-1012" realis="true">
        <rel_arg1 entity_id="ent-318" entity_mention_id="m-312" role="entity">Vilnius</rel_arg1>
        <rel_arg2 entity_id="ent-327" entity_mention_id="m-321" role="loc">Lithuania</rel_arg2>
      </relation_mention>
    </relation>
    <relation id="r-2072" type="physical" subtype="locatednear">
      <relation_mention id="relm-1022" realis="false">
        <rel_arg1 entity_id="ent-123" entity_mention_id="m-336" role="entity">Yanukovich</rel_arg1>
        <rel_arg2 entity_id="ent-318" entity_mention_id="m-330" role="loc">where</rel_arg2>
      </relation_mention>
    </relation>
    <relation id="r-2073" type="physical" subtype="locatednear">
      <relation_mention id="relm-1042" realis="true">
        <rel_arg1 entity_id="ent-240" entity_mention_id="m-342" role="entity">the police</rel_arg1>
        <rel_arg2 entity_id="ent-258" entity_mention_id="m-285" role="loc">there</rel_arg2>
        <trigger source="NYT_ENG_20131130.0062" offset="1751" length="2">in</trigger>
      </relation_mention>
    </relation>
    <relation id="r-2074" type="generalaffiliation" subtype="personage">
      <relation_mention id="relm-1052" realis="true">
        <rel_arg1 entity_id="ent-372" entity_mention_id="m-366" role="per">Roman Sharan</rel_arg1>
        <rel_arg2 filler_id="f-1060" role="age">21</rel_arg2>
      </relation_mention>
    </relation>
    <relation id="r-2075" type="personalsocial" subtype="role">
      <relation_mention id="relm-1062" realis="true">
        <rel_arg1 entity_id="ent-372" entity_mention_id="m-375" role="per">a veterinary student who was in the crowd and had a deep red welt on his knee from having been hit with a truncheon</rel_arg1>
        <rel_arg2 filler_id="f-1070" role="role">student</rel_arg2>
      </relation_mention>
    </relation>
    <relation id="r-2076" type="physical" subtype="locatednear">
      <relation_mention id="relm-1072" realis="true">
        <rel_arg1 entity_id="ent-444" entity_mention_id="m-438" role="entity">Some of the demonstrators</rel_arg1>
        <rel_arg2 entity_id="ent-195" entity_mention_id="m-453" role="loc">the ornate monastery</rel_arg2>
        <trigger source="NYT_ENG_20131130.0062" offset="2350" length="6">inside</trigger>
      </relation_mention>
    </relation>
    <relation id="r-2077" type="physical" subtype="locatednear">
      <relation_mention id="relm-1082" realis="true">
        <rel_arg1 entity_id="ent-477" entity_mention_id="m-471" role="entity">A group</rel_arg1>
        <rel_arg2 entity_id="ent-195" entity_mention_id="m-480" role="loc">the monastery</rel_arg2>
        <trigger source="NYT_ENG_20131130.0062" offset="2500" length="6">inside</trigger>
      </relation_mention>
    </relation>
    <relation id="r-2078" type="physical" subtype="locatednear">
      <relation_mention id="relm-1092" realis="true">
        <rel_arg1 entity_id="ent-108" entity_mention_id="m-486" role="entity">a large crowd</rel_arg1>
        <rel_arg2 entity_id="ent-195" entity_mention_id="m-480" role="loc">the monastery</rel_arg2>
        <trigger source="NYT_ENG_20131130.0062" offset="2570" length="7">outside</trigger>
      </relation_mention>
    </relation>
    <relation id="r-2079" type="physical" subtype="locatednear">
      <relation_mention id="relm-1102" realis="true">
        <rel_arg1 entity_id="ent-84" entity_mention_id="m-504" role="entity">cities across the country</rel_arg1>
        <rel_arg2 entity_id="ent-66" entity_mention_id="m-510" role="loc">the country</rel_arg2>
        <trigger source="NYT_ENG_20131130.0062" offset="2729" length="6">across</trigger>
      </relation_mention>
    </relation>
    <relation id="r-2080" type="partwhole" subtype="subsidiary">
      <relation_mention id="relm-1112" realis="true">
        <rel_arg1 entity_id="ent-555" entity_mention_id="m-549" role="suborg">Kiev metropolitan police</rel_arg1>
        <rel_arg2 entity_id="ent-57" entity_mention_id="m-543" role="parent">Kiev</rel_arg2>
      </relation_mention>
    </relation>
    <relation id="r-2081" type="physical" subtype="orglocationorigin">
      <relation_mention id="relm-1132" realis="true">
        <rel_arg1 entity_id="ent-633" entity_mention_id="m-627" role="org">U.S. Embassy in Kiev</rel_arg1>
        <rel_arg2 entity_id="ent-57" entity_mention_id="m-621" role="loc">Kiev</rel_arg2>
        <trigger source="NYT_ENG_20131130.0062" offset="3460" length="2">in</trigger>
      </relation_mention>
    </relation>
    <relation id="r-2082" type="partwhole" subtype="subsidiary">
      <relation_mention id="relm-1142" realis="true">
        <rel_arg1 entity_id="ent-633" entity_mention_id="m-627" role="suborg">U.S. Embassy in Kiev</rel_arg1>
        <rel_arg2 entity_id="ent-618" entity_mention_id="m-612" role="parent">U.S.</rel_arg2>
      </relation_mention>
    </relation>
    <relation id="r-2083" type="partwhole" subtype="subsidiary">
      <relation_mention id="relm-1152" realis="true">
        <rel_arg1 entity_id="ent-648" entity_mention_id="m-642" role="suborg">the Ukrainian government</rel_arg1>
        <rel_arg2 entity_id="ent-66" entity_mention_id="m-636" role="parent">Ukrainian</rel_arg2>
      </relation_mention>
      <relation_mention id="relm-1178" realis="true">
        <rel_arg1 entity_id="ent-648" entity_mention_id="m-684" role="suborg">the government of Ukraine</rel_arg1>
        <rel_arg2 entity_id="ent-66" entity_mention_id="m-690" role="parent">Ukraine</rel_arg2>
      </relation_mention>
    </relation>
    <relation id="r-2084" type="physical" subtype="locatednear">
      <relation_mention id="relm-1188" realis="true">
        <rel_arg1 entity_id="ent-726" entity_mention_id="m-720" role="entity">the State Department spokeswoman</rel_arg1>
        <rel_arg2 entity_id="ent-657" entity_mention_id="m-696" role="loc">Washington</rel_arg2>
        <trigger source="NYT_ENG_20131130.0062" offset="3879" length="2">In</trigger>
      </relation_mention>
    </relation>
    <relation id="r-2085" type="orgaffiliation" subtype="employmentmembership">
      <relation_mention id="relm-1198" realis="true">
        <rel_arg1 entity_id="ent-726" entity_mention_id="m-720" role="employeemember">the State Department spokeswoman</rel_arg1>
        <rel_arg2 entity_id="ent-702" entity_mention_id="m-705" role="org">State Department</rel_arg2>
        <trigger source="NYT_ENG_20131130.0062" offset="3915" length="11">spokeswoman</trigger>
      </relation_mention>
    </relation>
    <relation id="r-2086" type="personalsocial" subtype="role">
      <relation_mention id="relm-1208" realis="true">
        <rel_arg1 entity_id="ent-726" entity_mention_id="m-720" role="per">the State Department spokeswoman</rel_arg1>
        <rel_arg2 filler_id="f-1216" role="role">spokeswoman</rel_arg2>
      </relation_mention>
    </relation>
    <relation id="r-2087" type="orgaffiliation" subtype="employmentmembership">
      <relation_mention id="relm-1218" realis="true">
        <rel_arg1 entity_id="ent-759" entity_mention_id="m-753" role="employeemember">Senior EU officials</rel_arg1>
        <rel_arg2 entity_id="ent-39" entity_mention_id="m-747" role="org">EU</rel_arg2>
      </relation_mention>
    </relation>
    <relation id="r-2088" type="personalsocial" subtype="role">
      <relation_mention id="relm-1228" realis="true">
        <rel_arg1 entity_id="ent-780" entity_mention_id="m-774" role="per">John Kerry</rel_arg1>
        <rel_arg2 filler_id="f-1236" role="role">Secretary of State</rel_arg2>
      </relation_mention>
    </relation>
    <relation id="r-2089" type="orgaffiliation" subtype="leadership">
      <relation_mention id="relm-1248" realis="true">
        <rel_arg1 entity_id="ent-780" entity_mention_id="m-774" role="leader">John Kerry</rel_arg1>
        <rel_arg2 entity_id="ent-702" entity_mention_id="m-768" role="entity">State</rel_arg2>
        <trigger source="NYT_ENG_20131130.0062" offset="4157" length="18">Secretary of State</trigger>
      </relation_mention>
    </relation>
    <relation id="r-2090" type="partwhole" subtype="subsidiary">
      <relation_mention id="relm-1258" realis="true">
        <rel_arg1 entity_id="ent-702" entity_mention_id="m-768" role="suborg">State</rel_arg1>
        <rel_arg2 entity_id="ent-618" entity_mention_id="m-762" role="parent">U.S.</rel_arg2>
      </relation_mention>
    </relation>
    <relation id="r-2091" type="physical" subtype="orglocationorigin">
      <relation_mention id="relm-1268" realis="true">
        <rel_arg1 entity_id="ent-789" entity_mention_id="m-783" role="org">Organization for Security and Cooperation in Europe</rel_arg1>
        <rel_arg2 entity_id="ent-66" entity_mention_id="m-798" role="loc">here</rel_arg2>
        <trigger source="NYT_ENG_20131130.0062" offset="4301" length="4">held</trigger>
      </relation_mention>
    </relation>
    <relation id="r-2092" type="physical" subtype="locatednear">
      <relation_mention id="relm-1278" realis="true">
        <rel_arg1 entity_id="ent-816" entity_mention_id="m-810" role="entity">other Western officials</rel_arg1>
        <rel_arg2 entity_id="ent-66" entity_mention_id="m-798" role="loc">here</rel_arg2>
        <trigger source="NYT_ENG_20131130.0062" offset="4362" length="8">arriving</trigger>
      </relation_mention>
    </relation>
    <relation id="r-2093" type="physical" subtype="locatednear">
      <relation_mention id="relm-1298" realis="true">
        <rel_arg1 entity_id="ent-837" entity_mention_id="m-840" role="entity">Ukraine’s eastern neighbor and most important economic partner</rel_arg1>
        <rel_arg2 entity_id="ent-66" entity_mention_id="m-846" role="loc">Ukraine</rel_arg2>
        <trigger source="NYT_ENG_20131130.0062" offset="4522" length="8">neighbor</trigger>
      </relation_mention>
    </relation>
    <relation id="r-2094" type="orgaffiliation" subtype="leadership">
      <relation_mention id="relm-1589" realis="true">
        <rel_arg1 entity_id="ent-123" entity_mention_id="m-117" role="leader">Viktor F. Yanukovich</rel_arg1>
        <rel_arg2 entity_id="ent-66" entity_mention_id="m-60" role="entity">Ukraine</rel_arg2>
        <trigger source="NYT_ENG_20131130.0062" offset="668" length="9">President</trigger>
      </relation_mention>
    </relation>
    <relation id="r-2095" type="orgaffiliation" subtype="employmentmembership">
      <relation_mention id="relm-3252" realis="true">
        <rel_arg1 entity_id="ent-780" entity_mention_id="m-774" role="employeemember">John Kerry</rel_arg1>
        <rel_arg2 entity_id="ent-618" entity_mention_id="m-762" role="org">U.S.</rel_arg2>
      </relation_mention>
    </relation>
  </relations>
  <hoppers>
    <hopper id="h-16">
      <event_mention id="em-1318" type="movement" subtype="transportperson" realis="actual">
        <trigger source="NYT_ENG_20131130.0062" offset="531" length="9">dispersed</trigger>
        <em_arg entity_id="ent-240" entity_mention_id="m-69" role="agent" realis="true">the police</em_arg>
        <em_arg entity_id="ent-249" entity_mention_id="m-78" role="person" realis="true">several hundred protesters</em_arg>
        <em_arg entity_id="ent-93" entity_mention_id="m-87" role="origin" realis="true">the center of this roiled capital</em_arg>
        <em_arg filler_id="f-1357" role="time" realis="true">Saturday</em_arg>
      </event_mention>
    </hopper>
    <hopper id="h-1402">
      <event_mention id="em-1360" type="conflict" subtype="attack" realis="actual">
        <trigger source="NYT_ENG_20131130.0062" offset="531" length="9">dispersed</trigger>
        <em_arg entity_id="ent-240" entity_mention_id="m-69" role="attacker" realis="true">the police</em_arg>
        <em_arg entity_id="ent-249" entity_mention_id="m-78" role="target" realis="true">several hundred protesters</em_arg>
        <em_arg entity_id="ent-93" entity_mention_id="m-87" role="place" realis="true">the center of this roiled capital</em_arg>
        <em_arg filler_id="f-1399" role="time" realis="true">Saturday</em_arg>
      </event_mention>
      <event_mention id="em-1710" type="conflict" subtype="attack" realis="actual">
        <trigger source="NYT_ENG_20131130.0062" offset="1076" length="9">brutality</trigger>
        <em_arg entity_id="ent-204" entity_mention_id="m-198" role="attacker" realis="true">the police</em_arg>
      </event_mention>
      <event_mention id="em-1731" type="conflict" subtype="attack" realis="actual">
        <trigger source="NYT_ENG_20131130.0062" offset="1275" length="8">broke up</trigger>
        <em_arg entity_id="ent-240" entity_mention_id="m-234" role="attacker" realis="true">Riot police officers</em_arg>
        <em_arg filler_id="f-1756" role="instrument" realis="true">truncheons</em_arg>
        <em_arg filler_id="f-1763" role="instrument" realis="true">tear gas</em_arg>
        <em_arg entity_id="ent-258" entity_mention_id="m-252" role="place" realis="true">Independence Square</em_arg>
        <em_arg entity_id="ent-249" entity_mention_id="m-243" role="target" realis="true">the crowd in Independence Square</em_arg>
      </event_mention>
      <event_mention id="em-2071" type="conflict" subtype="attack" realis="actual">
        <trigger source="NYT_ENG_20131130.0062" offset="1885" length="6">beaten</trigger>
        <em_arg entity_id="ent-363" entity_mention_id="m-357" role="target" realis="true">At least three dozen people</em_arg>
      </event_mention>
      <event_mention id="em-2189" type="conflict" subtype="attack" realis="actual">
        <trigger source="NYT_ENG_20131130.0062" offset="2142" length="7">beating</trigger>
        <em_arg entity_id="ent-240" entity_mention_id="m-393" role="attacker" realis="true">the police</em_arg>
        <em_arg entity_id="ent-249" entity_mention_id="m-405" role="target" realis="true">them</em_arg>
      </event_mention>
      <event_mention id="em-2847" type="conflict" subtype="attack" realis="actual">
        <trigger source="NYT_ENG_20131130.0062" offset="3640" length="8">violence</trigger>
        <em_arg entity_id="ent-258" entity_mention_id="m-1162" role="place" realis="true">Independence Square</em_arg>
        <em_arg entity_id="ent-648" entity_mention_id="m-684" role="attacker" realis="true">the government of Ukraine</em_arg>
        <em_arg filler_id="f-2879" role="time" realis="true">this morning</em_arg>
        <em_arg entity_id="ent-249" entity_mention_id="m-666" role="target" realis="true">protesters on Independence Square</em_arg>
      </event_mention>
    </hopper>
    <hopper id="h-1439">
      <event_mention id="em-1404" type="conflict" subtype="demonstrate" realis="actual">
        <trigger source="NYT_ENG_20131130.0062" offset="557" length="10">protesters</trigger>
        <em_arg entity_id="ent-249" entity_mention_id="m-78" role="entity" realis="true">several hundred protesters</em_arg>
        <em_arg entity_id="ent-93" entity_mention_id="m-87" role="place" realis="true">the center of this roiled capital</em_arg>
        <em_arg filler_id="f-1436" role="time" realis="true">Saturday</em_arg>
      </event_mention>
      <event_mention id="em-1599" type="conflict" subtype="demonstrate" realis="actual">
        <trigger source="NYT_ENG_20131130.0062" offset="860" length="13">demonstrators</trigger>
        <em_arg entity_id="ent-108" entity_mention_id="m-153" role="entity" realis="true">demonstrators</em_arg>
        <em_arg entity_id="ent-186" entity_mention_id="m-180" role="place" realis="true">the cobblestone streets outside the centuries-old St. Michael’s Golden-Domed Monastery</em_arg>
      </event_mention>
      <event_mention id="em-1877" type="conflict" subtype="demonstrate" realis="actual">
        <trigger source="NYT_ENG_20131130.0062" offset="1610" length="10">protesters</trigger>
        <em_arg entity_id="ent-249" entity_mention_id="m-273" role="entity" realis="true">Several hundred protesters</em_arg>
        <em_arg entity_id="ent-258" entity_mention_id="m-285" role="place" realis="true">there</em_arg>
      </event_mention>
      <event_mention id="em-2444" type="conflict" subtype="demonstrate" realis="actual">
        <trigger source="NYT_ENG_20131130.0062" offset="2107" length="10">protesters</trigger>
        <em_arg entity_id="ent-249" entity_mention_id="m-399" role="entity" realis="true">protesters</em_arg>
      </event_mention>
      <event_mention id="em-2465" type="conflict" subtype="demonstrate" realis="actual">
        <trigger source="NYT_ENG_20131130.0062" offset="2300" length="13">demonstrators</trigger>
        <em_arg entity_id="ent-249" entity_mention_id="m-432" role="entity" realis="true">the demonstrators</em_arg>
      </event_mention>
      <event_mention id="em-2685" type="conflict" subtype="demonstrate" realis="actual">
        <trigger source="NYT_ENG_20131130.0062" offset="3224" length="10">protesters</trigger>
        <em_arg entity_id="ent-249" entity_mention_id="m-579" role="entity" realis="true">protesters</em_arg>
        <em_arg entity_id="ent-258" entity_mention_id="m-591" role="place" realis="true">the square</em_arg>
      </event_mention>
      <event_mention id="em-2766" type="conflict" subtype="demonstrate" realis="actual">
        <trigger source="NYT_ENG_20131130.0062" offset="3357" length="10">protesters</trigger>
        <em_arg entity_id="ent-249" entity_mention_id="m-597" role="entity" realis="true">protesters</em_arg>
      </event_mention>
      <event_mention id="em-2896" type="conflict" subtype="demonstrate" realis="actual">
        <trigger source="NYT_ENG_20131130.0062" offset="3657" length="10">protesters</trigger>
        <em_arg entity_id="ent-249" entity_mention_id="m-666" role="entity" realis="true">protesters on Independence Square</em_arg>
        <em_arg entity_id="ent-258" entity_mention_id="m-1162" role="place" realis="true">Independence Square</em_arg>
        <em_arg filler_id="f-2928" role="time" realis="true">this morning</em_arg>
      </event_mention>
      <event_mention id="em-3208" type="conflict" subtype="demonstrate" realis="actual">
        <trigger source="NYT_ENG_20131130.0062" offset="1101" length="10">protesters</trigger>
        <em_arg entity_id="ent-108" entity_mention_id="m-165" role="entity" realis="true">protesters</em_arg>
      </event_mention>
    </hopper>
    <hopper id="h-1469">
      <event_mention id="em-1441" type="conflict" subtype="demonstrate" realis="actual">
        <trigger source="NYT_ENG_20131130.0062" offset="188" length="9">IN STREET</trigger>
        <em_arg entity_id="ent-8" entity_mention_id="m-18" role="entity" realis="true">UKRAINIANS</em_arg>
        <em_arg entity_id="ent-30" entity_mention_id="m-24" role="place" realis="true">STREET</em_arg>
      </event_mention>
    </hopper>
    <hopper id="h-1499">
      <event_mention id="em-1803" type="movement" subtype="transportperson" realis="actual">
        <trigger source="NYT_ENG_20131130.0062" offset="1421" length="8">gathered</trigger>
        <em_arg entity_id="ent-303" entity_mention_id="m-297" role="agent" realis="true">A crowd of about 10,000 people</em_arg>
        <em_arg entity_id="ent-258" entity_mention_id="m-291" role="destination" realis="true">there</em_arg>
        <em_arg filler_id="f-1835" role="time" realis="true">Friday</em_arg>
      </event_mention>
    </hopper>
    <hopper id="h-1529">
      <event_mention id="em-1501" type="conflict" subtype="demonstrate" realis="actual">
        <trigger source="NYT_ENG_20131130.0062" offset="659" length="8">denounce</trigger>
        <em_arg entity_id="ent-177" entity_mention_id="m-102" role="entity" realis="true">thousands more</em_arg>
        <em_arg entity_id="ent-30" entity_mention_id="m-111" role="place" realis="true">the streets</em_arg>
      </event_mention>
    </hopper>
    <hopper id="h-1559">
      <event_mention id="em-1531" type="transaction" subtype="transaction" realis="generic" ways="voluntary">
        <trigger source="NYT_ENG_20131130.0062" offset="749" length="5">trade</trigger>
        <em_arg entity_id="ent-39" entity_mention_id="m-126" role="giver" realis="false">European Union</em_arg>
        <em_arg entity_id="ent-66" entity_mention_id="m-60" role="recipient" realis="false">Ukraine</em_arg>
      </event_mention>
    </hopper>
    <hopper id="h-1662">
      <event_mention id="em-1627" type="movement" subtype="transportperson" realis="actual">
        <trigger source="NYT_ENG_20131130.0062" offset="874" length="7">swirled</trigger>
        <em_arg entity_id="ent-108" entity_mention_id="m-153" role="agent" realis="true">demonstrators</em_arg>
        <em_arg entity_id="ent-186" entity_mention_id="m-180" role="destination" realis="true">the cobblestone streets outside the centuries-old St. Michael’s Golden-Domed Monastery</em_arg>
      </event_mention>
    </hopper>
    <hopper id="h-1685">
      <event_mention id="em-1664" type="contact" subtype="broadcast" realis="actual" audience="oneway" formality="informal" medium="inperson" schedule="spontaneous">
        <trigger source="NYT_ENG_20131130.0062" offset="1057" length="4">said</trigger>
        <em_arg entity_id="ent-108" entity_mention_id="m-159" role="entity" realis="true">they</em_arg>
      </event_mention>
    </hopper>
    <hopper id="h-1708">
      <event_mention id="em-1687" type="contact" subtype="broadcast" realis="actual" audience="oneway" formality="informal" medium="inperson" schedule="spontaneous">
        <trigger source="NYT_ENG_20131130.0062" offset="1112" length="7">shouted</trigger>
        <em_arg entity_id="ent-108" entity_mention_id="m-165" role="entity" realis="true">protesters</em_arg>
      </event_mention>
    </hopper>
    <hopper id="h-1801">
      <event_mention id="em-1780" type="conflict" subtype="demonstrate" realis="actual">
        <trigger source="NYT_ENG_20131130.0062" offset="1342" length="7">protest</trigger>
        <em_arg entity_id="ent-258" entity_mention_id="m-267" role="place" realis="true">the main protest site</em_arg>
      </event_mention>
    </hopper>
    <hopper id="h-1838">
      <event_mention id="em-1471" type="movement" subtype="transportperson" realis="actual">
        <trigger source="NYT_ENG_20131130.0062" offset="636" length="7">took to</trigger>
        <em_arg entity_id="ent-177" entity_mention_id="m-102" role="agent" realis="true">thousands more</em_arg>
        <em_arg entity_id="ent-30" entity_mention_id="m-111" role="destination" realis="true">the streets</em_arg>
      </event_mention>
    </hopper>
    <hopper id="h-1875">
      <event_mention id="em-1840" type="contact" subtype="meet" realis="actual" audience="twoway" formality="formal" medium="inperson" schedule="planned">
        <trigger source="NYT_ENG_20131130.0062" offset="1466" length="7">meeting</trigger>
        <em_arg entity_id="ent-318" entity_mention_id="m-312" role="place" realis="true">Vilnius</em_arg>
        <em_arg filler_id="f-1865" role="time" realis="true">Friday</em_arg>
        <em_arg entity_id="ent-123" entity_mention_id="m-336" role="entity" realis="false">Yanukovich</em_arg>
      </event_mention>
    </hopper>
    <hopper id="h-1933">
      <event_mention id="em-1905" type="contact" subtype="broadcast" realis="actual" audience="oneway" formality="informal" medium="inperson" schedule="spontaneous">
        <trigger source="NYT_ENG_20131130.0062" offset="1621" length="8">chanting</trigger>
        <em_arg entity_id="ent-249" entity_mention_id="m-273" role="entity" realis="true">Several hundred protesters</em_arg>
        <em_arg entity_id="ent-258" entity_mention_id="m-285" role="place" realis="true">there</em_arg>
      </event_mention>
    </hopper>
    <hopper id="h-1956">
      <event_mention id="em-1935" type="personnel" subtype="endposition" realis="other">
        <trigger source="NYT_ENG_20131130.0062" offset="1647" length="11">resignation</trigger>
        <em_arg entity_id="ent-123" entity_mention_id="m-279" role="person" realis="false">Yanukovich</em_arg>
      </event_mention>
    </hopper>
    <hopper id="h-1986">
      <event_mention id="em-1958" type="movement" subtype="transportperson" realis="actual">
        <trigger source="NYT_ENG_20131130.0062" offset="1745" length="5">moved</trigger>
        <em_arg entity_id="ent-240" entity_mention_id="m-342" role="agent" realis="true">the police</em_arg>
        <em_arg entity_id="ent-258" entity_mention_id="m-285" role="destination" realis="true">there</em_arg>
      </event_mention>
    </hopper>
    <hopper id="h-2009">
      <event_mention id="em-1988" type="contact" subtype="broadcast" realis="actual" audience="oneway" formality="informal" medium="notinperson" schedule="spontaneous">
        <trigger source="NYT_ENG_20131130.0062" offset="1815" length="6">posted</trigger>
        <em_arg entity_id="ent-354" entity_mention_id="m-348" role="entity" realis="true">witnesses</em_arg>
      </event_mention>
    </hopper>
    <hopper id="h-2069">
      <event_mention id="em-2034" type="movement" subtype="transportartifact" realis="actual">
        <trigger source="NYT_ENG_20131130.0062" offset="1722" length="8">carrying</trigger>
        <em_arg entity_id="ent-240" entity_mention_id="m-342" role="agent" realis="true">the police</em_arg>
        <em_arg filler_id="f-2059" role="artifact" realis="true">body shields</em_arg>
        <em_arg entity_id="ent-258" entity_mention_id="m-285" role="destination" realis="true">there</em_arg>
      </event_mention>
    </hopper>
    <hopper id="h-2113">
      <event_mention id="em-2092" type="contact" subtype="broadcast" realis="actual" audience="oneway" formality="canttell" medium="canttell" schedule="canttell">
        <trigger source="NYT_ENG_20131130.0062" offset="1893" length="4">said</trigger>
        <em_arg entity_id="ent-372" entity_mention_id="m-366" role="entity" realis="true">Roman Sharan</em_arg>
      </event_mention>
    </hopper>
    <hopper id="h-2150">
      <event_mention id="em-2115" type="life" subtype="injure" realis="actual">
        <trigger source="NYT_ENG_20131130.0062" offset="1977" length="4">welt</trigger>
        <em_arg entity_id="ent-240" entity_mention_id="m-393" role="agent" realis="true">the police</em_arg>
        <em_arg entity_id="ent-372" entity_mention_id="m-375" role="victim" realis="true">a veterinary student who was in the crowd and had a deep red welt on his knee from having been hit with a truncheon</em_arg>
        <em_arg filler_id="f-2147" role="instrument" realis="true">truncheon</em_arg>
      </event_mention>
    </hopper>
    <hopper id="h-2187">
      <event_mention id="em-2152" type="conflict" subtype="attack" realis="actual">
        <trigger source="NYT_ENG_20131130.0062" offset="2011" length="3">hit</trigger>
        <em_arg filler_id="f-2169" role="instrument" realis="true">truncheon</em_arg>
        <em_arg entity_id="ent-240" entity_mention_id="m-393" role="attacker" realis="true">the police</em_arg>
        <em_arg entity_id="ent-372" entity_mention_id="m-375" role="target" realis="true">a veterinary student who was in the crowd and had a deep red welt on his knee from having been hit with a truncheon</em_arg>
      </event_mention>
      <event_mention id="em-2300" type="conflict" subtype="attack" realis="actual">
        <trigger source="NYT_ENG_20131130.0062" offset="2176" length="7">knocked</trigger>
        <em_arg entity_id="ent-372" entity_mention_id="m-417" role="target" realis="true">he</em_arg>
      </event_mention>
    </hopper>
    <hopper id="h-2245">
      <event_mention id="em-2217" type="life" subtype="injure" realis="actual">
        <trigger source="NYT_ENG_20131130.0062" offset="2142" length="7">beating</trigger>
        <em_arg entity_id="ent-240" entity_mention_id="m-393" role="agent" realis="true">the police</em_arg>
        <em_arg entity_id="ent-249" entity_mention_id="m-405" role="victim" realis="true">them</em_arg>
      </event_mention>
    </hopper>
    <hopper id="h-2275">
      <event_mention id="em-2247" type="contact" subtype="broadcast" realis="other" audience="oneway" formality="formal" medium="inperson" schedule="spontaneous">
        <trigger source="NYT_ENG_20131130.0062" offset="2099" length="7">warning</trigger>
        <em_arg entity_id="ent-240" entity_mention_id="m-393" role="entity" realis="true">the police</em_arg>
        <em_arg entity_id="ent-249" entity_mention_id="m-399" role="audience" realis="true">protesters</em_arg>
      </event_mention>
    </hopper>
    <hopper id="h-2298">
      <event_mention id="em-2277" type="movement" subtype="transportperson" realis="other">
        <trigger source="NYT_ENG_20131130.0062" offset="2121" length="5">leave</trigger>
        <em_arg entity_id="ent-249" entity_mention_id="m-399" role="agent" realis="true">protesters</em_arg>
      </event_mention>
    </hopper>
    <hopper id="h-2370">
      <event_mention id="em-2342" type="justice" subtype="arrestjail" realis="actual">
        <trigger source="NYT_ENG_20131130.0062" offset="2248" length="9">detention</trigger>
        <em_arg entity_id="ent-372" entity_mention_id="m-417" role="person" realis="true">he</em_arg>
        <em_arg entity_id="ent-429" entity_mention_id="m-423" role="person" realis="true">others</em_arg>
      </event_mention>
    </hopper>
    <hopper id="h-2400">
      <event_mention id="em-2372" type="movement" subtype="transportperson" realis="actual">
        <trigger source="NYT_ENG_20131130.0062" offset="2314" length="3">ran</trigger>
        <em_arg entity_id="ent-444" entity_mention_id="m-438" role="agent" realis="true">Some of the demonstrators</em_arg>
        <em_arg entity_id="ent-195" entity_mention_id="m-453" role="destination" realis="true">the ornate monastery</em_arg>
      </event_mention>
    </hopper>
    <hopper id="h-2514">
      <event_mention id="em-2486" type="conflict" subtype="demonstrate" realis="actual">
        <trigger source="NYT_ENG_20131130.0062" offset="2670" length="10">protesters</trigger>
        <em_arg entity_id="ent-57" entity_mention_id="m-498" role="place" realis="true">Kiev</em_arg>
      </event_mention>
    </hopper>
    <hopper id="h-2544">
      <event_mention id="em-2516" type="conflict" subtype="demonstrate" realis="actual">
        <trigger source="NYT_ENG_20131130.0062" offset="2670" length="10">protesters</trigger>
        <em_arg entity_id="ent-84" entity_mention_id="m-504" role="place" realis="true">cities across the country</em_arg>
      </event_mention>
    </hopper>
    <hopper id="h-2588">
      <event_mention id="em-2567" type="contact" subtype="broadcast" realis="actual" audience="oneway" formality="formal" medium="canttell" schedule="canttell">
        <trigger source="NYT_ENG_20131130.0062" offset="2973" length="4">said</trigger>
        <em_arg entity_id="ent-555" entity_mention_id="m-549" role="entity" realis="true">Kiev metropolitan police</em_arg>
      </event_mention>
    </hopper>
    <hopper id="h-2639">
      <event_mention id="em-2590" type="justice" subtype="arrestjail" realis="actual">
        <trigger source="NYT_ENG_20131130.0062" offset="3011" length="8">arrested</trigger>
        <em_arg entity_id="ent-570" entity_mention_id="m-564" role="person" realis="true">at least 35 people</em_arg>
        <em_arg entity_id="ent-555" entity_mention_id="m-549" role="agent" realis="true">Kiev metropolitan police</em_arg>
        <em_arg filler_id="f-2622" role="crime" realis="true">hooliganism</em_arg>
        <em_arg filler_id="f-2629" role="crime" realis="true">resisting law enforcement authorities</em_arg>
        <em_arg entity_id="ent-57" entity_mention_id="m-543" role="place" realis="true">Kiev</em_arg>
      </event_mention>
    </hopper>
    <hopper id="h-2662">
      <event_mention id="em-2641" type="contact" subtype="broadcast" realis="actual" audience="oneway" formality="formal" medium="canttell" schedule="planned">
        <trigger source="NYT_ENG_20131130.0062" offset="3165" length="9">statement</trigger>
        <em_arg entity_id="ent-555" entity_mention_id="m-558" role="entity" realis="true">police</em_arg>
      </event_mention>
    </hopper>
    <hopper id="h-2727">
      <event_mention id="em-2706" type="contact" subtype="broadcast" realis="actual" audience="oneway" formality="formal" medium="canttell" schedule="canttell">
        <trigger source="NYT_ENG_20131130.0062" offset="3323" length="5">asked</trigger>
        <em_arg entity_id="ent-240" entity_mention_id="m-585" role="audience" realis="true">officers</em_arg>
      </event_mention>
    </hopper>
    <hopper id="h-2764">
      <event_mention id="em-2729" type="movement" subtype="transportperson" realis="other">
        <trigger source="NYT_ENG_20131130.0062" offset="3332" length="5">clear</trigger>
        <em_arg entity_id="ent-240" entity_mention_id="m-585" role="agent" realis="true">officers</em_arg>
        <em_arg entity_id="ent-249" entity_mention_id="m-597" role="person" realis="true">protesters</em_arg>
        <em_arg entity_id="ent-258" entity_mention_id="m-591" role="origin" realis="true">the square</em_arg>
      </event_mention>
    </hopper>
    <hopper id="h-2822">
      <event_mention id="em-2794" type="contact" subtype="broadcast" realis="actual" audience="oneway" formality="formal" medium="canttell" schedule="planned">
        <trigger source="NYT_ENG_20131130.0062" offset="3477" length="9">statement</trigger>
        <em_arg entity_id="ent-633" entity_mention_id="m-627" role="entity" realis="true">U.S. Embassy in Kiev</em_arg>
        <em_arg filler_id="f-2819" role="time" realis="true">Saturday</em_arg>
      </event_mention>
    </hopper>
    <hopper id="h-2845">
      <event_mention id="em-2824" type="conflict" subtype="demonstrate" realis="generic">
        <trigger source="NYT_ENG_20131130.0062" offset="3584" length="13">demonstrators</trigger>
        <em_arg entity_id="ent-75" entity_mention_id="m-651" role="entity" realis="true">demonstrators</em_arg>
      </event_mention>
    </hopper>
    <hopper id="h-2952">
      <event_mention id="em-2931" type="contact" subtype="contact" realis="generic" audience="canttell" formality="canttell" medium="canttell" schedule="canttell">
        <trigger source="NYT_ENG_20131130.0062" offset="3837" length="6">speech</trigger>
        <em_arg entity_id="ent-717" entity_mention_id="m-711" role="entity" realis="true">civil society</em_arg>
        <em_arg entity_id="ent-66" entity_mention_id="m-690" role="place" realis="true">Ukraine</em_arg>
      </event_mention>
    </hopper>
    <hopper id="h-2982">
      <event_mention id="em-2954" type="movement" subtype="transportperson" realis="generic">
        <trigger source="NYT_ENG_20131130.0062" offset="3859" length="8">assembly</trigger>
        <em_arg entity_id="ent-717" entity_mention_id="m-711" role="agent" realis="true">civil society</em_arg>
        <em_arg entity_id="ent-66" entity_mention_id="m-690" role="destination" realis="true">Ukraine</em_arg>
      </event_mention>
    </hopper>
    <hopper id="h-3019">
      <event_mention id="em-2991" type="contact" subtype="broadcast" realis="actual" audience="oneway" formality="formal" medium="canttell" schedule="planned">
        <trigger source="NYT_ENG_20131130.0062" offset="3939" length="6">issued</trigger>
        <em_arg entity_id="ent-726" entity_mention_id="m-729" role="entity" realis="true">Jen Psaki</em_arg>
        <em_arg entity_id="ent-657" entity_mention_id="m-696" role="place" realis="true">Washington</em_arg>
      </event_mention>
    </hopper>
    <hopper id="h-3042">
      <event_mention id="em-3021" type="contact" subtype="broadcast" realis="actual" audience="oneway" formality="formal" medium="canttell" schedule="planned">
        <trigger source="NYT_ENG_20131130.0062" offset="4089" length="6">issued</trigger>
        <em_arg entity_id="ent-759" entity_mention_id="m-753" role="entity" realis="true">Senior EU officials</em_arg>
      </event_mention>
    </hopper>
    <hopper id="h-3093">
      <event_mention id="em-3044" type="contact" subtype="meet" realis="other" audience="twoway" formality="formal" medium="inperson" schedule="planned">
        <trigger source="NYT_ENG_20131130.0062" offset="4218" length="7">meeting</trigger>
        <em_arg entity_id="ent-789" entity_mention_id="m-783" role="entity" realis="true">Organization for Security and Cooperation in Europe</em_arg>
        <em_arg entity_id="ent-66" entity_mention_id="m-798" role="place" realis="true">here</em_arg>
        <em_arg filler_id="f-3076" role="time" realis="true">this week</em_arg>
        <em_arg entity_id="ent-816" entity_mention_id="m-810" role="entity" realis="true">other Western officials</em_arg>
        <em_arg entity_id="ent-780" entity_mention_id="m-774" role="entity" realis="false">John Kerry</em_arg>
      </event_mention>
    </hopper>
    <hopper id="h-3123">
      <event_mention id="em-3095" type="movement" subtype="transportperson" realis="actual">
        <trigger source="NYT_ENG_20131130.0062" offset="4362" length="8">arriving</trigger>
        <em_arg entity_id="ent-816" entity_mention_id="m-810" role="agent" realis="true">other Western officials</em_arg>
        <em_arg entity_id="ent-66" entity_mention_id="m-798" role="destination" realis="true">here</em_arg>
      </event_mention>
    </hopper>
    <hopper id="h-3146">
      <event_mention id="em-3125" type="contact" subtype="contact" realis="actual" audience="canttell" formality="formal" medium="canttell" schedule="planned">
        <trigger source="NYT_ENG_20131130.0062" offset="4440" length="4">said</trigger>
        <em_arg entity_id="ent-123" entity_mention_id="m-819" role="entity" realis="true">Yanukovich</em_arg>
      </event_mention>
    </hopper>
    <hopper id="h-3169">
      <event_mention id="em-3148" type="contact" subtype="broadcast" realis="actual" audience="oneway" formality="formal" medium="canttell" schedule="planned">
        <trigger source="NYT_ENG_20131130.0062" offset="4575" length="6">called</trigger>
        <em_arg entity_id="ent-123" entity_mention_id="m-852" role="entity" realis="true">He</em_arg>
      </event_mention>
    </hopper>
    <hopper id="h-3206">
      <event_mention id="em-3171" type="contact" subtype="contact" realis="other" audience="twoway" formality="formal" medium="canttell" schedule="planned">
        <trigger source="NYT_ENG_20131130.0062" offset="4590" length="12">negotiations</trigger>
        <em_arg entity_id="ent-123" entity_mention_id="m-852" role="entity" realis="true">He</em_arg>
        <em_arg entity_id="ent-837" entity_mention_id="m-858" role="entity" realis="true">Kremlin</em_arg>
        <em_arg entity_id="ent-39" entity_mention_id="m-864" role="entity" realis="true">EU</em_arg>
      </event_mention>
    </hopper>
    <hopper id="h-3250">
      <event_mention id="em-1561" type="transaction" subtype="transaction" realis="generic" ways="voluntary">
        <trigger source="NYT_ENG_20131130.0062" offset="749" length="5">trade</trigger>
        <em_arg entity_id="ent-66" entity_mention_id="m-60" role="giver" realis="false">Ukraine</em_arg>
        <em_arg entity_id="ent-39" entity_mention_id="m-126" role="recipient" realis="false">European Union</em_arg>
      </event_mention>
    </hopper>
  </hoppers>
</deft_ere>
