<?xml version="1.0" encoding="UTF-8"?>
<deft_ere kit_id="5733b8b10000000000000059" doc_id="NYT_ENG_20130903.0115" source_type="newswire">
  <entities>
    <entity id="ent-8" type="ORG" specificity="specificIndividual">
      <entity_mention id="m-18" noun_type="NAM" source="NYT_ENG_20130903.0115" offset="172" length="9">
        <mention_text>MICROSOFT</mention_text>
      </entity_mention>
      <entity_mention id="m-42" noun_type="NAM" source="NYT_ENG_20130903.0115" offset="390" length="9">
        <mention_text>Microsoft</mention_text>
      </entity_mention>
      <entity_mention id="m-63" noun_type="NAM" source="NYT_ENG_20130903.0115" offset="547" length="9">
        <mention_text>Microsoft</mention_text>
      </entity_mention>
      <entity_mention id="m-69" noun_type="NAM" source="NYT_ENG_20130903.0115" offset="638" length="9">
        <mention_text>Microsoft</mention_text>
      </entity_mention>
      <entity_mention id="m-87" noun_type="NAM" source="NYT_ENG_20130903.0115" offset="697" length="9">
        <mention_text>Microsoft</mention_text>
      </entity_mention>
      <entity_mention id="m-93" noun_type="NAM" source="NYT_ENG_20130903.0115" offset="817" length="9">
        <mention_text>Microsoft</mention_text>
      </entity_mention>
      <entity_mention id="m-117" noun_type="NAM" source="NYT_ENG_20130903.0115" offset="879" length="9">
        <mention_text>Microsoft</mention_text>
      </entity_mention>
      <entity_mention id="m-129" noun_type="NAM" source="NYT_ENG_20130903.0115" offset="960" length="9">
        <mention_text>Microsoft</mention_text>
      </entity_mention>
      <entity_mention id="m-144" noun_type="NAM" source="NYT_ENG_20130903.0115" offset="1062" length="9">
        <mention_text>Microsoft</mention_text>
      </entity_mention>
      <entity_mention id="m-162" noun_type="NOM" source="NYT_ENG_20130903.0115" offset="1128" length="11">
        <mention_text>the company</mention_text>
        <nom_head source="NYT_ENG_20130903.0115" offset="1132" length="7">company</nom_head>
      </entity_mention>
      <entity_mention id="m-168" noun_type="NAM" source="NYT_ENG_20130903.0115" offset="1225" length="9">
        <mention_text>Microsoft</mention_text>
      </entity_mention>
      <entity_mention id="m-174" noun_type="NAM" source="NYT_ENG_20130903.0115" offset="1415" length="9">
        <mention_text>Microsoft</mention_text>
      </entity_mention>
      <entity_mention id="m-216" noun_type="NAM" source="NYT_ENG_20130903.0115" offset="1351" length="9">
        <mention_text>Microsoft</mention_text>
      </entity_mention>
      <entity_mention id="m-267" noun_type="NAM" source="NYT_ENG_20130903.0115" offset="1870" length="9">
        <mention_text>Microsoft</mention_text>
      </entity_mention>
      <entity_mention id="m-294" noun_type="NAM" source="NYT_ENG_20130903.0115" offset="1999" length="9">
        <mention_text>Microsoft</mention_text>
      </entity_mention>
      <entity_mention id="m-300" noun_type="NOM" source="NYT_ENG_20130903.0115" offset="2041" length="20">
        <mention_text>the software company</mention_text>
        <nom_head source="NYT_ENG_20130903.0115" offset="2054" length="7">company</nom_head>
      </entity_mention>
      <entity_mention id="m-414" noun_type="NAM" source="NYT_ENG_20130903.0115" offset="2870" length="9">
        <mention_text>Microsoft</mention_text>
      </entity_mention>
      <entity_mention id="m-441" noun_type="NAM" source="NYT_ENG_20130903.0115" offset="2974" length="9">
        <mention_text>Microsoft</mention_text>
      </entity_mention>
      <entity_mention id="m-655" noun_type="PRO" source="NYT_ENG_20130903.0115" offset="405" length="2">
        <mention_text>it</mention_text>
      </entity_mention>
      <entity_mention id="m-1001" noun_type="PRO" source="NYT_ENG_20130903.0115" offset="1290" length="2">
        <mention_text>We</mention_text>
      </entity_mention>
      <entity_mention id="m-1796" noun_type="PRO" source="NYT_ENG_20130903.0115" offset="609" length="2">
        <mention_text>it</mention_text>
      </entity_mention>
    </entity>
    <entity id="ent-30" type="ORG" specificity="specificIndividual">
      <entity_mention id="m-24" noun_type="NAM" source="NYT_ENG_20130903.0115" offset="189" length="5">
        <mention_text>NOKIA</mention_text>
      </entity_mention>
      <entity_mention id="m-57" noun_type="NAM" source="NYT_ENG_20130903.0115" offset="481" length="5">
        <mention_text>Nokia</mention_text>
      </entity_mention>
      <entity_mention id="m-75" noun_type="NAM" source="NYT_ENG_20130903.0115" offset="652" length="5">
        <mention_text>Nokia</mention_text>
      </entity_mention>
      <entity_mention id="m-81" noun_type="NAM" source="NYT_ENG_20130903.0115" offset="670" length="5">
        <mention_text>Nokia</mention_text>
      </entity_mention>
      <entity_mention id="m-123" noun_type="NAM" source="NYT_ENG_20130903.0115" offset="915" length="5">
        <mention_text>Nokia</mention_text>
      </entity_mention>
      <entity_mention id="m-180" noun_type="NAM" source="NYT_ENG_20130903.0115" offset="1429" length="5">
        <mention_text>Nokia</mention_text>
      </entity_mention>
      <entity_mention id="m-237" noun_type="NAM" source="NYT_ENG_20130903.0115" offset="1542" length="5">
        <mention_text>Nokia</mention_text>
      </entity_mention>
      <entity_mention id="m-243" noun_type="NOM" source="NYT_ENG_20130903.0115" offset="1650" length="11">
        <mention_text>the company</mention_text>
        <nom_head source="NYT_ENG_20130903.0115" offset="1654" length="7">company</nom_head>
      </entity_mention>
      <entity_mention id="m-261" noun_type="NAM" source="NYT_ENG_20130903.0115" offset="1860" length="5">
        <mention_text>Nokia</mention_text>
      </entity_mention>
      <entity_mention id="m-288" noun_type="NAM" source="NYT_ENG_20130903.0115" offset="1970" length="5">
        <mention_text>Nokia</mention_text>
      </entity_mention>
      <entity_mention id="m-363" noun_type="NAM" source="NYT_ENG_20130903.0115" offset="2516" length="5">
        <mention_text>Nokia</mention_text>
      </entity_mention>
      <entity_mention id="m-369" noun_type="PRO" source="NYT_ENG_20130903.0115" offset="2546" length="6">
        <mention_text>itself</mention_text>
      </entity_mention>
      <entity_mention id="m-375" noun_type="NAM" source="NYT_ENG_20130903.0115" offset="2683" length="5">
        <mention_text>Nokia</mention_text>
      </entity_mention>
      <entity_mention id="m-381" noun_type="PRO" source="NYT_ENG_20130903.0115" offset="2723" length="3">
        <mention_text>its</mention_text>
      </entity_mention>
      <entity_mention id="m-420" noun_type="NAM" source="NYT_ENG_20130903.0115" offset="2884" length="5">
        <mention_text>Nokia</mention_text>
      </entity_mention>
      <entity_mention id="m-426" noun_type="NAM" source="NYT_ENG_20130903.0115" offset="2911" length="5">
        <mention_text>Nokia</mention_text>
      </entity_mention>
      <entity_mention id="m-553" noun_type="NOM" source="NYT_ENG_20130903.0115" offset="1491" length="32">
        <mention_text>the 150-year-old Finnish company</mention_text>
        <nom_head source="NYT_ENG_20130903.0115" offset="1516" length="7">company</nom_head>
      </entity_mention>
      <entity_mention id="m-714" noun_type="NOM" source="NYT_ENG_20130903.0115" offset="764" length="32">
        <mention_text>the Finnish mobile phone pioneer</mention_text>
        <nom_head source="NYT_ENG_20130903.0115" offset="789" length="7">pioneer</nom_head>
      </entity_mention>
      <entity_mention id="m-904" noun_type="PRO" source="NYT_ENG_20130903.0115" offset="2494" length="3">
        <mention_text>its</mention_text>
      </entity_mention>
      <entity_mention id="m-910" noun_type="PRO" source="NYT_ENG_20130903.0115" offset="2560" length="3">
        <mention_text>its</mention_text>
      </entity_mention>
      <entity_mention id="m-1074" noun_type="PRO" source="NYT_ENG_20130903.0115" offset="2604" length="3">
        <mention_text>its</mention_text>
      </entity_mention>
    </entity>
    <entity id="ent-54" type="GPE" specificity="specificIndividual">
      <entity_mention id="m-48" noun_type="NAM" source="NYT_ENG_20130903.0115" offset="380" length="7">
        <mention_text>SEATTLE</mention_text>
      </entity_mention>
    </entity>
    <entity id="ent-105" type="GPE" specificity="specificIndividual">
      <entity_mention id="m-99" noun_type="NAM" source="NYT_ENG_20130903.0115" offset="768" length="7">
        <mention_text>Finnish</mention_text>
      </entity_mention>
      <entity_mention id="m-210" noun_type="NAM" source="NYT_ENG_20130903.0115" offset="1280" length="7">
        <mention_text>Finland</mention_text>
      </entity_mention>
      <entity_mention id="m-222" noun_type="NAM" source="NYT_ENG_20130903.0115" offset="1508" length="7">
        <mention_text>Finnish</mention_text>
      </entity_mention>
    </entity>
    <entity id="ent-114" type="PER" specificity="specificIndividual">
      <entity_mention id="m-108" noun_type="NAM" source="NYT_ENG_20130903.0115" offset="854" length="12">
        <mention_text>Stephen Elop</mention_text>
      </entity_mention>
      <entity_mention id="m-282" noun_type="NAM" source="NYT_ENG_20130903.0115" offset="1958" length="4">
        <mention_text>Elop</mention_text>
      </entity_mention>
      <entity_mention id="m-916" noun_type="NOM" source="NYT_ENG_20130903.0115" offset="868" length="78">
        <mention_text>the former Microsoft executive who was running Nokia until the deal was signed</mention_text>
        <nom_head source="NYT_ENG_20130903.0115" offset="889" length="9">executive</nom_head>
      </entity_mention>
      <entity_mention id="m-922" noun_type="NOM" source="NYT_ENG_20130903.0115" offset="213" length="9">
        <mention_text>EXECUTIVE</mention_text>
        <nom_head source="NYT_ENG_20130903.0115" offset="213" length="9">EXECUTIVE</nom_head>
      </entity_mention>
      <entity_mention id="m-973" noun_type="PRO" source="NYT_ENG_20130903.0115" offset="1008" length="3">
        <mention_text>him</mention_text>
      </entity_mention>
      <entity_mention id="m-979" noun_type="NOM" source="NYT_ENG_20130903.0115" offset="1018" length="42">
        <mention_text>a potential successor to Steven A. Ballmer</mention_text>
        <nom_head source="NYT_ENG_20130903.0115" offset="1030" length="9">successor</nom_head>
      </entity_mention>
    </entity>
    <entity id="ent-141" type="PER" specificity="specificIndividual">
      <entity_mention id="m-135" noun_type="NAM" source="NYT_ENG_20130903.0115" offset="1043" length="17">
        <mention_text>Steven A. Ballmer</mention_text>
      </entity_mention>
      <entity_mention id="m-150" noun_type="NAM" source="NYT_ENG_20130903.0115" offset="1091" length="7">
        <mention_text>Ballmer</mention_text>
      </entity_mention>
      <entity_mention id="m-156" noun_type="PRO" source="NYT_ENG_20130903.0115" offset="1108" length="2">
        <mention_text>he</mention_text>
      </entity_mention>
      <entity_mention id="m-204" noun_type="NAM" source="NYT_ENG_20130903.0115" offset="1237" length="7">
        <mention_text>Ballmer</mention_text>
      </entity_mention>
      <entity_mention id="m-985" noun_type="NOM" source="NYT_ENG_20130903.0115" offset="1062" length="27">
        <mention_text>Microsoft’s chief executive</mention_text>
        <nom_head source="NYT_ENG_20130903.0115" offset="1080" length="9">executive</nom_head>
      </entity_mention>
    </entity>
    <entity id="ent-192" type="PER" specificity="specificGroup">
      <entity_mention id="m-186" noun_type="NOM" source="NYT_ENG_20130903.0115" offset="1415" length="30">
        <mention_text>Microsoft and Nokia executives</mention_text>
        <nom_head source="NYT_ENG_20130903.0115" offset="1435" length="10">executives</nom_head>
      </entity_mention>
    </entity>
    <entity id="ent-201" type="PER" specificity="specificGroup">
      <entity_mention id="m-1132" noun_type="NOM" source="NYT_ENG_20130903.0115" offset="1429" length="16">
        <mention_text>Nokia executives</mention_text>
        <nom_head source="NYT_ENG_20130903.0115" offset="1435" length="10">executives</nom_head>
      </entity_mention>
    </entity>
    <entity id="ent-234" type="PER" specificity="specificIndividual">
      <entity_mention id="m-228" noun_type="NAM" source="NYT_ENG_20130903.0115" offset="1525" length="15">
        <mention_text>Risto Siilasmaa</mention_text>
      </entity_mention>
      <entity_mention id="m-249" noun_type="PRO" source="NYT_ENG_20130903.0115" offset="1694" length="3">
        <mention_text>his</mention_text>
      </entity_mention>
      <entity_mention id="m-255" noun_type="NAM" source="NYT_ENG_20130903.0115" offset="1816" length="9">
        <mention_text>Siilasmaa</mention_text>
      </entity_mention>
      <entity_mention id="m-1007" noun_type="NOM" source="NYT_ENG_20130903.0115" offset="1542" length="31">
        <mention_text>Nokia’s interim chief executive</mention_text>
        <nom_head source="NYT_ENG_20130903.0115" offset="1564" length="9">executive</nom_head>
      </entity_mention>
    </entity>
    <entity id="ent-279" type="PER" specificity="nonspecific">
      <entity_mention id="m-273" noun_type="NOM" source="NYT_ENG_20130903.0115" offset="1910" length="8">
        <mention_text>analysts</mention_text>
        <nom_head source="NYT_ENG_20130903.0115" offset="1910" length="8">analysts</nom_head>
      </entity_mention>
    </entity>
    <entity id="ent-312" type="ORG" specificity="specificGroup">
      <entity_mention id="m-306" noun_type="NOM" source="NYT_ENG_20130903.0115" offset="2122" length="17">
        <mention_text>the two companies</mention_text>
        <nom_head source="NYT_ENG_20130903.0115" offset="2130" length="9">companies</nom_head>
      </entity_mention>
      <entity_mention id="m-315" noun_type="NOM" source="NYT_ENG_20130903.0115" offset="2218" length="14">
        <mention_text>either company</mention_text>
        <nom_head source="NYT_ENG_20130903.0115" offset="2225" length="7">company</nom_head>
      </entity_mention>
      <entity_mention id="m-345" noun_type="NOM" source="NYT_ENG_20130903.0115" offset="2360" length="13">
        <mention_text>the companies</mention_text>
        <nom_head source="NYT_ENG_20130903.0115" offset="2364" length="9">companies</nom_head>
      </entity_mention>
      <entity_mention id="m-351" noun_type="PRO" source="NYT_ENG_20130903.0115" offset="2434" length="4">
        <mention_text>They</mention_text>
      </entity_mention>
      <entity_mention id="m-649" noun_type="PRO" source="NYT_ENG_20130903.0115" offset="2865" length="4">
        <mention_text>both</mention_text>
      </entity_mention>
    </entity>
    <entity id="ent-327" type="PER" specificity="specificIndividual">
      <entity_mention id="m-321" noun_type="NAM" source="NYT_ENG_20130903.0115" offset="2280" length="17">
        <mention_text>Carolina Milanesi</mention_text>
      </entity_mention>
      <entity_mention id="m-339" noun_type="PRO" source="NYT_ENG_20130903.0115" offset="2327" length="3">
        <mention_text>she</mention_text>
      </entity_mention>
      <entity_mention id="m-357" noun_type="PRO" source="NYT_ENG_20130903.0115" offset="2461" length="3">
        <mention_text>she</mention_text>
      </entity_mention>
      <entity_mention id="m-1038" noun_type="NOM" source="NYT_ENG_20130903.0115" offset="2299" length="21">
        <mention_text>an analyst at Gartner</mention_text>
        <nom_head source="NYT_ENG_20130903.0115" offset="2302" length="7">analyst</nom_head>
      </entity_mention>
    </entity>
    <entity id="ent-336" type="ORG" specificity="specificIndividual">
      <entity_mention id="m-330" noun_type="NAM" source="NYT_ENG_20130903.0115" offset="2313" length="7">
        <mention_text>Gartner</mention_text>
      </entity_mention>
    </entity>
    <entity id="ent-393" type="PER" specificity="specificIndividual">
      <entity_mention id="m-387" noun_type="NAM" source="NYT_ENG_20130903.0115" offset="2768" length="14">
        <mention_text>Janardan Menon</mention_text>
      </entity_mention>
      <entity_mention id="m-1086" noun_type="NOM" source="NYT_ENG_20130903.0115" offset="2784" length="57">
        <mention_text>a telecommunications analyst at Liberum Capital in London</mention_text>
        <nom_head source="NYT_ENG_20130903.0115" offset="2805" length="7">analyst</nom_head>
      </entity_mention>
    </entity>
    <entity id="ent-402" type="ORG" specificity="specificIndividual">
      <entity_mention id="m-396" noun_type="NAM" source="NYT_ENG_20130903.0115" offset="2816" length="15">
        <mention_text>Liberum Capital</mention_text>
      </entity_mention>
    </entity>
    <entity id="ent-411" type="GPE" specificity="specificIndividual">
      <entity_mention id="m-405" noun_type="NAM" source="NYT_ENG_20130903.0115" offset="2835" length="6">
        <mention_text>London</mention_text>
      </entity_mention>
    </entity>
    <entity id="ent-438" type="GPE" specificity="specificIndividual">
      <entity_mention id="m-432" noun_type="NAM" source="NYT_ENG_20130903.0115" offset="2947" length="8">
        <mention_text>Helsinki</mention_text>
      </entity_mention>
    </entity>
    <entity id="ent-497" type="ORG" specificity="specificIndividual">
      <entity_mention id="m-661" noun_type="NOM" source="NYT_ENG_20130903.0115" offset="444" length="33">
        <mention_text>the handset and services business</mention_text>
        <nom_head source="NYT_ENG_20130903.0115" offset="469" length="8">business</nom_head>
      </entity_mention>
      <entity_mention id="m-803" noun_type="NOM" source="NYT_ENG_20130903.0115" offset="1605" length="20">
        <mention_text>the handset business</mention_text>
        <nom_head source="NYT_ENG_20130903.0115" offset="1617" length="8">business</nom_head>
      </entity_mention>
      <entity_mention id="m-1044" noun_type="NOM" source="NYT_ENG_20130903.0115" offset="2494" length="20">
        <mention_text>its handset business</mention_text>
        <nom_head source="NYT_ENG_20130903.0115" offset="2506" length="8">business</nom_head>
      </entity_mention>
      <entity_mention id="m-1080" noun_type="NOM" source="NYT_ENG_20130903.0115" offset="2723" length="20">
        <mention_text>its handset business</mention_text>
        <nom_head source="NYT_ENG_20130903.0115" offset="2735" length="8">business</nom_head>
      </entity_mention>
      <entity_mention id="m-1248" noun_type="NOM" source="NYT_ENG_20130903.0115" offset="189" length="11">
        <mention_text>NOKIA UNITS</mention_text>
        <nom_head source="NYT_ENG_20130903.0115" offset="195" length="5">UNITS</nom_head>
      </entity_mention>
    </entity>
    <entity id="ent-541" type="PER" specificity="specificGroup">
      <entity_mention id="m-491" noun_type="NOM" source="NYT_ENG_20130903.0115" offset="663" length="22">
        <mention_text>32,000 Nokia employees</mention_text>
        <nom_head source="NYT_ENG_20130903.0115" offset="676" length="9">employees</nom_head>
      </entity_mention>
    </entity>
    <entity id="ent-809" type="PER" specificity="nonspecific">
      <entity_mention id="m-1023" noun_type="NOM" source="NYT_ENG_20130903.0115" offset="1898" length="7">
        <mention_text>pundits</mention_text>
        <nom_head source="NYT_ENG_20130903.0115" offset="1898" length="7">pundits</nom_head>
      </entity_mention>
    </entity>
    <entity id="ent-862" type="ORG" specificity="nonspecific">
      <entity_mention id="m-856" noun_type="NOM" source="NYT_ENG_20130903.0115" offset="1730" length="10">
        <mention_text>a business</mention_text>
        <nom_head source="NYT_ENG_20130903.0115" offset="1732" length="8">business</nom_head>
      </entity_mention>
    </entity>
    <entity id="ent-1035" type="ORG" specificity="nonspecific">
      <entity_mention id="m-1029" noun_type="NOM" source="NYT_ENG_20130903.0115" offset="2238" length="31">
        <mention_text>a leader in the mobile business</mention_text>
        <nom_head source="NYT_ENG_20130903.0115" offset="2240" length="6">leader</nom_head>
      </entity_mention>
    </entity>
    <entity id="ent-1056" type="ORG" specificity="specificIndividual">
      <entity_mention id="m-1050" noun_type="NOM" source="NYT_ENG_20130903.0115" offset="2560" length="37">
        <mention_text>its telecommunications equipment unit</mention_text>
        <nom_head source="NYT_ENG_20130903.0115" offset="2593" length="4">unit</nom_head>
      </entity_mention>
      <entity_mention id="m-1059" noun_type="NAM" source="NYT_ENG_20130903.0115" offset="2599" length="3">
        <mention_text>NSN</mention_text>
      </entity_mention>
      <entity_mention id="m-1065" noun_type="NOM" source="NYT_ENG_20130903.0115" offset="2604" length="33">
        <mention_text>its mapping and location business</mention_text>
        <nom_head source="NYT_ENG_20130903.0115" offset="2629" length="8">business</nom_head>
      </entity_mention>
    </entity>
    <entity id="ent-1071" type="GPE" specificity="specificIndividual">
      <entity_mention id="m-1788" noun_type="NAM" source="NYT_ENG_20130903.0115" offset="353" length="8">
        <mention_text>New York</mention_text>
      </entity_mention>
    </entity>
    <entity id="ent-1808" type="ORG" specificity="nonspecific">
      <entity_mention id="m-1802" noun_type="NOM" source="NYT_ENG_20130903.0115" offset="802" length="41">
        <mention_text>the engine for Microsoft’s mobile efforts</mention_text>
        <nom_head source="NYT_ENG_20130903.0115" offset="806" length="6">engine</nom_head>
      </entity_mention>
    </entity>
  </entities>
  <fillers>
    <filler id="f-518" source="NYT_ENG_20130903.0115" offset="1074" length="15" type="title">chief executive</filler>
    <filler id="f-607" source="NYT_ENG_20130903.0115" offset="2302" length="7" type="title">analyst</filler>
    <filler id="f-627" source="NYT_ENG_20130903.0115" offset="2786" length="26" type="title">telecommunications analyst</filler>
    <filler id="f-801" source="NYT_ENG_20130903.0115" offset="1558" length="15" type="title">chief executive</filler>
    <filler id="f-971" source="NYT_ENG_20130903.0115" offset="889" length="9" type="title">executive</filler>
    <filler id="f-1130" source="NYT_ENG_20130903.0115" offset="1435" length="10" type="title">executives</filler>
    <filler id="f-1146" source="NYT_ENG_20130903.0115" offset="1435" length="10" type="title">executives</filler>
    <filler id="f-1481" source="NYT_ENG_20130903.0115" offset="1140" length="16" type="time" nom_time="20xx-xx-xx">within 12 months</filler>
    <filler id="f-960" source="NYT_ENG_20130903.0115" offset="889" length="9" type="title">executive</filler>
    <filler id="f-1365" source="NYT_ENG_20130903.0115" offset="497" length="12" type="money">$7.2 billion</filler>
    <filler id="f-1402" source="NYT_ENG_20130903.0115" offset="630" length="6" type="time" nom_time="2013-09-02">Monday</filler>
    <filler id="f-1537" source="NYT_ENG_20130903.0115" offset="1449" length="8" type="time" nom_time="2013-02-xx">February</filler>
    <filler id="f-1567" source="NYT_ENG_20130903.0115" offset="1580" length="7" type="time" nom_time="2013-09-03">Tuesday</filler>
    <filler id="f-1639" source="NYT_ENG_20130903.0115" offset="2012" length="13" type="time" nom_time="2011-xx-xx">February 2011</filler>
  </fillers>
  <relations>
    <relation id="r-1575" type="personalsocial" subtype="role">
      <relation_mention id="relm-510" realis="true">
        <rel_arg1 entity_id="ent-141" entity_mention_id="m-985" role="per">Microsoft’s chief executive</rel_arg1>
        <rel_arg2 filler_id="f-518" role="role">chief executive</rel_arg2>
      </relation_mention>
    </relation>
    <relation id="r-1576" type="orgaffiliation" subtype="employmentmembership">
      <relation_mention id="relm-559" realis="true">
        <rel_arg1 entity_id="ent-541" entity_mention_id="m-491" role="employeemember">32,000 Nokia employees</rel_arg1>
        <rel_arg2 entity_id="ent-30" entity_mention_id="m-81" role="org">Nokia</rel_arg2>
        <trigger source="NYT_ENG_20130903.0115" offset="676" length="9">employees</trigger>
      </relation_mention>
    </relation>
    <relation id="r-1577" type="personalsocial" subtype="role">
      <relation_mention id="relm-599" realis="true">
        <rel_arg1 entity_id="ent-327" entity_mention_id="m-1038" role="per">an analyst at Gartner</rel_arg1>
        <rel_arg2 filler_id="f-607" role="role">analyst</rel_arg2>
      </relation_mention>
    </relation>
    <relation id="r-1578" type="physical" subtype="orglocationorigin">
      <relation_mention id="relm-609" realis="true">
        <rel_arg1 entity_id="ent-402" entity_mention_id="m-396" role="org">Liberum Capital</rel_arg1>
        <rel_arg2 entity_id="ent-411" entity_mention_id="m-405" role="loc">London</rel_arg2>
        <trigger source="NYT_ENG_20130903.0115" offset="2832" length="2">in</trigger>
      </relation_mention>
    </relation>
    <relation id="r-1579" type="personalsocial" subtype="role">
      <relation_mention id="relm-619" realis="true">
        <rel_arg1 entity_id="ent-393" entity_mention_id="m-1086" role="per">a telecommunications analyst at Liberum Capital in London</rel_arg1>
        <rel_arg2 filler_id="f-627" role="role">telecommunications analyst</rel_arg2>
      </relation_mention>
    </relation>
    <relation id="r-1580" type="orgaffiliation" subtype="employmentmembership">
      <relation_mention id="relm-629" realis="true">
        <rel_arg1 entity_id="ent-393" entity_mention_id="m-1086" role="employeemember">a telecommunications analyst at Liberum Capital in London</rel_arg1>
        <rel_arg2 entity_id="ent-402" entity_mention_id="m-396" role="org">Liberum Capital</rel_arg2>
        <trigger source="NYT_ENG_20130903.0115" offset="2813" length="2">at</trigger>
      </relation_mention>
    </relation>
    <relation id="r-1581" type="orgaffiliation" subtype="employmentmembership">
      <relation_mention id="relm-639" realis="true">
        <rel_arg1 entity_id="ent-327" entity_mention_id="m-1038" role="employeemember">an analyst at Gartner</rel_arg1>
        <rel_arg2 entity_id="ent-336" entity_mention_id="m-330" role="org">Gartner</rel_arg2>
        <trigger source="NYT_ENG_20130903.0115" offset="2310" length="2">at</trigger>
      </relation_mention>
    </relation>
    <relation id="r-1582" type="partwhole" subtype="subsidiary">
      <relation_mention id="relm-667" realis="true">
        <rel_arg1 entity_id="ent-497" entity_mention_id="m-661" role="suborg">the handset and services business</rel_arg1>
        <rel_arg2 entity_id="ent-30" entity_mention_id="m-57" role="parent">Nokia</rel_arg2>
        <trigger source="NYT_ENG_20130903.0115" offset="478" length="2">of</trigger>
      </relation_mention>
      <relation_mention id="relm-1208" realis="true">
        <rel_arg1 entity_id="ent-497" entity_mention_id="m-1044" role="suborg">its handset business</rel_arg1>
        <rel_arg2 entity_id="ent-30" entity_mention_id="m-904" role="parent">its</rel_arg2>
        <trigger source="NYT_ENG_20130903.0115" offset="2494" length="3">its</trigger>
      </relation_mention>
      <relation_mention id="relm-1238" realis="true">
        <rel_arg1 entity_id="ent-497" entity_mention_id="m-1080" role="suborg">its handset business</rel_arg1>
        <rel_arg2 entity_id="ent-30" entity_mention_id="m-381" role="parent">its</rel_arg2>
        <trigger source="NYT_ENG_20130903.0115" offset="2723" length="3">its</trigger>
      </relation_mention>
    </relation>
    <relation id="r-1583" type="physical" subtype="orglocationorigin">
      <relation_mention id="relm-720" realis="true">
        <rel_arg1 entity_id="ent-30" entity_mention_id="m-714" role="org">the Finnish mobile phone pioneer</rel_arg1>
        <rel_arg2 entity_id="ent-105" entity_mention_id="m-99" role="loc">Finnish</rel_arg2>
        <trigger source="NYT_ENG_20130903.0115" offset="768" length="7">Finnish</trigger>
      </relation_mention>
      <relation_mention id="relm-1178" realis="true">
        <rel_arg1 entity_id="ent-30" entity_mention_id="m-553" role="org">the 150-year-old Finnish company</rel_arg1>
        <rel_arg2 entity_id="ent-105" entity_mention_id="m-222" role="loc">Finnish</rel_arg2>
        <trigger source="NYT_ENG_20130903.0115" offset="1508" length="7">Finnish</trigger>
      </relation_mention>
    </relation>
    <relation id="r-1584" type="orgaffiliation" subtype="leadership">
      <relation_mention id="relm-760" realis="true">
        <rel_arg1 entity_id="ent-114" entity_mention_id="m-916" role="leader">the former Microsoft executive who was running Nokia until the deal was signed</rel_arg1>
        <rel_arg2 entity_id="ent-30" entity_mention_id="m-123" role="entity">Nokia</rel_arg2>
        <trigger source="NYT_ENG_20130903.0115" offset="907" length="7">running</trigger>
      </relation_mention>
    </relation>
    <relation id="r-1585" type="personalsocial" subtype="role">
      <relation_mention id="relm-793" realis="true">
        <rel_arg1 entity_id="ent-234" entity_mention_id="m-1007" role="per">Nokia’s interim chief executive</rel_arg1>
        <rel_arg2 filler_id="f-801" role="role">chief executive</rel_arg2>
      </relation_mention>
    </relation>
    <relation id="r-1586" type="personalsocial" subtype="role">
      <relation_mention id="relm-963" realis="true">
        <rel_arg1 entity_id="ent-114" entity_mention_id="m-916" role="per">the former Microsoft executive who was running Nokia until the deal was signed</rel_arg1>
        <rel_arg2 filler_id="f-971" role="role">executive</rel_arg2>
      </relation_mention>
    </relation>
    <relation id="r-1587" type="orgaffiliation" subtype="leadership">
      <relation_mention id="relm-991" realis="true">
        <rel_arg1 entity_id="ent-141" entity_mention_id="m-985" role="leader">Microsoft’s chief executive</rel_arg1>
        <rel_arg2 entity_id="ent-8" entity_mention_id="m-144" role="entity">Microsoft</rel_arg2>
        <trigger source="NYT_ENG_20130903.0115" offset="1074" length="5">chief</trigger>
      </relation_mention>
    </relation>
    <relation id="r-1588" type="orgaffiliation" subtype="leadership">
      <relation_mention id="relm-1013" realis="true">
        <rel_arg1 entity_id="ent-234" entity_mention_id="m-1007" role="leader">Nokia’s interim chief executive</rel_arg1>
        <rel_arg2 entity_id="ent-30" entity_mention_id="m-237" role="entity">Nokia</rel_arg2>
        <trigger source="NYT_ENG_20130903.0115" offset="1558" length="5">chief</trigger>
      </relation_mention>
    </relation>
    <relation id="r-1589" type="orgaffiliation" subtype="leadership">
      <relation_mention id="relm-1092" realis="true">
        <rel_arg1 entity_id="ent-114" entity_mention_id="m-916" role="leader">the former Microsoft executive who was running Nokia until the deal was signed</rel_arg1>
        <rel_arg2 entity_id="ent-8" entity_mention_id="m-117" role="entity">Microsoft</rel_arg2>
        <trigger source="NYT_ENG_20130903.0115" offset="889" length="9">executive</trigger>
      </relation_mention>
    </relation>
    <relation id="r-1590" type="physical" subtype="locatednear">
      <relation_mention id="relm-1112" realis="true">
        <rel_arg1 entity_id="ent-141" entity_mention_id="m-204" role="entity">Ballmer</rel_arg1>
        <rel_arg2 entity_id="ent-105" entity_mention_id="m-210" role="loc">Finland</rel_arg2>
        <trigger source="NYT_ENG_20130903.0115" offset="1275" length="4">from</trigger>
      </relation_mention>
    </relation>
    <relation id="r-1591" type="personalsocial" subtype="role">
      <relation_mention id="relm-1122" realis="true">
        <rel_arg1 entity_id="ent-192" entity_mention_id="m-186" role="per">Microsoft and Nokia executives</rel_arg1>
        <rel_arg2 filler_id="f-1130" role="role">executives</rel_arg2>
      </relation_mention>
    </relation>
    <relation id="r-1592" type="personalsocial" subtype="role">
      <relation_mention id="relm-1138" realis="true">
        <rel_arg1 entity_id="ent-201" entity_mention_id="m-1132" role="per">Nokia executives</rel_arg1>
        <rel_arg2 filler_id="f-1146" role="role">executives</rel_arg2>
      </relation_mention>
    </relation>
    <relation id="r-1593" type="orgaffiliation" subtype="employmentmembership">
      <relation_mention id="relm-1188" realis="true">
        <rel_arg1 entity_id="ent-114" entity_mention_id="m-282" role="employeemember">Elop</rel_arg1>
        <rel_arg2 entity_id="ent-30" entity_mention_id="m-288" role="org">Nokia</rel_arg2>
        <trigger source="NYT_ENG_20130903.0115" offset="1963" length="6">joined</trigger>
      </relation_mention>
    </relation>
    <relation id="r-1594" type="partwhole" subtype="subsidiary">
      <relation_mention id="relm-1218" realis="true">
        <rel_arg1 entity_id="ent-1056" entity_mention_id="m-1050" role="suborg">its telecommunications equipment unit</rel_arg1>
        <rel_arg2 entity_id="ent-30" entity_mention_id="m-910" role="parent">its</rel_arg2>
        <trigger source="NYT_ENG_20130903.0115" offset="2560" length="3">its</trigger>
      </relation_mention>
      <relation_mention id="relm-1228" realis="true">
        <rel_arg1 entity_id="ent-1056" entity_mention_id="m-1065" role="suborg">its mapping and location business</rel_arg1>
        <rel_arg2 entity_id="ent-30" entity_mention_id="m-1074" role="parent">its</rel_arg2>
        <trigger source="NYT_ENG_20130903.0115" offset="2604" length="3">its</trigger>
      </relation_mention>
    </relation>
  </relations>
  <hoppers>
    <hopper id="h-16">
      <event_mention id="em-447" type="transaction" subtype="transferownership" realis="other" ways="voluntary">
        <trigger source="NYT_ENG_20130903.0115" offset="185" length="3">BUY</trigger>
        <em_arg entity_id="ent-8" entity_mention_id="m-18" role="recipient" realis="true">MICROSOFT</em_arg>
        <em_arg entity_id="ent-497" entity_mention_id="m-1248" role="thing" realis="true">NOKIA UNITS</em_arg>
        <em_arg entity_id="ent-30" entity_mention_id="m-24" role="giver" realis="true">NOKIA</em_arg>
      </event_mention>
      <event_mention id="em-468" type="transaction" subtype="transferownership" realis="other" ways="voluntary">
        <trigger source="NYT_ENG_20130903.0115" offset="436" length="7">acquire</trigger>
        <em_arg entity_id="ent-8" entity_mention_id="m-655" role="recipient" realis="true">it</em_arg>
        <em_arg entity_id="ent-30" entity_mention_id="m-57" role="giver" realis="true">Nokia</em_arg>
        <em_arg entity_id="ent-497" entity_mention_id="m-661" role="thing" realis="true">the handset and services business</em_arg>
      </event_mention>
      <event_mention id="em-812" type="transaction" subtype="transferownership" realis="other" ways="voluntary">
        <trigger source="NYT_ENG_20130903.0115" offset="1597" length="4">sale</trigger>
        <em_arg entity_id="ent-497" entity_mention_id="m-803" role="thing" realis="true">the handset business</em_arg>
        <em_arg entity_id="ent-30" entity_mention_id="m-243" role="giver" realis="true">the company</em_arg>
      </event_mention>
      <event_mention id="em-1667" type="transaction" subtype="transferownership" realis="other" ways="voluntary">
        <trigger source="NYT_ENG_20130903.0115" offset="2483" length="10">offloading</trigger>
        <em_arg entity_id="ent-30" entity_mention_id="m-904" role="giver" realis="true">its</em_arg>
        <em_arg entity_id="ent-497" entity_mention_id="m-1044" role="thing" realis="true">its handset business</em_arg>
      </event_mention>
      <event_mention id="em-1716" type="transaction" subtype="transferownership" realis="other" ways="voluntary">
        <trigger source="NYT_ENG_20130903.0115" offset="2697" length="3">rid</trigger>
        <em_arg entity_id="ent-30" entity_mention_id="m-375" role="giver" realis="true">Nokia</em_arg>
        <em_arg entity_id="ent-497" entity_mention_id="m-1080" role="thing" realis="true">its handset business</em_arg>
      </event_mention>
    </hopper>
    <hopper id="h-544">
      <event_mention id="em-520" type="personnel" subtype="endposition" realis="other">
        <trigger source="NYT_ENG_20130903.0115" offset="1116" length="6">retire</trigger>
        <em_arg entity_id="ent-141" entity_mention_id="m-156" role="person" realis="true">he</em_arg>
        <em_arg entity_id="ent-8" entity_mention_id="m-162" role="entity" realis="true">the company</em_arg>
        <em_arg filler_id="f-1481" role="time" realis="true">within 12 months</em_arg>
      </event_mention>
    </hopper>
    <hopper id="h-597">
      <event_mention id="em-569" type="contact" subtype="broadcast" realis="actual" audience="oneway" formality="formal" medium="notinperson" schedule="planned">
        <trigger source="NYT_ENG_20130903.0115" offset="1265" length="9">interview</trigger>
        <em_arg entity_id="ent-141" entity_mention_id="m-204" role="entity" realis="true">Ballmer</em_arg>
        <em_arg entity_id="ent-105" entity_mention_id="m-210" role="place" realis="true">Finland</em_arg>
      </event_mention>
    </hopper>
    <hopper id="h-712">
      <event_mention id="em-684" type="personnel" subtype="startposition" realis="other">
        <trigger source="NYT_ENG_20130903.0115" offset="692" length="4">join</trigger>
        <em_arg entity_id="ent-541" entity_mention_id="m-491" role="person" realis="true">32,000 Nokia employees</em_arg>
        <em_arg entity_id="ent-8" entity_mention_id="m-87" role="entity" realis="true">Microsoft</em_arg>
      </event_mention>
    </hopper>
    <hopper id="h-758">
      <event_mention id="em-730" type="personnel" subtype="startposition" realis="other">
        <trigger source="NYT_ENG_20130903.0115" offset="953" length="6">rejoin</trigger>
        <em_arg entity_id="ent-114" entity_mention_id="m-916" role="person" realis="true">the former Microsoft executive who was running Nokia until the deal was signed</em_arg>
        <em_arg entity_id="ent-8" entity_mention_id="m-129" role="entity" realis="true">Microsoft</em_arg>
      </event_mention>
      <event_mention id="em-1261" type="personnel" subtype="startposition" realis="other">
        <trigger source="NYT_ENG_20130903.0115" offset="205" length="7">ACQUIRE</trigger>
        <em_arg entity_id="ent-8" entity_mention_id="m-18" role="entity" realis="true">MICROSOFT</em_arg>
        <em_arg entity_id="ent-114" entity_mention_id="m-922" role="person" realis="true">EXECUTIVE</em_arg>
      </event_mention>
    </hopper>
    <hopper id="h-865">
      <event_mention id="em-835" type="transaction" subtype="transferownership" realis="generic" ways="voluntary">
        <trigger source="NYT_ENG_20130903.0115" offset="1722" length="7">Selling</trigger>
        <em_arg entity_id="ent-862" entity_mention_id="m-856" role="thing" realis="true">a business</em_arg>
      </event_mention>
    </hopper>
    <hopper id="h-895">
      <event_mention id="em-867" type="personnel" subtype="startposition" realis="actual">
        <trigger source="NYT_ENG_20130903.0115" offset="1963" length="6">joined</trigger>
        <em_arg entity_id="ent-114" entity_mention_id="m-282" role="person" realis="true">Elop</em_arg>
        <em_arg entity_id="ent-30" entity_mention_id="m-288" role="entity" realis="true">Nokia</em_arg>
      </event_mention>
    </hopper>
    <hopper id="h-1317">
      <event_mention id="em-1289" type="contact" subtype="contact" realis="actual" audience="twoway" formality="formal" medium="canttell" schedule="planned">
        <trigger source="NYT_ENG_20130903.0115" offset="423" length="9">agreement</trigger>
        <em_arg entity_id="ent-8" entity_mention_id="m-42" role="entity" realis="true">Microsoft</em_arg>
        <em_arg entity_id="ent-30" entity_mention_id="m-57" role="entity" realis="true">Nokia</em_arg>
      </event_mention>
      <event_mention id="em-1484" type="contact" subtype="contact" realis="actual" audience="twoway" formality="formal" medium="canttell" schedule="planned">
        <trigger source="NYT_ENG_20130903.0115" offset="1173" length="9">agreement</trigger>
        <em_arg entity_id="ent-8" entity_mention_id="m-168" role="entity" realis="true">Microsoft</em_arg>
      </event_mention>
    </hopper>
    <hopper id="h-1368">
      <event_mention id="em-1333" type="transaction" subtype="transfermoney" realis="other" ways="voluntary">
        <trigger source="NYT_ENG_20130903.0115" offset="436" length="7">acquire</trigger>
        <em_arg entity_id="ent-8" entity_mention_id="m-655" role="giver" realis="true">it</em_arg>
        <em_arg entity_id="ent-30" entity_mention_id="m-57" role="recipient" realis="true">Nokia</em_arg>
        <em_arg filler_id="f-1365" role="money" realis="true">$7.2 billion</em_arg>
      </event_mention>
      <event_mention id="em-1428" type="transaction" subtype="transfermoney" realis="other" ways="voluntary">
        <trigger source="NYT_ENG_20130903.0115" offset="730" length="4">cash</trigger>
        <em_arg entity_id="ent-8" entity_mention_id="m-93" role="giver" realis="true">Microsoft</em_arg>
        <em_arg entity_id="ent-30" entity_mention_id="m-714" role="recipient" realis="true">the Finnish mobile phone pioneer</em_arg>
      </event_mention>
      <event_mention id="em-1579" type="transaction" subtype="transfermoney" realis="other" ways="voluntary">
        <trigger source="NYT_ENG_20130903.0115" offset="1597" length="4">sale</trigger>
        <em_arg entity_id="ent-30" entity_mention_id="m-243" role="recipient" realis="true">the company</em_arg>
      </event_mention>
      <event_mention id="em-1695" type="transaction" subtype="transfermoney" realis="other" ways="voluntary">
        <trigger source="NYT_ENG_20130903.0115" offset="2483" length="10">offloading</trigger>
        <em_arg entity_id="ent-30" entity_mention_id="m-904" role="recipient" realis="true">its</em_arg>
      </event_mention>
      <event_mention id="em-1744" type="transaction" subtype="transfermoney" realis="other" ways="voluntary">
        <trigger source="NYT_ENG_20130903.0115" offset="2697" length="3">rid</trigger>
        <em_arg entity_id="ent-30" entity_mention_id="m-375" role="recipient" realis="true">Nokia</em_arg>
      </event_mention>
    </hopper>
    <hopper id="h-1405">
      <event_mention id="em-1370" type="contact" subtype="contact" realis="actual" audience="canttell" formality="formal" medium="canttell" schedule="planned">
        <trigger source="NYT_ENG_20130903.0115" offset="658" length="4">said</trigger>
        <em_arg entity_id="ent-8" entity_mention_id="m-69" role="entity" realis="true">Microsoft</em_arg>
        <em_arg entity_id="ent-30" entity_mention_id="m-75" role="entity" realis="true">Nokia</em_arg>
        <em_arg filler_id="f-1402" role="time" realis="true">Monday</em_arg>
      </event_mention>
      <event_mention id="em-1407" type="contact" subtype="contact" realis="actual" audience="canttell" formality="formal" medium="canttell" schedule="planned">
        <trigger source="NYT_ENG_20130903.0115" offset="400" length="4">said</trigger>
        <em_arg entity_id="ent-8" entity_mention_id="m-42" role="entity" realis="true">Microsoft</em_arg>
      </event_mention>
    </hopper>
    <hopper id="h-1540">
      <event_mention id="em-1505" type="contact" subtype="contact" realis="actual" audience="twoway" formality="formal" medium="canttell" schedule="planned">
        <trigger source="NYT_ENG_20130903.0115" offset="1398" length="8">broached</trigger>
        <em_arg entity_id="ent-192" entity_mention_id="m-186" role="entity" realis="true">Microsoft and Nokia executives</em_arg>
        <em_arg entity_id="ent-201" entity_mention_id="m-1132" role="entity" realis="true"> Nokia executives </em_arg>
        <em_arg filler_id="f-1537" role="time" realis="true">February</em_arg>
      </event_mention>
    </hopper>
    <hopper id="h-1570">
      <event_mention id="em-1542" type="contact" subtype="contact" realis="actual" audience="canttell" formality="formal" medium="canttell" schedule="planned">
        <trigger source="NYT_ENG_20130903.0115" offset="1575" length="4">said</trigger>
        <em_arg entity_id="ent-234" entity_mention_id="m-1007" role="entity" realis="true">Nokia’s interim chief executive</em_arg>
        <em_arg filler_id="f-1567" role="time" realis="true">Tuesday</em_arg>
      </event_mention>
    </hopper>
    <hopper id="h-1642">
      <event_mention id="em-1607" type="contact" subtype="contact" realis="actual" audience="twoway" formality="formal" medium="canttell" schedule="planned">
        <trigger source="NYT_ENG_20130903.0115" offset="1989" length="4">pact</trigger>
        <em_arg entity_id="ent-114" entity_mention_id="m-282" role="entity" realis="true">Elop</em_arg>
        <em_arg entity_id="ent-8" entity_mention_id="m-294" role="entity" realis="true">Microsoft</em_arg>
        <em_arg filler_id="f-1639" role="time" realis="true">February 2011</em_arg>
      </event_mention>
    </hopper>
    <hopper id="h-1665">
      <event_mention id="em-1644" type="contact" subtype="contact" realis="actual" audience="canttell" formality="formal" medium="canttell" schedule="planned">
        <trigger source="NYT_ENG_20130903.0115" offset="2322" length="4">said</trigger>
        <em_arg entity_id="ent-327" entity_mention_id="m-1038" role="entity" realis="true">an analyst at Gartner</em_arg>
      </event_mention>
    </hopper>
    <hopper id="h-1786">
      <event_mention id="em-1765" type="contact" subtype="contact" realis="actual" audience="canttell" formality="formal" medium="canttell" schedule="planned">
        <trigger source="NYT_ENG_20130903.0115" offset="2763" length="4">said</trigger>
        <em_arg entity_id="ent-393" entity_mention_id="m-387" role="entity" realis="true">Janardan Menon</em_arg>
      </event_mention>
    </hopper>
    <hopper id="h-1794">
      <event_mention id="em-928" type="personnel" subtype="endposition" realis="actual">
        <trigger source="NYT_ENG_20130903.0115" offset="872" length="6">former</trigger>
        <em_arg entity_id="ent-114" entity_mention_id="m-916" role="person" realis="true">the former Microsoft executive who was running Nokia until the deal was signed</em_arg>
        <em_arg entity_id="ent-8" entity_mention_id="m-117" role="entity" realis="true">Microsoft</em_arg>
        <em_arg filler_id="f-960" role="position" realis="true">executive</em_arg>
      </event_mention>
    </hopper>
  </hoppers>
</deft_ere>
