<?xml version="1.0" encoding="UTF-8"?>
<deft_ere kit_id="5733b8b10000000000000010" doc_id="NYT_ENG_20130716.0108" source_type="newswire">
  <entities>
    <entity id="ent-8" type="GPE" specificity="specificIndividual">
      <entity_mention id="m-18" noun_type="NAM" source="NYT_ENG_20130716.0108" offset="172" length="4">
        <mention_text>U.S.</mention_text>
      </entity_mention>
      <entity_mention id="m-75" noun_type="NAM" source="NYT_ENG_20130716.0108" offset="549" length="4">
        <mention_text>U.S.</mention_text>
      </entity_mention>
      <entity_mention id="m-114" noun_type="NAM" source="NYT_ENG_20130716.0108" offset="635" length="8">
        <mention_text>American</mention_text>
      </entity_mention>
      <entity_mention id="m-276" noun_type="NAM" source="NYT_ENG_20130716.0108" offset="1329" length="4">
        <mention_text>U.S.</mention_text>
      </entity_mention>
      <entity_mention id="m-774" noun_type="NAM" source="NYT_ENG_20130716.0108" offset="3082" length="8">
        <mention_text>American</mention_text>
      </entity_mention>
    </entity>
    <entity id="ent-30" type="GPE" specificity="specificIndividual">
      <entity_mention id="m-24" noun_type="NAM" source="NYT_ENG_20130716.0108" offset="183" length="5">
        <mention_text>EGYPT</mention_text>
      </entity_mention>
      <entity_mention id="m-87" noun_type="NAM" source="NYT_ENG_20130716.0108" offset="570" length="8">
        <mention_text>Egyptian</mention_text>
      </entity_mention>
      <entity_mention id="m-126" noun_type="NAM" source="NYT_ENG_20130716.0108" offset="705" length="5">
        <mention_text>Egypt</mention_text>
      </entity_mention>
      <entity_mention id="m-183" noun_type="NAM" source="NYT_ENG_20130716.0108" offset="907" length="5">
        <mention_text>Egypt</mention_text>
      </entity_mention>
      <entity_mention id="m-240" noun_type="NAM" source="NYT_ENG_20130716.0108" offset="1156" length="5">
        <mention_text>Egypt</mention_text>
      </entity_mention>
      <entity_mention id="m-246" noun_type="PRO" source="NYT_ENG_20130716.0108" offset="1209" length="3">
        <mention_text>its</mention_text>
      </entity_mention>
      <entity_mention id="m-324" noun_type="NAM" source="NYT_ENG_20130716.0108" offset="1562" length="5">
        <mention_text>Egypt</mention_text>
      </entity_mention>
      <entity_mention id="m-552" noun_type="NOM" source="NYT_ENG_20130716.0108" offset="2330" length="11">
        <mention_text>the country</mention_text>
        <nom_head source="NYT_ENG_20130716.0108" offset="2334" length="7">country</nom_head>
      </entity_mention>
      <entity_mention id="m-762" noun_type="NAM" source="NYT_ENG_20130716.0108" offset="3028" length="8">
        <mention_text>Egyptian</mention_text>
      </entity_mention>
      <entity_mention id="m-1800" noun_type="NOM" source="NYT_ENG_20130716.0108" offset="2188" length="5">
        <mention_text>state</mention_text>
        <nom_head source="NYT_ENG_20130716.0108" offset="2188" length="5">state</nom_head>
      </entity_mention>
      <entity_mention id="m-2144" noun_type="NOM" source="NYT_ENG_20130716.0108" offset="2595" length="5">
        <mention_text>state</mention_text>
        <nom_head source="NYT_ENG_20130716.0108" offset="2595" length="5">state</nom_head>
      </entity_mention>
      <entity_mention id="m-2150" noun_type="NOM" source="NYT_ENG_20130716.0108" offset="2926" length="5">
        <mention_text>state</mention_text>
        <nom_head source="NYT_ENG_20130716.0108" offset="2926" length="5">state</nom_head>
      </entity_mention>
    </entity>
    <entity id="ent-33" type="PER" specificity="specificGroup">
      <entity_mention id="m-42" noun_type="NOM" source="NYT_ENG_20130716.0108" offset="183" length="16">
        <mention_text>EGYPT'S GENERALS</mention_text>
        <nom_head source="NYT_ENG_20130716.0108" offset="191" length="8">GENERALS</nom_head>
      </entity_mention>
      <entity_mention id="m-120" noun_type="NOM" source="NYT_ENG_20130716.0108" offset="675" length="12">
        <mention_text>the generals</mention_text>
        <nom_head source="NYT_ENG_20130716.0108" offset="679" length="8">generals</nom_head>
      </entity_mention>
      <entity_mention id="m-132" noun_type="PRO" source="NYT_ENG_20130716.0108" offset="759" length="5">
        <mention_text>their</mention_text>
      </entity_mention>
      <entity_mention id="m-222" noun_type="NOM" source="NYT_ENG_20130716.0108" offset="1064" length="8">
        <mention_text>generals</mention_text>
        <nom_head source="NYT_ENG_20130716.0108" offset="1064" length="8">generals</nom_head>
      </entity_mention>
      <entity_mention id="m-234" noun_type="PRO" source="NYT_ENG_20130716.0108" offset="1099" length="4">
        <mention_text>they</mention_text>
      </entity_mention>
    </entity>
    <entity id="ent-36" type="GPE" specificity="specificIndividual">
      <entity_mention id="m-48" noun_type="NAM" source="NYT_ENG_20130716.0108" offset="477" length="8">
        <mention_text>New York</mention_text>
      </entity_mention>
    </entity>
    <entity id="ent-39" type="GPE" specificity="specificIndividual">
      <entity_mention id="m-69" noun_type="NAM" source="NYT_ENG_20130716.0108" offset="504" length="5">
        <mention_text>CAIRO</mention_text>
      </entity_mention>
      <entity_mention id="m-282" noun_type="NAM" source="NYT_ENG_20130716.0108" offset="1352" length="5">
        <mention_text>Cairo</mention_text>
      </entity_mention>
      <entity_mention id="m-408" noun_type="NOM" source="NYT_ENG_20130716.0108" offset="1852" length="8">
        <mention_text>the city</mention_text>
        <nom_head source="NYT_ENG_20130716.0108" offset="1856" length="4">city</nom_head>
      </entity_mention>
      <entity_mention id="m-540" noun_type="NAM" source="NYT_ENG_20130716.0108" offset="2286" length="5">
        <mention_text>Cairo</mention_text>
      </entity_mention>
      <entity_mention id="m-582" noun_type="NAM" source="NYT_ENG_20130716.0108" offset="2382" length="5">
        <mention_text>Cairo</mention_text>
      </entity_mention>
      <entity_mention id="m-588" noun_type="NOM" source="NYT_ENG_20130716.0108" offset="2410" length="8">
        <mention_text>the city</mention_text>
        <nom_head source="NYT_ENG_20130716.0108" offset="2414" length="4">city</nom_head>
      </entity_mention>
    </entity>
    <entity id="ent-54" type="ORG" specificity="specificIndividual">
      <entity_mention id="m-81" noun_type="NOM" source="NYT_ENG_20130716.0108" offset="566" length="21">
        <mention_text>the Egyptian military</mention_text>
        <nom_head source="NYT_ENG_20130716.0108" offset="579" length="8">military</nom_head>
      </entity_mention>
      <entity_mention id="m-294" noun_type="NOM" source="NYT_ENG_20130716.0108" offset="1427" length="12">
        <mention_text>the military</mention_text>
        <nom_head source="NYT_ENG_20130716.0108" offset="1431" length="8">military</nom_head>
      </entity_mention>
      <entity_mention id="m-729" noun_type="NOM" source="NYT_ENG_20130716.0108" offset="2962" length="8">
        <mention_text>military</mention_text>
        <nom_head source="NYT_ENG_20130716.0108" offset="2962" length="8">military</nom_head>
      </entity_mention>
    </entity>
    <entity id="ent-57" type="PER" specificity="specificIndividual">
      <entity_mention id="m-93" noun_type="NAM" source="NYT_ENG_20130716.0108" offset="610" length="14">
        <mention_text>Mohammed Morsi</mention_text>
      </entity_mention>
      <entity_mention id="m-144" noun_type="NAM" source="NYT_ENG_20130716.0108" offset="815" length="5">
        <mention_text>Morsi</mention_text>
      </entity_mention>
      <entity_mention id="m-312" noun_type="NAM" source="NYT_ENG_20130716.0108" offset="1555" length="5">
        <mention_text>Morsi</mention_text>
      </entity_mention>
      <entity_mention id="m-318" noun_type="NOM" source="NYT_ENG_20130716.0108" offset="1562" length="38">
        <mention_text>Egypt’s first freely elected president</mention_text>
        <nom_head source="NYT_ENG_20130716.0108" offset="1591" length="9">president</nom_head>
      </entity_mention>
      <entity_mention id="m-363" noun_type="NAM" source="NYT_ENG_20130716.0108" offset="1758" length="5">
        <mention_text>Morsi</mention_text>
      </entity_mention>
      <entity_mention id="m-459" noun_type="NAM" source="NYT_ENG_20130716.0108" offset="2001" length="5">
        <mention_text>Morsi</mention_text>
      </entity_mention>
      <entity_mention id="m-528" noun_type="NAM" source="NYT_ENG_20130716.0108" offset="2230" length="5">
        <mention_text>Morsi</mention_text>
      </entity_mention>
      <entity_mention id="m-636" noun_type="NAM" source="NYT_ENG_20130716.0108" offset="2662" length="5">
        <mention_text>Morsi</mention_text>
      </entity_mention>
      <entity_mention id="m-666" noun_type="NAM" source="NYT_ENG_20130716.0108" offset="2780" length="5">
        <mention_text>Morsi</mention_text>
      </entity_mention>
    </entity>
    <entity id="ent-63" type="ORG" specificity="specificIndividual">
      <entity_mention id="m-138" noun_type="NOM" source="NYT_ENG_20130716.0108" offset="759" length="28">
        <mention_text>their new interim government</mention_text>
        <nom_head source="NYT_ENG_20130716.0108" offset="777" length="10">government</nom_head>
      </entity_mention>
      <entity_mention id="m-288" noun_type="NOM" source="NYT_ENG_20130716.0108" offset="1427" length="33">
        <mention_text>the military’s interim government</mention_text>
        <nom_head source="NYT_ENG_20130716.0108" offset="1450" length="10">government</nom_head>
      </entity_mention>
    </entity>
    <entity id="ent-66" type="PER" specificity="specificGroup">
      <entity_mention id="m-156" noun_type="NOM" source="NYT_ENG_20130716.0108" offset="857" length="55">
        <mention_text>representatives of some of the largest parties in Egypt</mention_text>
        <nom_head source="NYT_ENG_20130716.0108" offset="857" length="15">representatives</nom_head>
      </entity_mention>
    </entity>
    <entity id="ent-105" type="PER" specificity="specificGroup">
      <entity_mention id="m-348" noun_type="NOM" source="NYT_ENG_20130716.0108" offset="1745" length="31">
        <mention_text>thousands of Morsi’s supporters</mention_text>
        <nom_head source="NYT_ENG_20130716.0108" offset="1745" length="9">thousands</nom_head>
      </entity_mention>
      <entity_mention id="m-369" noun_type="PRO" source="NYT_ENG_20130716.0108" offset="1722" length="5">
        <mention_text>their</mention_text>
      </entity_mention>
      <entity_mention id="m-414" noun_type="PRO" source="NYT_ENG_20130716.0108" offset="1872" length="4">
        <mention_text>They</mention_text>
      </entity_mention>
      <entity_mention id="m-432" noun_type="PRO" source="NYT_ENG_20130716.0108" offset="1970" length="4">
        <mention_text>them</mention_text>
      </entity_mention>
      <entity_mention id="m-453" noun_type="NOM" source="NYT_ENG_20130716.0108" offset="1997" length="20">
        <mention_text>the Morsi supporters</mention_text>
        <nom_head source="NYT_ENG_20130716.0108" offset="2007" length="10">supporters</nom_head>
      </entity_mention>
      <entity_mention id="m-465" noun_type="NOM" source="NYT_ENG_20130716.0108" offset="2062" length="13">
        <mention_text>the Islamists</mention_text>
        <nom_head source="NYT_ENG_20130716.0108" offset="2066" length="9">Islamists</nom_head>
      </entity_mention>
    </entity>
    <entity id="ent-108" type="ORG" specificity="specificGroup">
      <entity_mention id="m-162" noun_type="NOM" source="NYT_ENG_20130716.0108" offset="876" length="36">
        <mention_text>some of the largest parties in Egypt</mention_text>
        <nom_head source="NYT_ENG_20130716.0108" offset="876" length="4">some</nom_head>
      </entity_mention>
    </entity>
    <entity id="ent-111" type="ORG" specificity="specificGroup">
      <entity_mention id="m-168" noun_type="NOM" source="NYT_ENG_20130716.0108" offset="884" length="28">
        <mention_text>the largest parties in Egypt</mention_text>
        <nom_head source="NYT_ENG_20130716.0108" offset="896" length="7">parties</nom_head>
      </entity_mention>
    </entity>
    <entity id="ent-174" type="ORG" specificity="specificIndividual">
      <entity_mention id="m-189" noun_type="NAM" source="NYT_ENG_20130716.0108" offset="1005" length="5">
        <mention_text>State</mention_text>
      </entity_mention>
    </entity>
    <entity id="ent-177" type="PER" specificity="specificIndividual">
      <entity_mention id="m-99" noun_type="NOM" source="NYT_ENG_20130716.0108" offset="626" length="26">
        <mention_text>a senior American diplomat</mention_text>
        <nom_head source="NYT_ENG_20130716.0108" offset="644" length="8">diplomat</nom_head>
      </entity_mention>
      <entity_mention id="m-195" noun_type="NAM" source="NYT_ENG_20130716.0108" offset="1011" length="16">
        <mention_text>William J. Burns</mention_text>
      </entity_mention>
      <entity_mention id="m-258" noun_type="NAM" source="NYT_ENG_20130716.0108" offset="1284" length="5">
        <mention_text>Burns</mention_text>
      </entity_mention>
      <entity_mention id="m-264" noun_type="NAM" source="NYT_ENG_20130716.0108" offset="1305" length="5">
        <mention_text>Burns</mention_text>
      </entity_mention>
      <entity_mention id="m-270" noun_type="NOM" source="NYT_ENG_20130716.0108" offset="1312" length="64">
        <mention_text>the first senior U.S. official to visit Cairo since the takeover</mention_text>
        <nom_head source="NYT_ENG_20130716.0108" offset="1334" length="8">official</nom_head>
      </entity_mention>
      <entity_mention id="m-342" noun_type="NAM" source="NYT_ENG_20130716.0108" offset="1686" length="5">
        <mention_text>Burns</mention_text>
      </entity_mention>
      <entity_mention id="m-642" noun_type="NAM" source="NYT_ENG_20130716.0108" offset="2716" length="5">
        <mention_text>Burns</mention_text>
      </entity_mention>
      <entity_mention id="m-714" noun_type="NAM" source="NYT_ENG_20130716.0108" offset="2915" length="5">
        <mention_text>Burns</mention_text>
      </entity_mention>
      <entity_mention id="m-738" noun_type="NAM" source="NYT_ENG_20130716.0108" offset="2993" length="5">
        <mention_text>Burns</mention_text>
      </entity_mention>
      <entity_mention id="m-744" noun_type="PRO" source="NYT_ENG_20130716.0108" offset="3024" length="3">
        <mention_text>his</mention_text>
      </entity_mention>
    </entity>
    <entity id="ent-180" type="PER" specificity="specificGroup">
      <entity_mention id="m-201" noun_type="NOM" source="NYT_ENG_20130716.0108" offset="1033" length="11">
        <mention_text>journalists</mention_text>
        <nom_head source="NYT_ENG_20130716.0108" offset="1033" length="11">journalists</nom_head>
      </entity_mention>
    </entity>
    <entity id="ent-207" type="PER" specificity="specificGroup">
      <entity_mention id="m-228" noun_type="NOM" source="NYT_ENG_20130716.0108" offset="1077" length="41">
        <mention_text>the interim officials they have appointed</mention_text>
        <nom_head source="NYT_ENG_20130716.0108" offset="1089" length="9">officials</nom_head>
      </entity_mention>
    </entity>
    <entity id="ent-210" type="PER" specificity="specificGroup">
      <entity_mention id="m-252" noun_type="NOM" source="NYT_ENG_20130716.0108" offset="1209" length="10">
        <mention_text>its people</mention_text>
        <nom_head source="NYT_ENG_20130716.0108" offset="1213" length="6">people</nom_head>
      </entity_mention>
    </entity>
    <entity id="ent-213" type="PER" specificity="specificGroup">
      <entity_mention id="m-300" noun_type="NOM" source="NYT_ENG_20130716.0108" offset="1465" length="135">
        <mention_text>tens of thousands of Islamists who have staged a two-week sit-in to protest the ouster of Morsi, Egypt’s first freely elected president</mention_text>
        <nom_head source="NYT_ENG_20130716.0108" offset="1473" length="9">thousands</nom_head>
      </entity_mention>
      <entity_mention id="m-330" noun_type="NOM" source="NYT_ENG_20130716.0108" offset="1641" length="13">
        <mention_text>the Islamists</mention_text>
        <nom_head source="NYT_ENG_20130716.0108" offset="1645" length="9">Islamists</nom_head>
      </entity_mention>
    </entity>
    <entity id="ent-216" type="PER" specificity="nonspecific">
      <entity_mention id="m-306" noun_type="NOM" source="NYT_ENG_20130716.0108" offset="1486" length="9">
        <mention_text>Islamists</mention_text>
        <nom_head source="NYT_ENG_20130716.0108" offset="1486" length="9">Islamists</nom_head>
      </entity_mention>
    </entity>
    <entity id="ent-219" type="PER" specificity="specificGroup">
      <entity_mention id="m-336" noun_type="NOM" source="NYT_ENG_20130716.0108" offset="1659" length="10">
        <mention_text>the police</mention_text>
        <nom_head source="NYT_ENG_20130716.0108" offset="1663" length="6">police</nom_head>
      </entity_mention>
      <entity_mention id="m-501" noun_type="NOM" source="NYT_ENG_20130716.0108" offset="2142" length="10">
        <mention_text>the police</mention_text>
        <nom_head source="NYT_ENG_20130716.0108" offset="2146" length="6">police</nom_head>
      </entity_mention>
    </entity>
    <entity id="ent-360" type="PER" specificity="specificGroup">
      <entity_mention id="m-150" noun_type="NOM" source="NYT_ENG_20130716.0108" offset="815" length="27">
        <mention_text>Morsi’s Islamist supporters</mention_text>
        <nom_head source="NYT_ENG_20130716.0108" offset="832" length="10">supporters</nom_head>
      </entity_mention>
      <entity_mention id="m-354" noun_type="NOM" source="NYT_ENG_20130716.0108" offset="1758" length="18">
        <mention_text>Morsi’s supporters</mention_text>
        <nom_head source="NYT_ENG_20130716.0108" offset="1766" length="10">supporters</nom_head>
      </entity_mention>
      <entity_mention id="m-522" noun_type="NOM" source="NYT_ENG_20130716.0108" offset="2230" length="16">
        <mention_text>Morsi supporters</mention_text>
        <nom_head source="NYT_ENG_20130716.0108" offset="2236" length="10">supporters</nom_head>
      </entity_mention>
    </entity>
    <entity id="ent-381" type="FAC" specificity="specificIndividual">
      <entity_mention id="m-375" noun_type="NOM" source="NYT_ENG_20130716.0108" offset="1722" length="21">
        <mention_text>their main encampment</mention_text>
        <nom_head source="NYT_ENG_20130716.0108" offset="1733" length="10">encampment</nom_head>
      </entity_mention>
    </entity>
    <entity id="ent-384" type="FAC" specificity="specificIndividual">
      <entity_mention id="m-387" noun_type="NOM" source="NYT_ENG_20130716.0108" offset="1784" length="14">
        <mention_text>a major square</mention_text>
        <nom_head source="NYT_ENG_20130716.0108" offset="1792" length="6">square</nom_head>
      </entity_mention>
    </entity>
    <entity id="ent-399" type="FAC" specificity="specificIndividual">
      <entity_mention id="m-393" noun_type="NOM" source="NYT_ENG_20130716.0108" offset="1809" length="61">
        <mention_text>a main bridge that is a central artery for the city’s traffic</mention_text>
        <nom_head source="NYT_ENG_20130716.0108" offset="1816" length="6">bridge</nom_head>
      </entity_mention>
    </entity>
    <entity id="ent-402" type="FAC" specificity="specificGroup">
      <entity_mention id="m-420" noun_type="NOM" source="NYT_ENG_20130716.0108" offset="1904" length="7">
        <mention_text>streets</mention_text>
        <nom_head source="NYT_ENG_20130716.0108" offset="1904" length="7">streets</nom_head>
      </entity_mention>
    </entity>
    <entity id="ent-405" type="PER" specificity="specificGroup">
      <entity_mention id="m-426" noun_type="NOM" source="NYT_ENG_20130716.0108" offset="1932" length="42">
        <mention_text>police officers who tried to displace them</mention_text>
        <nom_head source="NYT_ENG_20130716.0108" offset="1939" length="8">officers</nom_head>
      </entity_mention>
    </entity>
    <entity id="ent-444" type="PER" specificity="specificGroup">
      <entity_mention id="m-438" noun_type="NOM" source="NYT_ENG_20130716.0108" offset="1976" length="11">
        <mention_text>Riot police</mention_text>
        <nom_head source="NYT_ENG_20130716.0108" offset="1981" length="6">police</nom_head>
      </entity_mention>
    </entity>
    <entity id="ent-447" type="PER" specificity="specificGroup">
      <entity_mention id="m-471" noun_type="NOM" source="NYT_ENG_20130716.0108" offset="2049" length="26">
        <mention_text>opponents of the Islamists</mention_text>
        <nom_head source="NYT_ENG_20130716.0108" offset="2049" length="9">opponents</nom_head>
      </entity_mention>
    </entity>
    <entity id="ent-450" type="PER" specificity="specificGroup">
      <entity_mention id="m-480" noun_type="PRO" source="NYT_ENG_20130716.0108" offset="2105" length="4">
        <mention_text>some</mention_text>
      </entity_mention>
    </entity>
    <entity id="ent-477" type="FAC" specificity="specificIndividual">
      <entity_mention id="m-486" noun_type="NOM" source="NYT_ENG_20130716.0108" offset="2113" length="16">
        <mention_text>a police station</mention_text>
        <nom_head source="NYT_ENG_20130716.0108" offset="2122" length="7">station</nom_head>
      </entity_mention>
    </entity>
    <entity id="ent-498" type="PER" specificity="nonspecific">
      <entity_mention id="m-492" noun_type="NOM" source="NYT_ENG_20130716.0108" offset="2115" length="6">
        <mention_text>police</mention_text>
        <nom_head source="NYT_ENG_20130716.0108" offset="2115" length="6">police</nom_head>
      </entity_mention>
    </entity>
    <entity id="ent-513" type="PER" specificity="specificGroup">
      <entity_mention id="m-507" noun_type="NOM" source="NYT_ENG_20130716.0108" offset="2220" length="26">
        <mention_text>Crowds of Morsi supporters</mention_text>
        <nom_head source="NYT_ENG_20130716.0108" offset="2220" length="6">Crowds</nom_head>
      </entity_mention>
    </entity>
    <entity id="ent-516" type="LOC" specificity="specificIndividual">
      <entity_mention id="m-534" noun_type="NAM" source="NYT_ENG_20130716.0108" offset="2272" length="10">
        <mention_text>Nile River</mention_text>
      </entity_mention>
    </entity>
    <entity id="ent-519" type="FAC" specificity="specificIndividual">
      <entity_mention id="m-546" noun_type="NAM" source="NYT_ENG_20130716.0108" offset="2286" length="16">
        <mention_text>Cairo University</mention_text>
      </entity_mention>
    </entity>
    <entity id="ent-564" type="GPE" specificity="specificGroup">
      <entity_mention id="m-558" noun_type="NOM" source="NYT_ENG_20130716.0108" offset="2310" length="31">
        <mention_text>other cities around the country</mention_text>
        <nom_head source="NYT_ENG_20130716.0108" offset="2316" length="6">cities</nom_head>
      </entity_mention>
    </entity>
    <entity id="ent-567" type="PER" specificity="specificGroup">
      <entity_mention id="m-576" noun_type="NOM" source="NYT_ENG_20130716.0108" offset="2343" length="18">
        <mention_text>At least 22 people</mention_text>
        <nom_head source="NYT_ENG_20130716.0108" offset="2355" length="6">people</nom_head>
      </entity_mention>
    </entity>
    <entity id="ent-570" type="ORG" specificity="specificIndividual">
      <entity_mention id="m-594" noun_type="NOM" source="NYT_ENG_20130716.0108" offset="2410" length="30">
        <mention_text>the city’s ambulance authority</mention_text>
        <nom_head source="NYT_ENG_20130716.0108" offset="2431" length="9">authority</nom_head>
      </entity_mention>
    </entity>
    <entity id="ent-573" type="PER" specificity="specificGroup">
      <entity_mention id="m-600" noun_type="NOM" source="NYT_ENG_20130716.0108" offset="2467" length="41">
        <mention_text>Islamist militants in the Sinai Peninsula</mention_text>
        <nom_head source="NYT_ENG_20130716.0108" offset="2476" length="9">militants</nom_head>
      </entity_mention>
    </entity>
    <entity id="ent-612" type="LOC" specificity="specificIndividual">
      <entity_mention id="m-606" noun_type="NAM" source="NYT_ENG_20130716.0108" offset="2493" length="15">
        <mention_text>Sinai Peninsula</mention_text>
      </entity_mention>
    </entity>
    <entity id="ent-615" type="PER" specificity="specificGroup">
      <entity_mention id="m-621" noun_type="NOM" source="NYT_ENG_20130716.0108" offset="2565" length="12">
        <mention_text>three people</mention_text>
        <nom_head source="NYT_ENG_20130716.0108" offset="2571" length="6">people</nom_head>
      </entity_mention>
    </entity>
    <entity id="ent-618" type="PER" specificity="specificGroup">
      <entity_mention id="m-627" noun_type="NOM" source="NYT_ENG_20130716.0108" offset="2591" length="2">
        <mention_text>17</mention_text>
        <nom_head source="NYT_ENG_20130716.0108" offset="2591" length="2">17</nom_head>
      </entity_mention>
    </entity>
    <entity id="ent-660" type="PER" specificity="specificGroup">
      <entity_mention id="m-654" noun_type="NOM" source="NYT_ENG_20130716.0108" offset="2723" length="71">
        <mention_text>The young organizers of the petition drive that preceded Morsi’s ouster</mention_text>
        <nom_head source="NYT_ENG_20130716.0108" offset="2733" length="10">organizers</nom_head>
      </entity_mention>
    </entity>
    <entity id="ent-663" type="ORG" specificity="specificIndividual">
      <entity_mention id="m-672" noun_type="NOM" source="NYT_ENG_20130716.0108" offset="2796" length="36">
        <mention_text>the ultraconservative Islamist party</mention_text>
        <nom_head source="NYT_ENG_20130716.0108" offset="2827" length="5">party</nom_head>
      </entity_mention>
      <entity_mention id="m-678" noun_type="NAM" source="NYT_ENG_20130716.0108" offset="2833" length="7">
        <mention_text>Al-Nour</mention_text>
      </entity_mention>
    </entity>
    <entity id="ent-684" type="PER" specificity="specificGroup">
      <entity_mention id="m-690" noun_type="NOM" source="NYT_ENG_20130716.0108" offset="2845" length="35">
        <mention_text>officials of the Muslim Brotherhood</mention_text>
        <nom_head source="NYT_ENG_20130716.0108" offset="2845" length="9">officials</nom_head>
      </entity_mention>
    </entity>
    <entity id="ent-687" type="ORG" specificity="specificIndividual">
      <entity_mention id="m-696" noun_type="NAM" source="NYT_ENG_20130716.0108" offset="2862" length="18">
        <mention_text>Muslim Brotherhood</mention_text>
      </entity_mention>
    </entity>
    <entity id="ent-726" type="PER" specificity="specificGroup">
      <entity_mention id="m-720" noun_type="NOM" source="NYT_ENG_20130716.0108" offset="2952" length="28">
        <mention_text>anonymous military officials</mention_text>
        <nom_head source="NYT_ENG_20130716.0108" offset="2971" length="9">officials</nom_head>
      </entity_mention>
    </entity>
    <entity id="ent-735" type="PER" specificity="specificGroup">
      <entity_mention id="m-648" noun_type="NOM" source="NYT_ENG_20130716.0108" offset="2697" length="9">
        <mention_text>all sides</mention_text>
        <nom_head source="NYT_ENG_20130716.0108" offset="2701" length="5">sides</nom_head>
      </entity_mention>
      <entity_mention id="m-702" noun_type="PRO" source="NYT_ENG_20130716.0108" offset="2881" length="3">
        <mention_text>all</mention_text>
      </entity_mention>
      <entity_mention id="m-708" noun_type="PRO" source="NYT_ENG_20130716.0108" offset="2890" length="4">
        <mention_text>they</mention_text>
      </entity_mention>
    </entity>
    <entity id="ent-756" type="PER" specificity="specificGroup">
      <entity_mention id="m-750" noun_type="NOM" source="NYT_ENG_20130716.0108" offset="3024" length="25">
        <mention_text>his Egyptian counterparts</mention_text>
        <nom_head source="NYT_ENG_20130716.0108" offset="3037" length="12">counterparts</nom_head>
      </entity_mention>
    </entity>
    <entity id="ent-759" type="ORG" specificity="specificIndividual">
      <entity_mention id="m-768" noun_type="NOM" source="NYT_ENG_20130716.0108" offset="3082" length="17">
        <mention_text>American military</mention_text>
        <nom_head source="NYT_ENG_20130716.0108" offset="3091" length="8">military</nom_head>
      </entity_mention>
    </entity>
    <entity id="ent-2162" type="PER" specificity="specificIndividual">
      <entity_mention id="m-2156" noun_type="NAM" source="NYT_ENG_20130716.0108" offset="335" length="5">
        <mention_text>Fahim</mention_text>
      </entity_mention>
    </entity>
  </entities>
  <fillers>
    <filler id="f-808" source="NYT_ENG_20130716.0108" offset="600" length="9" type="title">President</filler>
    <filler id="f-878" source="NYT_ENG_20130716.0108" offset="985" length="25" type="title">Deputy Secretary of State</filler>
    <filler id="f-978" source="NYT_ENG_20130716.0108" offset="1591" length="9" type="title">president</filler>
    <filler id="f-1233" source="NYT_ENG_20130716.0108" offset="663" length="6" type="time" nom_time="2013-07-15">Monday</filler>
    <filler id="f-1277" source="NYT_ENG_20130716.0108" offset="600" length="9" type="title">President</filler>
    <filler id="f-1590" source="NYT_ENG_20130716.0108" offset="663" length="6" type="time" nom_time="2013-07-15">Monday</filler>
    <filler id="f-1490" source="NYT_ENG_20130716.0108" offset="1591" length="9" type="title">president</filler>
    <filler id="f-1660" source="NYT_ENG_20130716.0108" offset="1923" length="5" type="weapon">rocks</filler>
    <filler id="f-1688" source="NYT_ENG_20130716.0108" offset="2033" length="8" type="weapon">tear gas</filler>
    <filler id="f-1797" source="NYT_ENG_20130716.0108" offset="2170" length="8" type="weapon">birdshot</filler>
    <filler id="f-1891" source="NYT_ENG_20130716.0108" offset="2514" length="25" type="weapon">rocket-propelled grenades</filler>
    <filler id="f-1898" source="NYT_ENG_20130716.0108" offset="2459" length="6" type="time" nom_time="2013-07-15">Monday</filler>
    <filler id="f-1905" source="NYT_ENG_20130716.0108" offset="2550" length="5" type="vehicle">a bus</filler>
    <filler id="f-1937" source="NYT_ENG_20130716.0108" offset="2514" length="25" type="weapon">rocket-propelled grenades</filler>
    <filler id="f-1993" source="NYT_ENG_20130716.0108" offset="2459" length="6" type="time" nom_time="2013-07-15">Monday</filler>
    <filler id="f-2341" source="NYT_ENG_20130716.0108" offset="1591" length="9" type="title">president</filler>
    <filler id="f-2580" source="NYT_ENG_20130716.0108" offset="2514" length="25" type="weapon">rocket-propelled grenades</filler>
    <filler id="f-2587" source="NYT_ENG_20130716.0108" offset="2459" length="6" type="time" nom_time="2013-07-15">Monday</filler>
  </fillers>
  <relations>
    <relation id="r-264" type="orgaffiliation" subtype="employmentmembership">
      <relation_mention id="relm-780" realis="true">
        <rel_arg1 entity_id="ent-33" entity_mention_id="m-42" role="employeemember">EGYPT'S GENERALS</rel_arg1>
        <rel_arg2 entity_id="ent-30" entity_mention_id="m-24" role="org">EGYPT</rel_arg2>
      </relation_mention>
    </relation>
    <relation id="r-265" type="partwhole" subtype="subsidiary">
      <relation_mention id="relm-790" realis="true">
        <rel_arg1 entity_id="ent-54" entity_mention_id="m-81" role="suborg">the Egyptian military</rel_arg1>
        <rel_arg2 entity_id="ent-30" entity_mention_id="m-87" role="parent">Egyptian</rel_arg2>
        <trigger source="NYT_ENG_20130716.0108" offset="570" length="8">Egyptian</trigger>
      </relation_mention>
    </relation>
    <relation id="r-266" type="personalsocial" subtype="role">
      <relation_mention id="relm-800" realis="true">
        <rel_arg1 entity_id="ent-57" entity_mention_id="m-93" role="per">Mohammed Morsi</rel_arg1>
        <rel_arg2 filler_id="f-808" role="role">President</rel_arg2>
      </relation_mention>
      <relation_mention id="relm-970" realis="true">
        <rel_arg1 entity_id="ent-57" entity_mention_id="m-318" role="per">Egypt’s first freely elected president</rel_arg1>
        <rel_arg2 filler_id="f-978" role="role">president</rel_arg2>
      </relation_mention>
    </relation>
    <relation id="r-267" type="orgaffiliation" subtype="employmentmembership">
      <relation_mention id="relm-820" realis="true">
        <rel_arg1 entity_id="ent-177" entity_mention_id="m-99" role="employeemember">a senior American diplomat</rel_arg1>
        <rel_arg2 entity_id="ent-8" entity_mention_id="m-114" role="org">American</rel_arg2>
        <trigger source="NYT_ENG_20130716.0108" offset="635" length="8">American</trigger>
      </relation_mention>
      <relation_mention id="relm-910" realis="true">
        <rel_arg1 entity_id="ent-177" entity_mention_id="m-270" role="employeemember">the first senior U.S. official to visit Cairo since the takeover</rel_arg1>
        <rel_arg2 entity_id="ent-8" entity_mention_id="m-276" role="org">U.S.</rel_arg2>
      </relation_mention>
    </relation>
    <relation id="r-268" type="orgaffiliation" subtype="leadership">
      <relation_mention id="relm-830" realis="true">
        <rel_arg1 entity_id="ent-33" entity_mention_id="m-132" role="leader">their</rel_arg1>
        <rel_arg2 entity_id="ent-63" entity_mention_id="m-138" role="entity">their new interim government</rel_arg2>
      </relation_mention>
    </relation>
    <relation id="r-269" type="orgaffiliation" subtype="employmentmembership">
      <relation_mention id="relm-850" realis="true">
        <rel_arg1 entity_id="ent-66" entity_mention_id="m-156" role="employeemember">representatives of some of the largest parties in Egypt</rel_arg1>
        <rel_arg2 entity_id="ent-108" entity_mention_id="m-162" role="org">some of the largest parties in Egypt</rel_arg2>
        <trigger source="NYT_ENG_20130716.0108" offset="873" length="2">of</trigger>
      </relation_mention>
    </relation>
    <relation id="r-270" type="physical" subtype="orglocationorigin">
      <relation_mention id="relm-860" realis="true">
        <rel_arg1 entity_id="ent-108" entity_mention_id="m-162" role="org">some of the largest parties in Egypt</rel_arg1>
        <rel_arg2 entity_id="ent-30" entity_mention_id="m-183" role="loc">Egypt</rel_arg2>
        <trigger source="NYT_ENG_20130716.0108" offset="904" length="2">in</trigger>
      </relation_mention>
    </relation>
    <relation id="r-271" type="personalsocial" subtype="role">
      <relation_mention id="relm-870" realis="true">
        <rel_arg1 entity_id="ent-177" entity_mention_id="m-195" role="per">William J. Burns</rel_arg1>
        <rel_arg2 filler_id="f-878" role="role">Deputy Secretary of State</rel_arg2>
      </relation_mention>
    </relation>
    <relation id="r-272" type="orgaffiliation" subtype="leadership">
      <relation_mention id="relm-880" realis="true">
        <rel_arg1 entity_id="ent-177" entity_mention_id="m-195" role="leader">William J. Burns</rel_arg1>
        <rel_arg2 entity_id="ent-174" entity_mention_id="m-189" role="entity">State</rel_arg2>
        <trigger source="NYT_ENG_20130716.0108" offset="985" length="16">Deputy Secretary</trigger>
      </relation_mention>
    </relation>
    <relation id="r-273" type="personalsocial" subtype="business">
      <relation_mention id="relm-890" realis="true">
        <rel_arg1 entity_id="ent-207" entity_mention_id="m-228" role="per">the interim officials they have appointed</rel_arg1>
        <rel_arg2 entity_id="ent-33" entity_mention_id="m-234" role="per">they</rel_arg2>
        <trigger source="NYT_ENG_20130716.0108" offset="1109" length="9">appointed</trigger>
      </relation_mention>
    </relation>
    <relation id="r-274" type="generalaffiliation" subtype="more">
      <relation_mention id="relm-900" realis="true">
        <rel_arg1 entity_id="ent-210" entity_mention_id="m-252" role="per">its people</rel_arg1>
        <rel_arg2 entity_id="ent-30" entity_mention_id="m-246" role="entity">its</rel_arg2>
        <trigger source="NYT_ENG_20130716.0108" offset="1209" length="3">its</trigger>
      </relation_mention>
    </relation>
    <relation id="r-275" type="physical" subtype="locatednear">
      <relation_mention id="relm-930" realis="true">
        <rel_arg1 entity_id="ent-177" entity_mention_id="m-270" role="entity">the first senior U.S. official to visit Cairo since the takeover</rel_arg1>
        <rel_arg2 entity_id="ent-39" entity_mention_id="m-282" role="loc">Cairo</rel_arg2>
        <trigger source="NYT_ENG_20130716.0108" offset="1346" length="5">visit</trigger>
      </relation_mention>
    </relation>
    <relation id="r-276" type="partwhole" subtype="subsidiary">
      <relation_mention id="relm-940" realis="true">
        <rel_arg1 entity_id="ent-63" entity_mention_id="m-288" role="suborg">the military’s interim government</rel_arg1>
        <rel_arg2 entity_id="ent-54" entity_mention_id="m-294" role="parent">the military</rel_arg2>
      </relation_mention>
    </relation>
    <relation id="r-277" type="orgaffiliation" subtype="leadership">
      <relation_mention id="relm-950" realis="true">
        <rel_arg1 entity_id="ent-57" entity_mention_id="m-318" role="leader">Egypt’s first freely elected president</rel_arg1>
        <rel_arg2 entity_id="ent-30" entity_mention_id="m-324" role="entity">Egypt</rel_arg2>
        <trigger source="NYT_ENG_20130716.0108" offset="1591" length="9">president</trigger>
      </relation_mention>
      <relation_mention id="relm-2165" realis="true">
        <rel_arg1 entity_id="ent-57" entity_mention_id="m-93" role="leader">Mohammed Morsi</rel_arg1>
        <rel_arg2 entity_id="ent-30" entity_mention_id="m-87" role="entity">Egyptian</rel_arg2>
        <trigger source="NYT_ENG_20130716.0108" offset="600" length="9">President</trigger>
      </relation_mention>
    </relation>
    <relation id="r-278" type="physical" subtype="locatednear">
      <relation_mention id="relm-980" realis="true">
        <rel_arg1 entity_id="ent-105" entity_mention_id="m-369" role="entity">their</rel_arg1>
        <rel_arg2 entity_id="ent-381" entity_mention_id="m-375" role="loc">their main encampment</rel_arg2>
        <trigger source="NYT_ENG_20130716.0108" offset="1714" length="7">Leaving</trigger>
      </relation_mention>
    </relation>
    <relation id="r-279" type="physical" subtype="locatednear">
      <relation_mention id="relm-990" realis="true">
        <rel_arg1 entity_id="ent-105" entity_mention_id="m-348" role="entity">thousands of Morsi’s supporters</rel_arg1>
        <rel_arg2 entity_id="ent-384" entity_mention_id="m-387" role="loc">a major square</rel_arg2>
        <trigger source="NYT_ENG_20130716.0108" offset="1777" length="6">filled</trigger>
      </relation_mention>
    </relation>
    <relation id="r-280" type="physical" subtype="locatednear">
      <relation_mention id="relm-1010" realis="true">
        <rel_arg1 entity_id="ent-399" entity_mention_id="m-393" role="entity">a main bridge that is a central artery for the city’s traffic</rel_arg1>
        <rel_arg2 entity_id="ent-39" entity_mention_id="m-408" role="loc">the city</rel_arg2>
      </relation_mention>
    </relation>
    <relation id="r-281" type="physical" subtype="locatednear">
      <relation_mention id="relm-1020" realis="true">
        <rel_arg1 entity_id="ent-450" entity_mention_id="m-480" role="entity">some</rel_arg1>
        <rel_arg2 entity_id="ent-477" entity_mention_id="m-486" role="loc">a police station</rel_arg2>
        <trigger source="NYT_ENG_20130716.0108" offset="2110" length="2">to</trigger>
      </relation_mention>
    </relation>
    <relation id="r-282" type="physical" subtype="locatednear">
      <relation_mention id="relm-1030" realis="true">
        <rel_arg1 entity_id="ent-498" entity_mention_id="m-492" role="entity">police</rel_arg1>
        <rel_arg2 entity_id="ent-477" entity_mention_id="m-486" role="loc">a police station</rel_arg2>
      </relation_mention>
    </relation>
    <relation id="r-283" type="physical" subtype="locatednear">
      <relation_mention id="relm-1040" realis="true">
        <rel_arg1 entity_id="ent-513" entity_mention_id="m-507" role="entity">Crowds of Morsi supporters</rel_arg1>
        <rel_arg2 entity_id="ent-30" entity_mention_id="m-552" role="loc">the country</rel_arg2>
        <trigger source="NYT_ENG_20130716.0108" offset="2307" length="2">in</trigger>
      </relation_mention>
    </relation>
    <relation id="r-284" type="physical" subtype="locatednear">
      <relation_mention id="relm-1050" realis="true">
        <rel_arg1 entity_id="ent-519" entity_mention_id="m-546" role="entity">Cairo University</rel_arg1>
        <rel_arg2 entity_id="ent-39" entity_mention_id="m-540" role="loc">Cairo</rel_arg2>
      </relation_mention>
    </relation>
    <relation id="r-285" type="physical" subtype="locatednear">
      <relation_mention id="relm-1070" realis="true">
        <rel_arg1 entity_id="ent-564" entity_mention_id="m-558" role="entity">other cities around the country</rel_arg1>
        <rel_arg2 entity_id="ent-30" entity_mention_id="m-552" role="loc">the country</rel_arg2>
        <trigger source="NYT_ENG_20130716.0108" offset="2323" length="6">around</trigger>
      </relation_mention>
    </relation>
    <relation id="r-286" type="physical" subtype="locatednear">
      <relation_mention id="relm-1080" realis="true">
        <rel_arg1 entity_id="ent-567" entity_mention_id="m-576" role="entity">At least 22 people</rel_arg1>
        <rel_arg2 entity_id="ent-39" entity_mention_id="m-582" role="loc">Cairo</rel_arg2>
        <trigger source="NYT_ENG_20130716.0108" offset="2375" length="2">in</trigger>
      </relation_mention>
    </relation>
    <relation id="r-287" type="partwhole" subtype="subsidiary">
      <relation_mention id="relm-1090" realis="true">
        <rel_arg1 entity_id="ent-570" entity_mention_id="m-594" role="suborg">the city’s ambulance authority</rel_arg1>
        <rel_arg2 entity_id="ent-39" entity_mention_id="m-588" role="parent">the city</rel_arg2>
        <trigger source="NYT_ENG_20130716.0108" offset="2414" length="6">city’s</trigger>
      </relation_mention>
    </relation>
    <relation id="r-288" type="physical" subtype="locatednear">
      <relation_mention id="relm-1100" realis="true">
        <rel_arg1 entity_id="ent-573" entity_mention_id="m-600" role="entity">Islamist militants in the Sinai Peninsula</rel_arg1>
        <rel_arg2 entity_id="ent-612" entity_mention_id="m-606" role="loc">Sinai Peninsula</rel_arg2>
        <trigger source="NYT_ENG_20130716.0108" offset="2486" length="2">in</trigger>
      </relation_mention>
    </relation>
    <relation id="r-289" type="physical" subtype="locatednear">
      <relation_mention id="relm-1110" realis="true">
        <rel_arg1 entity_id="ent-615" entity_mention_id="m-621" role="entity">three people</rel_arg1>
        <rel_arg2 entity_id="ent-612" entity_mention_id="m-606" role="loc">Sinai Peninsula</rel_arg2>
        <trigger source="NYT_ENG_20130716.0108" offset="2486" length="2">in</trigger>
      </relation_mention>
    </relation>
    <relation id="r-290" type="physical" subtype="locatednear">
      <relation_mention id="relm-1120" realis="true">
        <rel_arg1 entity_id="ent-618" entity_mention_id="m-627" role="entity">17</rel_arg1>
        <rel_arg2 entity_id="ent-612" entity_mention_id="m-606" role="loc">Sinai Peninsula</rel_arg2>
        <trigger source="NYT_ENG_20130716.0108" offset="2486" length="2">in</trigger>
      </relation_mention>
    </relation>
    <relation id="r-291" type="orgaffiliation" subtype="employmentmembership">
      <relation_mention id="relm-1130" realis="true">
        <rel_arg1 entity_id="ent-684" entity_mention_id="m-690" role="employeemember">officials of the Muslim Brotherhood</rel_arg1>
        <rel_arg2 entity_id="ent-687" entity_mention_id="m-696" role="org">Muslim Brotherhood</rel_arg2>
        <trigger source="NYT_ENG_20130716.0108" offset="2855" length="2">of</trigger>
      </relation_mention>
    </relation>
    <relation id="r-292" type="orgaffiliation" subtype="employmentmembership">
      <relation_mention id="relm-1140" realis="true">
        <rel_arg1 entity_id="ent-726" entity_mention_id="m-720" role="employeemember">anonymous military officials</rel_arg1>
        <rel_arg2 entity_id="ent-54" entity_mention_id="m-729" role="org">military</rel_arg2>
      </relation_mention>
    </relation>
    <relation id="r-293" type="generalaffiliation" subtype="more">
      <relation_mention id="relm-1150" realis="true">
        <rel_arg1 entity_id="ent-756" entity_mention_id="m-750" role="per">his Egyptian counterparts</rel_arg1>
        <rel_arg2 entity_id="ent-30" entity_mention_id="m-762" role="entity">Egyptian</rel_arg2>
        <trigger source="NYT_ENG_20130716.0108" offset="3028" length="8">Egyptian</trigger>
      </relation_mention>
    </relation>
    <relation id="r-294" type="partwhole" subtype="subsidiary">
      <relation_mention id="relm-1170" realis="true">
        <rel_arg1 entity_id="ent-759" entity_mention_id="m-768" role="suborg">American military</rel_arg1>
        <rel_arg2 entity_id="ent-8" entity_mention_id="m-774" role="parent">American</rel_arg2>
        <trigger source="NYT_ENG_20130716.0108" offset="3082" length="8">American</trigger>
      </relation_mention>
    </relation>
    <relation id="r-295" type="physical" subtype="locatednear">
      <relation_mention id="relm-1455" realis="true">
        <rel_arg1 entity_id="ent-39" entity_mention_id="m-282" role="entity">Cairo</rel_arg1>
        <rel_arg2 entity_id="ent-30" entity_mention_id="m-324" role="loc">Egypt</rel_arg2>
      </relation_mention>
    </relation>
    <relation id="r-296" type="physical" subtype="orglocationorigin">
      <relation_mention id="relm-2175" realis="true">
        <rel_arg1 entity_id="ent-111" entity_mention_id="m-168" role="org">the largest parties in Egypt</rel_arg1>
        <rel_arg2 entity_id="ent-30" entity_mention_id="m-183" role="loc">Egypt</rel_arg2>
        <trigger source="NYT_ENG_20130716.0108" offset="904" length="2">in</trigger>
      </relation_mention>
    </relation>
    <relation id="r-297" type="physical" subtype="locatednear">
      <relation_mention id="relm-2195" realis="true">
        <rel_arg1 entity_id="ent-384" entity_mention_id="m-387" role="entity">a major square</rel_arg1>
        <rel_arg2 entity_id="ent-399" entity_mention_id="m-393" role="loc">a main bridge that is a central artery for the city’s traffic</rel_arg2>
      </relation_mention>
    </relation>
    <relation id="r-298" type="physical" subtype="locatednear">
      <relation_mention id="relm-2205" realis="true">
        <rel_arg1 entity_id="ent-105" entity_mention_id="m-414" role="entity">They</rel_arg1>
        <rel_arg2 entity_id="ent-402" entity_mention_id="m-420" role="loc">streets</rel_arg2>
        <trigger source="NYT_ENG_20130716.0108" offset="1898" length="5">block</trigger>
      </relation_mention>
    </relation>
    <relation id="r-299" type="physical" subtype="locatednear">
      <relation_mention id="relm-2215" realis="true">
        <rel_arg1 entity_id="ent-447" entity_mention_id="m-471" role="entity">opponents of the Islamists</rel_arg1>
        <rel_arg2 entity_id="ent-477" entity_mention_id="m-486" role="loc">a police station</rel_arg2>
        <trigger source="NYT_ENG_20130716.0108" offset="2110" length="2">to</trigger>
      </relation_mention>
    </relation>
  </relations>
  <hoppers>
    <hopper id="h-16">
      <event_mention id="em-1180" type="contact" subtype="broadcast" realis="actual" audience="oneway" formality="formal" medium="canttell" schedule="planned">
        <trigger source="NYT_ENG_20130716.0108" offset="177" length="5">WARNS</trigger>
        <em_arg entity_id="ent-8" entity_mention_id="m-18" role="entity" realis="true">U.S.</em_arg>
        <em_arg entity_id="ent-33" entity_mention_id="m-42" role="entity" realis="true">EGYPT'S GENERALS</em_arg>
      </event_mention>
      <event_mention id="em-1208" type="contact" subtype="broadcast" realis="actual" audience="oneway" formality="formal" medium="canttell" schedule="planned">
        <trigger source="NYT_ENG_20130716.0108" offset="528" length="9">statement</trigger>
        <em_arg entity_id="ent-177" entity_mention_id="m-99" role="entity" realis="true">a senior American diplomat</em_arg>
        <em_arg filler_id="f-1233" role="time" realis="true">Monday</em_arg>
      </event_mention>
      <event_mention id="em-1336" type="contact" subtype="broadcast" realis="actual" audience="oneway" formality="formal" medium="inperson" schedule="planned">
        <trigger source="NYT_ENG_20130716.0108" offset="1028" length="4">told</trigger>
        <em_arg entity_id="ent-177" entity_mention_id="m-195" role="entity" realis="true">William J. Burns</em_arg>
        <em_arg entity_id="ent-180" entity_mention_id="m-201" role="audience" realis="true">journalists</em_arg>
        <em_arg filler_id="f-1590" role="time" realis="true">Monday</em_arg>
      </event_mention>
      <event_mention id="em-1558" type="contact" subtype="broadcast" realis="actual" audience="oneway" formality="formal" medium="inperson" schedule="planned">
        <trigger source="NYT_ENG_20130716.0108" offset="1694" length="9">statement</trigger>
        <em_arg entity_id="ent-177" entity_mention_id="m-342" role="entity" realis="true">Burns</em_arg>
      </event_mention>
      <event_mention id="em-2286" type="contact" subtype="broadcast" realis="actual" audience="oneway" formality="formal" medium="inperson" schedule="planned">
        <trigger source="NYT_ENG_20130716.0108" offset="1378" length="5">spoke</trigger>
        <em_arg entity_id="ent-177" entity_mention_id="m-270" role="entity" realis="true">the first senior U.S. official to visit Cairo since the takeover</em_arg>
      </event_mention>
    </hopper>
    <hopper id="h-1236">
      <event_mention id="em-1593" type="movement" subtype="transportperson" realis="actual">
        <trigger source="NYT_ENG_20130716.0108" offset="1714" length="7">Leaving</trigger>
        <em_arg entity_id="ent-105" entity_mention_id="m-369" role="agent" realis="true">their</em_arg>
        <em_arg entity_id="ent-381" entity_mention_id="m-375" role="origin" realis="true">their main encampment</em_arg>
        <em_arg entity_id="ent-384" entity_mention_id="m-387" role="destination" realis="true">a major square</em_arg>
      </event_mention>
    </hopper>
    <hopper id="h-1280">
      <event_mention id="em-1238" type="personnel" subtype="endposition" realis="actual">
        <trigger source="NYT_ENG_20130716.0108" offset="590" length="6">ouster</trigger>
        <em_arg entity_id="ent-30" entity_mention_id="m-87" role="place" realis="true">Egyptian</em_arg>
        <em_arg entity_id="ent-57" entity_mention_id="m-93" role="person" realis="true">Mohammed Morsi</em_arg>
        <em_arg filler_id="f-1277" role="position" realis="true">President</em_arg>
      </event_mention>
      <event_mention id="em-1465" type="personnel" subtype="endposition" realis="actual">
        <trigger source="NYT_ENG_20130716.0108" offset="1545" length="6">ouster</trigger>
        <em_arg entity_id="ent-57" entity_mention_id="m-312" role="person" realis="true">Morsi</em_arg>
        <em_arg filler_id="f-1490" role="position" realis="true">president</em_arg>
        <em_arg entity_id="ent-30" entity_mention_id="m-324" role="place" realis="true">Egypt</em_arg>
      </event_mention>
      <event_mention id="em-1998" type="personnel" subtype="endposition" realis="actual">
        <trigger source="NYT_ENG_20130716.0108" offset="2788" length="6">ouster</trigger>
        <em_arg entity_id="ent-57" entity_mention_id="m-666" role="person" realis="true">Morsi</em_arg>
      </event_mention>
      <event_mention id="em-2622" type="personnel" subtype="endposition" realis="actual">
        <trigger source="NYT_ENG_20130716.0108" offset="2670" length="6">ouster</trigger>
        <em_arg entity_id="ent-57" entity_mention_id="m-636" role="person" realis="true">Morsi</em_arg>
      </event_mention>
    </hopper>
    <hopper id="h-1282">
      <event_mention id="em-1294" type="justice" subtype="arrestjail" realis="other">
        <trigger source="NYT_ENG_20130716.0108" offset="917" length="8">detained</trigger>
        <em_arg entity_id="ent-66" entity_mention_id="m-156" role="person" realis="true">representatives of some of the largest parties in Egypt</em_arg>
      </event_mention>
    </hopper>
    <hopper id="h-1284">
      <event_mention id="em-1315" type="contact" subtype="contact" realis="other" audience="twoway" formality="canttell" medium="canttell" schedule="canttell">
        <trigger source="NYT_ENG_20130716.0108" offset="947" length="8">dialogue</trigger>
        <em_arg entity_id="ent-66" entity_mention_id="m-156" role="entity" realis="true">representatives of some of the largest parties in Egypt</em_arg>
      </event_mention>
    </hopper>
    <hopper id="h-1286">
      <event_mention id="em-1364" type="contact" subtype="meet" realis="actual" audience="twoway" formality="formal" medium="inperson" schedule="planned">
        <trigger source="NYT_ENG_20130716.0108" offset="1051" length="7">meeting</trigger>
        <em_arg entity_id="ent-177" entity_mention_id="m-195" role="entity" realis="true">William J. Burns</em_arg>
        <em_arg entity_id="ent-33" entity_mention_id="m-222" role="entity" realis="true">generals</em_arg>
        <em_arg entity_id="ent-207" entity_mention_id="m-228" role="entity" realis="true">the interim officials they have appointed</em_arg>
      </event_mention>
    </hopper>
    <hopper id="h-1288">
      <event_mention id="em-1399" type="movement" subtype="transportperson" realis="actual">
        <trigger source="NYT_ENG_20130716.0108" offset="1346" length="5">visit</trigger>
        <em_arg entity_id="ent-177" entity_mention_id="m-270" role="agent" realis="true">the first senior U.S. official to visit Cairo since the takeover</em_arg>
        <em_arg entity_id="ent-39" entity_mention_id="m-282" role="destination" realis="true">Cairo</em_arg>
      </event_mention>
    </hopper>
    <hopper id="h-1290">
      <event_mention id="em-1427" type="conflict" subtype="demonstrate" realis="actual">
        <trigger source="NYT_ENG_20130716.0108" offset="1533" length="7">protest</trigger>
        <em_arg entity_id="ent-213" entity_mention_id="m-300" role="entity" realis="true">tens of thousands of Islamists who have staged a two-week sit-in to protest the ouster of Morsi, Egypt’s first freely elected president</em_arg>
        <em_arg entity_id="ent-30" entity_mention_id="m-324" role="place" realis="true">Egypt</em_arg>
      </event_mention>
    </hopper>
    <hopper id="h-1292">
      <event_mention id="em-1500" type="conflict" subtype="attack" realis="actual">
        <trigger source="NYT_ENG_20130716.0108" offset="1615" length="7">clashes</trigger>
        <em_arg entity_id="ent-213" entity_mention_id="m-330" role="attacker" realis="true"> the Islamists</em_arg>
        <em_arg entity_id="ent-219" entity_mention_id="m-336" role="target" realis="true">the police</em_arg>
      </event_mention>
    </hopper>
    <hopper id="h-1528">
      <event_mention id="em-1530" type="conflict" subtype="attack" realis="actual">
        <trigger source="NYT_ENG_20130716.0108" offset="1615" length="7">clashes</trigger>
        <em_arg entity_id="ent-219" entity_mention_id="m-336" role="attacker" realis="true">the police</em_arg>
        <em_arg entity_id="ent-213" entity_mention_id="m-330" role="target" realis="true"> the Islamists</em_arg>
      </event_mention>
    </hopper>
    <hopper id="h-1733">
      <event_mention id="em-1705" type="conflict" subtype="attack" realis="actual">
        <trigger source="NYT_ENG_20130716.0108" offset="2088" length="4">fray</trigger>
        <em_arg entity_id="ent-447" entity_mention_id="m-471" role="attacker" realis="true">opponents of the Islamists</em_arg>
        <em_arg entity_id="ent-105" entity_mention_id="m-465" role="target" realis="true">the Islamists</em_arg>
      </event_mention>
    </hopper>
    <hopper id="h-1770">
      <event_mention id="em-1735" type="movement" subtype="transportperson" realis="actual">
        <trigger source="NYT_ENG_20130716.0108" offset="2097" length="7">dragged</trigger>
        <em_arg entity_id="ent-447" entity_mention_id="m-471" role="agent" realis="true">opponents of the Islamists</em_arg>
        <em_arg entity_id="ent-450" entity_mention_id="m-480" role="person" realis="true">some</em_arg>
        <em_arg entity_id="ent-477" entity_mention_id="m-486" role="destination" realis="true">a police station</em_arg>
      </event_mention>
    </hopper>
    <hopper id="h-1829">
      <event_mention id="em-1831" type="life" subtype="injure" realis="actual">
        <trigger source="NYT_ENG_20130716.0108" offset="2367" length="7">injured</trigger>
        <em_arg entity_id="ent-567" entity_mention_id="m-576" role="victim" realis="true"> At least 22 people</em_arg>
        <em_arg entity_id="ent-39" entity_mention_id="m-582" role="place" realis="true">Cairo</em_arg>
      </event_mention>
    </hopper>
    <hopper id="h-1908">
      <event_mention id="em-1859" type="conflict" subtype="attack" realis="actual">
        <trigger source="NYT_ENG_20130716.0108" offset="2543" length="6">attack</trigger>
        <em_arg entity_id="ent-573" entity_mention_id="m-600" role="attacker" realis="true">Islamist militants in the Sinai Peninsula</em_arg>
        <em_arg entity_id="ent-612" entity_mention_id="m-606" role="place" realis="true">Sinai Peninsula</em_arg>
        <em_arg filler_id="f-1891" role="instrument" realis="true">rocket-propelled grenades</em_arg>
        <em_arg filler_id="f-1898" role="time" realis="true">Monday</em_arg>
        <em_arg filler_id="f-1905" role="target" realis="true">a bus</em_arg>
      </event_mention>
    </hopper>
    <hopper id="h-1910">
      <event_mention id="em-1912" type="life" subtype="die" realis="actual">
        <trigger source="NYT_ENG_20130716.0108" offset="2557" length="7">killing</trigger>
        <em_arg entity_id="ent-573" entity_mention_id="m-600" role="agent" realis="true">Islamist militants in the Sinai Peninsula</em_arg>
        <em_arg filler_id="f-1937" role="instrument" realis="true">rocket-propelled grenades</em_arg>
        <em_arg entity_id="ent-615" entity_mention_id="m-621" role="victim" realis="true">three people</em_arg>
        <em_arg filler_id="f-1993" role="time" realis="true">Monday</em_arg>
        <em_arg entity_id="ent-612" entity_mention_id="m-606" role="place" realis="true">Sinai Peninsula</em_arg>
      </event_mention>
    </hopper>
    <hopper id="h-1996">
      <event_mention id="em-1806" type="contact" subtype="broadcast" realis="actual" audience="oneway" formality="formal" medium="notinperson" schedule="planned">
        <trigger source="NYT_ENG_20130716.0108" offset="2205" length="4">said</trigger>
        <em_arg entity_id="ent-30" entity_mention_id="m-1800" role="entity" realis="true">state</em_arg>
      </event_mention>
    </hopper>
    <hopper id="h-2054">
      <event_mention id="em-2019" type="contact" subtype="contact" realis="actual" audience="canttell" formality="formal" medium="canttell" schedule="planned">
        <trigger source="NYT_ENG_20130716.0108" offset="2885" length="4">said</trigger>
        <em_arg entity_id="ent-660" entity_mention_id="m-654" role="entity" realis="true">The young organizers of the petition drive that preceded Morsi’s ouster</em_arg>
        <em_arg entity_id="ent-663" entity_mention_id="m-672" role="entity" realis="true">the ultraconservative Islamist party</em_arg>
        <em_arg entity_id="ent-684" entity_mention_id="m-690" role="entity" realis="true">officials of the Muslim Brotherhood</em_arg>
      </event_mention>
    </hopper>
    <hopper id="h-2056">
      <event_mention id="em-2058" type="contact" subtype="meet" realis="other" audience="twoway" formality="formal" medium="inperson" schedule="planned">
        <trigger source="NYT_ENG_20130716.0108" offset="2905" length="4">meet</trigger>
        <em_arg entity_id="ent-735" entity_mention_id="m-708" role="entity" realis="true">they</em_arg>
        <em_arg entity_id="ent-177" entity_mention_id="m-714" role="entity" realis="true">Burns</em_arg>
      </event_mention>
    </hopper>
    <hopper id="h-2142">
      <event_mention id="em-2121" type="contact" subtype="contact" realis="actual" audience="canttell" formality="formal" medium="canttell" schedule="canttell">
        <trigger source="NYT_ENG_20130716.0108" offset="2981" length="6">saying</trigger>
        <em_arg entity_id="ent-726" entity_mention_id="m-720" role="entity" realis="true">anonymous military officials</em_arg>
      </event_mention>
    </hopper>
    <hopper id="h-2263">
      <event_mention id="em-2235" type="conflict" subtype="attack" realis="other">
        <trigger source="NYT_ENG_20130716.0108" offset="801" length="10">crack down</trigger>
        <em_arg entity_id="ent-63" entity_mention_id="m-138" role="attacker" realis="true">their new interim government</em_arg>
        <em_arg entity_id="ent-360" entity_mention_id="m-150" role="target" realis="true">Morsi’s Islamist supporters</em_arg>
      </event_mention>
    </hopper>
    <hopper id="h-2335">
      <event_mention id="em-2307" type="personnel" subtype="elect" realis="actual">
        <trigger source="NYT_ENG_20130716.0108" offset="1583" length="7">elected</trigger>
        <em_arg entity_id="ent-57" entity_mention_id="m-318" role="person" realis="true">Egypt’s first freely elected president</em_arg>
        <em_arg entity_id="ent-30" entity_mention_id="m-324" role="place" realis="true">Egypt</em_arg>
        <em_arg filler_id="f-2341" role="position" realis="true">president</em_arg>
      </event_mention>
    </hopper>
    <hopper id="h-2344">
      <event_mention id="em-1628" type="conflict" subtype="attack" realis="actual">
        <trigger source="NYT_ENG_20130716.0108" offset="1916" length="6">hurled</trigger>
        <em_arg entity_id="ent-105" entity_mention_id="m-414" role="attacker" realis="true">They</em_arg>
        <em_arg entity_id="ent-405" entity_mention_id="m-426" role="target" realis="true">police officers who tried to displace them</em_arg>
        <em_arg filler_id="f-1660" role="instrument" realis="true">rocks</em_arg>
      </event_mention>
    </hopper>
    <hopper id="h-2374">
      <event_mention id="em-2346" type="movement" subtype="transportperson" realis="other">
        <trigger source="NYT_ENG_20130716.0108" offset="1961" length="8">displace</trigger>
        <em_arg entity_id="ent-405" entity_mention_id="m-426" role="agent" realis="true">police officers who tried to displace them</em_arg>
        <em_arg entity_id="ent-105" entity_mention_id="m-432" role="person" realis="true">them</em_arg>
      </event_mention>
    </hopper>
    <hopper id="h-2376">
      <event_mention id="em-1663" type="conflict" subtype="attack" realis="actual">
        <trigger source="NYT_ENG_20130716.0108" offset="1988" length="8">showered</trigger>
        <em_arg entity_id="ent-444" entity_mention_id="m-438" role="attacker" realis="true">Riot police</em_arg>
        <em_arg filler_id="f-1688" role="instrument" realis="true">tear gas</em_arg>
        <em_arg entity_id="ent-105" entity_mention_id="m-453" role="target" realis="true">the Morsi supporters</em_arg>
      </event_mention>
    </hopper>
    <hopper id="h-2401">
      <event_mention id="em-1772" type="conflict" subtype="attack" realis="actual">
        <trigger source="NYT_ENG_20130716.0108" offset="2163" length="6">firing</trigger>
        <em_arg entity_id="ent-219" entity_mention_id="m-501" role="attacker" realis="true"> the police</em_arg>
        <em_arg filler_id="f-1797" role="instrument" realis="true">birdshot</em_arg>
      </event_mention>
    </hopper>
    <hopper id="h-2438">
      <event_mention id="em-2403" type="conflict" subtype="demonstrate" realis="actual">
        <trigger source="NYT_ENG_20130716.0108" offset="2252" length="8">gathered</trigger>
        <em_arg entity_id="ent-513" entity_mention_id="m-507" role="entity" realis="true">Crowds of Morsi supporters</em_arg>
        <em_arg entity_id="ent-519" entity_mention_id="m-546" role="place" realis="true">Cairo University</em_arg>
      </event_mention>
    </hopper>
    <hopper id="h-2468">
      <event_mention id="em-2440" type="conflict" subtype="demonstrate" realis="actual">
        <trigger source="NYT_ENG_20130716.0108" offset="2252" length="8">gathered</trigger>
        <em_arg entity_id="ent-513" entity_mention_id="m-507" role="entity" realis="true">Crowds of Morsi supporters</em_arg>
        <em_arg entity_id="ent-564" entity_mention_id="m-558" role="place" realis="true">other cities around the country</em_arg>
      </event_mention>
    </hopper>
    <hopper id="h-2491">
      <event_mention id="em-2470" type="conflict" subtype="attack" realis="actual">
        <trigger source="NYT_ENG_20130716.0108" offset="2388" length="7">clashes</trigger>
        <em_arg entity_id="ent-39" entity_mention_id="m-582" role="place" realis="true">Cairo</em_arg>
      </event_mention>
    </hopper>
    <hopper id="h-2514">
      <event_mention id="em-2493" type="contact" subtype="contact" realis="actual" audience="canttell" formality="formal" medium="canttell" schedule="canttell">
        <trigger source="NYT_ENG_20130716.0108" offset="2397" length="12">according to</trigger>
        <em_arg entity_id="ent-570" entity_mention_id="m-594" role="entity" realis="true">the city’s ambulance authority</em_arg>
      </event_mention>
    </hopper>
    <hopper id="h-2537">
      <event_mention id="em-2516" type="conflict" subtype="attack" realis="actual">
        <trigger source="NYT_ENG_20130716.0108" offset="2557" length="7">killing</trigger>
        <em_arg entity_id="ent-615" entity_mention_id="m-621" role="target" realis="true">three people</em_arg>
      </event_mention>
    </hopper>
    <hopper id="h-2539">
      <event_mention id="em-1947" type="conflict" subtype="attack" realis="actual">
        <trigger source="NYT_ENG_20130716.0108" offset="2582" length="8">injuring</trigger>
        <em_arg entity_id="ent-618" entity_mention_id="m-627" role="target" realis="true">17</em_arg>
      </event_mention>
    </hopper>
    <hopper id="h-2590">
      <event_mention id="em-2541" type="life" subtype="injure" realis="actual">
        <trigger source="NYT_ENG_20130716.0108" offset="2582" length="8">injuring</trigger>
        <em_arg entity_id="ent-618" entity_mention_id="m-627" role="victim" realis="true">17</em_arg>
        <em_arg entity_id="ent-573" entity_mention_id="m-600" role="agent" realis="true">Islamist militants in the Sinai Peninsula</em_arg>
        <em_arg entity_id="ent-612" entity_mention_id="m-606" role="place" realis="true">Sinai Peninsula</em_arg>
        <em_arg filler_id="f-2580" role="instrument" realis="true">rocket-propelled grenades</em_arg>
        <em_arg filler_id="f-2587" role="time" realis="true">Monday</em_arg>
      </event_mention>
    </hopper>
    <hopper id="h-2643">
      <event_mention id="em-2100" type="contact" subtype="broadcast" realis="actual" audience="oneway" formality="formal" medium="notinperson" schedule="planned">
        <trigger source="NYT_ENG_20130716.0108" offset="2943" length="8">reported</trigger>
        <em_arg entity_id="ent-30" entity_mention_id="m-2150" role="entity" realis="true">state</em_arg>
      </event_mention>
    </hopper>
    <hopper id="h-2645">
      <event_mention id="em-1968" type="contact" subtype="broadcast" realis="actual" audience="oneway" formality="formal" medium="notinperson" schedule="planned">
        <trigger source="NYT_ENG_20130716.0108" offset="2612" length="8">reported</trigger>
        <em_arg entity_id="ent-30" entity_mention_id="m-2144" role="entity" realis="true">state</em_arg>
      </event_mention>
    </hopper>
    <hopper id="h-2675">
      <event_mention id="em-2647" type="transaction" subtype="transferownership" realis="actual" ways="voluntary">
        <trigger source="NYT_ENG_20130716.0108" offset="3100" length="3">aid</trigger>
        <em_arg entity_id="ent-759" entity_mention_id="m-768" role="giver" realis="true">American military</em_arg>
        <em_arg entity_id="ent-30" entity_mention_id="m-762" role="recipient" realis="true">Egyptian</em_arg>
      </event_mention>
    </hopper>
  </hoppers>
</deft_ere>
