<?xml version="1.0" encoding="UTF-8"?>
<deft_ere kit_id="5733b8b10000000000000013" doc_id="NYT_ENG_20130729.0069" source_type="newswire">
  <entities>
    <entity id="ent-8" type="GPE" specificity="specificIndividual">
      <entity_mention id="m-18" noun_type="NAM" source="NYT_ENG_20130729.0069" offset="197" length="5">
        <mention_text>EGYPT</mention_text>
      </entity_mention>
      <entity_mention id="m-42" noun_type="NAM" source="NYT_ENG_20130729.0069" offset="298" length="5">
        <mention_text>Egypt</mention_text>
      </entity_mention>
      <entity_mention id="m-180" noun_type="NAM" source="NYT_ENG_20130729.0069" offset="710" length="5">
        <mention_text>Egypt</mention_text>
      </entity_mention>
      <entity_mention id="m-300" noun_type="NOM" source="NYT_ENG_20130729.0069" offset="1058" length="11">
        <mention_text>the country</mention_text>
        <nom_head source="NYT_ENG_20130729.0069" offset="1062" length="7">country</nom_head>
      </entity_mention>
      <entity_mention id="m-402" noun_type="NAM" source="NYT_ENG_20130729.0069" offset="1333" length="5">
        <mention_text>Egypt</mention_text>
      </entity_mention>
      <entity_mention id="m-414" noun_type="NAM" source="NYT_ENG_20130729.0069" offset="1420" length="5">
        <mention_text>Egypt</mention_text>
      </entity_mention>
      <entity_mention id="m-420" noun_type="PRO" source="NYT_ENG_20130729.0069" offset="1431" length="3">
        <mention_text>its</mention_text>
      </entity_mention>
      <entity_mention id="m-504" noun_type="NAM" source="NYT_ENG_20130729.0069" offset="1801" length="5">
        <mention_text>Egypt</mention_text>
      </entity_mention>
      <entity_mention id="m-630" noun_type="NAM" source="NYT_ENG_20130729.0069" offset="2255" length="5">
        <mention_text>Egypt</mention_text>
      </entity_mention>
      <entity_mention id="m-693" noun_type="NAM" source="NYT_ENG_20130729.0069" offset="2539" length="5">
        <mention_text>Egypt</mention_text>
      </entity_mention>
      <entity_mention id="m-822" noun_type="NAM" source="NYT_ENG_20130729.0069" offset="2920" length="5">
        <mention_text>Egypt</mention_text>
      </entity_mention>
      <entity_mention id="m-918" noun_type="NAM" source="NYT_ENG_20130729.0069" offset="3281" length="8">
        <mention_text>Egyptian</mention_text>
      </entity_mention>
      <entity_mention id="m-1125" noun_type="NAM" source="NYT_ENG_20130729.0069" offset="3993" length="8">
        <mention_text>Egyptian</mention_text>
      </entity_mention>
    </entity>
    <entity id="ent-30" type="PER" specificity="specificIndividual">
      <entity_mention id="m-24" noun_type="NOM" source="NYT_ENG_20130729.0069" offset="206" length="11">
        <mention_text>EU DIPLOMAT</mention_text>
        <nom_head source="NYT_ENG_20130729.0069" offset="209" length="8">DIPLOMAT</nom_head>
      </entity_mention>
      <entity_mention id="m-132" noun_type="NOM" source="NYT_ENG_20130729.0069" offset="501" length="48">
        <mention_text>the European Union’s top foreign policy official</mention_text>
        <nom_head source="NYT_ENG_20130729.0069" offset="541" length="8">official</nom_head>
      </entity_mention>
      <entity_mention id="m-162" noun_type="NOM" source="NYT_ENG_20130729.0069" offset="654" length="21">
        <mention_text>The European official</mention_text>
        <nom_head source="NYT_ENG_20130729.0069" offset="667" length="8">official</nom_head>
      </entity_mention>
      <entity_mention id="m-168" noun_type="NAM" source="NYT_ENG_20130729.0069" offset="677" length="16">
        <mention_text>Catherine Ashton</mention_text>
      </entity_mention>
      <entity_mention id="m-174" noun_type="PRO" source="NYT_ENG_20130729.0069" offset="695" length="3">
        <mention_text>who</mention_text>
      </entity_mention>
      <entity_mention id="m-243" noun_type="PRO" source="NYT_ENG_20130729.0069" offset="885" length="3">
        <mention_text>She</mention_text>
      </entity_mention>
      <entity_mention id="m-279" noun_type="NAM" source="NYT_ENG_20130729.0069" offset="1011" length="6">
        <mention_text>Ashton</mention_text>
      </entity_mention>
      <entity_mention id="m-285" noun_type="NOM" source="NYT_ENG_20130729.0069" offset="1022" length="200">
        <mention_text>the first Western emissary to visit the country after a bloody crackdown in Cairo and elsewhere over the weekend left more than 80 Muslim Brotherhood members and sympathizers dead and hundreds wounded</mention_text>
        <nom_head source="NYT_ENG_20130729.0069" offset="1040" length="8">emissary</nom_head>
      </entity_mention>
      <entity_mention id="m-492" noun_type="NAM" source="NYT_ENG_20130729.0069" offset="1771" length="6">
        <mention_text>Ashton</mention_text>
      </entity_mention>
      <entity_mention id="m-498" noun_type="PRO" source="NYT_ENG_20130729.0069" offset="1783" length="3">
        <mention_text>she</mention_text>
      </entity_mention>
      <entity_mention id="m-609" noun_type="NAM" source="NYT_ENG_20130729.0069" offset="2188" length="6">
        <mention_text>Ashton</mention_text>
      </entity_mention>
      <entity_mention id="m-642" noun_type="PRO" source="NYT_ENG_20130729.0069" offset="2341" length="3">
        <mention_text>her</mention_text>
      </entity_mention>
      <entity_mention id="m-687" noun_type="NAM" source="NYT_ENG_20130729.0069" offset="2527" length="6">
        <mention_text>Ashton</mention_text>
      </entity_mention>
      <entity_mention id="m-762" noun_type="NAM" source="NYT_ENG_20130729.0069" offset="2736" length="6">
        <mention_text>Ashton</mention_text>
      </entity_mention>
    </entity>
    <entity id="ent-39" type="GPE" specificity="specificIndividual">
      <entity_mention id="m-33" noun_type="NAM" source="NYT_ENG_20130729.0069" offset="206" length="2">
        <mention_text>EU</mention_text>
      </entity_mention>
      <entity_mention id="m-117" noun_type="NAM" source="NYT_ENG_20130729.0069" offset="505" length="14">
        <mention_text>European Union</mention_text>
      </entity_mention>
      <entity_mention id="m-156" noun_type="NAM" source="NYT_ENG_20130729.0069" offset="658" length="8">
        <mention_text>European</mention_text>
      </entity_mention>
    </entity>
    <entity id="ent-54" type="ORG" specificity="specificIndividual">
      <entity_mention id="m-48" noun_type="NAM" source="NYT_ENG_20130729.0069" offset="325" length="18">
        <mention_text>Muslim Brotherhood</mention_text>
      </entity_mention>
      <entity_mention id="m-66" noun_type="PRO" source="NYT_ENG_20130729.0069" offset="348" length="3">
        <mention_text>its</mention_text>
      </entity_mention>
      <entity_mention id="m-267" noun_type="NAM" source="NYT_ENG_20130729.0069" offset="943" length="18">
        <mention_text>Muslim Brotherhood</mention_text>
      </entity_mention>
      <entity_mention id="m-339" noun_type="NAM" source="NYT_ENG_20130729.0069" offset="1153" length="18">
        <mention_text>Muslim Brotherhood</mention_text>
      </entity_mention>
      <entity_mention id="m-447" noun_type="NAM" source="NYT_ENG_20130729.0069" offset="1556" length="18">
        <mention_text>Muslim Brotherhood</mention_text>
      </entity_mention>
      <entity_mention id="m-552" noun_type="NAM" source="NYT_ENG_20130729.0069" offset="1946" length="18">
        <mention_text>Muslim Brotherhood</mention_text>
      </entity_mention>
      <entity_mention id="m-564" noun_type="PRO" source="NYT_ENG_20130729.0069" offset="1969" length="3">
        <mention_text>its</mention_text>
      </entity_mention>
      <entity_mention id="m-744" noun_type="NAM" source="NYT_ENG_20130729.0069" offset="2692" length="18">
        <mention_text>Muslim Brotherhood</mention_text>
      </entity_mention>
      <entity_mention id="m-756" noun_type="PRO" source="NYT_ENG_20130729.0069" offset="2719" length="3">
        <mention_text>its</mention_text>
      </entity_mention>
      <entity_mention id="m-792" noun_type="NAM" source="NYT_ENG_20130729.0069" offset="2867" length="18">
        <mention_text>Muslim Brotherhood</mention_text>
      </entity_mention>
      <entity_mention id="m-798" noun_type="PRO" source="NYT_ENG_20130729.0069" offset="2890" length="3">
        <mention_text>its</mention_text>
      </entity_mention>
      <entity_mention id="m-864" noun_type="NAM" source="NYT_ENG_20130729.0069" offset="3021" length="11">
        <mention_text>Brotherhood</mention_text>
      </entity_mention>
      <entity_mention id="m-882" noun_type="NAM" source="NYT_ENG_20130729.0069" offset="3168" length="11">
        <mention_text>Brotherhood</mention_text>
      </entity_mention>
      <entity_mention id="m-888" noun_type="PRO" source="NYT_ENG_20130729.0069" offset="3190" length="2">
        <mention_text>it</mention_text>
      </entity_mention>
      <entity_mention id="m-1029" noun_type="NAM" source="NYT_ENG_20130729.0069" offset="3760" length="18">
        <mention_text>Muslim Brotherhood</mention_text>
      </entity_mention>
      <entity_mention id="m-1041" noun_type="PRO" source="NYT_ENG_20130729.0069" offset="3789" length="2">
        <mention_text>it</mention_text>
      </entity_mention>
      <entity_mention id="m-1047" noun_type="PRO" source="NYT_ENG_20130729.0069" offset="3831" length="2">
        <mention_text>it</mention_text>
      </entity_mention>
      <entity_mention id="m-1053" noun_type="NOM" source="NYT_ENG_20130729.0069" offset="3846" length="49">
        <mention_text>a banned group under Mubarak and his predecessors</mention_text>
        <nom_head source="NYT_ENG_20130729.0069" offset="3855" length="5">group</nom_head>
      </entity_mention>
      <entity_mention id="m-1104" noun_type="NAM" source="NYT_ENG_20130729.0069" offset="3933" length="11">
        <mention_text>brotherhood</mention_text>
      </entity_mention>
    </entity>
    <entity id="ent-78" type="ORG" specificity="specificGroup">
      <entity_mention id="m-72" noun_type="NOM" source="NYT_ENG_20130729.0069" offset="348" length="10">
        <mention_text>its allies</mention_text>
        <nom_head source="NYT_ENG_20130729.0069" offset="352" length="6">allies</nom_head>
      </entity_mention>
      <entity_mention id="m-570" noun_type="NOM" source="NYT_ENG_20130729.0069" offset="1969" length="19">
        <mention_text>its Islamist allies</mention_text>
        <nom_head source="NYT_ENG_20130729.0069" offset="1982" length="6">allies</nom_head>
      </entity_mention>
    </entity>
    <entity id="ent-87" type="ORG" specificity="specificIndividual">
      <entity_mention id="m-81" noun_type="NAM" source="NYT_ENG_20130729.0069" offset="388" length="17">
        <mention_text>Interior Ministry</mention_text>
      </entity_mention>
      <entity_mention id="m-924" noun_type="NAM" source="NYT_ENG_20130729.0069" offset="3389" length="17">
        <mention_text>Interior Ministry</mention_text>
      </entity_mention>
    </entity>
    <entity id="ent-96" type="FAC" specificity="specificGroup">
      <entity_mention id="m-90" noun_type="NOM" source="NYT_ENG_20130729.0069" offset="388" length="38">
        <mention_text>Interior Ministry buildings nationwide</mention_text>
        <nom_head source="NYT_ENG_20130729.0069" offset="406" length="9">buildings</nom_head>
      </entity_mention>
      <entity_mention id="m-903" noun_type="NOM" source="NYT_ENG_20130729.0069" offset="3249" length="50">
        <mention_text>administration buildings in all Egyptian provinces</mention_text>
        <nom_head source="NYT_ENG_20130729.0069" offset="3264" length="9">buildings</nom_head>
      </entity_mention>
    </entity>
    <entity id="ent-105" type="ORG" specificity="specificIndividual">
      <entity_mention id="m-99" noun_type="NOM" source="NYT_ENG_20130729.0069" offset="455" length="27">
        <mention_text>the military-led government</mention_text>
        <nom_head source="NYT_ENG_20130729.0069" offset="472" length="10">government</nom_head>
      </entity_mention>
      <entity_mention id="m-675" noun_type="NOM" source="NYT_ENG_20130729.0069" offset="2456" length="22">
        <mention_text>the interim government</mention_text>
        <nom_head source="NYT_ENG_20130729.0069" offset="2468" length="10">government</nom_head>
      </entity_mention>
      <entity_mention id="m-948" noun_type="NOM" source="NYT_ENG_20130729.0069" offset="3453" length="22">
        <mention_text>The interim government</mention_text>
        <nom_head source="NYT_ENG_20130729.0069" offset="3465" length="10">government</nom_head>
      </entity_mention>
    </entity>
    <entity id="ent-114" type="ORG" specificity="specificIndividual">
      <entity_mention id="m-108" noun_type="NOM" source="NYT_ENG_20130729.0069" offset="459" length="8">
        <mention_text>military</mention_text>
        <nom_head source="NYT_ENG_20130729.0069" offset="459" length="8">military</nom_head>
      </entity_mention>
      <entity_mention id="m-231" noun_type="NOM" source="NYT_ENG_20130729.0069" offset="839" length="16">
        <mention_text>the armed forces</mention_text>
        <nom_head source="NYT_ENG_20130729.0069" offset="849" length="6">forces</nom_head>
      </entity_mention>
      <entity_mention id="m-369" noun_type="NOM" source="NYT_ENG_20130729.0069" offset="1267" length="12">
        <mention_text>the military</mention_text>
        <nom_head source="NYT_ENG_20130729.0069" offset="1271" length="8">military</nom_head>
      </entity_mention>
      <entity_mention id="m-459" noun_type="NOM" source="NYT_ENG_20130729.0069" offset="1593" length="12">
        <mention_text>the military</mention_text>
        <nom_head source="NYT_ENG_20130729.0069" offset="1597" length="8">military</nom_head>
      </entity_mention>
      <entity_mention id="m-876" noun_type="NOM" source="NYT_ENG_20130729.0069" offset="3139" length="8">
        <mention_text>military</mention_text>
        <nom_head source="NYT_ENG_20130729.0069" offset="3139" length="8">military</nom_head>
      </entity_mention>
      <entity_mention id="m-963" noun_type="NOM" source="NYT_ENG_20130729.0069" offset="3547" length="8">
        <mention_text>military</mention_text>
        <nom_head source="NYT_ENG_20130729.0069" offset="3547" length="8">military</nom_head>
      </entity_mention>
    </entity>
    <entity id="ent-129" type="LOC" specificity="specificIndividual">
      <entity_mention id="m-123" noun_type="NAM" source="NYT_ENG_20130729.0069" offset="505" length="8">
        <mention_text>European</mention_text>
      </entity_mention>
    </entity>
    <entity id="ent-144" type="GPE" specificity="specificIndividual">
      <entity_mention id="m-138" noun_type="NAM" source="NYT_ENG_20130729.0069" offset="563" length="5">
        <mention_text>Cairo</mention_text>
      </entity_mention>
      <entity_mention id="m-306" noun_type="NAM" source="NYT_ENG_20130729.0069" offset="1098" length="5">
        <mention_text>Cairo</mention_text>
      </entity_mention>
      <entity_mention id="m-1005" noun_type="NAM" source="NYT_ENG_20130729.0069" offset="3670" length="5">
        <mention_text>Cairo</mention_text>
      </entity_mention>
    </entity>
    <entity id="ent-153" type="PER" specificity="specificGroup">
      <entity_mention id="m-147" noun_type="NOM" source="NYT_ENG_20130729.0069" offset="584" length="10">
        <mention_text>both sides</mention_text>
        <nom_head source="NYT_ENG_20130729.0069" offset="589" length="5">sides</nom_head>
      </entity_mention>
    </entity>
    <entity id="ent-192" type="PER" specificity="specificIndividual">
      <entity_mention id="m-186" noun_type="NOM" source="NYT_ENG_20130729.0069" offset="746" length="21">
        <mention_text>the interim president</mention_text>
        <nom_head source="NYT_ENG_20130729.0069" offset="758" length="9">president</nom_head>
      </entity_mention>
      <entity_mention id="m-195" noun_type="NAM" source="NYT_ENG_20130729.0069" offset="769" length="12">
        <mention_text>Adly Mansour</mention_text>
      </entity_mention>
      <entity_mention id="m-201" noun_type="PRO" source="NYT_ENG_20130729.0069" offset="783" length="3">
        <mention_text>his</mention_text>
      </entity_mention>
    </entity>
    <entity id="ent-213" type="PER" specificity="specificIndividual">
      <entity_mention id="m-207" noun_type="NOM" source="NYT_ENG_20130729.0069" offset="783" length="18">
        <mention_text>his vice president</mention_text>
        <nom_head source="NYT_ENG_20130729.0069" offset="792" length="9">president</nom_head>
      </entity_mention>
      <entity_mention id="m-216" noun_type="NAM" source="NYT_ENG_20130729.0069" offset="803" length="17">
        <mention_text>Mohamed ElBaradei</mention_text>
      </entity_mention>
      <entity_mention id="m-648" noun_type="NAM" source="NYT_ENG_20130729.0069" offset="2359" length="9">
        <mention_text>ElBaradei</mention_text>
      </entity_mention>
      <entity_mention id="m-654" noun_type="NOM" source="NYT_ENG_20130729.0069" offset="2370" length="150">
        <mention_text>a Nobel laureate and diplomat whose appointment has been widely seen as an attempt by the interim government to present a friendly liaison to the West</mention_text>
        <nom_head source="NYT_ENG_20130729.0069" offset="2378" length="8">laureate</nom_head>
      </entity_mention>
    </entity>
    <entity id="ent-228" type="PER" specificity="specificIndividual">
      <entity_mention id="m-222" noun_type="NOM" source="NYT_ENG_20130729.0069" offset="826" length="29">
        <mention_text>the chief of the armed forces</mention_text>
        <nom_head source="NYT_ENG_20130729.0069" offset="830" length="5">chief</nom_head>
      </entity_mention>
      <entity_mention id="m-237" noun_type="NAM" source="NYT_ENG_20130729.0069" offset="862" length="21">
        <mention_text>Abdel-Fattah el-Sissi</mention_text>
      </entity_mention>
    </entity>
    <entity id="ent-255" type="PER" specificity="specificGroup">
      <entity_mention id="m-249" noun_type="NOM" source="NYT_ENG_20130729.0069" offset="921" length="79">
        <mention_text>some of the remaining Muslim Brotherhood leaders who have not yet been arrested</mention_text>
        <nom_head source="NYT_ENG_20130729.0069" offset="921" length="4">some</nom_head>
      </entity_mention>
    </entity>
    <entity id="ent-264" type="PER" specificity="specificGroup">
      <entity_mention id="m-258" noun_type="NOM" source="NYT_ENG_20130729.0069" offset="929" length="71">
        <mention_text>the remaining Muslim Brotherhood leaders who have not yet been arrested</mention_text>
        <nom_head source="NYT_ENG_20130729.0069" offset="962" length="7">leaders</nom_head>
      </entity_mention>
    </entity>
    <entity id="ent-297" type="LOC" specificity="specificIndividual">
      <entity_mention id="m-291" noun_type="NAM" source="NYT_ENG_20130729.0069" offset="1032" length="7">
        <mention_text>Western</mention_text>
      </entity_mention>
      <entity_mention id="m-681" noun_type="NAM" source="NYT_ENG_20130729.0069" offset="2516" length="4">
        <mention_text>West</mention_text>
      </entity_mention>
    </entity>
    <entity id="ent-318" type="LOC" specificity="specificIndeterminate">
      <entity_mention id="m-312" noun_type="NOM" source="NYT_ENG_20130729.0069" offset="1108" length="9">
        <mention_text>elsewhere</mention_text>
        <nom_head source="NYT_ENG_20130729.0069" offset="1108" length="9">elsewhere</nom_head>
      </entity_mention>
      <entity_mention id="m-1011" noun_type="NOM" source="NYT_ENG_20130729.0069" offset="3680" length="9">
        <mention_text>elsewhere</mention_text>
        <nom_head source="NYT_ENG_20130729.0069" offset="3680" length="9">elsewhere</nom_head>
      </entity_mention>
    </entity>
    <entity id="ent-327" type="PER" specificity="specificGroup">
      <entity_mention id="m-321" noun_type="NOM" source="NYT_ENG_20130729.0069" offset="1140" length="56">
        <mention_text>more than 80 Muslim Brotherhood members and sympathizers</mention_text>
        <nom_head source="NYT_ENG_20130729.0069" offset="1172" length="7">members</nom_head>
      </entity_mention>
    </entity>
    <entity id="ent-336" type="PER" specificity="specificGroup">
      <entity_mention id="m-330" noun_type="NOM" source="NYT_ENG_20130729.0069" offset="1140" length="56">
        <mention_text>more than 80 Muslim Brotherhood members and sympathizers</mention_text>
        <nom_head source="NYT_ENG_20130729.0069" offset="1184" length="12">sympathizers</nom_head>
      </entity_mention>
    </entity>
    <entity id="ent-357" type="PER" specificity="specificGroup">
      <entity_mention id="m-351" noun_type="NOM" source="NYT_ENG_20130729.0069" offset="1206" length="8">
        <mention_text>hundreds</mention_text>
        <nom_head source="NYT_ENG_20130729.0069" offset="1206" length="8">hundreds</nom_head>
      </entity_mention>
    </entity>
    <entity id="ent-366" type="PER" specificity="specificGroup">
      <entity_mention id="m-360" noun_type="NOM" source="NYT_ENG_20130729.0069" offset="1251" length="9">
        <mention_text>Islamists</mention_text>
        <nom_head source="NYT_ENG_20130729.0069" offset="1251" length="9">Islamists</nom_head>
      </entity_mention>
    </entity>
    <entity id="ent-381" type="PER" specificity="specificIndividual">
      <entity_mention id="m-375" noun_type="NAM" source="NYT_ENG_20130729.0069" offset="1301" length="14">
        <mention_text>Mohammed Morsi</mention_text>
      </entity_mention>
      <entity_mention id="m-384" noun_type="NOM" source="NYT_ENG_20130729.0069" offset="1317" length="11">
        <mention_text>an Islamist</mention_text>
        <nom_head source="NYT_ENG_20130729.0069" offset="1320" length="8">Islamist</nom_head>
      </entity_mention>
      <entity_mention id="m-396" noun_type="NOM" source="NYT_ENG_20130729.0069" offset="1333" length="38">
        <mention_text>Egypt’s first freely elected president</mention_text>
        <nom_head source="NYT_ENG_20130729.0069" offset="1362" length="9">president</nom_head>
      </entity_mention>
      <entity_mention id="m-408" noun_type="NAM" source="NYT_ENG_20130729.0069" offset="1393" length="5">
        <mention_text>Morsi</mention_text>
      </entity_mention>
      <entity_mention id="m-435" noun_type="PRO" source="NYT_ENG_20130729.0069" offset="1491" length="3">
        <mention_text>his</mention_text>
      </entity_mention>
      <entity_mention id="m-465" noun_type="NAM" source="NYT_ENG_20130729.0069" offset="1663" length="5">
        <mention_text>Morsi</mention_text>
      </entity_mention>
      <entity_mention id="m-471" noun_type="PRO" source="NYT_ENG_20130729.0069" offset="1670" length="5">
        <mention_text>whose</mention_text>
      </entity_mention>
      <entity_mention id="m-477" noun_type="PRO" source="NYT_ENG_20130729.0069" offset="1718" length="2">
        <mention_text>he</mention_text>
      </entity_mention>
      <entity_mention id="m-711" noun_type="NAM" source="NYT_ENG_20130729.0069" offset="2552" length="5">
        <mention_text>Morsi</mention_text>
      </entity_mention>
      <entity_mention id="m-858" noun_type="NAM" source="NYT_ENG_20130729.0069" offset="3001" length="5">
        <mention_text>Morsi</mention_text>
      </entity_mention>
      <entity_mention id="m-1080" noun_type="NAM" source="NYT_ENG_20130729.0069" offset="3914" length="5">
        <mention_text>Morsi</mention_text>
      </entity_mention>
      <entity_mention id="m-1149" noun_type="NAM" source="NYT_ENG_20130729.0069" offset="4050" length="5">
        <mention_text>Morsi</mention_text>
      </entity_mention>
    </entity>
    <entity id="ent-432" type="PER" specificity="specificIndividual">
      <entity_mention id="m-426" noun_type="NOM" source="NYT_ENG_20130729.0069" offset="1491" length="26">
        <mention_text>his autocratic predecessor</mention_text>
        <nom_head source="NYT_ENG_20130729.0069" offset="1506" length="11">predecessor</nom_head>
      </entity_mention>
      <entity_mention id="m-441" noun_type="NAM" source="NYT_ENG_20130729.0069" offset="1519" length="13">
        <mention_text>Hosni Mubarak</mention_text>
      </entity_mention>
      <entity_mention id="m-1059" noun_type="NAM" source="NYT_ENG_20130729.0069" offset="3867" length="7">
        <mention_text>Mubarak</mention_text>
      </entity_mention>
      <entity_mention id="m-1065" noun_type="PRO" source="NYT_ENG_20130729.0069" offset="3879" length="3">
        <mention_text>his</mention_text>
      </entity_mention>
    </entity>
    <entity id="ent-489" type="LOC" specificity="specificIndeterminate">
      <entity_mention id="m-483" noun_type="NOM" source="NYT_ENG_20130729.0069" offset="1676" length="11">
        <mention_text>whereabouts</mention_text>
        <nom_head source="NYT_ENG_20130729.0069" offset="1676" length="11">whereabouts</nom_head>
      </entity_mention>
    </entity>
    <entity id="ent-516" type="PER" specificity="specificGroup">
      <entity_mention id="m-510" noun_type="NOM" source="NYT_ENG_20130729.0069" offset="1801" length="23">
        <mention_text>Egypt’s interim leaders</mention_text>
        <nom_head source="NYT_ENG_20130729.0069" offset="1817" length="7">leaders</nom_head>
      </entity_mention>
      <entity_mention id="m-519" noun_type="PRO" source="NYT_ENG_20130729.0069" offset="1841" length="5">
        <mention_text>their</mention_text>
      </entity_mention>
      <entity_mention id="m-699" noun_type="NOM" source="NYT_ENG_20130729.0069" offset="2539" length="29">
        <mention_text>Egypt’s post-Morsi leadership</mention_text>
        <nom_head source="NYT_ENG_20130729.0069" offset="2558" length="10">leadership</nom_head>
      </entity_mention>
      <entity_mention id="m-705" noun_type="PRO" source="NYT_ENG_20130729.0069" offset="2589" length="2">
        <mention_text>it</mention_text>
      </entity_mention>
    </entity>
    <entity id="ent-531" type="ORG" specificity="nonspecific">
      <entity_mention id="m-525" noun_type="NOM" source="NYT_ENG_20130729.0069" offset="1858" length="130">
        <mention_text>a cohesive, civilian-led government that included all political factions, including the Muslim Brotherhood and its Islamist allies</mention_text>
        <nom_head source="NYT_ENG_20130729.0069" offset="1883" length="10">government</nom_head>
      </entity_mention>
      <entity_mention id="m-582" noun_type="NOM" source="NYT_ENG_20130729.0069" offset="2063" length="23">
        <mention_text>a constitutional regime</mention_text>
        <nom_head source="NYT_ENG_20130729.0069" offset="2080" length="6">regime</nom_head>
      </entity_mention>
    </entity>
    <entity id="ent-540" type="PER" specificity="nonspecific">
      <entity_mention id="m-534" noun_type="NOM" source="NYT_ENG_20130729.0069" offset="1870" length="8">
        <mention_text>civilian</mention_text>
        <nom_head source="NYT_ENG_20130729.0069" offset="1870" length="8">civilian</nom_head>
      </entity_mention>
      <entity_mention id="m-597" noun_type="NOM" source="NYT_ENG_20130729.0069" offset="2166" length="8">
        <mention_text>civilian</mention_text>
        <nom_head source="NYT_ENG_20130729.0069" offset="2166" length="8">civilian</nom_head>
      </entity_mention>
    </entity>
    <entity id="ent-549" type="ORG" specificity="specificGroup">
      <entity_mention id="m-543" noun_type="NOM" source="NYT_ENG_20130729.0069" offset="1908" length="80">
        <mention_text>all political factions, including the Muslim Brotherhood and its Islamist allies</mention_text>
        <nom_head source="NYT_ENG_20130729.0069" offset="1922" length="8">factions</nom_head>
      </entity_mention>
    </entity>
    <entity id="ent-594" type="ORG" specificity="nonspecific">
      <entity_mention id="m-588" noun_type="NOM" source="NYT_ENG_20130729.0069" offset="2149" length="36">
        <mention_text>a Cabinet with a civilian leadership</mention_text>
        <nom_head source="NYT_ENG_20130729.0069" offset="2151" length="7">Cabinet</nom_head>
      </entity_mention>
    </entity>
    <entity id="ent-621" type="ORG" specificity="specificIndividual">
      <entity_mention id="m-624" noun_type="NOM" source="NYT_ENG_20130729.0069" offset="2255" length="25">
        <mention_text>Egypt’s leading newspaper</mention_text>
        <nom_head source="NYT_ENG_20130729.0069" offset="2271" length="9">newspaper</nom_head>
      </entity_mention>
      <entity_mention id="m-636" noun_type="NAM" source="NYT_ENG_20130729.0069" offset="2226" length="5">
        <mention_text>Ahram</mention_text>
      </entity_mention>
      <entity_mention id="m-738" noun_type="NAM" source="NYT_ENG_20130729.0069" offset="2656" length="5">
        <mention_text>Ahram</mention_text>
      </entity_mention>
    </entity>
    <entity id="ent-672" type="ORG" specificity="specificIndividual">
      <entity_mention id="m-666" noun_type="NAM" source="NYT_ENG_20130729.0069" offset="2372" length="5">
        <mention_text>Nobel</mention_text>
      </entity_mention>
    </entity>
    <entity id="ent-723" type="ORG" specificity="specificIndividual">
      <entity_mention id="m-717" noun_type="NAM" source="NYT_ENG_20130729.0069" offset="2226" length="12">
        <mention_text>Ahram Online</mention_text>
      </entity_mention>
      <entity_mention id="m-732" noun_type="NAM" source="NYT_ENG_20130729.0069" offset="2656" length="12">
        <mention_text>Ahram Online</mention_text>
      </entity_mention>
    </entity>
    <entity id="ent-774" type="PER" specificity="specificGroup">
      <entity_mention id="m-768" noun_type="NOM" source="NYT_ENG_20130729.0069" offset="2766" length="56">
        <mention_text>at least four members of the Anti-Coup National Alliance</mention_text>
        <nom_head source="NYT_ENG_20130729.0069" offset="2780" length="7">members</nom_head>
      </entity_mention>
      <entity_mention id="m-870" noun_type="NOM" source="NYT_ENG_20130729.0069" offset="3038" length="14">
        <mention_text>the delegation</mention_text>
        <nom_head source="NYT_ENG_20130729.0069" offset="3042" length="10">delegation</nom_head>
      </entity_mention>
    </entity>
    <entity id="ent-783" type="ORG" specificity="specificIndividual">
      <entity_mention id="m-777" noun_type="NAM" source="NYT_ENG_20130729.0069" offset="2795" length="27">
        <mention_text>Anti-Coup National Alliance</mention_text>
      </entity_mention>
      <entity_mention id="m-786" noun_type="NOM" source="NYT_ENG_20130729.0069" offset="2824" length="80">
        <mention_text>a protest coordination group formed by the Muslim Brotherhood and its supporters</mention_text>
        <nom_head source="NYT_ENG_20130729.0069" offset="2847" length="5">group</nom_head>
      </entity_mention>
    </entity>
    <entity id="ent-810" type="PER" specificity="specificGroup">
      <entity_mention id="m-804" noun_type="NOM" source="NYT_ENG_20130729.0069" offset="2890" length="14">
        <mention_text>its supporters</mention_text>
        <nom_head source="NYT_ENG_20130729.0069" offset="2894" length="10">supporters</nom_head>
      </entity_mention>
    </entity>
    <entity id="ent-819" type="FAC" specificity="specificIndividual">
      <entity_mention id="m-813" noun_type="NOM" source="NYT_ENG_20130729.0069" offset="2909" length="32">
        <mention_text>a hotel in Egypt’s Giza district</mention_text>
        <nom_head source="NYT_ENG_20130729.0069" offset="2911" length="5">hotel</nom_head>
      </entity_mention>
      <entity_mention id="m-3755" noun_type="PRO" source="NYT_ENG_20130729.0069" offset="2943" length="5">
        <mention_text>where</mention_text>
      </entity_mention>
    </entity>
    <entity id="ent-834" type="GPE" specificity="specificIndividual">
      <entity_mention id="m-828" noun_type="NAM" source="NYT_ENG_20130729.0069" offset="2928" length="13">
        <mention_text>Giza district</mention_text>
      </entity_mention>
    </entity>
    <entity id="ent-849" type="PER" specificity="specificGroup">
      <entity_mention id="m-843" noun_type="NOM" source="NYT_ENG_20130729.0069" offset="2949" length="13">
        <mention_text>the Islamists</mention_text>
        <nom_head source="NYT_ENG_20130729.0069" offset="2953" length="9">Islamists</nom_head>
      </entity_mention>
    </entity>
    <entity id="ent-900" type="PER" specificity="specificGroup">
      <entity_mention id="m-894" noun_type="NOM" source="NYT_ENG_20130729.0069" offset="3218" length="27">
        <mention_text>protesters carrying coffins</mention_text>
        <nom_head source="NYT_ENG_20130729.0069" offset="3218" length="10">protesters</nom_head>
      </entity_mention>
    </entity>
    <entity id="ent-915" type="GPE" specificity="specificGroup">
      <entity_mention id="m-909" noun_type="NOM" source="NYT_ENG_20130729.0069" offset="3277" length="22">
        <mention_text>all Egyptian provinces</mention_text>
        <nom_head source="NYT_ENG_20130729.0069" offset="3290" length="9">provinces</nom_head>
      </entity_mention>
    </entity>
    <entity id="ent-936" type="PER" specificity="specificGroup">
      <entity_mention id="m-930" noun_type="NOM" source="NYT_ENG_20130729.0069" offset="3389" length="26">
        <mention_text>Interior Ministry henchmen</mention_text>
        <nom_head source="NYT_ENG_20130729.0069" offset="3407" length="8">henchmen</nom_head>
      </entity_mention>
    </entity>
    <entity id="ent-945" type="PER" specificity="specificGroup">
      <entity_mention id="m-939" noun_type="NOM" source="NYT_ENG_20130729.0069" offset="3419" length="22">
        <mention_text>peaceful demonstrators</mention_text>
        <nom_head source="NYT_ENG_20130729.0069" offset="3428" length="13">demonstrators</nom_head>
      </entity_mention>
    </entity>
    <entity id="ent-960" type="PER" specificity="specificGroup">
      <entity_mention id="m-954" noun_type="NOM" source="NYT_ENG_20130729.0069" offset="3518" length="8">
        <mention_text>Islamist</mention_text>
        <nom_head source="NYT_ENG_20130729.0069" offset="3518" length="8">Islamist</nom_head>
      </entity_mention>
      <entity_mention id="m-990" noun_type="NOM" source="NYT_ENG_20130729.0069" offset="3629" length="19">
        <mention_text>Islamist protesters</mention_text>
        <nom_head source="NYT_ENG_20130729.0069" offset="3638" length="10">protesters</nom_head>
      </entity_mention>
    </entity>
    <entity id="ent-975" type="PER" specificity="specificGroup">
      <entity_mention id="m-969" noun_type="NOM" source="NYT_ENG_20130729.0069" offset="3547" length="18">
        <mention_text>military officials</mention_text>
        <nom_head source="NYT_ENG_20130729.0069" offset="3556" length="9">officials</nom_head>
      </entity_mention>
      <entity_mention id="m-978" noun_type="PRO" source="NYT_ENG_20130729.0069" offset="3586" length="4">
        <mention_text>they</mention_text>
      </entity_mention>
      <entity_mention id="m-1017" noun_type="PRO" source="NYT_ENG_20130729.0069" offset="3691" length="4">
        <mention_text>They</mention_text>
      </entity_mention>
      <entity_mention id="m-1023" noun_type="PRO" source="NYT_ENG_20130729.0069" offset="3729" length="4">
        <mention_text>they</mention_text>
      </entity_mention>
    </entity>
    <entity id="ent-1002" type="LOC" specificity="specificGroup">
      <entity_mention id="m-996" noun_type="NOM" source="NYT_ENG_20130729.0069" offset="3654" length="35">
        <mention_text>sit-in sites in Cairo and elsewhere</mention_text>
        <nom_head source="NYT_ENG_20130729.0069" offset="3661" length="5">sites</nom_head>
      </entity_mention>
    </entity>
    <entity id="ent-1077" type="PER" specificity="specificGroup">
      <entity_mention id="m-1071" noun_type="NOM" source="NYT_ENG_20130729.0069" offset="3879" length="16">
        <mention_text>his predecessors</mention_text>
        <nom_head source="NYT_ENG_20130729.0069" offset="3883" length="12">predecessors</nom_head>
      </entity_mention>
    </entity>
    <entity id="ent-1092" type="PER" specificity="specificGroup">
      <entity_mention id="m-1086" noun_type="NOM" source="NYT_ENG_20130729.0069" offset="3921" length="40">
        <mention_text>many of the brotherhood’s senior leaders</mention_text>
        <nom_head source="NYT_ENG_20130729.0069" offset="3921" length="4">many</nom_head>
      </entity_mention>
    </entity>
    <entity id="ent-1101" type="PER" specificity="specificGroup">
      <entity_mention id="m-1095" noun_type="NOM" source="NYT_ENG_20130729.0069" offset="3929" length="32">
        <mention_text>the brotherhood’s senior leaders</mention_text>
        <nom_head source="NYT_ENG_20130729.0069" offset="3954" length="7">leaders</nom_head>
      </entity_mention>
    </entity>
    <entity id="ent-1122" type="ORG" specificity="specificGroup">
      <entity_mention id="m-1116" noun_type="NOM" source="NYT_ENG_20130729.0069" offset="3993" length="22">
        <mention_text>Egyptian news services</mention_text>
        <nom_head source="NYT_ENG_20130729.0069" offset="4007" length="8">services</nom_head>
      </entity_mention>
    </entity>
    <entity id="ent-1137" type="PER" specificity="specificGroup">
      <entity_mention id="m-1131" noun_type="NOM" source="NYT_ENG_20130729.0069" offset="4030" length="25">
        <mention_text>two other allies of Morsi</mention_text>
        <nom_head source="NYT_ENG_20130729.0069" offset="4040" length="6">allies</nom_head>
      </entity_mention>
      <entity_mention id="m-1155" noun_type="NOM" source="NYT_ENG_20130729.0069" offset="4057" length="42">
        <mention_text>senior members of the Islamist Wasat Party</mention_text>
        <nom_head source="NYT_ENG_20130729.0069" offset="4064" length="7">members</nom_head>
      </entity_mention>
    </entity>
    <entity id="ent-1146" type="PER" specificity="specificGroup">
      <entity_mention id="m-1140" noun_type="NOM" source="NYT_ENG_20130729.0069" offset="4040" length="15">
        <mention_text>allies of Morsi</mention_text>
        <nom_head source="NYT_ENG_20130729.0069" offset="4040" length="6">allies</nom_head>
      </entity_mention>
    </entity>
    <entity id="ent-1173" type="ORG" specificity="specificIndividual">
      <entity_mention id="m-1167" noun_type="NAM" source="NYT_ENG_20130729.0069" offset="4088" length="11">
        <mention_text>Wasat Party</mention_text>
      </entity_mention>
    </entity>
  </entities>
  <fillers>
    <filler id="f-1214" source="NYT_ENG_20130729.0069" offset="209" length="8" type="title">DIPLOMAT</filler>
    <filler id="f-1310" source="NYT_ENG_20130729.0069" offset="541" length="8" type="title">official</filler>
    <filler id="f-1350" source="NYT_ENG_20130729.0069" offset="667" length="8" type="title">official</filler>
    <filler id="f-1390" source="NYT_ENG_20130729.0069" offset="758" length="9" type="title">president</filler>
    <filler id="f-1420" source="NYT_ENG_20130729.0069" offset="787" length="14" type="title">vice president</filler>
    <filler id="f-1440" source="NYT_ENG_20130729.0069" offset="830" length="5" type="title">chief</filler>
    <filler id="f-1450" source="NYT_ENG_20130729.0069" offset="857" length="3" type="title">Gen</filler>
    <filler id="f-1500" source="NYT_ENG_20130729.0069" offset="1040" length="8" type="title">emissary</filler>
    <filler id="f-1550" source="NYT_ENG_20130729.0069" offset="1362" length="9" type="title">president</filler>
    <filler id="f-1680" source="NYT_ENG_20130729.0069" offset="2378" length="8" type="title">laureate</filler>
    <filler id="f-1690" source="NYT_ENG_20130729.0069" offset="2391" length="8" type="title">diplomat</filler>
    <filler id="f-1886" source="NYT_ENG_20130729.0069" offset="3556" length="9" type="title">officials</filler>
    <filler id="f-2079" source="NYT_ENG_20130729.0069" offset="311" length="6" type="time" nom_time="2013-07-29">Monday</filler>
    <filler id="f-2123" source="NYT_ENG_20130729.0069" offset="311" length="6" type="time" nom_time="2013-07-29">Monday</filler>
    <filler id="f-2250" source="NYT_ENG_20130729.0069" offset="311" length="6" type="time" nom_time="2013-07-29">Monday</filler>
    <filler id="f-2241" source="NYT_ENG_20130729.0069" offset="311" length="6" type="time" nom_time="2013-07-29">Monday</filler>
    <filler id="f-2285" source="NYT_ENG_20130729.0069" offset="721" length="6" type="time" nom_time="2013-07-28">Sunday</filler>
    <filler id="f-2463" source="NYT_ENG_20130729.0069" offset="1118" length="16" type="time" nom_time="2013-07-XX">over the weekend</filler>
    <filler id="f-2535" source="NYT_ENG_20130729.0069" offset="1118" length="16" type="time" nom_time="2013-07-XX">over the weekend</filler>
    <filler id="f-2565" source="NYT_ENG_20130729.0069" offset="1118" length="16" type="time" nom_time="2013-07-XX">over the weekend</filler>
    <filler id="f-2660" source="NYT_ENG_20130729.0069" offset="1362" length="9" type="title">president</filler>
    <filler id="f-2713" source="NYT_ENG_20130729.0069" offset="1376" length="6" type="time" nom_time="2013-07-03">July 3</filler>
    <filler id="f-2704" source="NYT_ENG_20130729.0069" offset="1376" length="6" type="time" nom_time="2013-07-03">July 3</filler>
    <filler id="f-2791" source="NYT_ENG_20130729.0069" offset="1537" length="13" type="time" nom_time="2011-02-XX">February 2011</filler>
    <filler id="f-2829" source="NYT_ENG_20130729.0069" offset="1537" length="13" type="time" nom_time="2011-02-XX">February 2011</filler>
    <filler id="f-3254" source="NYT_ENG_20130729.0069" offset="2995" length="20" type="time" nom_time="2013-07-XX">since Morsi’s ouster</filler>
    <filler id="f-3419" source="NYT_ENG_20130729.0069" offset="3238" length="7" type="commodity">coffins</filler>
    <filler id="f-3687" source="NYT_ENG_20130729.0069" offset="4121" length="6" type="time" nom_time="2013-07-29">Monday</filler>
  </fillers>
  <relations>
    <relation id="r-372" type="physical" subtype="locatednear">
      <relation_mention id="relm-1176" realis="true">
        <rel_arg1 entity_id="ent-30" entity_mention_id="m-24" role="entity">EU DIPLOMAT</rel_arg1>
        <rel_arg2 entity_id="ent-8" entity_mention_id="m-18" role="loc">EGYPT</rel_arg2>
        <trigger source="NYT_ENG_20130729.0069" offset="218" length="6">VISITS</trigger>
      </relation_mention>
      <relation_mention id="relm-1352" realis="true">
        <rel_arg1 entity_id="ent-30" entity_mention_id="m-174" role="entity">who</rel_arg1>
        <rel_arg2 entity_id="ent-8" entity_mention_id="m-180" role="loc">Egypt</rel_arg2>
        <trigger source="NYT_ENG_20130729.0069" offset="707" length="2">in</trigger>
      </relation_mention>
      <relation_mention id="relm-1502" realis="true">
        <rel_arg1 entity_id="ent-30" entity_mention_id="m-285" role="entity">the first Western emissary to visit the country after a bloody crackdown in Cairo and elsewhere over the weekend left more than 80 Muslim Brotherhood members and sympathizers dead and hundreds wounded</rel_arg1>
        <rel_arg2 entity_id="ent-8" entity_mention_id="m-300" role="loc">the country</rel_arg2>
        <trigger source="NYT_ENG_20130729.0069" offset="1052" length="5">visit</trigger>
      </relation_mention>
    </relation>
    <relation id="r-373" type="orgaffiliation" subtype="employmentmembership">
      <relation_mention id="relm-1196" realis="true">
        <rel_arg1 entity_id="ent-30" entity_mention_id="m-24" role="employeemember">EU DIPLOMAT</rel_arg1>
        <rel_arg2 entity_id="ent-39" entity_mention_id="m-33" role="org">EU</rel_arg2>
        <trigger source="NYT_ENG_20130729.0069" offset="209" length="8">DIPLOMAT</trigger>
      </relation_mention>
      <relation_mention id="relm-1282" realis="true">
        <rel_arg1 entity_id="ent-30" entity_mention_id="m-132" role="employeemember">the European Union’s top foreign policy official</rel_arg1>
        <rel_arg2 entity_id="ent-39" entity_mention_id="m-117" role="org">European Union</rel_arg2>
        <trigger source="NYT_ENG_20130729.0069" offset="541" length="8">official</trigger>
      </relation_mention>
      <relation_mention id="relm-1332" realis="true">
        <rel_arg1 entity_id="ent-30" entity_mention_id="m-162" role="employeemember">The European official</rel_arg1>
        <rel_arg2 entity_id="ent-39" entity_mention_id="m-156" role="org">European</rel_arg2>
        <trigger source="NYT_ENG_20130729.0069" offset="667" length="8">official</trigger>
      </relation_mention>
    </relation>
    <relation id="r-374" type="personalsocial" subtype="role">
      <relation_mention id="relm-1206" realis="true">
        <rel_arg1 entity_id="ent-30" entity_mention_id="m-24" role="per">EU DIPLOMAT</rel_arg1>
        <rel_arg2 filler_id="f-1214" role="role">DIPLOMAT</rel_arg2>
      </relation_mention>
      <relation_mention id="relm-1302" realis="true">
        <rel_arg1 entity_id="ent-30" entity_mention_id="m-132" role="per">the European Union’s top foreign policy official</rel_arg1>
        <rel_arg2 filler_id="f-1310" role="role">official</rel_arg2>
      </relation_mention>
      <relation_mention id="relm-1342" realis="true">
        <rel_arg1 entity_id="ent-30" entity_mention_id="m-162" role="per">The European official</rel_arg1>
        <rel_arg2 filler_id="f-1350" role="role">official</rel_arg2>
      </relation_mention>
      <relation_mention id="relm-1492" realis="true">
        <rel_arg1 entity_id="ent-30" entity_mention_id="m-285" role="per">the first Western emissary to visit the country after a bloody crackdown in Cairo and elsewhere over the weekend left more than 80 Muslim Brotherhood members and sympathizers dead and hundreds wounded</rel_arg1>
        <rel_arg2 filler_id="f-1500" role="role">emissary</rel_arg2>
      </relation_mention>
    </relation>
    <relation id="r-375" type="physical" subtype="orglocationorigin">
      <relation_mention id="relm-1216" realis="true">
        <rel_arg1 entity_id="ent-54" entity_mention_id="m-48" role="org">Muslim Brotherhood</rel_arg1>
        <rel_arg2 entity_id="ent-8" entity_mention_id="m-42" role="loc">Egypt</rel_arg2>
      </relation_mention>
    </relation>
    <relation id="r-376" type="physical" subtype="orglocationorigin">
      <relation_mention id="relm-1226" realis="true">
        <rel_arg1 entity_id="ent-78" entity_mention_id="m-72" role="org">its allies</rel_arg1>
        <rel_arg2 entity_id="ent-8" entity_mention_id="m-42" role="loc">Egypt</rel_arg2>
      </relation_mention>
    </relation>
    <relation id="r-377" type="physical" subtype="orglocationorigin">
      <relation_mention id="relm-1246" realis="true">
        <rel_arg1 entity_id="ent-87" entity_mention_id="m-81" role="org">Interior Ministry</rel_arg1>
        <rel_arg2 entity_id="ent-96" entity_mention_id="m-90" role="loc">Interior Ministry buildings nationwide</rel_arg2>
      </relation_mention>
    </relation>
    <relation id="r-378" type="partwhole" subtype="subsidiary">
      <relation_mention id="relm-1272" realis="true">
        <rel_arg1 entity_id="ent-105" entity_mention_id="m-99" role="suborg">the military-led government</rel_arg1>
        <rel_arg2 entity_id="ent-114" entity_mention_id="m-108" role="parent">military</rel_arg2>
        <trigger source="NYT_ENG_20130729.0069" offset="468" length="3">led</trigger>
      </relation_mention>
    </relation>
    <relation id="r-379" type="physical" subtype="locatednear">
      <relation_mention id="relm-1292" realis="true">
        <rel_arg1 entity_id="ent-39" entity_mention_id="m-117" role="entity">European Union</rel_arg1>
        <rel_arg2 entity_id="ent-129" entity_mention_id="m-123" role="loc">European</rel_arg2>
        <trigger source="NYT_ENG_20130729.0069" offset="505" length="8">European</trigger>
      </relation_mention>
    </relation>
    <relation id="r-380" type="physical" subtype="locatednear">
      <relation_mention id="relm-1312" realis="true">
        <rel_arg1 entity_id="ent-30" entity_mention_id="m-132" role="entity">the European Union’s top foreign policy official</rel_arg1>
        <rel_arg2 entity_id="ent-144" entity_mention_id="m-138" role="loc">Cairo</rel_arg2>
        <trigger source="NYT_ENG_20130729.0069" offset="554" length="8">visiting</trigger>
      </relation_mention>
    </relation>
    <relation id="r-381" type="physical" subtype="locatednear">
      <relation_mention id="relm-1322" realis="true">
        <rel_arg1 entity_id="ent-153" entity_mention_id="m-147" role="entity">both sides</rel_arg1>
        <rel_arg2 entity_id="ent-144" entity_mention_id="m-138" role="loc">Cairo</rel_arg2>
      </relation_mention>
    </relation>
    <relation id="r-382" type="orgaffiliation" subtype="leadership">
      <relation_mention id="relm-1372" realis="true">
        <rel_arg1 entity_id="ent-192" entity_mention_id="m-186" role="leader">the interim president</rel_arg1>
        <rel_arg2 entity_id="ent-8" entity_mention_id="m-180" role="entity">Egypt</rel_arg2>
        <trigger source="NYT_ENG_20130729.0069" offset="758" length="9">president</trigger>
      </relation_mention>
    </relation>
    <relation id="r-383" type="personalsocial" subtype="role">
      <relation_mention id="relm-1382" realis="true">
        <rel_arg1 entity_id="ent-192" entity_mention_id="m-186" role="per">the interim president</rel_arg1>
        <rel_arg2 filler_id="f-1390" role="role">president</rel_arg2>
      </relation_mention>
    </relation>
    <relation id="r-384" type="orgaffiliation" subtype="leadership">
      <relation_mention id="relm-1392" realis="true">
        <rel_arg1 entity_id="ent-213" entity_mention_id="m-207" role="leader">his vice president</rel_arg1>
        <rel_arg2 entity_id="ent-8" entity_mention_id="m-180" role="entity">Egypt</rel_arg2>
        <trigger source="NYT_ENG_20130729.0069" offset="787" length="14">vice president</trigger>
      </relation_mention>
    </relation>
    <relation id="r-385" type="personalsocial" subtype="business">
      <relation_mention id="relm-1402" realis="true">
        <rel_arg1 entity_id="ent-192" entity_mention_id="m-195" role="per">Adly Mansour</rel_arg1>
        <rel_arg2 entity_id="ent-213" entity_mention_id="m-207" role="per">his vice president</rel_arg2>
        <trigger source="NYT_ENG_20130729.0069" offset="783" length="3">his</trigger>
      </relation_mention>
    </relation>
    <relation id="r-386" type="personalsocial" subtype="role">
      <relation_mention id="relm-1412" realis="true">
        <rel_arg1 entity_id="ent-213" entity_mention_id="m-207" role="per">his vice president</rel_arg1>
        <rel_arg2 filler_id="f-1420" role="role">vice president</rel_arg2>
      </relation_mention>
      <relation_mention id="relm-1672" realis="true">
        <rel_arg1 entity_id="ent-213" entity_mention_id="m-654" role="per">a Nobel laureate and diplomat whose appointment has been widely seen as an attempt by the interim government to present a friendly liaison to the West</rel_arg1>
        <rel_arg2 filler_id="f-1680" role="role">laureate</rel_arg2>
      </relation_mention>
      <relation_mention id="relm-1682" realis="true">
        <rel_arg1 entity_id="ent-213" entity_mention_id="m-654" role="per">a Nobel laureate and diplomat whose appointment has been widely seen as an attempt by the interim government to present a friendly liaison to the West</rel_arg1>
        <rel_arg2 filler_id="f-1690" role="role">diplomat</rel_arg2>
      </relation_mention>
    </relation>
    <relation id="r-387" type="orgaffiliation" subtype="leadership">
      <relation_mention id="relm-1422" realis="true">
        <rel_arg1 entity_id="ent-228" entity_mention_id="m-222" role="leader">the chief of the armed forces</rel_arg1>
        <rel_arg2 entity_id="ent-114" entity_mention_id="m-231" role="entity">the armed forces</rel_arg2>
        <trigger source="NYT_ENG_20130729.0069" offset="830" length="5">chief</trigger>
      </relation_mention>
    </relation>
    <relation id="r-388" type="personalsocial" subtype="role">
      <relation_mention id="relm-1432" realis="true">
        <rel_arg1 entity_id="ent-228" entity_mention_id="m-222" role="per">the chief of the armed forces</rel_arg1>
        <rel_arg2 filler_id="f-1440" role="role">chief</rel_arg2>
      </relation_mention>
      <relation_mention id="relm-1442" realis="true">
        <rel_arg1 entity_id="ent-228" entity_mention_id="m-237" role="per">Abdel-Fattah el-Sissi</rel_arg1>
        <rel_arg2 filler_id="f-1450" role="role">Gen</rel_arg2>
      </relation_mention>
    </relation>
    <relation id="r-389" type="orgaffiliation" subtype="leadership">
      <relation_mention id="relm-1452" realis="true">
        <rel_arg1 entity_id="ent-255" entity_mention_id="m-249" role="leader">some of the remaining Muslim Brotherhood leaders who have not yet been arrested</rel_arg1>
        <rel_arg2 entity_id="ent-54" entity_mention_id="m-267" role="entity">Muslim Brotherhood</rel_arg2>
        <trigger source="NYT_ENG_20130729.0069" offset="962" length="7">leaders</trigger>
      </relation_mention>
    </relation>
    <relation id="r-390" type="orgaffiliation" subtype="leadership">
      <relation_mention id="relm-1462" realis="true">
        <rel_arg1 entity_id="ent-264" entity_mention_id="m-258" role="leader">the remaining Muslim Brotherhood leaders who have not yet been arrested</rel_arg1>
        <rel_arg2 entity_id="ent-54" entity_mention_id="m-267" role="entity">Muslim Brotherhood</rel_arg2>
        <trigger source="NYT_ENG_20130729.0069" offset="962" length="7">leaders</trigger>
      </relation_mention>
    </relation>
    <relation id="r-391" type="generalaffiliation" subtype="more">
      <relation_mention id="relm-1482" realis="true">
        <rel_arg1 entity_id="ent-30" entity_mention_id="m-285" role="per">the first Western emissary to visit the country after a bloody crackdown in Cairo and elsewhere over the weekend left more than 80 Muslim Brotherhood members and sympathizers dead and hundreds wounded</rel_arg1>
        <rel_arg2 entity_id="ent-297" entity_mention_id="m-291" role="entity">Western</rel_arg2>
        <trigger source="NYT_ENG_20130729.0069" offset="1032" length="7">Western</trigger>
      </relation_mention>
    </relation>
    <relation id="r-392" type="orgaffiliation" subtype="employmentmembership">
      <relation_mention id="relm-1512" realis="true">
        <rel_arg1 entity_id="ent-327" entity_mention_id="m-321" role="employeemember">more than 80 Muslim Brotherhood members and sympathizers</rel_arg1>
        <rel_arg2 entity_id="ent-54" entity_mention_id="m-339" role="org">Muslim Brotherhood</rel_arg2>
        <trigger source="NYT_ENG_20130729.0069" offset="1172" length="7">members</trigger>
      </relation_mention>
    </relation>
    <relation id="r-393" type="orgaffiliation" subtype="leadership">
      <relation_mention id="relm-1532" realis="true">
        <rel_arg1 entity_id="ent-381" entity_mention_id="m-396" role="leader">Egypt’s first freely elected president</rel_arg1>
        <rel_arg2 entity_id="ent-8" entity_mention_id="m-402" role="entity">Egypt</rel_arg2>
        <trigger source="NYT_ENG_20130729.0069" offset="1362" length="9">president</trigger>
      </relation_mention>
    </relation>
    <relation id="r-394" type="personalsocial" subtype="role">
      <relation_mention id="relm-1542" realis="true">
        <rel_arg1 entity_id="ent-381" entity_mention_id="m-396" role="per">Egypt’s first freely elected president</rel_arg1>
        <rel_arg2 filler_id="f-1550" role="role">president</rel_arg2>
      </relation_mention>
    </relation>
    <relation id="r-395" type="physical" subtype="locatednear">
      <relation_mention id="relm-1572" realis="true">
        <rel_arg1 entity_id="ent-381" entity_mention_id="m-471" role="entity">whose</rel_arg1>
        <rel_arg2 entity_id="ent-489" entity_mention_id="m-483" role="loc">whereabouts</rel_arg2>
        <trigger source="NYT_ENG_20130729.0069" offset="1676" length="11">whereabouts</trigger>
      </relation_mention>
    </relation>
    <relation id="r-396" type="orgaffiliation" subtype="leadership">
      <relation_mention id="relm-1582" realis="true">
        <rel_arg1 entity_id="ent-516" entity_mention_id="m-510" role="leader">Egypt’s interim leaders</rel_arg1>
        <rel_arg2 entity_id="ent-8" entity_mention_id="m-504" role="entity">Egypt</rel_arg2>
        <trigger source="NYT_ENG_20130729.0069" offset="1817" length="7">leaders</trigger>
      </relation_mention>
      <relation_mention id="relm-1702" realis="true">
        <rel_arg1 entity_id="ent-516" entity_mention_id="m-699" role="leader">Egypt’s post-Morsi leadership</rel_arg1>
        <rel_arg2 entity_id="ent-8" entity_mention_id="m-693" role="entity">Egypt</rel_arg2>
        <trigger source="NYT_ENG_20130729.0069" offset="2558" length="10">leadership</trigger>
      </relation_mention>
    </relation>
    <relation id="r-397" type="orgaffiliation" subtype="leadership">
      <relation_mention id="relm-1592" realis="false">
        <rel_arg1 entity_id="ent-540" entity_mention_id="m-534" role="leader">civilian</rel_arg1>
        <rel_arg2 entity_id="ent-531" entity_mention_id="m-525" role="entity">a cohesive, civilian-led government that included all political factions, including the Muslim Brotherhood and its Islamist allies</rel_arg2>
        <trigger source="NYT_ENG_20130729.0069" offset="1879" length="3">led</trigger>
      </relation_mention>
    </relation>
    <relation id="r-398" type="partwhole" subtype="subsidiary">
      <relation_mention id="relm-1622" realis="false">
        <rel_arg1 entity_id="ent-531" entity_mention_id="m-525" role="suborg">a cohesive, civilian-led government that included all political factions, including the Muslim Brotherhood and its Islamist allies</rel_arg1>
        <rel_arg2 entity_id="ent-8" entity_mention_id="m-504" role="parent">Egypt</rel_arg2>
      </relation_mention>
    </relation>
    <relation id="r-399" type="orgaffiliation" subtype="leadership">
      <relation_mention id="relm-1632" realis="true">
        <rel_arg1 entity_id="ent-540" entity_mention_id="m-597" role="leader">civilian</rel_arg1>
        <rel_arg2 entity_id="ent-594" entity_mention_id="m-588" role="entity">a Cabinet with a civilian leadership</rel_arg2>
        <trigger source="NYT_ENG_20130729.0069" offset="2175" length="10">leadership</trigger>
      </relation_mention>
    </relation>
    <relation id="r-400" type="partwhole" subtype="subsidiary">
      <relation_mention id="relm-1642" realis="true">
        <rel_arg1 entity_id="ent-723" entity_mention_id="m-717" role="suborg">Ahram Online</rel_arg1>
        <rel_arg2 entity_id="ent-621" entity_mention_id="m-636" role="parent">Ahram</rel_arg2>
      </relation_mention>
      <relation_mention id="relm-1652" realis="true">
        <rel_arg1 entity_id="ent-723" entity_mention_id="m-717" role="suborg">Ahram Online</rel_arg1>
        <rel_arg2 entity_id="ent-621" entity_mention_id="m-624" role="parent">Egypt’s leading newspaper</rel_arg2>
        <trigger source="NYT_ENG_20130729.0069" offset="2252" length="2">of</trigger>
      </relation_mention>
      <relation_mention id="relm-1712" realis="true">
        <rel_arg1 entity_id="ent-723" entity_mention_id="m-732" role="suborg">Ahram Online</rel_arg1>
        <rel_arg2 entity_id="ent-621" entity_mention_id="m-738" role="parent">Ahram</rel_arg2>
      </relation_mention>
    </relation>
    <relation id="r-401" type="physical" subtype="orglocationorigin">
      <relation_mention id="relm-1662" realis="true">
        <rel_arg1 entity_id="ent-621" entity_mention_id="m-624" role="org">Egypt’s leading newspaper</rel_arg1>
        <rel_arg2 entity_id="ent-8" entity_mention_id="m-630" role="loc">Egypt</rel_arg2>
        <trigger source="NYT_ENG_20130729.0069" offset="2255" length="7">Egypt’s</trigger>
      </relation_mention>
    </relation>
    <relation id="r-402" type="orgaffiliation" subtype="employmentmembership">
      <relation_mention id="relm-1692" realis="true">
        <rel_arg1 entity_id="ent-213" entity_mention_id="m-654" role="employeemember">a Nobel laureate and diplomat whose appointment has been widely seen as an attempt by the interim government to present a friendly liaison to the West</rel_arg1>
        <rel_arg2 entity_id="ent-105" entity_mention_id="m-675" role="org">the interim government</rel_arg2>
      </relation_mention>
    </relation>
    <relation id="r-403" type="orgaffiliation" subtype="employmentmembership">
      <relation_mention id="relm-1732" realis="true">
        <rel_arg1 entity_id="ent-774" entity_mention_id="m-768" role="employeemember">at least four members of the Anti-Coup National Alliance</rel_arg1>
        <rel_arg2 entity_id="ent-783" entity_mention_id="m-777" role="org">Anti-Coup National Alliance</rel_arg2>
        <trigger source="NYT_ENG_20130729.0069" offset="2780" length="7">members</trigger>
      </relation_mention>
    </relation>
    <relation id="r-404" type="partwhole" subtype="subsidiary">
      <relation_mention id="relm-1742" realis="true">
        <rel_arg1 entity_id="ent-783" entity_mention_id="m-786" role="suborg">a protest coordination group formed by the Muslim Brotherhood and its supporters</rel_arg1>
        <rel_arg2 entity_id="ent-54" entity_mention_id="m-792" role="parent">Muslim Brotherhood</rel_arg2>
        <trigger source="NYT_ENG_20130729.0069" offset="2860" length="2">by</trigger>
      </relation_mention>
    </relation>
    <relation id="r-405" type="physical" subtype="locatednear">
      <relation_mention id="relm-1778" realis="false">
        <rel_arg1 entity_id="ent-30" entity_mention_id="m-762" role="entity">Ashton</rel_arg1>
        <rel_arg2 entity_id="ent-819" entity_mention_id="m-813" role="loc">a hotel in Egypt’s Giza district</rel_arg2>
        <trigger source="NYT_ENG_20130729.0069" offset="2906" length="2">at</trigger>
      </relation_mention>
    </relation>
    <relation id="r-406" type="physical" subtype="locatednear">
      <relation_mention id="relm-1788" realis="false">
        <rel_arg1 entity_id="ent-774" entity_mention_id="m-768" role="entity">at least four members of the Anti-Coup National Alliance</rel_arg1>
        <rel_arg2 entity_id="ent-819" entity_mention_id="m-813" role="loc">a hotel in Egypt’s Giza district</rel_arg2>
        <trigger source="NYT_ENG_20130729.0069" offset="2906" length="2">at</trigger>
      </relation_mention>
    </relation>
    <relation id="r-407" type="physical" subtype="locatednear">
      <relation_mention id="relm-1798" realis="true">
        <rel_arg1 entity_id="ent-819" entity_mention_id="m-813" role="entity">a hotel in Egypt’s Giza district</rel_arg1>
        <rel_arg2 entity_id="ent-834" entity_mention_id="m-828" role="loc">Giza district</rel_arg2>
        <trigger source="NYT_ENG_20130729.0069" offset="2917" length="2">in</trigger>
      </relation_mention>
    </relation>
    <relation id="r-408" type="physical" subtype="locatednear">
      <relation_mention id="relm-1808" realis="true">
        <rel_arg1 entity_id="ent-834" entity_mention_id="m-828" role="entity">Giza district</rel_arg1>
        <rel_arg2 entity_id="ent-8" entity_mention_id="m-822" role="loc">Egypt</rel_arg2>
        <trigger source="NYT_ENG_20130729.0069" offset="2920" length="7">Egypt’s</trigger>
      </relation_mention>
    </relation>
    <relation id="r-409" type="physical" subtype="locatednear">
      <relation_mention id="relm-1818" realis="true">
        <rel_arg1 entity_id="ent-849" entity_mention_id="m-843" role="entity">the Islamists</rel_arg1>
        <rel_arg2 entity_id="ent-819" entity_mention_id="m-3755" role="loc">where</rel_arg2>
        <trigger source="NYT_ENG_20130729.0069" offset="2943" length="5">where</trigger>
      </relation_mention>
    </relation>
    <relation id="r-410" type="physical" subtype="locatednear">
      <relation_mention id="relm-1828" realis="false">
        <rel_arg1 entity_id="ent-900" entity_mention_id="m-894" role="entity">protesters carrying coffins</rel_arg1>
        <rel_arg2 entity_id="ent-96" entity_mention_id="m-903" role="loc">administration buildings in all Egyptian provinces</rel_arg2>
        <trigger source="NYT_ENG_20130729.0069" offset="3246" length="2">to</trigger>
      </relation_mention>
    </relation>
    <relation id="r-411" type="physical" subtype="locatednear">
      <relation_mention id="relm-1838" realis="true">
        <rel_arg1 entity_id="ent-96" entity_mention_id="m-903" role="entity">administration buildings in all Egyptian provinces</rel_arg1>
        <rel_arg2 entity_id="ent-915" entity_mention_id="m-909" role="loc">all Egyptian provinces</rel_arg2>
        <trigger source="NYT_ENG_20130729.0069" offset="3274" length="2">in</trigger>
      </relation_mention>
    </relation>
    <relation id="r-412" type="physical" subtype="locatednear">
      <relation_mention id="relm-1848" realis="true">
        <rel_arg1 entity_id="ent-915" entity_mention_id="m-909" role="entity">all Egyptian provinces</rel_arg1>
        <rel_arg2 entity_id="ent-8" entity_mention_id="m-918" role="loc">Egyptian</rel_arg2>
        <trigger source="NYT_ENG_20130729.0069" offset="3281" length="8">Egyptian</trigger>
      </relation_mention>
    </relation>
    <relation id="r-413" type="orgaffiliation" subtype="employmentmembership">
      <relation_mention id="relm-1858" realis="true">
        <rel_arg1 entity_id="ent-936" entity_mention_id="m-930" role="employeemember">Interior Ministry henchmen</rel_arg1>
        <rel_arg2 entity_id="ent-87" entity_mention_id="m-924" role="org">Interior Ministry</rel_arg2>
        <trigger source="NYT_ENG_20130729.0069" offset="3407" length="8">henchmen</trigger>
      </relation_mention>
    </relation>
    <relation id="r-414" type="orgaffiliation" subtype="employmentmembership">
      <relation_mention id="relm-1868" realis="true">
        <rel_arg1 entity_id="ent-975" entity_mention_id="m-969" role="employeemember">military officials</rel_arg1>
        <rel_arg2 entity_id="ent-114" entity_mention_id="m-963" role="org">military</rel_arg2>
        <trigger source="NYT_ENG_20130729.0069" offset="3556" length="9">officials</trigger>
      </relation_mention>
    </relation>
    <relation id="r-415" type="personalsocial" subtype="role">
      <relation_mention id="relm-1878" realis="true">
        <rel_arg1 entity_id="ent-975" entity_mention_id="m-969" role="per">military officials</rel_arg1>
        <rel_arg2 filler_id="f-1886" role="role">officials</rel_arg2>
      </relation_mention>
    </relation>
    <relation id="r-416" type="physical" subtype="locatednear">
      <relation_mention id="relm-1898" realis="true">
        <rel_arg1 entity_id="ent-960" entity_mention_id="m-990" role="entity">Islamist protesters</rel_arg1>
        <rel_arg2 entity_id="ent-1002" entity_mention_id="m-996" role="loc">sit-in sites in Cairo and elsewhere</rel_arg2>
        <trigger source="NYT_ENG_20130729.0069" offset="3649" length="4">from</trigger>
      </relation_mention>
    </relation>
    <relation id="r-417" type="orgaffiliation" subtype="leadership">
      <relation_mention id="relm-1918" realis="true">
        <rel_arg1 entity_id="ent-1101" entity_mention_id="m-1095" role="leader">the brotherhood’s senior leaders</rel_arg1>
        <rel_arg2 entity_id="ent-54" entity_mention_id="m-1104" role="entity">brotherhood</rel_arg2>
        <trigger source="NYT_ENG_20130729.0069" offset="3954" length="7">leaders</trigger>
      </relation_mention>
    </relation>
    <relation id="r-418" type="orgaffiliation" subtype="leadership">
      <relation_mention id="relm-1928" realis="true">
        <rel_arg1 entity_id="ent-1092" entity_mention_id="m-1086" role="leader">many of the brotherhood’s senior leaders</rel_arg1>
        <rel_arg2 entity_id="ent-54" entity_mention_id="m-1104" role="entity">brotherhood</rel_arg2>
        <trigger source="NYT_ENG_20130729.0069" offset="3954" length="7">leaders</trigger>
      </relation_mention>
    </relation>
    <relation id="r-419" type="physical" subtype="orglocationorigin">
      <relation_mention id="relm-1938" realis="true">
        <rel_arg1 entity_id="ent-1122" entity_mention_id="m-1116" role="org">Egyptian news services</rel_arg1>
        <rel_arg2 entity_id="ent-8" entity_mention_id="m-1125" role="loc">Egyptian</rel_arg2>
        <trigger source="NYT_ENG_20130729.0069" offset="3993" length="8">Egyptian</trigger>
      </relation_mention>
    </relation>
    <relation id="r-420" type="orgaffiliation" subtype="employmentmembership">
      <relation_mention id="relm-1948" realis="true">
        <rel_arg1 entity_id="ent-1137" entity_mention_id="m-1155" role="employeemember">senior members of the Islamist Wasat Party</rel_arg1>
        <rel_arg2 entity_id="ent-1173" entity_mention_id="m-1167" role="org">Wasat Party</rel_arg2>
        <trigger source="NYT_ENG_20130729.0069" offset="4064" length="7">members</trigger>
      </relation_mention>
    </relation>
  </relations>
  <hoppers>
    <hopper id="h-16">
      <event_mention id="em-1968" type="conflict" subtype="attack" realis="other">
        <trigger source="NYT_ENG_20130729.0069" offset="185" length="8">VIOLENCE</trigger>
        <em_arg entity_id="ent-8" entity_mention_id="m-18" role="place" realis="true">EGYPT</em_arg>
      </event_mention>
      <event_mention id="em-2019" type="conflict" subtype="attack" realis="other">
        <trigger source="NYT_ENG_20130729.0069" offset="280" length="14">confrontations</trigger>
        <em_arg entity_id="ent-8" entity_mention_id="m-42" role="place" realis="true">Egypt</em_arg>
      </event_mention>
    </hopper>
    <hopper id="h-2017">
      <event_mention id="em-1989" type="movement" subtype="transportperson" realis="actual">
        <trigger source="NYT_ENG_20130729.0069" offset="218" length="6">VISITS</trigger>
        <em_arg entity_id="ent-30" entity_mention_id="m-24" role="agent" realis="true">EU DIPLOMAT</em_arg>
        <em_arg entity_id="ent-8" entity_mention_id="m-18" role="destination" realis="true">EGYPT</em_arg>
      </event_mention>
      <event_mention id="em-2253" type="movement" subtype="transportperson" realis="actual">
        <trigger source="NYT_ENG_20130729.0069" offset="699" length="7">arrived</trigger>
        <em_arg entity_id="ent-30" entity_mention_id="m-174" role="agent" realis="true">who</em_arg>
        <em_arg entity_id="ent-8" entity_mention_id="m-180" role="destination" realis="true">Egypt</em_arg>
        <em_arg filler_id="f-2285" role="time" realis="true">Sunday</em_arg>
      </event_mention>
      <event_mention id="em-2401" type="movement" subtype="transportperson" realis="actual">
        <trigger source="NYT_ENG_20130729.0069" offset="1052" length="5">visit</trigger>
        <em_arg entity_id="ent-30" entity_mention_id="m-285" role="agent" realis="true">the first Western emissary to visit the country after a bloody crackdown in Cairo and elsewhere over the weekend left more than 80 Muslim Brotherhood members and sympathizers dead and hundreds wounded</em_arg>
        <em_arg entity_id="ent-297" entity_mention_id="m-291" role="origin" realis="true">Western</em_arg>
        <em_arg entity_id="ent-8" entity_mention_id="m-300" role="destination" realis="true">the country</em_arg>
      </event_mention>
    </hopper>
    <hopper id="h-2082">
      <event_mention id="em-2040" type="conflict" subtype="demonstrate" realis="other">
        <trigger source="NYT_ENG_20130729.0069" offset="369" length="7">protest</trigger>
        <em_arg entity_id="ent-54" entity_mention_id="m-48" role="entity" realis="true">Muslim Brotherhood</em_arg>
        <em_arg entity_id="ent-78" entity_mention_id="m-72" role="entity" realis="true">its allies</em_arg>
        <em_arg entity_id="ent-96" entity_mention_id="m-90" role="place" realis="true">Interior Ministry buildings nationwide</em_arg>
        <em_arg filler_id="f-2079" role="time" realis="true">Monday</em_arg>
      </event_mention>
      <event_mention id="em-3366" type="conflict" subtype="demonstrate" realis="other">
        <trigger source="NYT_ENG_20130729.0069" offset="3218" length="10">protesters</trigger>
        <em_arg entity_id="ent-900" entity_mention_id="m-894" role="entity" realis="true">protesters carrying coffins</em_arg>
        <em_arg entity_id="ent-96" entity_mention_id="m-903" role="place" realis="true">administration buildings in all Egyptian provinces</em_arg>
      </event_mention>
    </hopper>
    <hopper id="h-2126">
      <event_mention id="em-2084" type="movement" subtype="transportperson" realis="other">
        <trigger source="NYT_ENG_20130729.0069" offset="377" length="7">marches</trigger>
        <em_arg entity_id="ent-54" entity_mention_id="m-48" role="agent" realis="true">Muslim Brotherhood</em_arg>
        <em_arg entity_id="ent-78" entity_mention_id="m-72" role="agent" realis="true">its allies</em_arg>
        <em_arg entity_id="ent-96" entity_mention_id="m-90" role="destination" realis="true">Interior Ministry buildings nationwide</em_arg>
        <em_arg filler_id="f-2123" role="time" realis="true">Monday</em_arg>
      </event_mention>
      <event_mention id="em-3301" type="movement" subtype="transportperson" realis="other">
        <trigger source="NYT_ENG_20130729.0069" offset="3207" length="7">marches</trigger>
        <em_arg entity_id="ent-54" entity_mention_id="m-888" role="agent" realis="true">it</em_arg>
        <em_arg entity_id="ent-900" entity_mention_id="m-894" role="person" realis="true">protesters carrying coffins</em_arg>
        <em_arg entity_id="ent-96" entity_mention_id="m-903" role="destination" realis="true">administration buildings in all Egyptian provinces</em_arg>
      </event_mention>
    </hopper>
    <hopper id="h-2163">
      <event_mention id="em-2128" type="contact" subtype="contact" realis="actual" audience="canttell" formality="formal" medium="canttell" schedule="canttell">
        <trigger source="NYT_ENG_20130729.0069" offset="443" length="8">warnings</trigger>
        <em_arg entity_id="ent-105" entity_mention_id="m-99" role="entity" realis="true">the military-led government</em_arg>
        <em_arg entity_id="ent-54" entity_mention_id="m-48" role="entity" realis="true">Muslim Brotherhood</em_arg>
        <em_arg entity_id="ent-78" entity_mention_id="m-72" role="entity" realis="true">its allies</em_arg>
      </event_mention>
    </hopper>
    <hopper id="h-2200">
      <event_mention id="em-2202" type="contact" subtype="meet" realis="actual" audience="twoway" formality="formal" medium="inperson" schedule="planned">
        <trigger source="NYT_ENG_20130729.0069" offset="573" length="7">talking</trigger>
        <em_arg entity_id="ent-30" entity_mention_id="m-132" role="entity" realis="true">the European Union’s top foreign policy official</em_arg>
        <em_arg entity_id="ent-153" entity_mention_id="m-147" role="entity" realis="true">both sides</em_arg>
        <em_arg entity_id="ent-144" entity_mention_id="m-138" role="place" realis="true">Cairo</em_arg>
        <em_arg filler_id="f-2241" role="time" realis="true">Monday</em_arg>
      </event_mention>
    </hopper>
    <hopper id="h-2337">
      <event_mention id="em-2288" type="contact" subtype="meet" realis="actual" audience="twoway" formality="formal" medium="inperson" schedule="planned">
        <trigger source="NYT_ENG_20130729.0069" offset="733" length="7">meeting</trigger>
        <em_arg entity_id="ent-30" entity_mention_id="m-174" role="entity" realis="true">who</em_arg>
        <em_arg entity_id="ent-192" entity_mention_id="m-186" role="entity" realis="true">the interim president</em_arg>
        <em_arg entity_id="ent-213" entity_mention_id="m-207" role="entity" realis="true">his vice president</em_arg>
        <em_arg entity_id="ent-228" entity_mention_id="m-222" role="entity" realis="true">the chief of the armed forces</em_arg>
        <em_arg entity_id="ent-8" entity_mention_id="m-180" role="place" realis="true">Egypt</em_arg>
      </event_mention>
      <event_mention id="em-2984" type="contact" subtype="meet" realis="actual" audience="twoway" formality="formal" medium="inperson" schedule="planned">
        <trigger source="NYT_ENG_20130729.0069" offset="1791" length="9">exhorting</trigger>
        <em_arg entity_id="ent-30" entity_mention_id="m-498" role="entity" realis="true">she</em_arg>
        <em_arg entity_id="ent-516" entity_mention_id="m-510" role="entity" realis="true">Egypt’s interim leaders</em_arg>
        <em_arg entity_id="ent-8" entity_mention_id="m-504" role="place" realis="true">Egypt</em_arg>
      </event_mention>
    </hopper>
    <hopper id="h-2374">
      <event_mention id="em-2339" type="contact" subtype="meet" realis="other" audience="twoway" formality="formal" medium="inperson" schedule="planned">
        <trigger source="NYT_ENG_20130729.0069" offset="911" length="4">meet</trigger>
        <em_arg entity_id="ent-30" entity_mention_id="m-243" role="entity" realis="true">She</em_arg>
        <em_arg entity_id="ent-255" entity_mention_id="m-249" role="entity" realis="true">some of the remaining Muslim Brotherhood leaders who have not yet been arrested</em_arg>
        <em_arg entity_id="ent-8" entity_mention_id="m-180" role="place" realis="true">Egypt</em_arg>
      </event_mention>
    </hopper>
    <hopper id="h-2397">
      <event_mention id="em-2376" type="justice" subtype="arrestjail" realis="other">
        <trigger source="NYT_ENG_20130729.0069" offset="992" length="8">arrested</trigger>
        <em_arg entity_id="ent-264" entity_mention_id="m-258" role="person" realis="true">the remaining Muslim Brotherhood leaders who have not yet been arrested</em_arg>
      </event_mention>
    </hopper>
    <hopper id="h-2399">
      <event_mention id="em-2165" type="movement" subtype="transportperson" realis="actual">
        <trigger source="NYT_ENG_20130729.0069" offset="554" length="8">visiting</trigger>
        <em_arg entity_id="ent-30" entity_mention_id="m-132" role="agent" realis="true">the European Union’s top foreign policy official</em_arg>
        <em_arg entity_id="ent-144" entity_mention_id="m-138" role="destination" realis="true">Cairo</em_arg>
        <em_arg filler_id="f-2250" role="time" realis="true">Monday</em_arg>
      </event_mention>
    </hopper>
    <hopper id="h-2457">
      <event_mention id="em-2436" type="conflict" subtype="attack" realis="actual">
        <trigger source="NYT_ENG_20130729.0069" offset="1085" length="9">crackdown</trigger>
        <em_arg entity_id="ent-144" entity_mention_id="m-306" role="place" realis="true">Cairo</em_arg>
        <em_arg filler_id="f-2463" role="time" realis="true">over the weekend</em_arg>
        <em_arg entity_id="ent-318" entity_mention_id="m-312" role="place" realis="true">elsewhere</em_arg>
      </event_mention>
    </hopper>
    <hopper id="h-2538">
      <event_mention id="em-2503" type="life" subtype="die" realis="actual">
        <trigger source="NYT_ENG_20130729.0069" offset="1197" length="4">dead</trigger>
        <em_arg entity_id="ent-327" entity_mention_id="m-321" role="victim" realis="true">more than 80 Muslim Brotherhood members and sympathizers</em_arg>
        <em_arg entity_id="ent-336" entity_mention_id="m-330" role="victim" realis="true">more than 80 Muslim Brotherhood members and sympathizers</em_arg>
        <em_arg filler_id="f-2535" role="time" realis="true">over the weekend</em_arg>
        <em_arg entity_id="ent-144" entity_mention_id="m-306" role="place" realis="true">Cairo</em_arg>
        <em_arg entity_id="ent-318" entity_mention_id="m-312" role="place" realis="true">elsewhere</em_arg>
      </event_mention>
      <event_mention id="em-2570" type="life" subtype="die" realis="actual">
        <trigger source="NYT_ENG_20130729.0069" offset="1240" length="7">killing</trigger>
        <em_arg entity_id="ent-366" entity_mention_id="m-360" role="victim" realis="true">Islamists</em_arg>
      </event_mention>
    </hopper>
    <hopper id="h-2568">
      <event_mention id="em-2540" type="life" subtype="injure" realis="actual">
        <trigger source="NYT_ENG_20130729.0069" offset="1215" length="7">wounded</trigger>
        <em_arg entity_id="ent-357" entity_mention_id="m-351" role="victim" realis="true">hundreds</em_arg>
        <em_arg filler_id="f-2565" role="time" realis="true">over the weekend</em_arg>
        <em_arg entity_id="ent-144" entity_mention_id="m-306" role="place" realis="true">Cairo</em_arg>
        <em_arg entity_id="ent-318" entity_mention_id="m-312" role="place" realis="true">elsewhere</em_arg>
      </event_mention>
    </hopper>
    <hopper id="h-2626">
      <event_mention id="em-2598" type="conflict" subtype="attack" realis="actual">
        <trigger source="NYT_ENG_20130729.0069" offset="1240" length="7">killing</trigger>
        <em_arg entity_id="ent-366" entity_mention_id="m-360" role="target" realis="true">Islamists</em_arg>
      </event_mention>
    </hopper>
    <hopper id="h-2670">
      <event_mention id="em-2628" type="personnel" subtype="endposition" realis="actual">
        <trigger source="NYT_ENG_20130729.0069" offset="1280" length="7">deposed</trigger>
        <em_arg entity_id="ent-381" entity_mention_id="m-375" role="person" realis="true">Mohammed Morsi</em_arg>
        <em_arg filler_id="f-2660" role="position" realis="true">president</em_arg>
        <em_arg entity_id="ent-8" entity_mention_id="m-402" role="place" realis="true">Egypt</em_arg>
        <em_arg filler_id="f-2713" role="time" realis="true">July 3</em_arg>
      </event_mention>
      <event_mention id="em-2746" type="personnel" subtype="endposition" realis="actual">
        <trigger source="NYT_ENG_20130729.0069" offset="1401" length="6">ouster</trigger>
        <em_arg entity_id="ent-381" entity_mention_id="m-408" role="person" realis="true">Morsi</em_arg>
        <em_arg entity_id="ent-8" entity_mention_id="m-414" role="place" realis="true">Egypt</em_arg>
      </event_mention>
      <event_mention id="em-2933" type="personnel" subtype="endposition" realis="actual">
        <trigger source="NYT_ENG_20130729.0069" offset="1725" length="7">removed</trigger>
        <em_arg entity_id="ent-381" entity_mention_id="m-477" role="person" realis="true">he</em_arg>
      </event_mention>
    </hopper>
    <hopper id="h-2707">
      <event_mention id="em-2672" type="justice" subtype="arrestjail" realis="actual">
        <trigger source="NYT_ENG_20130729.0069" offset="1292" length="8">arrested</trigger>
        <em_arg entity_id="ent-381" entity_mention_id="m-375" role="person" realis="true">Mohammed Morsi</em_arg>
        <em_arg entity_id="ent-114" entity_mention_id="m-369" role="agent" realis="true">the military</em_arg>
        <em_arg filler_id="f-2704" role="time" realis="true">July 3</em_arg>
      </event_mention>
    </hopper>
    <hopper id="h-2744">
      <event_mention id="em-2716" type="personnel" subtype="elect" realis="actual">
        <trigger source="NYT_ENG_20130729.0069" offset="1354" length="7">elected</trigger>
        <em_arg entity_id="ent-381" entity_mention_id="m-396" role="person" realis="true">Egypt’s first freely elected president</em_arg>
        <em_arg entity_id="ent-8" entity_mention_id="m-402" role="place" realis="true">Egypt</em_arg>
      </event_mention>
    </hopper>
    <hopper id="h-2802">
      <event_mention id="em-2774" type="conflict" subtype="attack" realis="actual">
        <trigger source="NYT_ENG_20130729.0069" offset="1468" length="10">revolution</trigger>
        <em_arg filler_id="f-2791" role="time" realis="true">February 2011</em_arg>
        <em_arg entity_id="ent-8" entity_mention_id="m-420" role="place" realis="true">its</em_arg>
      </event_mention>
    </hopper>
    <hopper id="h-2832">
      <event_mention id="em-2804" type="personnel" subtype="endposition" realis="actual">
        <trigger source="NYT_ENG_20130729.0069" offset="1484" length="6">felled</trigger>
        <em_arg entity_id="ent-432" entity_mention_id="m-426" role="person" realis="true">his autocratic predecessor</em_arg>
        <em_arg filler_id="f-2829" role="time" realis="true">February 2011</em_arg>
      </event_mention>
    </hopper>
    <hopper id="h-2855">
      <event_mention id="em-2834" type="conflict" subtype="attack" realis="actual">
        <trigger source="NYT_ENG_20130729.0069" offset="1620" length="4">coup</trigger>
        <em_arg entity_id="ent-114" entity_mention_id="m-459" role="attacker" realis="true">the military</em_arg>
      </event_mention>
      <event_mention id="em-3259" type="conflict" subtype="attack" realis="actual">
        <trigger source="NYT_ENG_20130729.0069" offset="3148" length="4">coup</trigger>
        <em_arg entity_id="ent-114" entity_mention_id="m-876" role="attacker" realis="true">military</em_arg>
      </event_mention>
      <event_mention id="em-3280" type="conflict" subtype="attack" realis="actual">
        <trigger source="NYT_ENG_20130729.0069" offset="2800" length="4">Coup</trigger>
        <em_arg entity_id="ent-8" entity_mention_id="m-822" role="place" realis="true">Egypt</em_arg>
      </event_mention>
    </hopper>
    <hopper id="h-2878">
      <event_mention id="em-2857" type="personnel" subtype="startposition" realis="other">
        <trigger source="NYT_ENG_20130729.0069" offset="1646" length="13">reinstatement</trigger>
        <em_arg entity_id="ent-381" entity_mention_id="m-465" role="person" realis="true">Morsi</em_arg>
      </event_mention>
    </hopper>
    <hopper id="h-2908">
      <event_mention id="em-2880" type="contact" subtype="broadcast" realis="actual" audience="oneway" formality="formal" medium="canttell" schedule="canttell">
        <trigger source="NYT_ENG_20130729.0069" offset="1633" length="8">demanded</trigger>
        <em_arg entity_id="ent-54" entity_mention_id="m-447" role="entity" realis="true">Muslim Brotherhood</em_arg>
        <em_arg entity_id="ent-114" entity_mention_id="m-459" role="audience" realis="true">the military</em_arg>
      </event_mention>
    </hopper>
    <hopper id="h-2982">
      <event_mention id="em-2961" type="contact" subtype="broadcast" realis="actual" audience="oneway" formality="formal" medium="canttell" schedule="planned">
        <trigger source="NYT_ENG_20130729.0069" offset="1760" length="9">statement</trigger>
        <em_arg entity_id="ent-30" entity_mention_id="m-492" role="entity" realis="true">Ashton</em_arg>
      </event_mention>
      <event_mention id="em-3042" type="contact" subtype="broadcast" realis="actual" audience="oneway" formality="formal" medium="canttell" schedule="planned">
        <trigger source="NYT_ENG_20130729.0069" offset="2197" length="9">statement</trigger>
        <em_arg entity_id="ent-30" entity_mention_id="m-609" role="entity" realis="true">Ashton</em_arg>
      </event_mention>
    </hopper>
    <hopper id="h-3084">
      <event_mention id="em-3063" type="contact" subtype="meet" realis="actual" audience="twoway" formality="formal" medium="inperson" schedule="planned">
        <trigger source="NYT_ENG_20130729.0069" offset="2345" length="8">meetings</trigger>
        <em_arg entity_id="ent-30" entity_mention_id="m-642" role="entity" realis="true">her</em_arg>
      </event_mention>
    </hopper>
    <hopper id="h-3114">
      <event_mention id="em-3086" type="personnel" subtype="startposition" realis="actual">
        <trigger source="NYT_ENG_20130729.0069" offset="2406" length="11">appointment</trigger>
        <em_arg entity_id="ent-213" entity_mention_id="m-654" role="person" realis="true">a Nobel laureate and diplomat whose appointment has been widely seen as an attempt by the interim government to present a friendly liaison to the West</em_arg>
        <em_arg entity_id="ent-105" entity_mention_id="m-675" role="entity" realis="true">the interim government</em_arg>
      </event_mention>
    </hopper>
    <hopper id="h-3137">
      <event_mention id="em-3116" type="contact" subtype="broadcast" realis="actual" audience="oneway" formality="formal" medium="notinperson" schedule="planned">
        <trigger source="NYT_ENG_20130729.0069" offset="2669" length="8">reported</trigger>
        <em_arg entity_id="ent-723" entity_mention_id="m-732" role="entity" realis="true">Ahram Online</em_arg>
      </event_mention>
    </hopper>
    <hopper id="h-3160">
      <event_mention id="em-3139" type="contact" subtype="broadcast" realis="actual" audience="oneway" formality="formal" medium="notinperson" schedule="planned">
        <trigger source="NYT_ENG_20130729.0069" offset="2711" length="4">said</trigger>
        <em_arg entity_id="ent-54" entity_mention_id="m-744" role="entity" realis="true">Muslim Brotherhood</em_arg>
      </event_mention>
    </hopper>
    <hopper id="h-3197">
      <event_mention id="em-3162" type="contact" subtype="meet" realis="other" audience="twoway" formality="formal" medium="inperson" schedule="planned">
        <trigger source="NYT_ENG_20130729.0069" offset="2747" length="7">meeting</trigger>
        <em_arg entity_id="ent-30" entity_mention_id="m-762" role="entity" realis="true">Ashton</em_arg>
        <em_arg entity_id="ent-774" entity_mention_id="m-768" role="entity" realis="true">at least four members of the Anti-Coup National Alliance</em_arg>
        <em_arg entity_id="ent-819" entity_mention_id="m-813" role="place" realis="true">a hotel in Egypt’s Giza district</em_arg>
      </event_mention>
    </hopper>
    <hopper id="h-3257">
      <event_mention id="em-3222" type="conflict" subtype="demonstrate" realis="actual">
        <trigger source="NYT_ENG_20130729.0069" offset="2988" length="6">sit-in</trigger>
        <em_arg entity_id="ent-849" entity_mention_id="m-843" role="entity" realis="true">the Islamists</em_arg>
        <em_arg entity_id="ent-819" entity_mention_id="m-3755" role="place" realis="true">where</em_arg>
        <em_arg filler_id="f-3254" role="time" realis="true">since Morsi’s ouster</em_arg>
      </event_mention>
    </hopper>
    <hopper id="h-3364">
      <event_mention id="em-3336" type="conflict" subtype="attack" realis="actual">
        <trigger source="NYT_ENG_20130729.0069" offset="3360" length="6">firing</trigger>
        <em_arg entity_id="ent-936" entity_mention_id="m-930" role="attacker" realis="true">Interior Ministry henchmen</em_arg>
        <em_arg entity_id="ent-945" entity_mention_id="m-939" role="target" realis="true">peaceful demonstrators</em_arg>
      </event_mention>
    </hopper>
    <hopper id="h-3429">
      <event_mention id="em-3394" type="movement" subtype="transportartifact" realis="other">
        <trigger source="NYT_ENG_20130729.0069" offset="3229" length="8">carrying</trigger>
        <em_arg entity_id="ent-900" entity_mention_id="m-894" role="agent" realis="true">protesters carrying coffins</em_arg>
        <em_arg filler_id="f-3419" role="artifact" realis="true">coffins</em_arg>
        <em_arg entity_id="ent-96" entity_mention_id="m-903" role="destination" realis="true">administration buildings in all Egyptian provinces</em_arg>
      </event_mention>
    </hopper>
    <hopper id="h-3452">
      <event_mention id="em-3431" type="conflict" subtype="demonstrate" realis="actual">
        <trigger source="NYT_ENG_20130729.0069" offset="3428" length="13">demonstrators</trigger>
        <em_arg entity_id="ent-945" entity_mention_id="m-939" role="entity" realis="true">peaceful demonstrators</em_arg>
      </event_mention>
    </hopper>
    <hopper id="h-3475">
      <event_mention id="em-3454" type="conflict" subtype="demonstrate" realis="actual">
        <trigger source="NYT_ENG_20130729.0069" offset="3527" length="14">demonstrations</trigger>
        <em_arg entity_id="ent-960" entity_mention_id="m-954" role="entity" realis="true">Islamist</em_arg>
      </event_mention>
      <event_mention id="em-3551" type="conflict" subtype="demonstrate" realis="actual">
        <trigger source="NYT_ENG_20130729.0069" offset="3638" length="10">protesters</trigger>
        <em_arg entity_id="ent-960" entity_mention_id="m-990" role="entity" realis="true">Islamist protesters</em_arg>
        <em_arg entity_id="ent-1002" entity_mention_id="m-996" role="place" realis="true">sit-in sites in Cairo and elsewhere</em_arg>
      </event_mention>
    </hopper>
    <hopper id="h-3512">
      <event_mention id="em-3477" type="movement" subtype="transportperson" realis="other">
        <trigger source="NYT_ENG_20130729.0069" offset="3622" length="6">remove</trigger>
        <em_arg entity_id="ent-975" entity_mention_id="m-978" role="agent" realis="true">they</em_arg>
        <em_arg entity_id="ent-960" entity_mention_id="m-990" role="person" realis="true">Islamist protesters</em_arg>
        <em_arg entity_id="ent-1002" entity_mention_id="m-996" role="origin" realis="true">sit-in sites in Cairo and elsewhere</em_arg>
      </event_mention>
    </hopper>
    <hopper id="h-3549">
      <event_mention id="em-3514" type="conflict" subtype="attack" realis="other">
        <trigger source="NYT_ENG_20130729.0069" offset="3613" length="8">forcibly</trigger>
        <em_arg entity_id="ent-975" entity_mention_id="m-978" role="attacker" realis="true">they</em_arg>
        <em_arg entity_id="ent-960" entity_mention_id="m-990" role="target" realis="true">Islamist protesters</em_arg>
        <em_arg entity_id="ent-1002" entity_mention_id="m-996" role="place" realis="true">sit-in sites in Cairo and elsewhere</em_arg>
      </event_mention>
    </hopper>
    <hopper id="h-3607">
      <event_mention id="em-3579" type="conflict" subtype="attack" realis="other">
        <trigger source="NYT_ENG_20130729.0069" offset="3747" length="8">confront</trigger>
        <em_arg entity_id="ent-975" entity_mention_id="m-1023" role="attacker" realis="true">they</em_arg>
        <em_arg entity_id="ent-54" entity_mention_id="m-1029" role="target" realis="true">Muslim Brotherhood</em_arg>
      </event_mention>
    </hopper>
    <hopper id="h-3630">
      <event_mention id="em-3609" type="justice" subtype="arrestjail" realis="actual">
        <trigger source="NYT_ENG_20130729.0069" offset="3985" length="6">arrest</trigger>
        <em_arg entity_id="ent-1092" entity_mention_id="m-1086" role="person" realis="true">many of the brotherhood’s senior leaders</em_arg>
      </event_mention>
    </hopper>
    <hopper id="h-3660">
      <event_mention id="em-3632" type="contact" subtype="broadcast" realis="actual" audience="oneway" formality="formal" medium="notinperson" schedule="planned">
        <trigger source="NYT_ENG_20130729.0069" offset="4016" length="8">reported</trigger>
        <em_arg entity_id="ent-1122" entity_mention_id="m-1116" role="entity" realis="true">Egyptian news services</em_arg>
        <em_arg entity_id="ent-8" entity_mention_id="m-1125" role="place" realis="true">Egyptian</em_arg>
      </event_mention>
    </hopper>
    <hopper id="h-3690">
      <event_mention id="em-3662" type="justice" subtype="arrestjail" realis="actual">
        <trigger source="NYT_ENG_20130729.0069" offset="4106" length="8">arrested</trigger>
        <em_arg entity_id="ent-1137" entity_mention_id="m-1155" role="person" realis="true">senior members of the Islamist Wasat Party</em_arg>
        <em_arg filler_id="f-3687" role="time" realis="true">Monday</em_arg>
      </event_mention>
    </hopper>
  </hoppers>
</deft_ere>
