<?xml version="1.0" encoding="UTF-8"?>
<deft_ere kit_id="5733b8b10000000000000073" doc_id="NYT_ENG_20131201.0076" source_type="newswire">
  <entities>
    <entity id="ent-8" type="GPE" specificity="specificIndividual">
      <entity_mention id="m-18" noun_type="NAM" source="NYT_ENG_20131201.0076" offset="199" length="7">
        <mention_text>UKRAINE</mention_text>
      </entity_mention>
      <entity_mention id="m-54" noun_type="NAM" source="NYT_ENG_20131201.0076" offset="398" length="7">
        <mention_text>Ukraine</mention_text>
      </entity_mention>
      <entity_mention id="m-102" noun_type="NAM" source="NYT_ENG_20131201.0076" offset="522" length="7">
        <mention_text>Ukraine</mention_text>
      </entity_mention>
      <entity_mention id="m-198" noun_type="NAM" source="NYT_ENG_20131201.0076" offset="1035" length="7">
        <mention_text>Ukraine</mention_text>
      </entity_mention>
      <entity_mention id="m-477" noun_type="NAM" source="NYT_ENG_20131201.0076" offset="1978" length="10">
        <mention_text>Ukrainians</mention_text>
      </entity_mention>
      <entity_mention id="m-498" noun_type="NAM" source="NYT_ENG_20131201.0076" offset="2144" length="7">
        <mention_text>Ukraine</mention_text>
      </entity_mention>
      <entity_mention id="m-597" noun_type="NOM" source="NYT_ENG_20131201.0076" offset="2892" length="10">
        <mention_text>the nation</mention_text>
        <nom_head source="NYT_ENG_20131201.0076" offset="2896" length="6">nation</nom_head>
      </entity_mention>
    </entity>
    <entity id="ent-30" type="PER" specificity="specificGroup">
      <entity_mention id="m-39" noun_type="NOM" source="NYT_ENG_20131201.0076" offset="172" length="23">
        <mention_text>THOUSANDS OF PROTESTERS</mention_text>
        <nom_head source="NYT_ENG_20131201.0076" offset="172" length="9">THOUSANDS</nom_head>
      </entity_mention>
    </entity>
    <entity id="ent-51" type="GPE" specificity="specificIndividual">
      <entity_mention id="m-45" noun_type="NAM" source="NYT_ENG_20131201.0076" offset="392" length="4">
        <mention_text>KIEV</mention_text>
      </entity_mention>
      <entity_mention id="m-75" noun_type="NAM" source="NYT_ENG_20131201.0076" offset="456" length="4">
        <mention_text>Kiev</mention_text>
      </entity_mention>
      <entity_mention id="m-150" noun_type="NAM" source="NYT_ENG_20131201.0076" offset="752" length="4">
        <mention_text>Kiev</mention_text>
      </entity_mention>
      <entity_mention id="m-264" noun_type="NAM" source="NYT_ENG_20131201.0076" offset="1321" length="4">
        <mention_text>Kiev</mention_text>
      </entity_mention>
    </entity>
    <entity id="ent-72" type="FAC" specificity="specificGroup">
      <entity_mention id="m-66" noun_type="NOM" source="NYT_ENG_20131201.0076" offset="441" length="19">
        <mention_text>the streets of Kiev</mention_text>
        <nom_head source="NYT_ENG_20131201.0076" offset="445" length="7">streets</nom_head>
      </entity_mention>
    </entity>
    <entity id="ent-81" type="PER" specificity="specificGroup">
      <entity_mention id="m-60" noun_type="NOM" source="NYT_ENG_20131201.0076" offset="408" length="24">
        <mention_text>More than 100,000 people</mention_text>
        <nom_head source="NYT_ENG_20131201.0076" offset="426" length="6">people</nom_head>
      </entity_mention>
    </entity>
    <entity id="ent-90" type="PER" specificity="specificGroup">
      <entity_mention id="m-84" noun_type="NOM" source="NYT_ENG_20131201.0076" offset="476" length="14">
        <mention_text>thousands more</mention_text>
        <nom_head source="NYT_ENG_20131201.0076" offset="476" length="9">thousands</nom_head>
      </entity_mention>
    </entity>
    <entity id="ent-99" type="GPE" specificity="specificGroup">
      <entity_mention id="m-93" noun_type="NOM" source="NYT_ENG_20131201.0076" offset="502" length="27">
        <mention_text>other cities across Ukraine</mention_text>
        <nom_head source="NYT_ENG_20131201.0076" offset="508" length="6">cities</nom_head>
      </entity_mention>
    </entity>
    <entity id="ent-114" type="PER" specificity="specificIndividual">
      <entity_mention id="m-108" noun_type="NAM" source="NYT_ENG_20131201.0076" offset="570" length="17">
        <mention_text>Viktor Yanukovych</mention_text>
      </entity_mention>
      <entity_mention id="m-117" noun_type="PRO" source="NYT_ENG_20131201.0076" offset="632" length="3">
        <mention_text>his</mention_text>
      </entity_mention>
      <entity_mention id="m-156" noun_type="NAM" source="NYT_ENG_20131201.0076" offset="823" length="10">
        <mention_text>Yanukovych</mention_text>
      </entity_mention>
      <entity_mention id="m-270" noun_type="NAM" source="NYT_ENG_20131201.0076" offset="1389" length="10">
        <mention_text>Yanukovych</mention_text>
      </entity_mention>
      <entity_mention id="m-330" noun_type="NAM" source="NYT_ENG_20131201.0076" offset="1607" length="10">
        <mention_text>Yanukovych</mention_text>
      </entity_mention>
    </entity>
    <entity id="ent-129" type="LOC" specificity="specificIndividual">
      <entity_mention id="m-123" noun_type="NAM" source="NYT_ENG_20131201.0076" offset="702" length="8">
        <mention_text>European</mention_text>
      </entity_mention>
    </entity>
    <entity id="ent-138" type="GPE" specificity="specificIndividual">
      <entity_mention id="m-132" noun_type="NAM" source="NYT_ENG_20131201.0076" offset="702" length="14">
        <mention_text>European Union</mention_text>
      </entity_mention>
      <entity_mention id="m-483" noun_type="NAM" source="NYT_ENG_20131201.0076" offset="2014" length="6">
        <mention_text>Europe</mention_text>
      </entity_mention>
      <entity_mention id="m-591" noun_type="NAM" source="NYT_ENG_20131201.0076" offset="2781" length="6">
        <mention_text>Europe</mention_text>
      </entity_mention>
    </entity>
    <entity id="ent-147" type="PER" specificity="specificGroup">
      <entity_mention id="m-141" noun_type="NOM" source="NYT_ENG_20131201.0076" offset="727" length="29">
        <mention_text>Speakers at the rally in Kiev</mention_text>
        <nom_head source="NYT_ENG_20131201.0076" offset="727" length="8">Speakers</nom_head>
      </entity_mention>
    </entity>
    <entity id="ent-168" type="PER" specificity="specificIndividual">
      <entity_mention id="m-162" noun_type="NAM" source="NYT_ENG_20131201.0076" offset="974" length="16">
        <mention_text>Yuri V. Lutsenko</mention_text>
      </entity_mention>
      <entity_mention id="m-171" noun_type="PRO" source="NYT_ENG_20131201.0076" offset="887" length="1">
        <mention_text>I</mention_text>
      </entity_mention>
      <entity_mention id="m-186" noun_type="NOM" source="NYT_ENG_20131201.0076" offset="992" length="26">
        <mention_text>a former interior minister</mention_text>
        <nom_head source="NYT_ENG_20131201.0076" offset="1010" length="8">minister</nom_head>
      </entity_mention>
      <entity_mention id="m-192" noun_type="NOM" source="NYT_ENG_20131201.0076" offset="1023" length="47">
        <mention_text>a leader of Ukraine’s Orange Revolution in 2004</mention_text>
        <nom_head source="NYT_ENG_20131201.0076" offset="1025" length="6">leader</nom_head>
      </entity_mention>
    </entity>
    <entity id="ent-183" type="PER" specificity="specificGroup">
      <entity_mention id="m-177" noun_type="NOM" source="NYT_ENG_20131201.0076" offset="894" length="15">
        <mention_text>the authorities</mention_text>
        <nom_head source="NYT_ENG_20131201.0076" offset="898" length="11">authorities</nom_head>
      </entity_mention>
    </entity>
    <entity id="ent-210" type="PER" specificity="specificGroup">
      <entity_mention id="m-204" noun_type="NOM" source="NYT_ENG_20131201.0076" offset="1084" length="48">
        <mention_text>the huge crowd that thronged Independence Square</mention_text>
        <nom_head source="NYT_ENG_20131201.0076" offset="1093" length="5">crowd</nom_head>
      </entity_mention>
      <entity_mention id="m-231" noun_type="NOM" source="NYT_ENG_20131201.0076" offset="1177" length="9">
        <mention_text>the crowd</mention_text>
        <nom_head source="NYT_ENG_20131201.0076" offset="1181" length="5">crowd</nom_head>
      </entity_mention>
    </entity>
    <entity id="ent-219" type="FAC" specificity="specificIndividual">
      <entity_mention id="m-213" noun_type="NAM" source="NYT_ENG_20131201.0076" offset="1113" length="19">
        <mention_text>Independence Square</mention_text>
      </entity_mention>
    </entity>
    <entity id="ent-228" type="ORG" specificity="specificIndividual">
      <entity_mention id="m-222" noun_type="NOM" source="NYT_ENG_20131201.0076" offset="1150" length="5">
        <mention_text>court</mention_text>
        <nom_head source="NYT_ENG_20131201.0076" offset="1150" length="5">court</nom_head>
      </entity_mention>
    </entity>
    <entity id="ent-243" type="PER" specificity="specificGroup">
      <entity_mention id="m-237" noun_type="NOM" source="NYT_ENG_20131201.0076" offset="1228" length="10">
        <mention_text>the public</mention_text>
        <nom_head source="NYT_ENG_20131201.0076" offset="1232" length="6">public</nom_head>
      </entity_mention>
    </entity>
    <entity id="ent-252" type="PER" specificity="specificGroup">
      <entity_mention id="m-246" noun_type="NOM" source="NYT_ENG_20131201.0076" offset="1284" length="10">
        <mention_text>the police</mention_text>
        <nom_head source="NYT_ENG_20131201.0076" offset="1288" length="6">police</nom_head>
      </entity_mention>
      <entity_mention id="m-366" noun_type="NOM" source="NYT_ENG_20131201.0076" offset="1710" length="10">
        <mention_text>the police</mention_text>
        <nom_head source="NYT_ENG_20131201.0076" offset="1714" length="6">police</nom_head>
      </entity_mention>
    </entity>
    <entity id="ent-261" type="PER" specificity="specificGroup">
      <entity_mention id="m-255" noun_type="NOM" source="NYT_ENG_20131201.0076" offset="1307" length="10">
        <mention_text>protesters</mention_text>
        <nom_head source="NYT_ENG_20131201.0076" offset="1307" length="10">protesters</nom_head>
      </entity_mention>
    </entity>
    <entity id="ent-282" type="ORG" specificity="specificIndividual">
      <entity_mention id="m-276" noun_type="NOM" source="NYT_ENG_20131201.0076" offset="1389" length="27">
        <mention_text>Yanukovych’s administration</mention_text>
        <nom_head source="NYT_ENG_20131201.0076" offset="1402" length="14">administration</nom_head>
      </entity_mention>
      <entity_mention id="m-318" noun_type="NOM" source="NYT_ENG_20131201.0076" offset="1485" length="31">
        <mention_text>the presidential administration</mention_text>
        <nom_head source="NYT_ENG_20131201.0076" offset="1502" length="14">administration</nom_head>
      </entity_mention>
    </entity>
    <entity id="ent-291" type="ORG" specificity="specificIndividual">
      <entity_mention id="m-285" noun_type="NAM" source="NYT_ENG_20131201.0076" offset="1432" length="10">
        <mention_text>Parliament</mention_text>
      </entity_mention>
      <entity_mention id="m-360" noun_type="NAM" source="NYT_ENG_20131201.0076" offset="1653" length="10">
        <mention_text>Parliament</mention_text>
      </entity_mention>
    </entity>
    <entity id="ent-300" type="PER" specificity="specificIndividual">
      <entity_mention id="m-294" noun_type="NAM" source="NYT_ENG_20131201.0076" offset="1453" length="17">
        <mention_text>Serhiy Lyovochkin</mention_text>
      </entity_mention>
      <entity_mention id="m-303" noun_type="NOM" source="NYT_ENG_20131201.0076" offset="1472" length="50">
        <mention_text>the chief of the presidential administration staff</mention_text>
        <nom_head source="NYT_ENG_20131201.0076" offset="1476" length="5">chief</nom_head>
      </entity_mention>
      <entity_mention id="m-324" noun_type="PRO" source="NYT_ENG_20131201.0076" offset="1545" length="3">
        <mention_text>his</mention_text>
      </entity_mention>
    </entity>
    <entity id="ent-315" type="PER" specificity="specificGroup">
      <entity_mention id="m-309" noun_type="NOM" source="NYT_ENG_20131201.0076" offset="1485" length="37">
        <mention_text>the presidential administration staff</mention_text>
        <nom_head source="NYT_ENG_20131201.0076" offset="1517" length="5">staff</nom_head>
      </entity_mention>
    </entity>
    <entity id="ent-342" type="ORG" specificity="specificIndividual">
      <entity_mention id="m-336" noun_type="NAM" source="NYT_ENG_20131201.0076" offset="1620" length="16">
        <mention_text>Party of Regions</mention_text>
      </entity_mention>
      <entity_mention id="m-354" noun_type="PRO" source="NYT_ENG_20131201.0076" offset="1638" length="5">
        <mention_text>which</mention_text>
      </entity_mention>
      <entity_mention id="m-405" noun_type="NOM" source="NYT_ENG_20131201.0076" offset="1795" length="9">
        <mention_text>the party</mention_text>
        <nom_head source="NYT_ENG_20131201.0076" offset="1799" length="5">party</nom_head>
      </entity_mention>
    </entity>
    <entity id="ent-351" type="PER" specificity="specificGroup">
      <entity_mention id="m-345" noun_type="NOM" source="NYT_ENG_20131201.0076" offset="1578" length="58">
        <mention_text>At least five lawmakers from Yanukovych’s Party of Regions</mention_text>
        <nom_head source="NYT_ENG_20131201.0076" offset="1592" length="9">lawmakers</nom_head>
      </entity_mention>
    </entity>
    <entity id="ent-378" type="PER" specificity="specificGroup">
      <entity_mention id="m-372" noun_type="NOM" source="NYT_ENG_20131201.0076" offset="1726" length="12">
        <mention_text>at least two</mention_text>
        <nom_head source="NYT_ENG_20131201.0076" offset="1735" length="3">two</nom_head>
      </entity_mention>
      <entity_mention id="m-399" noun_type="PRO" source="NYT_ENG_20131201.0076" offset="1781" length="4">
        <mention_text>they</mention_text>
      </entity_mention>
    </entity>
    <entity id="ent-387" type="PER" specificity="specificIndividual">
      <entity_mention id="m-381" noun_type="NAM" source="NYT_ENG_20131201.0076" offset="1740" length="13">
        <mention_text>David Zhvania</mention_text>
      </entity_mention>
    </entity>
    <entity id="ent-396" type="PER" specificity="specificIndividual">
      <entity_mention id="m-390" noun_type="NAM" source="NYT_ENG_20131201.0076" offset="1758" length="16">
        <mention_text>Inna Bohoslovska</mention_text>
      </entity_mention>
      <entity_mention id="m-411" noun_type="NAM" source="NYT_ENG_20131201.0076" offset="1815" length="11">
        <mention_text>Bohoslovska</mention_text>
      </entity_mention>
      <entity_mention id="m-447" noun_type="PRO" source="NYT_ENG_20131201.0076" offset="1910" length="1">
        <mention_text>I</mention_text>
      </entity_mention>
      <entity_mention id="m-453" noun_type="PRO" source="NYT_ENG_20131201.0076" offset="1927" length="1">
        <mention_text>I</mention_text>
      </entity_mention>
    </entity>
    <entity id="ent-423" type="PER" specificity="specificIndividual">
      <entity_mention id="m-417" noun_type="NOM" source="NYT_ENG_20131201.0076" offset="1850" length="26">
        <mention_text>one of the protest leaders</mention_text>
        <nom_head source="NYT_ENG_20131201.0076" offset="1850" length="3">one</nom_head>
      </entity_mention>
      <entity_mention id="m-435" noun_type="NAM" source="NYT_ENG_20131201.0076" offset="1878" length="13">
        <mention_text>Yegor Sobolev</mention_text>
      </entity_mention>
      <entity_mention id="m-441" noun_type="PRO" source="NYT_ENG_20131201.0076" offset="1901" length="3">
        <mention_text>him</mention_text>
      </entity_mention>
    </entity>
    <entity id="ent-432" type="PER" specificity="specificGroup">
      <entity_mention id="m-426" noun_type="NOM" source="NYT_ENG_20131201.0076" offset="1857" length="19">
        <mention_text>the protest leaders</mention_text>
        <nom_head source="NYT_ENG_20131201.0076" offset="1869" length="7">leaders</nom_head>
      </entity_mention>
    </entity>
    <entity id="ent-465" type="PER" specificity="specificGroup">
      <entity_mention id="m-459" noun_type="PRO" source="NYT_ENG_20131201.0076" offset="1941" length="2">
        <mention_text>’s</mention_text>
      </entity_mention>
    </entity>
    <entity id="ent-474" type="PER" specificity="specificGroup">
      <entity_mention id="m-468" noun_type="NOM" source="NYT_ENG_20131201.0076" offset="1973" length="15">
        <mention_text>Many Ukrainians</mention_text>
        <nom_head source="NYT_ENG_20131201.0076" offset="1978" length="10">Ukrainians</nom_head>
      </entity_mention>
    </entity>
    <entity id="ent-495" type="GPE" specificity="specificIndividual">
      <entity_mention id="m-489" noun_type="NAM" source="NYT_ENG_20131201.0076" offset="2133" length="6">
        <mention_text>Russia</mention_text>
      </entity_mention>
    </entity>
    <entity id="ent-510" type="GPE" specificity="specificIndividual">
      <entity_mention id="m-504" noun_type="NAM" source="NYT_ENG_20131201.0076" offset="2154" length="6">
        <mention_text>Soviet</mention_text>
      </entity_mention>
    </entity>
    <entity id="ent-519" type="FAC" specificity="specificIndividual">
      <entity_mention id="m-513" noun_type="NOM" source="NYT_ENG_20131201.0076" offset="2330" length="40">
        <mention_text>the presidential administration building</mention_text>
        <nom_head source="NYT_ENG_20131201.0076" offset="2362" length="8">building</nom_head>
      </entity_mention>
      <entity_mention id="m-549" noun_type="NOM" source="NYT_ENG_20131201.0076" offset="2443" length="12">
        <mention_text>the building</mention_text>
        <nom_head source="NYT_ENG_20131201.0076" offset="2447" length="8">building</nom_head>
      </entity_mention>
    </entity>
    <entity id="ent-528" type="PER" specificity="specificGroup">
      <entity_mention id="m-522" noun_type="NOM" source="NYT_ENG_20131201.0076" offset="2376" length="13">
        <mention_text>demonstrators</mention_text>
        <nom_head source="NYT_ENG_20131201.0076" offset="2376" length="13">demonstrators</nom_head>
      </entity_mention>
    </entity>
    <entity id="ent-537" type="PER" specificity="specificGroup">
      <entity_mention id="m-531" noun_type="NOM" source="NYT_ENG_20131201.0076" offset="2403" length="30">
        <mention_text>a battalion of police officers</mention_text>
        <nom_head source="NYT_ENG_20131201.0076" offset="2405" length="9">battalion</nom_head>
      </entity_mention>
      <entity_mention id="m-555" noun_type="NOM" source="NYT_ENG_20131201.0076" offset="2505" length="10">
        <mention_text>the police</mention_text>
        <nom_head source="NYT_ENG_20131201.0076" offset="2509" length="6">police</nom_head>
      </entity_mention>
    </entity>
    <entity id="ent-546" type="PER" specificity="specificGroup">
      <entity_mention id="m-561" noun_type="NOM" source="NYT_ENG_20131201.0076" offset="2541" length="18">
        <mention_text>At least 20 people</mention_text>
        <nom_head source="NYT_ENG_20131201.0076" offset="2553" length="6">people</nom_head>
      </entity_mention>
    </entity>
    <entity id="ent-567" type="PER" specificity="nonspecific">
      <entity_mention id="m-570" noun_type="NOM" source="NYT_ENG_20131201.0076" offset="2661" length="29">
        <mention_text>a particular political leader</mention_text>
        <nom_head source="NYT_ENG_20131201.0076" offset="2684" length="6">leader</nom_head>
      </entity_mention>
    </entity>
    <entity id="ent-582" type="PER" specificity="specificGroup">
      <entity_mention id="m-576" noun_type="NOM" source="NYT_ENG_20131201.0076" offset="2732" length="22">
        <mention_text>millions of Ukrainians</mention_text>
        <nom_head source="NYT_ENG_20131201.0076" offset="2732" length="8">millions</nom_head>
      </entity_mention>
      <entity_mention id="m-1922" noun_type="PRO" source="NYT_ENG_20131201.0076" offset="2755" length="3">
        <mention_text>who</mention_text>
      </entity_mention>
    </entity>
    <entity id="ent-719" type="ORG" specificity="specificIndividual">
      <entity_mention id="m-713" noun_type="NOM" source="NYT_ENG_20131201.0076" offset="1001" length="8">
        <mention_text>interior</mention_text>
        <nom_head source="NYT_ENG_20131201.0076" offset="1001" length="8">interior</nom_head>
      </entity_mention>
    </entity>
    <entity id="ent-1913" type="GPE" specificity="specificIndividual">
      <entity_mention id="m-1907" noun_type="NAM" source="NYT_ENG_20131201.0076" offset="365" length="8">
        <mention_text>New York</mention_text>
      </entity_mention>
    </entity>
    <entity id="ent-1928" type="PER" specificity="specificGroup">
      <entity_mention id="m-585" noun_type="NAM" source="NYT_ENG_20131201.0076" offset="2744" length="10">
        <mention_text>Ukrainians</mention_text>
      </entity_mention>
    </entity>
    <entity id="ent-1937" type="PER" specificity="specificGroup">
      <entity_mention id="m-1931" noun_type="NOM" source="NYT_ENG_20131201.0076" offset="185" length="10">
        <mention_text>PROTESTERS</mention_text>
        <nom_head source="NYT_ENG_20131201.0076" offset="185" length="10">PROTESTERS</nom_head>
      </entity_mention>
    </entity>
  </entities>
  <fillers>
    <filler id="f-671" source="NYT_ENG_20131201.0076" offset="560" length="9" type="title">President</filler>
    <filler id="f-711" source="NYT_ENG_20131201.0076" offset="1010" length="8" type="title">minister</filler>
    <filler id="f-780" source="NYT_ENG_20131201.0076" offset="1476" length="5" type="title">chief</filler>
    <filler id="f-939" source="NYT_ENG_20131201.0076" offset="464" length="6" type="time" nom_time="2013-12-01">Sunday</filler>
    <filler id="f-976" source="NYT_ENG_20131201.0076" offset="464" length="6" type="time" nom_time="2013-12-01">Sunday</filler>
    <filler id="f-1006" source="NYT_ENG_20131201.0076" offset="560" length="9" type="title">President</filler>
    <filler id="f-1050" source="NYT_ENG_20131201.0076" offset="464" length="6" type="time" nom_time="2013-12-01">Sunday</filler>
    <filler id="f-1147" source="NYT_ENG_20131201.0076" offset="464" length="6" type="time" nom_time="2013-12-01">Sunday</filler>
    <filler id="f-1371" source="NYT_ENG_20131201.0076" offset="464" length="6" type="time" nom_time="2013-12-01">Sunday</filler>
    <filler id="f-1325" source="NYT_ENG_20131201.0076" offset="1010" length="8" type="title">minister</filler>
    <filler id="f-1362" source="NYT_ENG_20131201.0076" offset="464" length="6" type="time" nom_time="2013-12-01">Sunday</filler>
    <filler id="f-1413" source="NYT_ENG_20131201.0076" offset="1332" length="8" type="time" nom_time="2013-11-30">Saturday</filler>
    <filler id="f-1457" source="NYT_ENG_20131201.0076" offset="1332" length="8" type="time" nom_time="2013-11-30">Saturday</filler>
    <filler id="f-1494" source="NYT_ENG_20131201.0076" offset="1561" length="6" type="time" nom_time="2013-11-29">Friday</filler>
    <filler id="f-1693" source="NYT_ENG_20131201.0076" offset="2305" length="6" type="time" nom_time="2013-12-01">Sunday</filler>
    <filler id="f-1737" source="NYT_ENG_20131201.0076" offset="2305" length="6" type="time" nom_time="2013-12-01">Sunday</filler>
    <filler id="f-1766" source="NYT_ENG_20131201.0076" offset="2457" length="11" type="weapon">Smoke bombs</filler>
    <filler id="f-1774" source="NYT_ENG_20131201.0076" offset="2473" length="13" type="weapon">stun grenades</filler>
    <filler id="f-1802" source="NYT_ENG_20131201.0076" offset="2531" length="8" type="weapon">tear gas</filler>
    <filler id="f-1862" source="NYT_ENG_20131201.0076" offset="2305" length="6" type="time" nom_time="2013-12-01">Sunday</filler>
    <filler id="f-1853" source="NYT_ENG_20131201.0076" offset="2591" length="10" type="vehicle">ambulances</filler>
  </fillers>
  <relations>
    <relation id="r-1913" type="physical" subtype="locatednear">
      <relation_mention id="relm-603" realis="true">
        <rel_arg1 entity_id="ent-30" entity_mention_id="m-39" role="entity">THOUSANDS OF PROTESTERS</rel_arg1>
        <rel_arg2 entity_id="ent-8" entity_mention_id="m-18" role="loc">UKRAINE</rel_arg2>
        <trigger source="NYT_ENG_20131201.0076" offset="196" length="2">IN</trigger>
      </relation_mention>
    </relation>
    <relation id="r-1914" type="physical" subtype="locatednear">
      <relation_mention id="relm-613" realis="true">
        <rel_arg1 entity_id="ent-51" entity_mention_id="m-45" role="entity">KIEV</rel_arg1>
        <rel_arg2 entity_id="ent-8" entity_mention_id="m-54" role="loc">Ukraine</rel_arg2>
      </relation_mention>
    </relation>
    <relation id="r-1915" type="physical" subtype="locatednear">
      <relation_mention id="relm-623" realis="true">
        <rel_arg1 entity_id="ent-81" entity_mention_id="m-60" role="entity">More than 100,000 people</rel_arg1>
        <rel_arg2 entity_id="ent-72" entity_mention_id="m-66" role="loc">the streets of Kiev</rel_arg2>
        <trigger source="NYT_ENG_20131201.0076" offset="438" length="2">to</trigger>
      </relation_mention>
    </relation>
    <relation id="r-1916" type="physical" subtype="locatednear">
      <relation_mention id="relm-633" realis="true">
        <rel_arg1 entity_id="ent-72" entity_mention_id="m-66" role="entity">the streets of Kiev</rel_arg1>
        <rel_arg2 entity_id="ent-51" entity_mention_id="m-75" role="loc">Kiev</rel_arg2>
        <trigger source="NYT_ENG_20131201.0076" offset="453" length="2">of</trigger>
      </relation_mention>
    </relation>
    <relation id="r-1917" type="physical" subtype="locatednear">
      <relation_mention id="relm-643" realis="true">
        <rel_arg1 entity_id="ent-90" entity_mention_id="m-84" role="entity">thousands more</rel_arg1>
        <rel_arg2 entity_id="ent-99" entity_mention_id="m-93" role="loc">other cities across Ukraine</rel_arg2>
        <trigger source="NYT_ENG_20131201.0076" offset="499" length="2">in</trigger>
      </relation_mention>
    </relation>
    <relation id="r-1918" type="physical" subtype="locatednear">
      <relation_mention id="relm-653" realis="true">
        <rel_arg1 entity_id="ent-99" entity_mention_id="m-93" role="entity">other cities across Ukraine</rel_arg1>
        <rel_arg2 entity_id="ent-8" entity_mention_id="m-102" role="loc">Ukraine</rel_arg2>
        <trigger source="NYT_ENG_20131201.0076" offset="515" length="6">across</trigger>
      </relation_mention>
    </relation>
    <relation id="r-1919" type="personalsocial" subtype="role">
      <relation_mention id="relm-663" realis="true">
        <rel_arg1 entity_id="ent-114" entity_mention_id="m-108" role="per">Viktor Yanukovych</rel_arg1>
        <rel_arg2 filler_id="f-671" role="role">President</rel_arg2>
      </relation_mention>
    </relation>
    <relation id="r-1920" type="orgaffiliation" subtype="leadership">
      <relation_mention id="relm-673" realis="true">
        <rel_arg1 entity_id="ent-114" entity_mention_id="m-108" role="leader">Viktor Yanukovych</rel_arg1>
        <rel_arg2 entity_id="ent-8" entity_mention_id="m-102" role="entity">Ukraine</rel_arg2>
        <trigger source="NYT_ENG_20131201.0076" offset="560" length="9">President</trigger>
      </relation_mention>
    </relation>
    <relation id="r-1921" type="physical" subtype="locatednear">
      <relation_mention id="relm-683" realis="true">
        <rel_arg1 entity_id="ent-138" entity_mention_id="m-132" role="entity">European Union</rel_arg1>
        <rel_arg2 entity_id="ent-129" entity_mention_id="m-123" role="loc">European</rel_arg2>
      </relation_mention>
    </relation>
    <relation id="r-1922" type="physical" subtype="locatednear">
      <relation_mention id="relm-693" realis="true">
        <rel_arg1 entity_id="ent-147" entity_mention_id="m-141" role="entity">Speakers at the rally in Kiev</rel_arg1>
        <rel_arg2 entity_id="ent-51" entity_mention_id="m-150" role="loc">Kiev</rel_arg2>
        <trigger source="NYT_ENG_20131201.0076" offset="749" length="2">in</trigger>
      </relation_mention>
    </relation>
    <relation id="r-1923" type="personalsocial" subtype="role">
      <relation_mention id="relm-703" realis="true">
        <rel_arg1 entity_id="ent-168" entity_mention_id="m-186" role="per">a former interior minister</rel_arg1>
        <rel_arg2 filler_id="f-711" role="role">minister</rel_arg2>
      </relation_mention>
    </relation>
    <relation id="r-1924" type="orgaffiliation" subtype="leadership">
      <relation_mention id="relm-722" realis="true">
        <rel_arg1 entity_id="ent-168" entity_mention_id="m-186" role="leader">a former interior minister</rel_arg1>
        <rel_arg2 entity_id="ent-719" entity_mention_id="m-713" role="entity">interior</rel_arg2>
        <trigger source="NYT_ENG_20131201.0076" offset="1010" length="8">minister</trigger>
      </relation_mention>
    </relation>
    <relation id="r-1925" type="physical" subtype="locatednear">
      <relation_mention id="relm-732" realis="true">
        <rel_arg1 entity_id="ent-210" entity_mention_id="m-204" role="entity">the huge crowd that thronged Independence Square</rel_arg1>
        <rel_arg2 entity_id="ent-219" entity_mention_id="m-213" role="loc">Independence Square</rel_arg2>
        <trigger source="NYT_ENG_20131201.0076" offset="1104" length="8">thronged</trigger>
      </relation_mention>
    </relation>
    <relation id="r-1926" type="physical" subtype="locatednear">
      <relation_mention id="relm-742" realis="true">
        <rel_arg1 entity_id="ent-261" entity_mention_id="m-255" role="entity">protesters</rel_arg1>
        <rel_arg2 entity_id="ent-51" entity_mention_id="m-264" role="loc">Kiev</rel_arg2>
        <trigger source="NYT_ENG_20131201.0076" offset="1318" length="2">in</trigger>
      </relation_mention>
    </relation>
    <relation id="r-1927" type="physical" subtype="locatednear">
      <relation_mention id="relm-752" realis="true">
        <rel_arg1 entity_id="ent-252" entity_mention_id="m-246" role="entity">the police</rel_arg1>
        <rel_arg2 entity_id="ent-51" entity_mention_id="m-264" role="loc">Kiev</rel_arg2>
        <trigger source="NYT_ENG_20131201.0076" offset="1318" length="2">in</trigger>
      </relation_mention>
    </relation>
    <relation id="r-1928" type="orgaffiliation" subtype="leadership">
      <relation_mention id="relm-762" realis="true">
        <rel_arg1 entity_id="ent-114" entity_mention_id="m-270" role="leader">Yanukovych</rel_arg1>
        <rel_arg2 entity_id="ent-282" entity_mention_id="m-276" role="entity">Yanukovych’s administration</rel_arg2>
      </relation_mention>
    </relation>
    <relation id="r-1929" type="personalsocial" subtype="role">
      <relation_mention id="relm-772" realis="true">
        <rel_arg1 entity_id="ent-300" entity_mention_id="m-303" role="per">the chief of the presidential administration staff</rel_arg1>
        <rel_arg2 filler_id="f-780" role="role">chief</rel_arg2>
      </relation_mention>
    </relation>
    <relation id="r-1930" type="personalsocial" subtype="business">
      <relation_mention id="relm-782" realis="true">
        <rel_arg1 entity_id="ent-315" entity_mention_id="m-309" role="per">the presidential administration staff</rel_arg1>
        <rel_arg2 entity_id="ent-300" entity_mention_id="m-303" role="per">the chief of the presidential administration staff</rel_arg2>
      </relation_mention>
    </relation>
    <relation id="r-1931" type="orgaffiliation" subtype="employmentmembership">
      <relation_mention id="relm-792" realis="true">
        <rel_arg1 entity_id="ent-315" entity_mention_id="m-309" role="employeemember">the presidential administration staff</rel_arg1>
        <rel_arg2 entity_id="ent-282" entity_mention_id="m-318" role="org">the presidential administration</rel_arg2>
        <trigger source="NYT_ENG_20131201.0076" offset="1517" length="5">staff</trigger>
      </relation_mention>
    </relation>
    <relation id="r-1932" type="orgaffiliation" subtype="leadership">
      <relation_mention id="relm-802" realis="true">
        <rel_arg1 entity_id="ent-114" entity_mention_id="m-330" role="leader">Yanukovych</rel_arg1>
        <rel_arg2 entity_id="ent-342" entity_mention_id="m-336" role="entity">Party of Regions</rel_arg2>
      </relation_mention>
    </relation>
    <relation id="r-1933" type="orgaffiliation" subtype="employmentmembership">
      <relation_mention id="relm-812" realis="true">
        <rel_arg1 entity_id="ent-351" entity_mention_id="m-345" role="employeemember">At least five lawmakers from Yanukovych’s Party of Regions</rel_arg1>
        <rel_arg2 entity_id="ent-342" entity_mention_id="m-336" role="org">Party of Regions</rel_arg2>
        <trigger source="NYT_ENG_20131201.0076" offset="1602" length="4">from</trigger>
      </relation_mention>
    </relation>
    <relation id="r-1934" type="orgaffiliation" subtype="employmentmembership">
      <relation_mention id="relm-822" realis="true">
        <rel_arg1 entity_id="ent-378" entity_mention_id="m-372" role="employeemember">at least two</rel_arg1>
        <rel_arg2 entity_id="ent-342" entity_mention_id="m-405" role="org">the party</rel_arg2>
      </relation_mention>
    </relation>
    <relation id="r-1935" type="generalaffiliation" subtype="more">
      <relation_mention id="relm-832" realis="true">
        <rel_arg1 entity_id="ent-474" entity_mention_id="m-468" role="per">Many Ukrainians</rel_arg1>
        <rel_arg2 entity_id="ent-8" entity_mention_id="m-477" role="entity">Ukrainians</rel_arg2>
      </relation_mention>
    </relation>
    <relation id="r-1936" type="physical" subtype="locatednear">
      <relation_mention id="relm-842" realis="true">
        <rel_arg1 entity_id="ent-528" entity_mention_id="m-522" role="entity">demonstrators</rel_arg1>
        <rel_arg2 entity_id="ent-519" entity_mention_id="m-513" role="loc">the presidential administration building</rel_arg2>
        <trigger source="NYT_ENG_20131201.0076" offset="2322" length="7">outside</trigger>
      </relation_mention>
    </relation>
    <relation id="r-1937" type="physical" subtype="locatednear">
      <relation_mention id="relm-852" realis="true">
        <rel_arg1 entity_id="ent-537" entity_mention_id="m-531" role="entity">a battalion of police officers</rel_arg1>
        <rel_arg2 entity_id="ent-519" entity_mention_id="m-513" role="loc">the presidential administration building</rel_arg2>
        <trigger source="NYT_ENG_20131201.0076" offset="2322" length="7">outside</trigger>
      </relation_mention>
    </relation>
    <relation id="r-1938" type="generalaffiliation" subtype="more">
      <relation_mention id="relm-862" realis="true">
        <rel_arg1 entity_id="ent-582" entity_mention_id="m-576" role="per">millions of Ukrainians</rel_arg1>
        <rel_arg2 entity_id="ent-1928" entity_mention_id="m-585" role="entity">Ukrainians</rel_arg2>
      </relation_mention>
    </relation>
  </relations>
  <hoppers>
    <hopper id="h-16">
      <event_mention id="em-872" type="conflict" subtype="demonstrate" realis="actual">
        <trigger source="NYT_ENG_20131201.0076" offset="185" length="10">PROTESTERS</trigger>
        <em_arg entity_id="ent-30" entity_mention_id="m-39" role="entity" realis="true">THOUSANDS OF PROTESTERS</em_arg>
        <em_arg entity_id="ent-8" entity_mention_id="m-18" role="place" realis="true">UKRAINE</em_arg>
      </event_mention>
    </hopper>
    <hopper id="h-942">
      <event_mention id="em-907" type="conflict" subtype="demonstrate" realis="actual">
        <trigger source="NYT_ENG_20131201.0076" offset="433" length="7">took to</trigger>
        <em_arg entity_id="ent-81" entity_mention_id="m-60" role="entity" realis="true">More than 100,000 people</em_arg>
        <em_arg entity_id="ent-72" entity_mention_id="m-66" role="place" realis="true">the streets of Kiev</em_arg>
        <em_arg filler_id="f-939" role="time" realis="true">Sunday</em_arg>
      </event_mention>
    </hopper>
    <hopper id="h-979">
      <event_mention id="em-944" type="conflict" subtype="demonstrate" realis="actual">
        <trigger source="NYT_ENG_20131201.0076" offset="491" length="7">rallied</trigger>
        <em_arg entity_id="ent-90" entity_mention_id="m-84" role="entity" realis="true">thousands more</em_arg>
        <em_arg entity_id="ent-99" entity_mention_id="m-93" role="place" realis="true">other cities across Ukraine</em_arg>
        <em_arg filler_id="f-976" role="time" realis="true">Sunday</em_arg>
      </event_mention>
    </hopper>
    <hopper id="h-1016">
      <event_mention id="em-981" type="personnel" subtype="endposition" realis="other">
        <trigger source="NYT_ENG_20131201.0076" offset="545" length="11">resignation</trigger>
        <em_arg entity_id="ent-114" entity_mention_id="m-108" role="person" realis="true">Viktor Yanukovych</em_arg>
        <em_arg filler_id="f-1006" role="position" realis="true">President</em_arg>
        <em_arg entity_id="ent-8" entity_mention_id="m-102" role="entity" realis="true">Ukraine</em_arg>
      </event_mention>
      <event_mention id="em-1198" type="personnel" subtype="endposition" realis="other">
        <trigger source="NYT_ENG_20131201.0076" offset="838" length="7">toppled</trigger>
        <em_arg entity_id="ent-114" entity_mention_id="m-156" role="person" realis="true">Yanukovych</em_arg>
      </event_mention>
    </hopper>
    <hopper id="h-1053">
      <event_mention id="em-1018" type="movement" subtype="transportperson" realis="actual">
        <trigger source="NYT_ENG_20131201.0076" offset="433" length="7">took to</trigger>
        <em_arg entity_id="ent-81" entity_mention_id="m-60" role="agent" realis="true">More than 100,000 people</em_arg>
        <em_arg entity_id="ent-72" entity_mention_id="m-66" role="destination" realis="true">the streets of Kiev</em_arg>
        <em_arg filler_id="f-1050" role="time" realis="true">Sunday</em_arg>
      </event_mention>
    </hopper>
    <hopper id="h-1083">
      <event_mention id="em-1055" type="transaction" subtype="transaction" realis="generic" ways="voluntary">
        <trigger source="NYT_ENG_20131201.0076" offset="679" length="5">trade</trigger>
        <em_arg entity_id="ent-138" entity_mention_id="m-132" role="giver" realis="true">European Union</em_arg>
        <em_arg entity_id="ent-8" entity_mention_id="m-102" role="recipient" realis="true">Ukraine</em_arg>
      </event_mention>
    </hopper>
    <hopper id="h-1113">
      <event_mention id="em-1085" type="transaction" subtype="transaction" realis="generic" ways="voluntary">
        <trigger source="NYT_ENG_20131201.0076" offset="679" length="5">trade</trigger>
        <em_arg entity_id="ent-138" entity_mention_id="m-132" role="recipient" realis="true">European Union</em_arg>
        <em_arg entity_id="ent-8" entity_mention_id="m-102" role="giver" realis="true">Ukraine</em_arg>
      </event_mention>
    </hopper>
    <hopper id="h-1150">
      <event_mention id="em-1115" type="contact" subtype="broadcast" realis="actual" audience="oneway" formality="formal" medium="inperson" schedule="canttell">
        <trigger source="NYT_ENG_20131201.0076" offset="727" length="8">Speakers</trigger>
        <em_arg entity_id="ent-147" entity_mention_id="m-141" role="entity" realis="true">Speakers at the rally in Kiev</em_arg>
        <em_arg entity_id="ent-51" entity_mention_id="m-150" role="place" realis="true">Kiev</em_arg>
        <em_arg filler_id="f-1147" role="time" realis="true">Sunday</em_arg>
      </event_mention>
    </hopper>
    <hopper id="h-1173">
      <event_mention id="em-1152" type="contact" subtype="broadcast" realis="actual" audience="oneway" formality="formal" medium="canttell" schedule="canttell">
        <trigger source="NYT_ENG_20131201.0076" offset="757" length="4">said</trigger>
        <em_arg entity_id="ent-147" entity_mention_id="m-141" role="entity" realis="true">Speakers at the rally in Kiev</em_arg>
      </event_mention>
    </hopper>
    <hopper id="h-1196">
      <event_mention id="em-1575" type="conflict" subtype="demonstrate" realis="generic">
        <trigger source="NYT_ENG_20131201.0076" offset="1954" length="7">protest</trigger>
        <em_arg entity_id="ent-465" entity_mention_id="m-459" role="entity" realis="true">’s</em_arg>
      </event_mention>
    </hopper>
    <hopper id="h-1298">
      <event_mention id="em-1263" type="contact" subtype="broadcast" realis="actual" audience="oneway" formality="formal" medium="canttell" schedule="canttell">
        <trigger source="NYT_ENG_20131201.0076" offset="1072" length="8">speaking</trigger>
        <em_arg entity_id="ent-168" entity_mention_id="m-162" role="entity" realis="true">Yuri V. Lutsenko</em_arg>
        <em_arg entity_id="ent-219" entity_mention_id="m-213" role="place" realis="true">Independence Square</em_arg>
        <em_arg entity_id="ent-210" entity_mention_id="m-204" role="audience" realis="true">the huge crowd that thronged Independence Square</em_arg>
        <em_arg filler_id="f-1371" role="time" realis="true">Sunday</em_arg>
      </event_mention>
    </hopper>
    <hopper id="h-1335">
      <event_mention id="em-1300" type="personnel" subtype="endposition" realis="actual">
        <trigger source="NYT_ENG_20131201.0076" offset="994" length="6">former</trigger>
        <em_arg entity_id="ent-168" entity_mention_id="m-186" role="person" realis="true">a former interior minister</em_arg>
        <em_arg filler_id="f-1325" role="position" realis="true">minister</em_arg>
        <em_arg entity_id="ent-719" entity_mention_id="m-713" role="entity" realis="true">interior</em_arg>
      </event_mention>
    </hopper>
    <hopper id="h-1365">
      <event_mention id="em-1337" type="contact" subtype="broadcast" realis="actual" audience="oneway" formality="informal" medium="canttell" schedule="spontaneous">
        <trigger source="NYT_ENG_20131201.0076" offset="1187" length="6">roared</trigger>
        <em_arg entity_id="ent-210" entity_mention_id="m-231" role="entity" realis="true">the crowd</em_arg>
        <em_arg filler_id="f-1362" role="time" realis="true">Sunday</em_arg>
      </event_mention>
    </hopper>
    <hopper id="h-1416">
      <event_mention id="em-1374" type="conflict" subtype="attack" realis="actual">
        <trigger source="NYT_ENG_20131201.0076" offset="1270" length="5">force</trigger>
        <em_arg entity_id="ent-252" entity_mention_id="m-246" role="attacker" realis="true">the police</em_arg>
        <em_arg entity_id="ent-261" entity_mention_id="m-255" role="target" realis="true">protesters</em_arg>
        <em_arg entity_id="ent-51" entity_mention_id="m-264" role="place" realis="true">Kiev</em_arg>
        <em_arg filler_id="f-1413" role="time" realis="true">Saturday</em_arg>
      </event_mention>
    </hopper>
    <hopper id="h-1460">
      <event_mention id="em-1418" type="movement" subtype="transportperson" realis="actual">
        <trigger source="NYT_ENG_20131201.0076" offset="1298" length="8">disperse</trigger>
        <em_arg entity_id="ent-261" entity_mention_id="m-255" role="person" realis="true">protesters</em_arg>
        <em_arg entity_id="ent-252" entity_mention_id="m-246" role="agent" realis="true">the police</em_arg>
        <em_arg entity_id="ent-51" entity_mention_id="m-264" role="origin" realis="true">Kiev</em_arg>
        <em_arg filler_id="f-1457" role="time" realis="true">Saturday</em_arg>
      </event_mention>
    </hopper>
    <hopper id="h-1497">
      <event_mention id="em-1462" type="personnel" subtype="endposition" realis="other">
        <trigger source="NYT_ENG_20131201.0076" offset="1549" length="11">resignation</trigger>
        <em_arg entity_id="ent-300" entity_mention_id="m-324" role="person" realis="true">his</em_arg>
        <em_arg entity_id="ent-282" entity_mention_id="m-318" role="entity" realis="true">the presidential administration</em_arg>
        <em_arg filler_id="f-1494" role="time" realis="true">Friday</em_arg>
      </event_mention>
    </hopper>
    <hopper id="h-1520">
      <event_mention id="em-1499" type="contact" subtype="broadcast" realis="actual" audience="oneway" formality="formal" medium="canttell" schedule="canttell">
        <trigger source="NYT_ENG_20131201.0076" offset="1665" length="5">spoke</trigger>
        <em_arg entity_id="ent-351" entity_mention_id="m-345" role="entity" realis="true">At least five lawmakers from Yanukovych’s Party of Regions</em_arg>
      </event_mention>
    </hopper>
    <hopper id="h-1543">
      <event_mention id="em-1522" type="contact" subtype="broadcast" realis="actual" audience="oneway" formality="formal" medium="canttell" schedule="canttell">
        <trigger source="NYT_ENG_20131201.0076" offset="1776" length="4">said</trigger>
        <em_arg entity_id="ent-378" entity_mention_id="m-372" role="entity" realis="true">at least two</em_arg>
      </event_mention>
    </hopper>
    <hopper id="h-1573">
      <event_mention id="em-1545" type="contact" subtype="contact" realis="actual" audience="canttell" formality="formal" medium="notinperson" schedule="canttell">
        <trigger source="NYT_ENG_20131201.0076" offset="1839" length="7">message</trigger>
        <em_arg entity_id="ent-396" entity_mention_id="m-411" role="entity" realis="true">Bohoslovska</em_arg>
        <em_arg entity_id="ent-423" entity_mention_id="m-417" role="entity" realis="true">one of the protest leaders</em_arg>
      </event_mention>
    </hopper>
    <hopper id="h-1659">
      <event_mention id="em-1617" type="conflict" subtype="attack" realis="generic">
        <trigger source="NYT_ENG_20131201.0076" offset="1698" length="8">violence</trigger>
        <em_arg entity_id="ent-252" entity_mention_id="m-366" role="attacker" realis="true">the police</em_arg>
      </event_mention>
    </hopper>
    <hopper id="h-1696">
      <event_mention id="em-1661" type="conflict" subtype="demonstrate" realis="actual">
        <trigger source="NYT_ENG_20131201.0076" offset="2376" length="13">demonstrators</trigger>
        <em_arg entity_id="ent-528" entity_mention_id="m-522" role="entity" realis="true">demonstrators</em_arg>
        <em_arg entity_id="ent-519" entity_mention_id="m-513" role="place" realis="true">the presidential administration building</em_arg>
        <em_arg filler_id="f-1693" role="time" realis="true">Sunday</em_arg>
      </event_mention>
    </hopper>
    <hopper id="h-1747">
      <event_mention id="em-1698" type="conflict" subtype="attack" realis="actual">
        <trigger source="NYT_ENG_20131201.0076" offset="2390" length="7">clashed</trigger>
        <em_arg entity_id="ent-537" entity_mention_id="m-531" role="attacker" realis="true">a battalion of police officers</em_arg>
        <em_arg entity_id="ent-528" entity_mention_id="m-522" role="attacker" realis="true">demonstrators</em_arg>
        <em_arg entity_id="ent-519" entity_mention_id="m-513" role="place" realis="true">the presidential administration building</em_arg>
        <em_arg filler_id="f-1737" role="time" realis="true">Sunday</em_arg>
      </event_mention>
      <event_mention id="em-1749" type="conflict" subtype="attack" realis="actual">
        <trigger source="NYT_ENG_20131201.0076" offset="2492" length="7">set off</trigger>
        <em_arg filler_id="f-1766" role="instrument" realis="true">Smoke bombs</em_arg>
        <em_arg filler_id="f-1774" role="instrument" realis="true">stun grenades</em_arg>
      </event_mention>
      <event_mention id="em-1777" type="conflict" subtype="attack" realis="actual">
        <trigger source="NYT_ENG_20131201.0076" offset="2516" length="9">responded</trigger>
        <em_arg entity_id="ent-537" entity_mention_id="m-555" role="attacker" realis="true">the police</em_arg>
        <em_arg filler_id="f-1802" role="instrument" realis="true">tear gas</em_arg>
      </event_mention>
    </hopper>
    <hopper id="h-1826">
      <event_mention id="em-1805" type="life" subtype="injure" realis="actual">
        <trigger source="NYT_ENG_20131201.0076" offset="2565" length="7">injured</trigger>
        <em_arg entity_id="ent-546" entity_mention_id="m-561" role="victim" realis="true">At least 20 people</em_arg>
        <em_arg filler_id="f-1862" role="time" realis="true">Sunday</em_arg>
      </event_mention>
    </hopper>
    <hopper id="h-1856">
      <event_mention id="em-1828" type="movement" subtype="transportperson" realis="actual">
        <trigger source="NYT_ENG_20131201.0076" offset="2577" length="5">taken</trigger>
        <em_arg entity_id="ent-546" entity_mention_id="m-561" role="person" realis="true">At least 20 people</em_arg>
        <em_arg filler_id="f-1853" role="instrument" realis="true">ambulances</em_arg>
      </event_mention>
    </hopper>
  </hoppers>
</deft_ere>
