<?xml version="1.0" encoding="UTF-8"?>
<deft_ere kit_id="5733b8b10000000000000014" doc_id="NYT_ENG_20130820.0168" source_type="newswire">
  <entities>
    <entity id="ent-8" type="PER" specificity="specificGroup">
      <entity_mention id="m-18" noun_type="NOM" source="NYT_ENG_20130820.0168" offset="172" length="15">
        <mention_text>EGYPTIAN POLICE</mention_text>
        <nom_head source="NYT_ENG_20130820.0168" offset="181" length="6">POLICE</nom_head>
      </entity_mention>
      <entity_mention id="m-102" noun_type="NOM" source="NYT_ENG_20130820.0168" offset="352" length="19">
        <mention_text>The Egyptian police</mention_text>
        <nom_head source="NYT_ENG_20130820.0168" offset="365" length="6">police</nom_head>
      </entity_mention>
      <entity_mention id="m-168" noun_type="NOM" source="NYT_ENG_20130820.0168" offset="626" length="10">
        <mention_text>the police</mention_text>
        <nom_head source="NYT_ENG_20130820.0168" offset="630" length="6">police</nom_head>
      </entity_mention>
    </entity>
    <entity id="ent-30" type="GPE" specificity="specificIndividual">
      <entity_mention id="m-24" noun_type="NAM" source="NYT_ENG_20130820.0168" offset="172" length="8">
        <mention_text>EGYPTIAN</mention_text>
      </entity_mention>
      <entity_mention id="m-108" noun_type="NAM" source="NYT_ENG_20130820.0168" offset="356" length="8">
        <mention_text>Egyptian</mention_text>
      </entity_mention>
      <entity_mention id="m-192" noun_type="NAM" source="NYT_ENG_20130820.0168" offset="881" length="5">
        <mention_text>Egypt</mention_text>
      </entity_mention>
      <entity_mention id="m-576" noun_type="NOM" source="NYT_ENG_20130820.0168" offset="2618" length="11">
        <mention_text>the country</mention_text>
        <nom_head source="NYT_ENG_20130820.0168" offset="2622" length="7">country</nom_head>
      </entity_mention>
    </entity>
    <entity id="ent-39" type="PER" specificity="specificIndividual">
      <entity_mention id="m-33" noun_type="NOM" source="NYT_ENG_20130820.0168" offset="195" length="38">
        <mention_text>SPIRITUAL LEADER OF MUSLIM BROTHERHOOD</mention_text>
        <nom_head source="NYT_ENG_20130820.0168" offset="205" length="6">LEADER</nom_head>
      </entity_mention>
      <entity_mention id="m-114" noun_type="NOM" source="NYT_ENG_20130820.0168" offset="381" length="46">
        <mention_text>the spiritual leader of the Muslim Brotherhood</mention_text>
        <nom_head source="NYT_ENG_20130820.0168" offset="395" length="6">leader</nom_head>
      </entity_mention>
      <entity_mention id="m-150" noun_type="NOM" source="NYT_ENG_20130820.0168" offset="541" length="34">
        <mention_text>the Brotherhood’s spiritual leader</mention_text>
        <nom_head source="NYT_ENG_20130820.0168" offset="569" length="6">leader</nom_head>
      </entity_mention>
      <entity_mention id="m-162" noun_type="NAM" source="NYT_ENG_20130820.0168" offset="577" length="14">
        <mention_text>Mohammed Badie</mention_text>
      </entity_mention>
      <entity_mention id="m-285" noun_type="NAM" source="NYT_ENG_20130820.0168" offset="1364" length="5">
        <mention_text>Badie</mention_text>
      </entity_mention>
      <entity_mention id="m-351" noun_type="NAM" source="NYT_ENG_20130820.0168" offset="1543" length="5">
        <mention_text>Badie</mention_text>
      </entity_mention>
      <entity_mention id="m-357" noun_type="PRO" source="NYT_ENG_20130820.0168" offset="1613" length="3">
        <mention_text>him</mention_text>
      </entity_mention>
      <entity_mention id="m-372" noun_type="PRO" source="NYT_ENG_20130820.0168" offset="1734" length="3">
        <mention_text>His</mention_text>
      </entity_mention>
      <entity_mention id="m-423" noun_type="NAM" source="NYT_ENG_20130820.0168" offset="2004" length="5">
        <mention_text>Badie</mention_text>
      </entity_mention>
      <entity_mention id="m-594" noun_type="NAM" source="NYT_ENG_20130820.0168" offset="2778" length="5">
        <mention_text>Badie</mention_text>
      </entity_mention>
      <entity_mention id="m-600" noun_type="PRO" source="NYT_ENG_20130820.0168" offset="2788" length="3">
        <mention_text>his</mention_text>
      </entity_mention>
      <entity_mention id="m-615" noun_type="PRO" source="NYT_ENG_20130820.0168" offset="2843" length="3">
        <mention_text>His</mention_text>
      </entity_mention>
    </entity>
    <entity id="ent-48" type="ORG" specificity="specificIndividual">
      <entity_mention id="m-42" noun_type="NAM" source="NYT_ENG_20130820.0168" offset="215" length="18">
        <mention_text>MUSLIM BROTHERHOOD</mention_text>
      </entity_mention>
      <entity_mention id="m-120" noun_type="NAM" source="NYT_ENG_20130820.0168" offset="409" length="18">
        <mention_text>Muslim Brotherhood</mention_text>
      </entity_mention>
      <entity_mention id="m-156" noun_type="NAM" source="NYT_ENG_20130820.0168" offset="545" length="11">
        <mention_text>Brotherhood</mention_text>
      </entity_mention>
      <entity_mention id="m-180" noun_type="NOM" source="NYT_ENG_20130820.0168" offset="686" length="9">
        <mention_text>the group</mention_text>
        <nom_head source="NYT_ENG_20130820.0168" offset="690" length="5">group</nom_head>
      </entity_mention>
      <entity_mention id="m-393" noun_type="NAM" source="NYT_ENG_20130820.0168" offset="1861" length="11">
        <mention_text>Brotherhood</mention_text>
      </entity_mention>
      <entity_mention id="m-399" noun_type="PRO" source="NYT_ENG_20130820.0168" offset="1895" length="3">
        <mention_text>its</mention_text>
      </entity_mention>
      <entity_mention id="m-540" noun_type="NAM" source="NYT_ENG_20130820.0168" offset="2462" length="11">
        <mention_text>Brotherhood</mention_text>
      </entity_mention>
      <entity_mention id="m-546" noun_type="PRO" source="NYT_ENG_20130820.0168" offset="2514" length="3">
        <mention_text>Its</mention_text>
      </entity_mention>
    </entity>
    <entity id="ent-66" type="PER" specificity="specificIndividual">
      <entity_mention id="m-60" noun_type="NAM" source="NYT_ENG_20130820.0168" offset="257" length="11">
        <mention_text>Alan Cowell</mention_text>
      </entity_mention>
    </entity>
    <entity id="ent-75" type="GPE" specificity="specificIndividual">
      <entity_mention id="m-69" noun_type="NAM" source="NYT_ENG_20130820.0168" offset="296" length="6">
        <mention_text>London</mention_text>
      </entity_mention>
    </entity>
    <entity id="ent-84" type="PER" specificity="specificIndividual">
      <entity_mention id="m-78" noun_type="NAM" source="NYT_ENG_20130820.0168" offset="308" length="14">
        <mention_text>Mayy El Sheikh</mention_text>
      </entity_mention>
    </entity>
    <entity id="ent-93" type="GPE" specificity="specificIndividual">
      <entity_mention id="m-87" noun_type="NAM" source="NYT_ENG_20130820.0168" offset="328" length="5">
        <mention_text>Cairo</mention_text>
      </entity_mention>
      <entity_mention id="m-96" noun_type="NAM" source="NYT_ENG_20130820.0168" offset="344" length="5">
        <mention_text>CAIRO</mention_text>
      </entity_mention>
      <entity_mention id="m-447" noun_type="NAM" source="NYT_ENG_20130820.0168" offset="2085" length="5">
        <mention_text>Cairo</mention_text>
      </entity_mention>
      <entity_mention id="m-525" noun_type="NAM" source="NYT_ENG_20130820.0168" offset="2327" length="5">
        <mention_text>Cairo</mention_text>
      </entity_mention>
      <entity_mention id="m-588" noun_type="NOM" source="NYT_ENG_20130820.0168" offset="2686" length="11">
        <mention_text>the capital</mention_text>
        <nom_head source="NYT_ENG_20130820.0168" offset="2690" length="7">capital</nom_head>
      </entity_mention>
    </entity>
    <entity id="ent-138" type="ORG" specificity="specificIndividual">
      <entity_mention id="m-132" noun_type="NOM" source="NYT_ENG_20130820.0168" offset="455" length="7">
        <mention_text>a court</mention_text>
        <nom_head source="NYT_ENG_20130820.0168" offset="457" length="5">court</nom_head>
      </entity_mention>
    </entity>
    <entity id="ent-147" type="PER" specificity="specificIndividual">
      <entity_mention id="m-141" noun_type="NAM" source="NYT_ENG_20130820.0168" offset="503" length="13">
        <mention_text>Hosni Mubarak</mention_text>
      </entity_mention>
      <entity_mention id="m-174" noun_type="NAM" source="NYT_ENG_20130820.0168" offset="658" length="7">
        <mention_text>Mubarak</mention_text>
      </entity_mention>
      <entity_mention id="m-186" noun_type="NOM" source="NYT_ENG_20130820.0168" offset="731" length="20">
        <mention_text>the former president</mention_text>
        <nom_head source="NYT_ENG_20130820.0168" offset="742" length="9">president</nom_head>
      </entity_mention>
      <entity_mention id="m-198" noun_type="NAM" source="NYT_ENG_20130820.0168" offset="998" length="7">
        <mention_text>Mubarak</mention_text>
      </entity_mention>
      <entity_mention id="m-222" noun_type="PRO" source="NYT_ENG_20130820.0168" offset="1075" length="3">
        <mention_text>him</mention_text>
      </entity_mention>
      <entity_mention id="m-228" noun_type="PRO" source="NYT_ENG_20130820.0168" offset="1117" length="2">
        <mention_text>he</mention_text>
      </entity_mention>
      <entity_mention id="m-234" noun_type="PRO" source="NYT_ENG_20130820.0168" offset="1142" length="3">
        <mention_text>his</mention_text>
      </entity_mention>
      <entity_mention id="m-630" noun_type="NAM" source="NYT_ENG_20130820.0168" offset="2940" length="7">
        <mention_text>Mubarak</mention_text>
      </entity_mention>
      <entity_mention id="m-636" noun_type="NOM" source="NYT_ENG_20130820.0168" offset="2963" length="16">
        <mention_text>a reviled despot</mention_text>
        <nom_head source="NYT_ENG_20130820.0168" offset="2973" length="6">despot</nom_head>
      </entity_mention>
      <entity_mention id="m-681" noun_type="NAM" source="NYT_ENG_20130820.0168" offset="3275" length="7">
        <mention_text>Mubarak</mention_text>
      </entity_mention>
      <entity_mention id="m-2521" noun_type="NOM" source="NYT_ENG_20130820.0168" offset="486" length="16">
        <mention_text>former President</mention_text>
        <nom_head source="NYT_ENG_20130820.0168" offset="493" length="9">President</nom_head>
      </entity_mention>
    </entity>
    <entity id="ent-210" type="ORG" specificity="specificIndividual">
      <entity_mention id="m-204" noun_type="NOM" source="NYT_ENG_20130820.0168" offset="1023" length="55">
        <mention_text>a government led by former officials who worked for him</mention_text>
        <nom_head source="NYT_ENG_20130820.0168" offset="1025" length="10">government</nom_head>
      </entity_mention>
      <entity_mention id="m-279" noun_type="NOM" source="NYT_ENG_20130820.0168" offset="1291" length="21">
        <mention_text>an interim government</mention_text>
        <nom_head source="NYT_ENG_20130820.0168" offset="1302" length="10">government</nom_head>
      </entity_mention>
      <entity_mention id="m-405" noun_type="NOM" source="NYT_ENG_20130820.0168" offset="1912" length="30">
        <mention_text>the military-backed government</mention_text>
        <nom_head source="NYT_ENG_20130820.0168" offset="1932" length="10">government</nom_head>
      </entity_mention>
      <entity_mention id="m-651" noun_type="NOM" source="NYT_ENG_20130820.0168" offset="3103" length="65">
        <mention_text>the government installed last month by Gen. Abdel-Fattah el-Sissi</mention_text>
        <nom_head source="NYT_ENG_20130820.0168" offset="3107" length="10">government</nom_head>
      </entity_mention>
    </entity>
    <entity id="ent-219" type="PER" specificity="specificGroup">
      <entity_mention id="m-213" noun_type="NOM" source="NYT_ENG_20130820.0168" offset="1043" length="35">
        <mention_text>former officials who worked for him</mention_text>
        <nom_head source="NYT_ENG_20130820.0168" offset="1050" length="9">officials</nom_head>
      </entity_mention>
    </entity>
    <entity id="ent-246" type="PER" specificity="specificIndividual">
      <entity_mention id="m-240" noun_type="NOM" source="NYT_ENG_20130820.0168" offset="1142" length="36">
        <mention_text>his democratically elected successor</mention_text>
        <nom_head source="NYT_ENG_20130820.0168" offset="1169" length="9">successor</nom_head>
      </entity_mention>
    </entity>
    <entity id="ent-255" type="PER" specificity="specificIndividual">
      <entity_mention id="m-249" noun_type="NOM" source="NYT_ENG_20130820.0168" offset="1180" length="12">
        <mention_text>the Islamist</mention_text>
        <nom_head source="NYT_ENG_20130820.0168" offset="1184" length="8">Islamist</nom_head>
      </entity_mention>
      <entity_mention id="m-258" noun_type="NAM" source="NYT_ENG_20130820.0168" offset="1193" length="14">
        <mention_text>Mohammed Morsi</mention_text>
      </entity_mention>
      <entity_mention id="m-273" noun_type="PRO" source="NYT_ENG_20130820.0168" offset="1259" length="3">
        <mention_text>him</mention_text>
      </entity_mention>
      <entity_mention id="m-417" noun_type="NAM" source="NYT_ENG_20130820.0168" offset="1978" length="5">
        <mention_text>Morsi</mention_text>
      </entity_mention>
      <entity_mention id="m-477" noun_type="NAM" source="NYT_ENG_20130820.0168" offset="2190" length="5">
        <mention_text>Morsi</mention_text>
      </entity_mention>
      <entity_mention id="m-570" noun_type="NAM" source="NYT_ENG_20130820.0168" offset="2564" length="5">
        <mention_text>Morsi</mention_text>
      </entity_mention>
      <entity_mention id="m-582" noun_type="NAM" source="NYT_ENG_20130820.0168" offset="2652" length="5">
        <mention_text>Morsi</mention_text>
      </entity_mention>
    </entity>
    <entity id="ent-270" type="ORG" specificity="specificIndividual">
      <entity_mention id="m-264" noun_type="NOM" source="NYT_ENG_20130820.0168" offset="1234" length="78">
        <mention_text>the military that ousted him in early July and installed an interim government</mention_text>
        <nom_head source="NYT_ENG_20130820.0168" offset="1238" length="8">military</nom_head>
      </entity_mention>
      <entity_mention id="m-345" noun_type="NOM" source="NYT_ENG_20130820.0168" offset="1498" length="12">
        <mention_text>the military</mention_text>
        <nom_head source="NYT_ENG_20130820.0168" offset="1502" length="8">military</nom_head>
      </entity_mention>
      <entity_mention id="m-411" noun_type="NOM" source="NYT_ENG_20130820.0168" offset="1912" length="12">
        <mention_text>the military</mention_text>
        <nom_head source="NYT_ENG_20130820.0168" offset="1916" length="8">military</nom_head>
      </entity_mention>
    </entity>
    <entity id="ent-297" type="PER" specificity="specificGroup">
      <entity_mention id="m-291" noun_type="NOM" source="NYT_ENG_20130820.0168" offset="1410" length="15">
        <mention_text>Islamist forces</mention_text>
        <nom_head source="NYT_ENG_20130820.0168" offset="1419" length="6">forces</nom_head>
      </entity_mention>
    </entity>
    <entity id="ent-324" type="PER" specificity="specificGroup">
      <entity_mention id="m-318" noun_type="NOM" source="NYT_ENG_20130820.0168" offset="1440" length="8">
        <mention_text>hundreds</mention_text>
        <nom_head source="NYT_ENG_20130820.0168" offset="1440" length="8">hundreds</nom_head>
      </entity_mention>
    </entity>
    <entity id="ent-333" type="ORG" specificity="specificIndividual">
      <entity_mention id="m-327" noun_type="NOM" source="NYT_ENG_20130820.0168" offset="1455" length="66">
        <mention_text>A private television network that supports the military leadership</mention_text>
        <nom_head source="NYT_ENG_20130820.0168" offset="1476" length="7">network</nom_head>
      </entity_mention>
    </entity>
    <entity id="ent-342" type="PER" specificity="specificGroup">
      <entity_mention id="m-336" noun_type="NOM" source="NYT_ENG_20130820.0168" offset="1498" length="23">
        <mention_text>the military leadership</mention_text>
        <nom_head source="NYT_ENG_20130820.0168" offset="1511" length="10">leadership</nom_head>
      </entity_mention>
    </entity>
    <entity id="ent-369" type="PER" specificity="specificIndividual">
      <entity_mention id="m-363" noun_type="NOM" source="NYT_ENG_20130820.0168" offset="1672" length="18">
        <mention_text>a security officer</mention_text>
        <nom_head source="NYT_ENG_20130820.0168" offset="1683" length="7">officer</nom_head>
      </entity_mention>
    </entity>
    <entity id="ent-384" type="PER" specificity="specificIndividual">
      <entity_mention id="m-378" noun_type="NOM" source="NYT_ENG_20130820.0168" offset="1781" length="5">
        <mention_text>a son</mention_text>
        <nom_head source="NYT_ENG_20130820.0168" offset="1783" length="3">son</nom_head>
      </entity_mention>
      <entity_mention id="m-387" noun_type="NAM" source="NYT_ENG_20130820.0168" offset="1788" length="5">
        <mention_text>Ammar</mention_text>
      </entity_mention>
    </entity>
    <entity id="ent-435" type="FAC" specificity="specificIndividual">
      <entity_mention id="m-429" noun_type="NOM" source="NYT_ENG_20130820.0168" offset="2026" length="64">
        <mention_text>an apartment in the northeastern Nasr City neighborhood of Cairo</mention_text>
        <nom_head source="NYT_ENG_20130820.0168" offset="2029" length="9">apartment</nom_head>
      </entity_mention>
    </entity>
    <entity id="ent-444" type="GPE" specificity="specificIndividual">
      <entity_mention id="m-438" noun_type="NAM" source="NYT_ENG_20130820.0168" offset="2059" length="9">
        <mention_text>Nasr City</mention_text>
      </entity_mention>
    </entity>
    <entity id="ent-459" type="FAC" specificity="specificIndividual">
      <entity_mention id="m-453" noun_type="NOM" source="NYT_ENG_20130820.0168" offset="2120" length="169">
        <mention_text>a mosque at the center of a six-week sit-in by Islamist supporters of Morsi at a protest camp that the security forces dispersed with gunfire and tear gas last Wednesday</mention_text>
        <nom_head source="NYT_ENG_20130820.0168" offset="2122" length="6">mosque</nom_head>
      </entity_mention>
    </entity>
    <entity id="ent-468" type="PER" specificity="specificGroup">
      <entity_mention id="m-462" noun_type="NOM" source="NYT_ENG_20130820.0168" offset="2167" length="122">
        <mention_text>Islamist supporters of Morsi at a protest camp that the security forces dispersed with gunfire and tear gas last Wednesday</mention_text>
        <nom_head source="NYT_ENG_20130820.0168" offset="2176" length="10">supporters</nom_head>
      </entity_mention>
    </entity>
    <entity id="ent-489" type="FAC" specificity="specificIndividual">
      <entity_mention id="m-483" noun_type="NOM" source="NYT_ENG_20130820.0168" offset="2199" length="90">
        <mention_text>a protest camp that the security forces dispersed with gunfire and tear gas last Wednesday</mention_text>
        <nom_head source="NYT_ENG_20130820.0168" offset="2209" length="4">camp</nom_head>
      </entity_mention>
      <entity_mention id="m-501" noun_type="NOM" source="NYT_ENG_20130820.0168" offset="2300" length="9">
        <mention_text>that camp</mention_text>
        <nom_head source="NYT_ENG_20130820.0168" offset="2305" length="4">camp</nom_head>
      </entity_mention>
    </entity>
    <entity id="ent-498" type="PER" specificity="specificGroup">
      <entity_mention id="m-492" noun_type="NOM" source="NYT_ENG_20130820.0168" offset="2219" length="19">
        <mention_text>the security forces</mention_text>
        <nom_head source="NYT_ENG_20130820.0168" offset="2232" length="6">forces</nom_head>
      </entity_mention>
    </entity>
    <entity id="ent-513" type="FAC" specificity="specificIndividual">
      <entity_mention id="m-507" noun_type="NOM" source="NYT_ENG_20130820.0168" offset="2314" length="29">
        <mention_text>another near Cairo University</mention_text>
        <nom_head source="NYT_ENG_20130820.0168" offset="2314" length="7">another</nom_head>
      </entity_mention>
    </entity>
    <entity id="ent-522" type="FAC" specificity="specificIndividual">
      <entity_mention id="m-516" noun_type="NAM" source="NYT_ENG_20130820.0168" offset="2327" length="16">
        <mention_text>Cairo University</mention_text>
      </entity_mention>
    </entity>
    <entity id="ent-537" type="PER" specificity="specificGroup">
      <entity_mention id="m-531" noun_type="NOM" source="NYT_ENG_20130820.0168" offset="2351" length="8">
        <mention_text>hundreds</mention_text>
        <nom_head source="NYT_ENG_20130820.0168" offset="2351" length="8">hundreds</nom_head>
      </entity_mention>
    </entity>
    <entity id="ent-558" type="PER" specificity="specificGroup">
      <entity_mention id="m-552" noun_type="NOM" source="NYT_ENG_20130820.0168" offset="2514" length="21">
        <mention_text>Its three top leaders</mention_text>
        <nom_head source="NYT_ENG_20130820.0168" offset="2528" length="7">leaders</nom_head>
      </entity_mention>
    </entity>
    <entity id="ent-567" type="FAC" specificity="specificIndeterminate">
      <entity_mention id="m-561" noun_type="NOM" source="NYT_ENG_20130820.0168" offset="2547" length="4">
        <mention_text>jail</mention_text>
        <nom_head source="NYT_ENG_20130820.0168" offset="2547" length="4">jail</nom_head>
      </entity_mention>
    </entity>
    <entity id="ent-612" type="PER" specificity="specificGroup">
      <entity_mention id="m-606" noun_type="NOM" source="NYT_ENG_20130820.0168" offset="2788" length="16">
        <mention_text>his two deputies</mention_text>
        <nom_head source="NYT_ENG_20130820.0168" offset="2796" length="8">deputies</nom_head>
      </entity_mention>
    </entity>
    <entity id="ent-627" type="PER" specificity="nonspecific">
      <entity_mention id="m-621" noun_type="NOM" source="NYT_ENG_20130820.0168" offset="2894" length="9">
        <mention_text>Egyptians</mention_text>
        <nom_head source="NYT_ENG_20130820.0168" offset="2894" length="9">Egyptians</nom_head>
      </entity_mention>
    </entity>
    <entity id="ent-648" type="PER" specificity="specificGroup">
      <entity_mention id="m-642" noun_type="NOM" source="NYT_ENG_20130820.0168" offset="3014" length="18">
        <mention_text>Few legal analysts</mention_text>
        <nom_head source="NYT_ENG_20130820.0168" offset="3024" length="8">analysts</nom_head>
      </entity_mention>
      <entity_mention id="m-666" noun_type="PRO" source="NYT_ENG_20130820.0168" offset="3170" length="4">
        <mention_text>they</mention_text>
      </entity_mention>
    </entity>
    <entity id="ent-663" type="PER" specificity="specificIndividual">
      <entity_mention id="m-657" noun_type="NAM" source="NYT_ENG_20130820.0168" offset="3147" length="21">
        <mention_text>Abdel-Fattah el-Sissi</mention_text>
      </entity_mention>
    </entity>
    <entity id="ent-678" type="PER" specificity="specificGroup">
      <entity_mention id="m-672" noun_type="NOM" source="NYT_ENG_20130820.0168" offset="3223" length="11">
        <mention_text>prosecutors</mention_text>
        <nom_head source="NYT_ENG_20130820.0168" offset="3223" length="11">prosecutors</nom_head>
      </entity_mention>
    </entity>
    <entity id="ent-1003" type="FAC" specificity="specificIndeterminate">
      <entity_mention id="m-997" noun_type="NOM" source="NYT_ENG_20130820.0168" offset="1948" length="6">
        <mention_text>street</mention_text>
        <nom_head source="NYT_ENG_20130820.0168" offset="1948" length="6">street</nom_head>
      </entity_mention>
    </entity>
    <entity id="ent-2533" type="LOC" specificity="specificIndeterminate">
      <entity_mention id="m-2527" noun_type="NOM" source="NYT_ENG_20130820.0168" offset="2042" length="39">
        <mention_text>the northeastern Nasr City neighborhood</mention_text>
        <nom_head source="NYT_ENG_20130820.0168" offset="2069" length="12">neighborhood</nom_head>
      </entity_mention>
    </entity>
  </entities>
  <fillers>
    <filler id="f-775" source="NYT_ENG_20130820.0168" offset="493" length="9" type="title">President</filler>
    <filler id="f-795" source="NYT_ENG_20130820.0168" offset="742" length="9" type="title">president</filler>
    <filler id="f-885" source="NYT_ENG_20130820.0168" offset="1683" length="7" type="title">officer</filler>
    <filler id="f-995" source="NYT_ENG_20130820.0168" offset="1550" length="2" type="age">70</filler>
    <filler id="f-1074" source="NYT_ENG_20130820.0168" offset="3024" length="8" type="title">analysts</filler>
    <filler id="f-1084" source="NYT_ENG_20130820.0168" offset="3142" length="4" type="title">Gen.</filler>
    <filler id="f-2544" source="NYT_ENG_20130820.0168" offset="195" length="16" type="title">SPIRITUAL LEADER</filler>
    <filler id="f-2554" source="NYT_ENG_20130820.0168" offset="385" length="16" type="title">spiritual leader</filler>
    <filler id="f-2564" source="NYT_ENG_20130820.0168" offset="559" length="16" type="title">spiritual leader</filler>
    <filler id="f-2584" source="NYT_ENG_20130820.0168" offset="2796" length="8" type="title">deputies</filler>
    <filler id="f-1233" source="NYT_ENG_20130820.0168" offset="434" length="7" type="time" nom_time="2013-08-20">Tuesday</filler>
    <filler id="f-1268" source="NYT_ENG_20130820.0168" offset="434" length="7" type="time" nom_time="2013-08-XX">Tuesday</filler>
    <filler id="f-1319" source="NYT_ENG_20130820.0168" offset="493" length="9" type="title">President</filler>
    <filler id="f-1442" source="NYT_ENG_20130820.0168" offset="969" length="4" type="time" nom_time="2011-XX-XX">2011</filler>
    <filler id="f-1588" source="NYT_ENG_20130820.0168" offset="1272" length="4" type="time" nom_time="2013-07-XX">July</filler>
    <filler id="f-1729" source="NYT_ENG_20130820.0168" offset="1806" length="6" type="time" nom_time="2013-08-16">Friday</filler>
    <filler id="f-1751" source="NYT_ENG_20130820.0168" offset="1806" length="6" type="time" nom_time="2013-08-16">Friday</filler>
    <filler id="f-1891" source="NYT_ENG_20130820.0168" offset="2148" length="8" type="time" nom_time="2013-XX-XX">six-week</filler>
    <filler id="f-1949" source="NYT_ENG_20130820.0168" offset="2275" length="14" type="time" nom_time="2013-08-14">last Wednesday</filler>
    <filler id="f-1986" source="NYT_ENG_20130820.0168" offset="2275" length="14" type="time" nom_time="2013-08-14">last Wednesday</filler>
    <filler id="f-2685" source="NYT_ENG_20130820.0168" offset="2254" length="7" type="weapon">gunfire</filler>
    <filler id="f-2743" source="NYT_ENG_20130820.0168" offset="2266" length="8" type="weapon">tear gas</filler>
    <filler id="f-2133" source="NYT_ENG_20130820.0168" offset="2391" length="11" type="time" nom_time="2013-08-XX">recent days</filler>
    <filler id="f-2342" source="NYT_ENG_20130820.0168" offset="2756" length="20" type="crime">incitement to murder</filler>
    <filler id="f-2229" source="NYT_ENG_20130820.0168" offset="2575" length="15" type="time" nom_time="2013-XX-XX">after six weeks</filler>
    <filler id="f-2287" source="NYT_ENG_20130820.0168" offset="2725" length="7" type="time" nom_time="2013-08-20">Tuesday</filler>
    <filler id="f-2383" source="NYT_ENG_20130820.0168" offset="2869" length="15" type="time" nom_time="2013-08-20">the early hours</filler>
    <filler id="f-2414" source="NYT_ENG_20130820.0168" offset="2983" length="13" type="time" nom_time="2011-02-XX">February 2011</filler>
    <filler id="f-2647" source="NYT_ENG_20130820.0168" offset="1806" length="6" type="time" nom_time="2013-08-16">Friday</filler>
  </fillers>
  <relations>
    <relation id="r-421" type="orgaffiliation" subtype="employmentmembership">
      <relation_mention id="relm-687" realis="true">
        <rel_arg1 entity_id="ent-8" entity_mention_id="m-18" role="employeemember">EGYPTIAN POLICE</rel_arg1>
        <rel_arg2 entity_id="ent-30" entity_mention_id="m-24" role="org">EGYPTIAN</rel_arg2>
        <trigger source="NYT_ENG_20130820.0168" offset="172" length="8">EGYPTIAN</trigger>
      </relation_mention>
      <relation_mention id="relm-737" realis="true">
        <rel_arg1 entity_id="ent-8" entity_mention_id="m-102" role="employeemember">The Egyptian police</rel_arg1>
        <rel_arg2 entity_id="ent-30" entity_mention_id="m-108" role="org">Egyptian</rel_arg2>
        <trigger source="NYT_ENG_20130820.0168" offset="356" length="8">Egyptian</trigger>
      </relation_mention>
    </relation>
    <relation id="r-422" type="orgaffiliation" subtype="leadership">
      <relation_mention id="relm-697" realis="true">
        <rel_arg1 entity_id="ent-39" entity_mention_id="m-33" role="leader">SPIRITUAL LEADER OF MUSLIM BROTHERHOOD</rel_arg1>
        <rel_arg2 entity_id="ent-48" entity_mention_id="m-42" role="entity">MUSLIM BROTHERHOOD</rel_arg2>
        <trigger source="NYT_ENG_20130820.0168" offset="205" length="6">LEADER</trigger>
      </relation_mention>
      <relation_mention id="relm-747" realis="true">
        <rel_arg1 entity_id="ent-39" entity_mention_id="m-114" role="leader">the spiritual leader of the Muslim Brotherhood</rel_arg1>
        <rel_arg2 entity_id="ent-48" entity_mention_id="m-120" role="entity">Muslim Brotherhood</rel_arg2>
        <trigger source="NYT_ENG_20130820.0168" offset="395" length="6">leader</trigger>
      </relation_mention>
      <relation_mention id="relm-777" realis="true">
        <rel_arg1 entity_id="ent-39" entity_mention_id="m-150" role="leader">the Brotherhood’s spiritual leader</rel_arg1>
        <rel_arg2 entity_id="ent-48" entity_mention_id="m-156" role="entity">Brotherhood</rel_arg2>
        <trigger source="NYT_ENG_20130820.0168" offset="569" length="6">leader</trigger>
      </relation_mention>
    </relation>
    <relation id="r-423" type="physical" subtype="locatednear">
      <relation_mention id="relm-717" realis="true">
        <rel_arg1 entity_id="ent-66" entity_mention_id="m-60" role="entity">Alan Cowell</rel_arg1>
        <rel_arg2 entity_id="ent-75" entity_mention_id="m-69" role="loc">London</rel_arg2>
        <trigger source="NYT_ENG_20130820.0168" offset="291" length="4">from</trigger>
      </relation_mention>
    </relation>
    <relation id="r-424" type="physical" subtype="locatednear">
      <relation_mention id="relm-727" realis="true">
        <rel_arg1 entity_id="ent-84" entity_mention_id="m-78" role="entity">Mayy El Sheikh</rel_arg1>
        <rel_arg2 entity_id="ent-93" entity_mention_id="m-87" role="loc">Cairo</rel_arg2>
        <trigger source="NYT_ENG_20130820.0168" offset="323" length="4">from</trigger>
      </relation_mention>
    </relation>
    <relation id="r-425" type="personalsocial" subtype="role">
      <relation_mention id="relm-767" realis="true">
        <rel_arg1 entity_id="ent-147" entity_mention_id="m-141" role="per">Hosni Mubarak</rel_arg1>
        <rel_arg2 filler_id="f-775" role="role">President</rel_arg2>
      </relation_mention>
      <relation_mention id="relm-787" realis="true">
        <rel_arg1 entity_id="ent-147" entity_mention_id="m-186" role="per">the former president</rel_arg1>
        <rel_arg2 filler_id="f-795" role="role">president</rel_arg2>
      </relation_mention>
    </relation>
    <relation id="r-426" type="orgaffiliation" subtype="leadership">
      <relation_mention id="relm-797" realis="true">
        <rel_arg1 entity_id="ent-147" entity_mention_id="m-186" role="leader">the former president</rel_arg1>
        <rel_arg2 entity_id="ent-30" entity_mention_id="m-192" role="entity">Egypt</rel_arg2>
        <trigger source="NYT_ENG_20130820.0168" offset="742" length="9">president</trigger>
      </relation_mention>
      <relation_mention id="relm-807" realis="true">
        <rel_arg1 entity_id="ent-147" entity_mention_id="m-141" role="leader">Hosni Mubarak</rel_arg1>
        <rel_arg2 entity_id="ent-30" entity_mention_id="m-108" role="entity">Egyptian</rel_arg2>
        <trigger source="NYT_ENG_20130820.0168" offset="493" length="9">President</trigger>
      </relation_mention>
    </relation>
    <relation id="r-427" type="orgaffiliation" subtype="leadership">
      <relation_mention id="relm-817" realis="true">
        <rel_arg1 entity_id="ent-219" entity_mention_id="m-213" role="leader">former officials who worked for him</rel_arg1>
        <rel_arg2 entity_id="ent-210" entity_mention_id="m-204" role="entity">a government led by former officials who worked for him</rel_arg2>
        <trigger source="NYT_ENG_20130820.0168" offset="1036" length="3">led</trigger>
      </relation_mention>
    </relation>
    <relation id="r-428" type="personalsocial" subtype="business">
      <relation_mention id="relm-827" realis="true">
        <rel_arg1 entity_id="ent-219" entity_mention_id="m-213" role="per">former officials who worked for him</rel_arg1>
        <rel_arg2 entity_id="ent-147" entity_mention_id="m-222" role="per">him</rel_arg2>
        <trigger source="NYT_ENG_20130820.0168" offset="1064" length="6">worked</trigger>
      </relation_mention>
    </relation>
    <relation id="r-429" type="orgaffiliation" subtype="leadership">
      <relation_mention id="relm-867" realis="true">
        <rel_arg1 entity_id="ent-342" entity_mention_id="m-336" role="leader">the military leadership</rel_arg1>
        <rel_arg2 entity_id="ent-270" entity_mention_id="m-345" role="entity">the military</rel_arg2>
        <trigger source="NYT_ENG_20130820.0168" offset="1511" length="10">leadership</trigger>
      </relation_mention>
    </relation>
    <relation id="r-430" type="personalsocial" subtype="role">
      <relation_mention id="relm-877" realis="true">
        <rel_arg1 entity_id="ent-369" entity_mention_id="m-363" role="per">a security officer</rel_arg1>
        <rel_arg2 filler_id="f-885" role="role">officer</rel_arg2>
      </relation_mention>
    </relation>
    <relation id="r-431" type="personalsocial" subtype="family">
      <relation_mention id="relm-887" realis="true">
        <rel_arg1 entity_id="ent-384" entity_mention_id="m-378" role="per">a son</rel_arg1>
        <rel_arg2 entity_id="ent-39" entity_mention_id="m-372" role="per">His</rel_arg2>
        <trigger source="NYT_ENG_20130820.0168" offset="1783" length="3">son</trigger>
      </relation_mention>
    </relation>
    <relation id="r-432" type="physical" subtype="locatednear">
      <relation_mention id="relm-907" realis="true">
        <rel_arg1 entity_id="ent-39" entity_mention_id="m-423" role="entity">Badie</rel_arg1>
        <rel_arg2 entity_id="ent-435" entity_mention_id="m-429" role="loc">an apartment in the northeastern Nasr City neighborhood of Cairo</rel_arg2>
        <trigger source="NYT_ENG_20130820.0168" offset="2023" length="2">in</trigger>
      </relation_mention>
    </relation>
    <relation id="r-433" type="physical" subtype="locatednear">
      <relation_mention id="relm-917" realis="true">
        <rel_arg1 entity_id="ent-435" entity_mention_id="m-429" role="entity">an apartment in the northeastern Nasr City neighborhood of Cairo</rel_arg1>
        <rel_arg2 entity_id="ent-444" entity_mention_id="m-438" role="loc">Nasr City</rel_arg2>
        <trigger source="NYT_ENG_20130820.0168" offset="2039" length="2">in</trigger>
      </relation_mention>
    </relation>
    <relation id="r-434" type="physical" subtype="locatednear">
      <relation_mention id="relm-927" realis="true">
        <rel_arg1 entity_id="ent-444" entity_mention_id="m-438" role="entity">Nasr City</rel_arg1>
        <rel_arg2 entity_id="ent-93" entity_mention_id="m-447" role="loc">Cairo</rel_arg2>
        <trigger source="NYT_ENG_20130820.0168" offset="2082" length="2">of</trigger>
      </relation_mention>
    </relation>
    <relation id="r-435" type="physical" subtype="locatednear">
      <relation_mention id="relm-937" realis="true">
        <rel_arg1 entity_id="ent-435" entity_mention_id="m-429" role="entity">an apartment in the northeastern Nasr City neighborhood of Cairo</rel_arg1>
        <rel_arg2 entity_id="ent-459" entity_mention_id="m-453" role="loc">a mosque at the center of a six-week sit-in by Islamist supporters of Morsi at a protest camp that the security forces dispersed with gunfire and tear gas last Wednesday</rel_arg2>
        <trigger source="NYT_ENG_20130820.0168" offset="2111" length="5">close</trigger>
      </relation_mention>
    </relation>
    <relation id="r-436" type="physical" subtype="locatednear">
      <relation_mention id="relm-947" realis="true">
        <rel_arg1 entity_id="ent-459" entity_mention_id="m-453" role="entity">a mosque at the center of a six-week sit-in by Islamist supporters of Morsi at a protest camp that the security forces dispersed with gunfire and tear gas last Wednesday</rel_arg1>
        <rel_arg2 entity_id="ent-489" entity_mention_id="m-483" role="loc">a protest camp that the security forces dispersed with gunfire and tear gas last Wednesday</rel_arg2>
        <trigger source="NYT_ENG_20130820.0168" offset="2136" length="6">center</trigger>
      </relation_mention>
    </relation>
    <relation id="r-437" type="physical" subtype="locatednear">
      <relation_mention id="relm-967" realis="true">
        <rel_arg1 entity_id="ent-468" entity_mention_id="m-462" role="entity">Islamist supporters of Morsi at a protest camp that the security forces dispersed with gunfire and tear gas last Wednesday</rel_arg1>
        <rel_arg2 entity_id="ent-489" entity_mention_id="m-483" role="loc">a protest camp that the security forces dispersed with gunfire and tear gas last Wednesday</rel_arg2>
        <trigger source="NYT_ENG_20130820.0168" offset="2196" length="2">at</trigger>
      </relation_mention>
    </relation>
    <relation id="r-438" type="physical" subtype="locatednear">
      <relation_mention id="relm-977" realis="true">
        <rel_arg1 entity_id="ent-498" entity_mention_id="m-492" role="entity">the security forces</rel_arg1>
        <rel_arg2 entity_id="ent-489" entity_mention_id="m-483" role="loc">a protest camp that the security forces dispersed with gunfire and tear gas last Wednesday</rel_arg2>
      </relation_mention>
    </relation>
    <relation id="r-439" type="generalaffiliation" subtype="personage">
      <relation_mention id="relm-987" realis="true">
        <rel_arg1 entity_id="ent-39" entity_mention_id="m-351" role="per">Badie</rel_arg1>
        <rel_arg2 filler_id="f-995" role="age">70</rel_arg2>
      </relation_mention>
    </relation>
    <relation id="r-440" type="physical" subtype="orglocationorigin">
      <relation_mention id="relm-1006" realis="true">
        <rel_arg1 entity_id="ent-48" entity_mention_id="m-399" role="org">its</rel_arg1>
        <rel_arg2 entity_id="ent-1003" entity_mention_id="m-997" role="loc">street</rel_arg2>
      </relation_mention>
    </relation>
    <relation id="r-441" type="physical" subtype="locatednear">
      <relation_mention id="relm-1016" realis="true">
        <rel_arg1 entity_id="ent-513" entity_mention_id="m-507" role="entity">another near Cairo University</rel_arg1>
        <rel_arg2 entity_id="ent-522" entity_mention_id="m-516" role="loc">Cairo University</rel_arg2>
        <trigger source="NYT_ENG_20130820.0168" offset="2322" length="4">near</trigger>
      </relation_mention>
    </relation>
    <relation id="r-442" type="physical" subtype="locatednear">
      <relation_mention id="relm-1026" realis="true">
        <rel_arg1 entity_id="ent-522" entity_mention_id="m-516" role="entity">Cairo University</rel_arg1>
        <rel_arg2 entity_id="ent-93" entity_mention_id="m-525" role="loc">Cairo</rel_arg2>
      </relation_mention>
    </relation>
    <relation id="r-443" type="orgaffiliation" subtype="leadership">
      <relation_mention id="relm-1036" realis="true">
        <rel_arg1 entity_id="ent-558" entity_mention_id="m-552" role="leader">Its three top leaders</rel_arg1>
        <rel_arg2 entity_id="ent-48" entity_mention_id="m-546" role="entity">Its</rel_arg2>
        <trigger source="NYT_ENG_20130820.0168" offset="2528" length="7">leaders</trigger>
      </relation_mention>
    </relation>
    <relation id="r-444" type="physical" subtype="locatednear">
      <relation_mention id="relm-1046" realis="true">
        <rel_arg1 entity_id="ent-558" entity_mention_id="m-552" role="entity">Its three top leaders</rel_arg1>
        <rel_arg2 entity_id="ent-567" entity_mention_id="m-561" role="loc">jail</rel_arg2>
        <trigger source="NYT_ENG_20130820.0168" offset="2544" length="2">in</trigger>
      </relation_mention>
    </relation>
    <relation id="r-445" type="physical" subtype="locatednear">
      <relation_mention id="relm-1056" realis="true">
        <rel_arg1 entity_id="ent-255" entity_mention_id="m-570" role="entity">Morsi</rel_arg1>
        <rel_arg2 entity_id="ent-567" entity_mention_id="m-561" role="loc">jail</rel_arg2>
      </relation_mention>
    </relation>
    <relation id="r-446" type="personalsocial" subtype="role">
      <relation_mention id="relm-1066" realis="true">
        <rel_arg1 entity_id="ent-648" entity_mention_id="m-642" role="per">Few legal analysts</rel_arg1>
        <rel_arg2 filler_id="f-1074" role="role">analysts</rel_arg2>
      </relation_mention>
    </relation>
    <relation id="r-447" type="personalsocial" subtype="role">
      <relation_mention id="relm-1076" realis="true">
        <rel_arg1 entity_id="ent-663" entity_mention_id="m-657" role="per">Abdel-Fattah el-Sissi</rel_arg1>
        <rel_arg2 filler_id="f-1084" role="role">Gen.</rel_arg2>
      </relation_mention>
    </relation>
    <relation id="r-448" type="orgaffiliation" subtype="founder">
      <relation_mention id="relm-1086" realis="true">
        <rel_arg1 entity_id="ent-663" entity_mention_id="m-657" role="founder">Abdel-Fattah el-Sissi</rel_arg1>
        <rel_arg2 entity_id="ent-210" entity_mention_id="m-651" role="org">the government installed last month by Gen. Abdel-Fattah el-Sissi</rel_arg2>
        <trigger source="NYT_ENG_20130820.0168" offset="3118" length="9">installed</trigger>
      </relation_mention>
    </relation>
    <relation id="r-449" type="personalsocial" subtype="business">
      <relation_mention id="relm-1096" realis="true">
        <rel_arg1 entity_id="ent-612" entity_mention_id="m-606" role="per">his two deputies</rel_arg1>
        <rel_arg2 entity_id="ent-39" entity_mention_id="m-600" role="per">his</rel_arg2>
        <trigger source="NYT_ENG_20130820.0168" offset="2796" length="8">deputies</trigger>
      </relation_mention>
    </relation>
    <relation id="r-450" type="personalsocial" subtype="role">
      <relation_mention id="relm-2536" realis="true">
        <rel_arg1 entity_id="ent-39" entity_mention_id="m-33" role="per">SPIRITUAL LEADER OF MUSLIM BROTHERHOOD</rel_arg1>
        <rel_arg2 filler_id="f-2544" role="role">SPIRITUAL LEADER</rel_arg2>
      </relation_mention>
      <relation_mention id="relm-2546" realis="true">
        <rel_arg1 entity_id="ent-39" entity_mention_id="m-114" role="per">the spiritual leader of the Muslim Brotherhood</rel_arg1>
        <rel_arg2 filler_id="f-2554" role="role">spiritual leader</rel_arg2>
      </relation_mention>
      <relation_mention id="relm-2556" realis="true">
        <rel_arg1 entity_id="ent-39" entity_mention_id="m-150" role="per">the Brotherhood’s spiritual leader</rel_arg1>
        <rel_arg2 filler_id="f-2564" role="role">spiritual leader</rel_arg2>
      </relation_mention>
    </relation>
    <relation id="r-451" type="physical" subtype="locatednear">
      <relation_mention id="relm-2566" realis="true">
        <rel_arg1 entity_id="ent-2533" entity_mention_id="m-2527" role="entity">the northeastern Nasr City neighborhood</rel_arg1>
        <rel_arg2 entity_id="ent-444" entity_mention_id="m-438" role="loc">Nasr City</rel_arg2>
        <trigger source="NYT_ENG_20130820.0168" offset="2046" length="12">northeastern</trigger>
      </relation_mention>
    </relation>
    <relation id="r-452" type="personalsocial" subtype="role">
      <relation_mention id="relm-2576" realis="true">
        <rel_arg1 entity_id="ent-612" entity_mention_id="m-606" role="per">his two deputies</rel_arg1>
        <rel_arg2 filler_id="f-2584" role="role">deputies</rel_arg2>
      </relation_mention>
    </relation>
  </relations>
  <hoppers>
    <hopper id="h-16">
      <event_mention id="em-1106" type="justice" subtype="arrestjail" realis="actual">
        <trigger source="NYT_ENG_20130820.0168" offset="188" length="6">ARREST</trigger>
        <em_arg entity_id="ent-8" entity_mention_id="m-18" role="agent" realis="true">EGYPTIAN POLICE</em_arg>
        <em_arg entity_id="ent-39" entity_mention_id="m-33" role="person" realis="true">SPIRITUAL LEADER OF MUSLIM BROTHERHOOD</em_arg>
        <em_arg entity_id="ent-30" entity_mention_id="m-24" role="place" realis="true">EGYPTIAN</em_arg>
      </event_mention>
      <event_mention id="em-1201" type="justice" subtype="arrestjail" realis="actual">
        <trigger source="NYT_ENG_20130820.0168" offset="372" length="8">arrested</trigger>
        <em_arg entity_id="ent-8" entity_mention_id="m-102" role="agent" realis="true">The Egyptian police</em_arg>
        <em_arg entity_id="ent-39" entity_mention_id="m-114" role="person" realis="true">the spiritual leader of the Muslim Brotherhood</em_arg>
        <em_arg filler_id="f-1233" role="time" realis="true">Tuesday</em_arg>
        <em_arg entity_id="ent-30" entity_mention_id="m-108" role="place" realis="true">Egyptian</em_arg>
      </event_mention>
      <event_mention id="em-1368" type="justice" subtype="arrestjail" realis="actual">
        <trigger source="NYT_ENG_20130820.0168" offset="531" length="6">arrest</trigger>
        <em_arg entity_id="ent-39" entity_mention_id="m-150" role="person" realis="true">the Brotherhood’s spiritual leader</em_arg>
        <em_arg entity_id="ent-8" entity_mention_id="m-168" role="agent" realis="true">the police</em_arg>
      </event_mention>
      <event_mention id="em-1593" type="justice" subtype="arrestjail" realis="actual">
        <trigger source="NYT_ENG_20130820.0168" offset="1354" length="6">arrest</trigger>
        <em_arg entity_id="ent-39" entity_mention_id="m-285" role="person" realis="true">Badie</em_arg>
      </event_mention>
      <event_mention id="em-1683" type="justice" subtype="arrestjail" realis="actual">
        <trigger source="NYT_ENG_20130820.0168" offset="1738" length="13">incarceration</trigger>
        <em_arg entity_id="ent-39" entity_mention_id="m-372" role="person" realis="true">His</em_arg>
      </event_mention>
      <event_mention id="em-1808" type="justice" subtype="arrestjail" realis="actual">
        <trigger source="NYT_ENG_20130820.0168" offset="2014" length="8">arrested</trigger>
        <em_arg entity_id="ent-39" entity_mention_id="m-423" role="person" realis="true">Badie</em_arg>
        <em_arg entity_id="ent-435" entity_mention_id="m-429" role="place" realis="true">an apartment in the northeastern Nasr City neighborhood of Cairo</em_arg>
      </event_mention>
      <event_mention id="em-2345" type="justice" subtype="arrestjail" realis="actual">
        <trigger source="NYT_ENG_20130820.0168" offset="2847" length="6">arrest</trigger>
        <em_arg entity_id="ent-39" entity_mention_id="m-615" role="person" realis="true">His</em_arg>
      </event_mention>
      <event_mention id="em-2609" type="justice" subtype="arrestjail" realis="actual">
        <trigger source="NYT_ENG_20130820.0168" offset="1557" length="7">custody</trigger>
        <em_arg entity_id="ent-39" entity_mention_id="m-351" role="person" realis="true">Badie</em_arg>
      </event_mention>
    </hopper>
    <hopper id="h-1169">
      <event_mention id="em-1141" type="contact" subtype="broadcast" realis="actual" audience="oneway" formality="formal" medium="notinperson" schedule="planned">
        <trigger source="NYT_ENG_20130820.0168" offset="281" length="9">reporting</trigger>
        <em_arg entity_id="ent-66" entity_mention_id="m-60" role="entity" realis="true">Alan Cowell</em_arg>
        <em_arg entity_id="ent-75" entity_mention_id="m-69" role="place" realis="true">London</em_arg>
      </event_mention>
    </hopper>
    <hopper id="h-1199">
      <event_mention id="em-1171" type="contact" subtype="broadcast" realis="actual" audience="oneway" formality="formal" medium="notinperson" schedule="planned">
        <trigger source="NYT_ENG_20130820.0168" offset="281" length="9">reporting</trigger>
        <em_arg entity_id="ent-84" entity_mention_id="m-78" role="entity" realis="true">Mayy El Sheikh</em_arg>
        <em_arg entity_id="ent-93" entity_mention_id="m-87" role="place" realis="true">Cairo</em_arg>
      </event_mention>
    </hopper>
    <hopper id="h-1271">
      <event_mention id="em-1243" type="contact" subtype="broadcast" realis="actual" audience="oneway" formality="formal" medium="canttell" schedule="planned">
        <trigger source="NYT_ENG_20130820.0168" offset="463" length="7">ordered</trigger>
        <em_arg entity_id="ent-138" entity_mention_id="m-132" role="entity" realis="true">a court</em_arg>
        <em_arg filler_id="f-1268" role="time" realis="true">Tuesday</em_arg>
        <em_arg entity_id="ent-30" entity_mention_id="m-108" role="place" realis="true">Egyptian</em_arg>
      </event_mention>
      <event_mention id="em-1447" type="contact" subtype="broadcast" realis="actual" audience="oneway" formality="formal" medium="canttell" schedule="planned">
        <trigger source="NYT_ENG_20130820.0168" offset="988" length="5">order</trigger>
        <em_arg entity_id="ent-210" entity_mention_id="m-204" role="entity" realis="true">a government led by former officials who worked for him</em_arg>
      </event_mention>
    </hopper>
    <hopper id="h-1322">
      <event_mention id="em-1294" type="personnel" subtype="endposition" realis="actual">
        <trigger source="NYT_ENG_20130820.0168" offset="486" length="6">former</trigger>
        <em_arg entity_id="ent-147" entity_mention_id="m-141" role="person" realis="true">Hosni Mubarak</em_arg>
        <em_arg filler_id="f-1319" role="position" realis="true">President</em_arg>
        <em_arg entity_id="ent-30" entity_mention_id="m-108" role="place" realis="true">Egyptian</em_arg>
      </event_mention>
    </hopper>
    <hopper id="h-1366">
      <event_mention id="em-1338" type="movement" subtype="transportperson" realis="other">
        <trigger source="NYT_ENG_20130820.0168" offset="475" length="7">release</trigger>
        <em_arg entity_id="ent-138" entity_mention_id="m-132" role="agent" realis="true">a court</em_arg>
        <em_arg entity_id="ent-147" entity_mention_id="m-141" role="person" realis="true">Hosni Mubarak</em_arg>
      </event_mention>
      <event_mention id="em-1396" type="movement" subtype="transportperson" realis="other">
        <trigger source="NYT_ENG_20130820.0168" offset="754" length="7">release</trigger>
        <em_arg entity_id="ent-147" entity_mention_id="m-186" role="person" realis="true">the former president</em_arg>
      </event_mention>
      <event_mention id="em-1468" type="movement" subtype="transportperson" realis="other">
        <trigger source="NYT_ENG_20130820.0168" offset="1008" length="7">release</trigger>
        <em_arg entity_id="ent-147" entity_mention_id="m-198" role="person" realis="true">Mubarak</em_arg>
      </event_mention>
      <event_mention id="em-1489" type="movement" subtype="transportperson" realis="other">
        <trigger source="NYT_ENG_20130820.0168" offset="1126" length="2">go</trigger>
        <em_arg entity_id="ent-147" entity_mention_id="m-228" role="person" realis="true">he</em_arg>
      </event_mention>
      <event_mention id="em-1787" type="movement" subtype="transportperson" realis="other">
        <trigger source="NYT_ENG_20130820.0168" offset="1986" length="7">release</trigger>
        <em_arg entity_id="ent-255" entity_mention_id="m-417" role="person" realis="true">Morsi</em_arg>
      </event_mention>
      <event_mention id="em-2419" type="movement" subtype="transportperson" realis="other">
        <trigger source="NYT_ENG_20130820.0168" offset="3007" length="5">freed</trigger>
        <em_arg entity_id="ent-147" entity_mention_id="m-630" role="person" realis="true">Mubarak</em_arg>
      </event_mention>
      <event_mention id="em-2440" type="movement" subtype="transportperson" realis="other">
        <trigger source="NYT_ENG_20130820.0168" offset="3043" length="7">release</trigger>
        <em_arg entity_id="ent-147" entity_mention_id="m-681" role="person" realis="true">Mubarak</em_arg>
        <em_arg entity_id="ent-210" entity_mention_id="m-651" role="agent" realis="true">the government installed last month by Gen. Abdel-Fattah el-Sissi</em_arg>
      </event_mention>
    </hopper>
    <hopper id="h-1445">
      <event_mention id="em-1417" type="conflict" subtype="attack" realis="actual">
        <trigger source="NYT_ENG_20130820.0168" offset="955" length="10">revolution</trigger>
        <em_arg entity_id="ent-30" entity_mention_id="m-192" role="place" realis="true">Egypt</em_arg>
        <em_arg filler_id="f-1442" role="time" realis="true">2011</em_arg>
      </event_mention>
    </hopper>
    <hopper id="h-1531">
      <event_mention id="em-1510" type="personnel" subtype="elect" realis="actual">
        <trigger source="NYT_ENG_20130820.0168" offset="1161" length="7">elected</trigger>
        <em_arg entity_id="ent-246" entity_mention_id="m-240" role="person" realis="true">his democratically elected successor</em_arg>
      </event_mention>
    </hopper>
    <hopper id="h-1561">
      <event_mention id="em-1533" type="justice" subtype="arrestjail" realis="actual">
        <trigger source="NYT_ENG_20130820.0168" offset="1221" length="9">detention</trigger>
        <em_arg entity_id="ent-270" entity_mention_id="m-264" role="agent" realis="true">the military that ousted him in early July and installed an interim government</em_arg>
        <em_arg entity_id="ent-255" entity_mention_id="m-258" role="person" realis="true">Mohammed Morsi</em_arg>
      </event_mention>
      <event_mention id="em-2176" type="justice" subtype="arrestjail" realis="actual">
        <trigger source="NYT_ENG_20130820.0168" offset="2547" length="4">jail</trigger>
        <em_arg entity_id="ent-255" entity_mention_id="m-570" role="person" realis="true">Morsi</em_arg>
        <em_arg entity_id="ent-567" entity_mention_id="m-561" role="place" realis="true">jail</em_arg>
      </event_mention>
    </hopper>
    <hopper id="h-1591">
      <event_mention id="em-1563" type="personnel" subtype="endposition" realis="actual">
        <trigger source="NYT_ENG_20130820.0168" offset="1252" length="6">ousted</trigger>
        <em_arg entity_id="ent-255" entity_mention_id="m-273" role="person" realis="true">him</em_arg>
        <em_arg filler_id="f-1588" role="time" realis="true">July</em_arg>
      </event_mention>
      <event_mention id="em-2234" type="personnel" subtype="endposition" realis="actual">
        <trigger source="NYT_ENG_20130820.0168" offset="2642" length="6">ouster</trigger>
        <em_arg entity_id="ent-255" entity_mention_id="m-582" role="person" realis="true">Morsi</em_arg>
        <em_arg entity_id="ent-30" entity_mention_id="m-576" role="entity" realis="true">the country</em_arg>
      </event_mention>
    </hopper>
    <hopper id="h-1635">
      <event_mention id="em-1614" type="life" subtype="die" realis="actual">
        <trigger source="NYT_ENG_20130820.0168" offset="1449" length="4">dead</trigger>
        <em_arg entity_id="ent-324" entity_mention_id="m-318" role="victim" realis="true">hundreds</em_arg>
      </event_mention>
    </hopper>
    <hopper id="h-1658">
      <event_mention id="em-1637" type="conflict" subtype="attack" realis="actual">
        <trigger source="NYT_ENG_20130820.0168" offset="1397" length="9">crackdown</trigger>
        <em_arg entity_id="ent-297" entity_mention_id="m-291" role="target" realis="true">Islamist forces</em_arg>
      </event_mention>
    </hopper>
    <hopper id="h-1681">
      <event_mention id="em-1660" type="contact" subtype="broadcast" realis="actual" audience="oneway" formality="formal" medium="notinperson" schedule="planned">
        <trigger source="NYT_ENG_20130820.0168" offset="1522" length="9">broadcast</trigger>
        <em_arg entity_id="ent-333" entity_mention_id="m-327" role="entity" realis="true">A private television network that supports the military leadership</em_arg>
      </event_mention>
    </hopper>
    <hopper id="h-1732">
      <event_mention id="em-1704" type="life" subtype="die" realis="actual">
        <trigger source="NYT_ENG_20130820.0168" offset="1772" length="5">death</trigger>
        <em_arg entity_id="ent-384" entity_mention_id="m-378" role="victim" realis="true">a son</em_arg>
        <em_arg filler_id="f-1729" role="time" realis="true">Friday</em_arg>
      </event_mention>
    </hopper>
    <hopper id="h-1755">
      <event_mention id="em-1734" type="conflict" subtype="attack" realis="actual">
        <trigger source="NYT_ENG_20130820.0168" offset="1798" length="7">clashes</trigger>
        <em_arg filler_id="f-1751" role="time" realis="true">Friday</em_arg>
      </event_mention>
    </hopper>
    <hopper id="h-1785">
      <event_mention id="em-1757" type="conflict" subtype="demonstrate" realis="actual">
        <trigger source="NYT_ENG_20130820.0168" offset="1955" length="8">protests</trigger>
        <em_arg entity_id="ent-1003" entity_mention_id="m-997" role="place" realis="true">street</em_arg>
        <em_arg entity_id="ent-48" entity_mention_id="m-399" role="entity" realis="true">its</em_arg>
      </event_mention>
    </hopper>
    <hopper id="h-1894">
      <event_mention id="em-1859" type="conflict" subtype="demonstrate" realis="actual">
        <trigger source="NYT_ENG_20130820.0168" offset="2157" length="6">sit-in</trigger>
        <em_arg entity_id="ent-468" entity_mention_id="m-462" role="entity" realis="true">Islamist supporters of Morsi at a protest camp that the security forces dispersed with gunfire and tear gas last Wednesday</em_arg>
        <em_arg entity_id="ent-459" entity_mention_id="m-453" role="place" realis="true">a mosque at the center of a six-week sit-in by Islamist supporters of Morsi at a protest camp that the security forces dispersed with gunfire and tear gas last Wednesday</em_arg>
        <em_arg filler_id="f-1891" role="time" realis="true">six-week</em_arg>
      </event_mention>
      <event_mention id="em-1896" type="conflict" subtype="demonstrate" realis="actual">
        <trigger source="NYT_ENG_20130820.0168" offset="2201" length="7">protest</trigger>
        <em_arg entity_id="ent-489" entity_mention_id="m-483" role="place" realis="true">a protest camp that the security forces dispersed with gunfire and tear gas last Wednesday</em_arg>
      </event_mention>
    </hopper>
    <hopper id="h-1952">
      <event_mention id="em-1917" type="movement" subtype="transportperson" realis="actual">
        <trigger source="NYT_ENG_20130820.0168" offset="2239" length="9">dispersed</trigger>
        <em_arg entity_id="ent-498" entity_mention_id="m-492" role="agent" realis="true">the security forces</em_arg>
        <em_arg entity_id="ent-489" entity_mention_id="m-483" role="origin" realis="true">a protest camp that the security forces dispersed with gunfire and tear gas last Wednesday</em_arg>
        <em_arg filler_id="f-1949" role="time" realis="true">last Wednesday</em_arg>
        <em_arg entity_id="ent-468" entity_mention_id="m-462" role="person" realis="true">Islamist supporters of Morsi at a protest camp that the security forces dispersed with gunfire and tear gas last Wednesday</em_arg>
      </event_mention>
    </hopper>
    <hopper id="h-1996">
      <event_mention id="em-1954" type="conflict" subtype="attack" realis="actual">
        <trigger source="NYT_ENG_20130820.0168" offset="2254" length="7">gunfire</trigger>
        <em_arg entity_id="ent-498" entity_mention_id="m-492" role="attacker" realis="true">the security forces</em_arg>
        <em_arg entity_id="ent-489" entity_mention_id="m-483" role="place" realis="true">a protest camp that the security forces dispersed with gunfire and tear gas last Wednesday</em_arg>
        <em_arg filler_id="f-1986" role="time" realis="true">last Wednesday</em_arg>
        <em_arg entity_id="ent-468" entity_mention_id="m-462" role="target" realis="true">Islamist supporters of Morsi at a protest camp that the security forces dispersed with gunfire and tear gas last Wednesday</em_arg>
        <em_arg filler_id="f-2685" role="instrument" realis="true">gunfire</em_arg>
        <em_arg filler_id="f-2743" role="instrument" realis="true">tear gas</em_arg>
      </event_mention>
      <event_mention id="em-2005" type="conflict" subtype="attack" realis="actual">
        <trigger source="NYT_ENG_20130820.0168" offset="2291" length="5">Raids</trigger>
        <em_arg entity_id="ent-489" entity_mention_id="m-501" role="place" realis="true">that camp</em_arg>
      </event_mention>
    </hopper>
    <hopper id="h-2033">
      <event_mention id="em-2035" type="conflict" subtype="attack" realis="actual">
        <trigger source="NYT_ENG_20130820.0168" offset="2291" length="5">Raids</trigger>
        <em_arg entity_id="ent-513" entity_mention_id="m-507" role="place" realis="true">another near Cairo University</em_arg>
      </event_mention>
    </hopper>
    <hopper id="h-2091">
      <event_mention id="em-2056" type="life" subtype="die" realis="actual">
        <trigger source="NYT_ENG_20130820.0168" offset="2344" length="6">killed</trigger>
        <em_arg entity_id="ent-489" entity_mention_id="m-501" role="place" realis="true">that camp</em_arg>
        <em_arg entity_id="ent-513" entity_mention_id="m-507" role="place" realis="true">another near Cairo University</em_arg>
        <em_arg entity_id="ent-537" entity_mention_id="m-531" role="victim" realis="true">hundreds</em_arg>
      </event_mention>
    </hopper>
    <hopper id="h-2137">
      <event_mention id="em-2116" type="conflict" subtype="demonstrate" realis="actual">
        <trigger source="NYT_ENG_20130820.0168" offset="2407" length="8">protests</trigger>
        <em_arg filler_id="f-2133" role="time" realis="true">recent days</em_arg>
        <em_arg entity_id="ent-48" entity_mention_id="m-540" role="entity" realis="true">Brotherhood</em_arg>
      </event_mention>
    </hopper>
    <hopper id="h-2174">
      <event_mention id="em-2146" type="justice" subtype="arrestjail" realis="actual">
        <trigger source="NYT_ENG_20130820.0168" offset="2547" length="4">jail</trigger>
        <em_arg entity_id="ent-558" entity_mention_id="m-552" role="person" realis="true">Its three top leaders</em_arg>
        <em_arg entity_id="ent-567" entity_mention_id="m-561" role="place" realis="true">jail</em_arg>
        <em_arg filler_id="f-2342" role="crime" realis="true">incitement to murder</em_arg>
      </event_mention>
    </hopper>
    <hopper id="h-2232">
      <event_mention id="em-2204" type="conflict" subtype="demonstrate" realis="actual">
        <trigger source="NYT_ENG_20130820.0168" offset="2602" length="8">protests</trigger>
        <em_arg entity_id="ent-30" entity_mention_id="m-576" role="place" realis="true">the country</em_arg>
        <em_arg filler_id="f-2229" role="time" realis="true">after six weeks</em_arg>
      </event_mention>
    </hopper>
    <hopper id="h-2290">
      <event_mention id="em-2262" type="conflict" subtype="demonstrate" realis="actual">
        <trigger source="NYT_ENG_20130820.0168" offset="2659" length="14">demonstrations</trigger>
        <em_arg entity_id="ent-93" entity_mention_id="m-588" role="place" realis="true">the capital</em_arg>
        <em_arg filler_id="f-2287" role="time" realis="true">Tuesday</em_arg>
      </event_mention>
    </hopper>
    <hopper id="h-2387">
      <event_mention id="em-2366" type="contact" subtype="broadcast" realis="actual" audience="oneway" formality="formal" medium="canttell" schedule="planned">
        <trigger source="NYT_ENG_20130820.0168" offset="2855" length="10">made known</trigger>
        <em_arg filler_id="f-2383" role="time" realis="true">the early hours</em_arg>
      </event_mention>
    </hopper>
    <hopper id="h-2417">
      <event_mention id="em-2389" type="personnel" subtype="endposition" realis="actual">
        <trigger source="NYT_ENG_20130820.0168" offset="2949" length="10">overthrown</trigger>
        <em_arg entity_id="ent-147" entity_mention_id="m-630" role="person" realis="true">Mubarak</em_arg>
        <em_arg filler_id="f-2414" role="time" realis="true">February 2011</em_arg>
      </event_mention>
    </hopper>
    <hopper id="h-2489">
      <event_mention id="em-2468" type="contact" subtype="contact" realis="actual" audience="canttell" formality="formal" medium="canttell" schedule="canttell">
        <trigger source="NYT_ENG_20130820.0168" offset="3175" length="3">say</trigger>
        <em_arg entity_id="ent-648" entity_mention_id="m-666" role="entity" realis="true">they</em_arg>
      </event_mention>
    </hopper>
    <hopper id="h-2519">
      <event_mention id="em-2491" type="justice" subtype="arrestjail" realis="actual">
        <trigger source="NYT_ENG_20130820.0168" offset="3268" length="6">detain</trigger>
        <em_arg entity_id="ent-678" entity_mention_id="m-672" role="agent" realis="true">prosecutors</em_arg>
        <em_arg entity_id="ent-147" entity_mention_id="m-681" role="person" realis="true">Mubarak</em_arg>
      </event_mention>
    </hopper>
    <hopper id="h-2607">
      <event_mention id="em-2586" type="conflict" subtype="attack" realis="actual">
        <trigger source="NYT_ENG_20130820.0168" offset="1449" length="4">dead</trigger>
        <em_arg entity_id="ent-324" entity_mention_id="m-318" role="target" realis="true">hundreds</em_arg>
      </event_mention>
    </hopper>
    <hopper id="h-2658">
      <event_mention id="em-2630" type="conflict" subtype="attack" realis="actual">
        <trigger source="NYT_ENG_20130820.0168" offset="1772" length="5">death</trigger>
        <em_arg filler_id="f-2647" role="time" realis="true">Friday</em_arg>
        <em_arg entity_id="ent-384" entity_mention_id="m-378" role="target" realis="true">a son</em_arg>
      </event_mention>
    </hopper>
    <hopper id="h-2723">
      <event_mention id="em-2688" type="conflict" subtype="attack" realis="actual">
        <trigger source="NYT_ENG_20130820.0168" offset="2344" length="6">killed</trigger>
        <em_arg entity_id="ent-489" entity_mention_id="m-501" role="place" realis="true">that camp</em_arg>
        <em_arg entity_id="ent-513" entity_mention_id="m-507" role="place" realis="true">another near Cairo University</em_arg>
        <em_arg entity_id="ent-537" entity_mention_id="m-531" role="target" realis="true">hundreds</em_arg>
      </event_mention>
    </hopper>
  </hoppers>
</deft_ere>
